player,player_id,nationality,position,squad,age,birth_year,season,league
Nabil Aberdin,cadfa7d1,frFRA,DF,Getafe,20.0,2002.0,2023-2024,ESP
Abner,7f9c5d2d,brBRA,DF,Real Betis,23.0,2000.0,2023-2024,ESP
Abdel Abqar,2bc7f211,maMAR,DF,Alavés,24.0,1999.0,2023-2024,ESP
Marcos Acuña,81442ecb,arARG,"DF,MF",Sevilla,31.0,1991.0,2023-2024,ESP
Julen Agirrezabala,a2c1a8d3,esESP,GK,Athletic Club,22.0,2000.0,2023-2024,ESP
Lucien Agoume,8bc8829a,frFRA,MF,Sevilla,21.0,2002.0,2023-2024,ESP
Joseph Aidoo,18abe173,ghGHA,DF,Celta Vigo,27.0,1995.0,2023-2024,ESP
Ilias Akhomach,b8bd60fe,maMAR,MF,Villarreal,19.0,2004.0,2023-2024,ESP
Sergio Akieme,06efa9dc,esESP,"DF,MF",Almería,25.0,1997.0,2023-2024,ESP
Paul Akouokou,31f5b89b,ciCIV,MF,Real Betis,25.0,1997.0,2023-2024,ESP
David Alaba,05439de2,atAUT,DF,Real Madrid,31.0,1992.0,2023-2024,ESP
Raúl Albiol,4bd414c1,esESP,DF,Villarreal,37.0,1985.0,2023-2024,ESP
Rubén Alcaraz,036bba5f,esESP,MF,Cádiz,32.0,1991.0,2023-2024,ESP
Omar Alderete,bb08bce9,pyPAR,DF,Getafe,26.0,1996.0,2023-2024,ESP
Iván Alejo,3d7e48ce,esESP,MF,Cádiz,28.0,1995.0,2023-2024,ESP
Carles Aleñá,6c811eb7,esESP,MF,Getafe,25.0,1998.0,2023-2024,ESP
Mohamed Ali Cho,f8405304,frFRA,FW,Real Sociedad,19.0,2004.0,2023-2024,ESP
Tadeo Allende,75a66bed,arARG,MF,Celta Vigo,24.0,1999.0,2023-2024,ESP
Domingos André Ribeiro Almeida,e6697917,ptPOR,"FW,MF",Valencia,23.0,2000.0,2023-2024,ESP
Marcos Alonso,f4290206,esESP,DF,Barcelona,32.0,1990.0,2023-2024,ESP
Adrià Altimira,757a3431,esESP,"DF,MF",Villarreal,22.0,2001.0,2023-2024,ESP
Sergi Altimira,94acdd4e,esESP,MF,Real Betis,21.0,2001.0,2023-2024,ESP
Gastón Álvarez,852ddfb8,uyURU,DF,Getafe,23.0,2000.0,2023-2024,ESP
Hugo Álvarez,6f392eb8,esESP,"MF,FW",Celta Vigo,20.0,2003.0,2023-2024,ESP
Yeray Álvarez,3ecc11d8,esESP,DF,Athletic Club,28.0,1995.0,2023-2024,ESP
Selim Amallah,00eba9c9,maMAR,"MF,FW",Valencia,26.0,1996.0,2023-2024,ESP
Amath,f3b1d9a2,snSEN,"FW,MF",Mallorca,27.0,1996.0,2023-2024,ESP
Miguel Ángel Rubio,56cafd0a,esESP,DF,Granada,25.0,1998.0,2023-2024,ESP
Fabrizio Angileri,fdd26d71,arARG,DF,Getafe,29.0,1994.0,2023-2024,ESP
Mauro Arambarri,58afe001,uyURU,MF,Getafe,27.0,1995.0,2023-2024,ESP
Jon Aramburu,dc7a172e,veVEN,"DF,MF",Real Sociedad,21.0,2002.0,2023-2024,ESP
Julian Araujo,8f4541c2,mxMEX,DF,Las Palmas,21.0,2001.0,2023-2024,ESP
Ronald Araújo,2bef2bca,uyURU,DF,Barcelona,24.0,1999.0,2023-2024,ESP
Adu Ares,a461f098,esESP,MF,Athletic Club,21.0,2001.0,2023-2024,ESP
Jesús Areso,94e01ec6,esESP,"DF,MF",Osasuna,24.0,1999.0,2023-2024,ESP
Matias Arezo,484ebdb0,uyURU,FW,Granada,20.0,2002.0,2023-2024,ESP
Iñigo Arguibide,d80d7f17,esESP,FW,Osasuna,18.0,2005.0,2023-2024,ESP
José Arnaiz,46e07328,esESP,"FW,MF",Osasuna,28.0,1995.0,2023-2024,ESP
Sergio Arribas,1e465e70,esESP,"MF,FW",Almería,21.0,2001.0,2023-2024,ESP
Kepa Arrizabalaga,28d596a0,esESP,GK,Real Madrid,28.0,1994.0,2023-2024,ESP
Iago Aspas,7dcf86f6,esESP,FW,Celta Vigo,35.0,1987.0,2023-2024,ESP
Ezequiel Ávila,253a06b9,arARG,"FW,MF",Osasuna,29.0,1994.0,2023-2024,ESP
Ezequiel Ávila,253a06b9,arARG,"MF,FW",Real Betis,29.0,1994.0,2023-2024,ESP
César Azpilicueta,53cad200,esESP,"DF,MF",Atlético Madrid,33.0,1989.0,2023-2024,ESP
Iddrisu Baba,bfd381b3,ghGHA,MF,Almería,27.0,1996.0,2023-2024,ESP
Srđan Babić,075fe5a3,rsSRB,DF,Almería,27.0,1996.0,2023-2024,ESP
Loïc Bade,114bbdee,frFRA,DF,Sevilla,23.0,2000.0,2023-2024,ESP
Alex Baena,518f2234,esESP,"MF,FW",Villarreal,22.0,2001.0,2023-2024,ESP
Eric Bailly,a1232f4e,ciCIV,DF,Villarreal,29.0,1994.0,2023-2024,ESP
Cédric Bakambu,0af4dcf0,cdCOD,FW,Real Betis,32.0,1991.0,2023-2024,ESP
Alejandro Balde,5ccc9672,esESP,"DF,MF",Barcelona,19.0,2003.0,2023-2024,ESP
Iván Balliu,cee88597,alALB,DF,Rayo Vallecano,31.0,1992.0,2023-2024,ESP
Jonathan Bamba,b2bd0f6c,ciCIV,"MF,FW",Celta Vigo,27.0,1996.0,2023-2024,ESP
Léo Baptistão,35f6db55,brBRA,"FW,MF",Almería,30.0,1992.0,2023-2024,ESP
Kike Barja,aad53e64,esESP,"FW,MF",Osasuna,26.0,1997.0,2023-2024,ESP
Ander Barrenetxea,200e89e1,esESP,"MF,FW",Real Sociedad,21.0,2001.0,2023-2024,ESP
Pablo Barrios,45736cec,esESP,MF,Atlético Madrid,20.0,2003.0,2023-2024,ESP
Marc Bartra,b742cc0d,esESP,DF,Real Betis,32.0,1991.0,2023-2024,ESP
Augusto Batalla,fc627681,arARG,GK,Granada,27.0,1996.0,2023-2024,ESP
Bebé,d8712bf9,cvCPV,"FW,MF",Rayo Vallecano,33.0,1990.0,2023-2024,ESP
Sheraldo Becker,8eb55dbb,srSUR,"FW,MF",Real Sociedad,28.0,1995.0,2023-2024,ESP
Héctor Bellerín,f874dd44,esESP,DF,Real Betis,28.0,1995.0,2023-2024,ESP
Jude Bellingham,57d88cf9,engENG,"MF,FW",Real Madrid,20.0,2003.0,2023-2024,ESP
Fran Beltrán,ed5c5fa3,esESP,MF,Celta Vigo,24.0,1999.0,2023-2024,ESP
Carlos Benavídez,9fb45456,uyURU,MF,Alavés,25.0,1998.0,2023-2024,ESP
Yuri Berchiche,b6e50615,esESP,DF,Athletic Club,33.0,1990.0,2023-2024,ESP
Álex Berenguer,dc1c2fce,esESP,MF,Athletic Club,28.0,1995.0,2023-2024,ESP
Antonio Blanco,506daeac,esESP,MF,Alavés,23.0,2000.0,2023-2024,ESP
Daley Blind,691bef82,nlNED,DF,Girona,33.0,1990.0,2023-2024,ESP
Adri Bosch,cb1e5807,esESP,DF,Granada,22.0,2001.0,2023-2024,ESP
Yassine Bounou,f6798fc3,maMAR,GK,Sevilla,32.0,1991.0,2023-2024,ESP
Lucas Boyé,d49f3e6b,arARG,FW,Granada,27.0,1996.0,2023-2024,ESP
Darko Brašanac,4accb7e0,rsSRB,MF,Osasuna,31.0,1992.0,2023-2024,ESP
Brau,3e707ad4,esESP,DF,Granada,21.0,2001.0,2023-2024,ESP
Claudio Bravo,10072610,clCHI,GK,Real Betis,40.0,1983.0,2023-2024,ESP
Ben Brereton,57827369,clCHI,"MF,FW",Villarreal,24.0,1999.0,2023-2024,ESP
Ante Budimir,8f3565b3,hrCRO,FW,Osasuna,32.0,1991.0,2023-2024,ESP
Manu Bueno,c5642098,esESP,MF,Sevilla,19.0,2004.0,2023-2024,ESP
Pablo Busto,da82ccb1,esESP,DF,Real Betis,17.0,2005.0,2023-2024,ESP
José Callejón,78841da9,esESP,"MF,FW",Granada,36.0,1987.0,2023-2024,ESP
Eduardo Camavinga,7b9c2d84,frFRA,MF,Real Madrid,20.0,2002.0,2023-2024,ESP
Sergio Camello,873619c6,esESP,FW,Rayo Vallecano,22.0,2001.0,2023-2024,ESP
José Campaña,61220da2,esESP,MF,Las Palmas,30.0,1993.0,2023-2024,ESP
João Cancelo,bd6351cd,ptPOR,DF,Barcelona,29.0,1994.0,2023-2024,ESP
Sergi Canós,1137759d,esESP,MF,Valencia,26.0,1997.0,2023-2024,ESP
Étienne Capoue,5acc4a10,frFRA,MF,Villarreal,35.0,1988.0,2023-2024,ESP
Isaac Carcelen,c4b888df,esESP,DF,Cádiz,30.0,1993.0,2023-2024,ESP
Dani Cárdenas,e1846dde,esESP,GK,Rayo Vallecano,26.0,1997.0,2023-2024,ESP
Marc Cardona,b92b456a,esESP,FW,Las Palmas,28.0,1995.0,2023-2024,ESP
Sergi Cardona,74e90475,esESP,DF,Las Palmas,24.0,1999.0,2023-2024,ESP
Johnny Cardoso,7426f085,usUSA,MF,Real Betis,21.0,2001.0,2023-2024,ESP
Carmona,2dce876a,esESP,"MF,DF",Getafe,21.0,2002.0,2023-2024,ESP
Yannick Carrasco,de39485a,beBEL,"DF,MF",Atlético Madrid,29.0,1993.0,2023-2024,ESP
Álvaro Carreras,33a68b9b,esESP,"MF,FW",Granada,20.0,2003.0,2023-2024,ESP
Dani Carvajal,4958bfb2,esESP,DF,Real Madrid,31.0,1992.0,2023-2024,ESP
William Carvalho,dee86451,ptPOR,MF,Real Betis,31.0,1992.0,2023-2024,ESP
Marc Casado,2ef08833,esESP,MF,Barcelona,19.0,2003.0,2023-2024,ESP
Catena,274ab13c,esESP,DF,Osasuna,28.0,1994.0,2023-2024,ESP
Dani Ceballos,c0617e2b,esESP,MF,Real Madrid,26.0,1996.0,2023-2024,ESP
Álex Centelles,ae852b7d,esESP,DF,Almería,25.0,1997.0,2023-2024,ESP
Franco Cervi,5e1028e5,arARG,"MF,DF",Celta Vigo,29.0,1994.0,2023-2024,ESP
Pep Chavarría,63c5e56b,esESP,"DF,MF",Rayo Vallecano,25.0,1998.0,2023-2024,ESP
Andreas Christensen,1cb49278,dkDEN,"DF,MF",Barcelona,27.0,1996.0,2023-2024,ESP
Chumi,2475cf9b,esESP,DF,Almería,24.0,1999.0,2023-2024,ESP
Víctor Chust,ec1a731e,esESP,DF,Cádiz,23.0,2000.0,2023-2024,ESP
Pathé Ciss,9a0408b6,snSEN,MF,Rayo Vallecano,29.0,1994.0,2023-2024,ESP
Silvi Clúa,b793dea2,esESP,MF,Girona,18.0,2005.0,2023-2024,ESP
Saúl Coco,d0ee1652,gqEQG,DF,Las Palmas,24.0,1999.0,2023-2024,ESP
Santi Comesaña,5ae499d0,esESP,MF,Villarreal,26.0,1996.0,2023-2024,ESP
Copete,0f26ffd7,esESP,DF,Mallorca,23.0,1999.0,2023-2024,ESP
Francis Coquelin,a6951bf8,frFRA,MF,Villarreal,32.0,1991.0,2023-2024,ESP
Theo Corbeanu,25b82f9a,caCAN,MF,Granada,21.0,2002.0,2023-2024,ESP
Jesús Corona,fb938d24,mxMEX,"DF,FW",Sevilla,30.0,1993.0,2023-2024,ESP
Ángel Correa,01eb744d,arARG,"FW,MF",Atlético Madrid,28.0,1995.0,2023-2024,ESP
Thierry Correia,c78b352d,ptPOR,DF,Valencia,24.0,1999.0,2023-2024,ESP
Jaume Costa,808d48f3,esESP,"DF,MF",Mallorca,35.0,1988.0,2023-2024,ESP
Samu Costa,76c2a023,ptPOR,MF,Mallorca,22.0,2000.0,2023-2024,ESP
Thibaut Courtois,1840e36d,beBEL,GK,Real Madrid,31.0,1992.0,2023-2024,ESP
Yan Couto,1944818c,brBRA,"MF,DF",Girona,21.0,2002.0,2023-2024,ESP
Crespo,922dfade,ptPOR,MF,Rayo Vallecano,26.0,1996.0,2023-2024,ESP
Cristian,9ad74b4d,esESP,GK,Valencia,25.0,1998.0,2023-2024,ESP
Juan Cruz Armada,a56da3ba,esESP,DF,Osasuna,31.0,1992.0,2023-2024,ESP
Juan Cruz,cc2dd8a5,esESP,MF,Real Betis,23.0,2000.0,2023-2024,ESP
Pau Cubarsí,cc7888f3,esESP,DF,Barcelona,16.0,2007.0,2023-2024,ESP
Iván Cuéllar,75751c99,esESP,GK,Mallorca,39.0,1984.0,2023-2024,ESP
Jorge Cuenca,0abc51f2,esESP,DF,Villarreal,23.0,1999.0,2023-2024,ESP
Eric Curbelo,34e39a18,esESP,DF,Las Palmas,29.0,1994.0,2023-2024,ESP
Alberto Dadie,cc851506,esESP,FW,Real Sociedad,21.0,2002.0,2023-2024,ESP
Sergi Darder,070a3904,esESP,MF,Mallorca,29.0,1993.0,2023-2024,ESP
Rodrigo De Paul,162efffd,arARG,MF,Atlético Madrid,29.0,1994.0,2023-2024,ESP
Mouctar Diakhaby,d2110326,gnGUI,"DF,MF",Valencia,26.0,1996.0,2023-2024,ESP
Moussa Diakité,d925b04e,mlMLI,MF,Cádiz,19.0,2003.0,2023-2024,ESP
Assane Diao,8ae7d0ec,snSEN,MF,Real Betis,17.0,2005.0,2023-2024,ESP
Brahim Díaz,407feb71,maMAR,"MF,FW",Real Madrid,23.0,1999.0,2023-2024,ESP
Víctor Díaz,3624ce4c,esESP,DF,Granada,35.0,1988.0,2023-2024,ESP
Famara Diedhiou,e447352c,snSEN,FW,Granada,30.0,1992.0,2023-2024,ESP
Stole Dimitrievski,fc70e345,mkMKD,GK,Rayo Vallecano,29.0,1993.0,2023-2024,ESP
Djené,a4971d84,tgTOG,"DF,MF",Getafe,31.0,1991.0,2023-2024,ESP
Marko Dmitrović,ac295d9e,rsSRB,GK,Sevilla,31.0,1992.0,2023-2024,ESP
Jaume Doménech,c9cb972b,esESP,GK,Valencia,32.0,1990.0,2023-2024,ESP
Carlos Dominguez,3521abfe,esESP,DF,Celta Vigo,22.0,2001.0,2023-2024,ESP
Mario Dominguez,d709cd5c,esESP,MF,Valencia,19.0,2004.0,2023-2024,ESP
Carlos Dotor,daa2eab3,esESP,MF,Celta Vigo,22.0,2001.0,2023-2024,ESP
Anastasios Douvikas,853ca71c,grGRE,FW,Celta Vigo,23.0,1999.0,2023-2024,ESP
Artem Dovbyk,5b847bb0,uaUKR,FW,Girona,26.0,1997.0,2023-2024,ESP
Domingos Duarte,93090f69,ptPOR,DF,Getafe,28.0,1995.0,2023-2024,ESP
Rubén Duarte,1fe0492d,esESP,DF,Alavés,27.0,1995.0,2023-2024,ESP
Hugo Duro,37e103f8,esESP,FW,Valencia,23.0,1999.0,2023-2024,ESP
Aritz Elustondo,f7dc2ae5,esESP,DF,Real Sociedad,29.0,1994.0,2023-2024,ESP
Adri Embarba,db8f0eba,esESP,"MF,FW",Almería,31.0,1992.0,2023-2024,ESP
Youssef En-Nesyri,04e17fd5,maMAR,FW,Sevilla,26.0,1997.0,2023-2024,ESP
Gonzalo Escalante,3f79a1c8,arARG,MF,Cádiz,30.0,1993.0,2023-2024,ESP
Aarón Escandell,67669ce7,esESP,GK,Las Palmas,27.0,1995.0,2023-2024,ESP
Alfonso Espino,db001fa9,uyURU,DF,Rayo Vallecano,31.0,1992.0,2023-2024,ESP
Bernardo Espinosa,4242011c,coCOL,DF,Girona,34.0,1989.0,2023-2024,ESP
Karl Etta Eyong,f0f499ea,cmCMR,FW,Cádiz,19.0,2003.0,2023-2024,ESP
Abde Ezzalzouli,bed68338,maMAR,"FW,MF",Barcelona,21.0,2001.0,2023-2024,ESP
Abde Ezzalzouli,bed68338,maMAR,MF,Real Betis,21.0,2001.0,2023-2024,ESP
Radamel Falcao,66116290,coCOL,FW,Rayo Vallecano,37.0,1986.0,2023-2024,ESP
Fali,72a84002,esESP,DF,Cádiz,29.0,1993.0,2023-2024,ESP
Ansu Fati,0ba976e4,esESP,"FW,MF",Barcelona,20.0,2002.0,2023-2024,ESP
Nabil Fekir,bece776f,frFRA,"MF,FW",Real Betis,30.0,1993.0,2023-2024,ESP
Luiz Felipe,15d0c248,itITA,DF,Real Betis,26.0,1997.0,2023-2024,ESP
João Félix,8aafd64f,ptPOR,FW,Barcelona,23.0,1999.0,2023-2024,ESP
Kiko Femenía,e5d01ecf,esESP,DF,Villarreal,32.0,1991.0,2023-2024,ESP
Aitor Fernández,a01c3d54,esESP,GK,Osasuna,32.0,1991.0,2023-2024,ESP
Álex Fernández,aa677a35,esESP,MF,Cádiz,30.0,1992.0,2023-2024,ESP
Carlos Fernández,e08647d6,esESP,FW,Real Sociedad,27.0,1996.0,2023-2024,ESP
Raúl Fernández,6fb59070,esESP,GK,Granada,35.0,1988.0,2023-2024,ESP
Valery Fernández,4acd733a,esESP,MF,Girona,23.0,1999.0,2023-2024,ESP
Fernando,dabb2827,esESP,GK,Almería,33.0,1990.0,2023-2024,ESP
Fernando,41f32541,brBRA,MF,Sevilla,36.0,1987.0,2023-2024,ESP
André Ferreira,12c6cbef,ptPOR,GK,Granada,27.0,1996.0,2023-2024,ESP
Rachad Fettal,ae9a9b2d,maMAR,FW,Almería,18.0,2005.0,2023-2024,ESP
Pablo Fornals,82927de4,esESP,MF,Real Betis,27.0,1996.0,2023-2024,ESP
Héctor Fort,2e31f3a6,esESP,DF,Barcelona,16.0,2006.0,2023-2024,ESP
Dimitri Foulquier,45e17712,frFRA,"DF,MF",Valencia,30.0,1993.0,2023-2024,ESP
Juan Foyth,6c7762c3,arARG,DF,Villarreal,25.0,1998.0,2023-2024,ESP
Jorge de Frutos,38ce1150,esESP,MF,Rayo Vallecano,26.0,1997.0,2023-2024,ESP
Daniel Fuzato,82328faf,brBRA,GK,Getafe,26.0,1997.0,2023-2024,ESP
Matteo Gabbia,c235e803,itITA,DF,Villarreal,23.0,1999.0,2023-2024,ESP
Javi Galán,a4b00319,esESP,"DF,MF",Atlético Madrid,28.0,1994.0,2023-2024,ESP
Javi Galán,a4b00319,esESP,DF,Real Sociedad,28.0,1994.0,2023-2024,ESP
Iñigo Ruiz de Galarreta,91f7631f,esESP,MF,Athletic Club,29.0,1993.0,2023-2024,ESP
Aleix García,a10361d2,esESP,MF,Girona,26.0,1997.0,2023-2024,ESP
Álvaro García,90bbd822,esESP,MF,Rayo Vallecano,30.0,1992.0,2023-2024,ESP
Dani García,240d3a0b,esESP,MF,Athletic Club,33.0,1990.0,2023-2024,ESP
David García,3e42f707,esESP,DF,Osasuna,29.0,1994.0,2023-2024,ESP
Eric García,2bed3eab,esESP,DF,Barcelona,22.0,2001.0,2023-2024,ESP
Eric García,2bed3eab,esESP,DF,Girona,22.0,2001.0,2023-2024,ESP
Fran Garcia,7226539b,esESP,DF,Real Madrid,23.0,1999.0,2023-2024,ESP
Gonzalo García,74c2d562,esESP,MF,Real Madrid,19.0,2004.0,2023-2024,ESP
Jastin García,0302f7b4,esESP,FW,Girona,19.0,2004.0,2023-2024,ESP
Raúl García,b418dbd4,esESP,FW,Athletic Club,37.0,1986.0,2023-2024,ESP
Rubén García,5c96b017,esESP,"FW,MF",Osasuna,30.0,1993.0,2023-2024,ESP
Santiago García,b4b4d0a6,esESP,MF,Getafe,21.0,2001.0,2023-2024,ESP
Unai García,4a633cfe,esESP,DF,Osasuna,31.0,1992.0,2023-2024,ESP
Yarek Gasiorowski,20a65cdf,esESP,DF,Valencia,18.0,2005.0,2023-2024,ESP
Federico Gattoni,86087757,arARG,DF,Sevilla,24.0,1999.0,2023-2024,ESP
Gavi,19cae58d,esESP,"MF,FW",Barcelona,18.0,2004.0,2023-2024,ESP
Paulo Gazzaniga,63d17038,arARG,GK,Girona,31.0,1992.0,2023-2024,ESP
David Gil,fea23125,esESP,GK,Cádiz,29.0,1994.0,2023-2024,ESP
Maxi Gómez,4c2e9442,uyURU,FW,Cádiz,26.0,1996.0,2023-2024,ESP
Moi Gómez,5a626448,esESP,"MF,FW",Osasuna,29.0,1994.0,2023-2024,ESP
Unai Gómez,37db6cae,esESP,MF,Athletic Club,20.0,2003.0,2023-2024,ESP
Édgar González,49d028db,esESP,"DF,MF",Almería,26.0,1997.0,2023-2024,ESP
Fabio González,5418d47c,esESP,MF,Las Palmas,26.0,1997.0,2023-2024,ESP
Giovanni González,1fc474ae,uyURU,DF,Mallorca,28.0,1994.0,2023-2024,ESP
Hugo González,2cfb6e88,esESP,FW,Valencia,20.0,2003.0,2023-2024,ESP
Iñaki González,63787ec5,esESP,MF,Las Palmas,19.0,2004.0,2023-2024,ESP
Peter González,1ccd3dae,doDOM,MF,Valencia,21.0,2002.0,2023-2024,ESP
Urko González,c4f5eb61,esESP,MF,Real Sociedad,22.0,2001.0,2023-2024,ESP
Andoni Gorosabel,6f5f82c0,esESP,DF,Alavés,26.0,1996.0,2023-2024,ESP
Pablo Gozalbez,f33b6ee6,esESP,MF,Valencia,22.0,2001.0,2023-2024,ESP
Mason Greenwood,58eee997,engENG,"MF,FW",Getafe,21.0,2001.0,2023-2024,ESP
Dominik Greif,30061f53,skSVK,GK,Mallorca,26.0,1997.0,2023-2024,ESP
Antoine Griezmann,df69b544,frFRA,"FW,MF",Atlético Madrid,32.0,1991.0,2023-2024,ESP
Vicente Guaita,ab13a5aa,esESP,GK,Celta Vigo,36.0,1987.0,2023-2024,ESP
Andrés Guardado,ef322658,mxMEX,MF,Real Betis,36.0,1986.0,2023-2024,ESP
Sergi Guardiola,32974271,esESP,FW,Cádiz,32.0,1991.0,2023-2024,ESP
Nemanja Gudelj,0076ab7f,rsSRB,"DF,MF",Sevilla,31.0,1991.0,2023-2024,ESP
Gonçalo Guedes,e6bc67d7,ptPOR,"FW,MF",Villarreal,26.0,1996.0,2023-2024,ESP
Javier Guerra,3828f130,esESP,MF,Valencia,20.0,2003.0,2023-2024,ESP
Ander Guevara,8e48dc61,esESP,MF,Alavés,26.0,1997.0,2023-2024,ESP
Hugo Guillamón,f7c12fbf,esESP,MF,Valencia,23.0,2000.0,2023-2024,ESP
Marc Guiu,d3d774cc,esESP,FW,Barcelona,17.0,2006.0,2023-2024,ESP
Arda Güler,3741ca58,trTUR,"MF,FW",Real Madrid,18.0,2005.0,2023-2024,ESP
Gerard Gumbau,ac454a4f,esESP,MF,Granada,28.0,1994.0,2023-2024,ESP
İlkay Gündoğan,819b3158,deGER,MF,Barcelona,32.0,1990.0,2023-2024,ESP
Jon Guridi,4c0a6a48,esESP,MF,Alavés,28.0,1995.0,2023-2024,ESP
Gorka Guruzeta,6b5ea2f4,esESP,FW,Athletic Club,26.0,1996.0,2023-2024,ESP
Miguel Gutiérrez,7e98cff1,esESP,"DF,MF",Girona,22.0,2001.0,2023-2024,ESP
Munir El Haddadi,8696bc90,maMAR,"MF,FW",Las Palmas,27.0,1995.0,2023-2024,ESP
Ianis Hagi,0127419a,roROU,MF,Alavés,24.0,1998.0,2023-2024,ESP
Luiz Henrique,8059806f,brBRA,MF,Real Betis,22.0,2001.0,2023-2024,ESP
Mario Hermoso,555f3a0b,esESP,DF,Atlético Madrid,28.0,1995.0,2023-2024,ESP
Javi Hernández,9a76c2e9,esESP,DF,Cádiz,25.0,1998.0,2023-2024,ESP
Aridane Hernández,132ac341,esESP,DF,Rayo Vallecano,34.0,1989.0,2023-2024,ESP
Luis Hernández,02d2c436,esESP,DF,Cádiz,34.0,1989.0,2023-2024,ESP
Jorge Herrando,e19c989c,esESP,DF,Osasuna,22.0,2001.0,2023-2024,ESP
Ander Herrera,436a9dd0,esESP,MF,Athletic Club,33.0,1989.0,2023-2024,ESP
Cristian Herrera,f814e5d3,esESP,MF,Las Palmas,32.0,1991.0,2023-2024,ESP
Sergio Herrera,a4995f48,esESP,GK,Osasuna,30.0,1993.0,2023-2024,ESP
Yangel Herrera,5083a734,veVEN,MF,Girona,25.0,1998.0,2023-2024,ESP
Juan Herzog,3a18abe2,esESP,DF,Las Palmas,20.0,2003.0,2023-2024,ESP
Martin Hongla,b85bf253,cmCMR,"MF,DF",Granada,25.0,1998.0,2023-2024,ESP
Xabier Huarte Armendáriz,e83e8928,esESP,MF,Osasuna,22.0,2001.0,2023-2024,ESP
Pablo Ibáñez,3701906c,esESP,MF,Osasuna,24.0,1998.0,2023-2024,ESP
Iglesias,974322dc,esESP,"DF,MF",Getafe,25.0,1998.0,2023-2024,ESP
Borja Iglesias,75645f0e,esESP,FW,Real Betis,30.0,1993.0,2023-2024,ESP
Imanol,9e095d72,esESP,DF,Athletic Club,23.0,2000.0,2023-2024,ESP
Isco,a0b4bb3e,esESP,MF,Real Betis,31.0,1992.0,2023-2024,ESP
Diego Iturralde,9d33c71a,esESP,DF,Sevilla,20.0,2003.0,2023-2024,ESP
Adnan Januzaj,4737cebe,beBEL,"FW,MF",Sevilla,28.0,1995.0,2023-2024,ESP
Mikel Jauregizar,2f5c78ca,esESP,MF,Athletic Club,19.0,2003.0,2023-2024,ESP
Luis Javier Suárez,eeba07f8,coCOL,"FW,MF",Almería,25.0,1997.0,2023-2024,ESP
Salim El Jebari,d068118b,maMAR,MF,Atlético Madrid,19.0,2004.0,2023-2024,ESP
Frenkie de Jong,1bacc518,nlNED,MF,Barcelona,26.0,1997.0,2023-2024,ESP
Joan Jordán,2a0c8ba4,esESP,MF,Sevilla,29.0,1994.0,2023-2024,ESP
Jordi,5556d20b,esESP,MF,Getafe,22.0,2001.0,2023-2024,ESP
Jeremy Jorge,454d07c9,esESP,FW,Getafe,20.0,2003.0,2023-2024,ESP
Willian José,d87e2cae,brBRA,FW,Real Betis,31.0,1991.0,2023-2024,ESP
Joselu,6265208f,esESP,FW,Real Madrid,33.0,1990.0,2023-2024,ESP
Kamil Jóźwiak,bd4e3824,plPOL,MF,Granada,25.0,1998.0,2023-2024,ESP
Juanmi,84399660,esESP,FW,Cádiz,30.0,1993.0,2023-2024,ESP
Juanpe,1633fc8a,esESP,DF,Girona,32.0,1991.0,2023-2024,ESP
Vinicius Júnior,7111d552,brBRA,FW,Real Madrid,23.0,2000.0,2023-2024,ESP
Filip Jørgensen,0107757e,dkDEN,GK,Villarreal,21.0,2002.0,2023-2024,ESP
Sory Kaba,d29202c2,gnGUI,FW,Las Palmas,28.0,1995.0,2023-2024,ESP
Kaiky,55634fb8,brBRA,DF,Almería,19.0,2004.0,2023-2024,ESP
Jon Karrikaburu,211589b8,esESP,FW,Alavés,20.0,2002.0,2023-2024,ESP
Ibrahima Kebe,047759a0,mlMLI,MF,Girona,22.0,2000.0,2023-2024,ESP
Kiké,e897d8ba,esESP,FW,Alavés,33.0,1989.0,2023-2024,ESP
Koke,55126f3b,esESP,MF,Atlético Madrid,31.0,1992.0,2023-2024,ESP
Ibrahima Koné,04bb2b06,mlMLI,FW,Almería,24.0,1999.0,2023-2024,ESP
Rominigue Kouamé,86a2ba20,mlMLI,MF,Cádiz,26.0,1996.0,2023-2024,ESP
Jules Koundé,4d1666ff,frFRA,DF,Barcelona,24.0,1998.0,2023-2024,ESP
Toni Kroos,6ce1f46f,deGER,MF,Real Madrid,33.0,1990.0,2023-2024,ESP
Takefusa Kubo,16aa3654,jpJPN,"FW,MF",Real Sociedad,22.0,2001.0,2023-2024,ESP
Luca de la Torre,e9241b40,usUSA,MF,Celta Vigo,25.0,1998.0,2023-2024,ESP
Yoel Lago,edd4e7a5,esESP,DF,Celta Vigo,19.0,2004.0,2023-2024,ESP
Érik Lamela,abe66106,arARG,MF,Sevilla,31.0,1992.0,2023-2024,ESP
Bruno Langa,72947847,mzMOZ,DF,Almería,25.0,1997.0,2023-2024,ESP
Cyle Larin,e7af9060,caCAN,FW,Mallorca,28.0,1995.0,2023-2024,ESP
Juanmi Latasa,2bea832e,esESP,FW,Getafe,22.0,2001.0,2023-2024,ESP
Toni Lato,8e088e04,esESP,DF,Mallorca,25.0,1997.0,2023-2024,ESP
Lázaro,86ff856b,brBRA,MF,Almería,21.0,2002.0,2023-2024,ESP
Robin Le Normand,9a64e67e,esESP,DF,Real Sociedad,26.0,1996.0,2023-2024,ESP
Jeremías Ledesma,6c4776b1,arARG,GK,Cádiz,30.0,1993.0,2023-2024,ESP
Florian Lejeune,6eaed4eb,frFRA,DF,Rayo Vallecano,32.0,1991.0,2023-2024,ESP
Stefan Lekovic,d633fd46,rsSRB,DF,Villarreal,19.0,2004.0,2023-2024,ESP
Iñigo Lekue,59b7d823,esESP,DF,Athletic Club,30.0,1993.0,2023-2024,ESP
Thomas Lemar,4dbd0916,frFRA,MF,Atlético Madrid,27.0,1995.0,2023-2024,ESP
Álvaro Lemos,31d45cc8,esESP,DF,Las Palmas,30.0,1993.0,2023-2024,ESP
Ruben Lendinez,755da865,esESP,DF,Valencia,20.0,2003.0,2023-2024,ESP
Robert Lewandowski,8d78e732,plPOL,FW,Barcelona,34.0,1988.0,2023-2024,ESP
Samuel Lino,2a295d33,brBRA,"MF,DF",Atlético Madrid,23.0,1999.0,2023-2024,ESP
Javier Llabrés,38b0cf42,esESP,MF,Mallorca,20.0,2002.0,2023-2024,ESP
Marcos Llorente,02c15616,esESP,"MF,DF",Atlético Madrid,28.0,1995.0,2023-2024,ESP
Enzo Loiodice,6bca20fe,frFRA,MF,Las Palmas,22.0,2000.0,2023-2024,ESP
David López,f03f284b,esESP,DF,Girona,33.0,1989.0,2023-2024,ESP
Diego López,c487901c,esESP,"MF,FW",Valencia,21.0,2002.0,2023-2024,ESP
Fermin López,c1fe5f0b,esESP,"MF,FW",Barcelona,20.0,2003.0,2023-2024,ESP
Javi López,e9ada8cf,esESP,DF,Alavés,21.0,2002.0,2023-2024,ESP
Unai López,88050721,esESP,MF,Rayo Vallecano,27.0,1995.0,2023-2024,ESP
Dion Lopy,64c14d49,snSEN,MF,Almería,21.0,2002.0,2023-2024,ESP
Anthony Lozano,38699c72,hnHON,FW,Getafe,30.0,1993.0,2023-2024,ESP
Anthony Lozano,38699c72,hnHON,FW,Almería,30.0,1993.0,2023-2024,ESP
Lucas,5d68f5b2,brBRA,DF,Cádiz,22.0,2001.0,2023-2024,ESP
José Luis Gayà,b05e2dbd,esESP,DF,Valencia,28.0,1995.0,2023-2024,ESP
José Luis Morales,4a478107,esESP,"FW,MF",Villarreal,36.0,1987.0,2023-2024,ESP
Dodi Lukebakio,0c61c77c,beBEL,"MF,FW",Sevilla,25.0,1997.0,2023-2024,ESP
Andriy Lunin,3061e1ec,uaUKR,GK,Real Madrid,24.0,1999.0,2023-2024,ESP
Darwin Machís,ed6ea4d9,veVEN,MF,Cádiz,30.0,1993.0,2023-2024,ESP
Pablo Maffeo,5db04597,esESP,"DF,MF",Mallorca,26.0,1997.0,2023-2024,ESP
Jon Magunazelaia,d4808594,esESP,FW,Real Sociedad,22.0,2001.0,2023-2024,ESP
Nemanja Maksimović,00b28772,rsSRB,MF,Getafe,28.0,1995.0,2023-2024,ESP
Giorgi Mamardashvili,d4b73232,geGEO,GK,Valencia,22.0,2000.0,2023-2024,ESP
Wilson Manafá,e27fdbca,ptPOR,"DF,MF",Granada,29.0,1994.0,2023-2024,ESP
Reinildo Mandava,c20bdcd7,mzMOZ,DF,Atlético Madrid,29.0,1994.0,2023-2024,ESP
Aïssa Mandi,fbd6378b,dzALG,DF,Villarreal,31.0,1991.0,2023-2024,ESP
Javier Manquillo,758dd7f0,esESP,"DF,MF",Celta Vigo,29.0,1994.0,2023-2024,ESP
Faitout Maouassa,e54a9890,frFRA,DF,Granada,25.0,1998.0,2023-2024,ESP
Marcão,133faa84,brBRA,DF,Sevilla,27.0,1996.0,2023-2024,ESP
Óscar de Marcos,9f323c71,esESP,DF,Athletic Club,34.0,1989.0,2023-2024,ESP
Alberto Marí,44330c36,esESP,FW,Valencia,22.0,2001.0,2023-2024,ESP
José Mari,6f4c734d,esESP,MF,Cádiz,35.0,1987.0,2023-2024,ESP
José María Giménez,f0da930c,uyURU,DF,Atlético Madrid,28.0,1995.0,2023-2024,ESP
Mariano,5c4dc0ff,doDOM,FW,Sevilla,29.0,1993.0,2023-2024,ESP
Rafa Marín,3239a8ed,esESP,DF,Alavés,21.0,2002.0,2023-2024,ESP
Diego Mariño,d9235a45,esESP,GK,Almería,33.0,1990.0,2023-2024,ESP
Mika Mármol,e7630876,esESP,DF,Las Palmas,22.0,2001.0,2023-2024,ESP
Unai Marrero,f0fe87dc,esESP,GK,Real Sociedad,21.0,2001.0,2023-2024,ESP
Roger Martí,0ae4e09a,esESP,FW,Cádiz,32.0,1991.0,2023-2024,ESP
Iván Martín,ae48c5cb,esESP,MF,Girona,24.0,1999.0,2023-2024,ESP
Jon Martin,df33ecb5,esESP,DF,Real Sociedad,17.0,2006.0,2023-2024,ESP
Mario Martín,a9aff11a,esESP,MF,Real Madrid,19.0,2004.0,2023-2024,ESP
Arnau Martinez,c3e66ffe,esESP,DF,Girona,20.0,2003.0,2023-2024,ESP
Iñigo Martínez,3fc45c73,esESP,DF,Barcelona,32.0,1991.0,2023-2024,ESP
Marc Martínez,3496ff67,esESP,GK,Granada,33.0,1990.0,2023-2024,ESP
Marvin,efaefda0,esESP,"MF,DF",Las Palmas,23.0,2000.0,2023-2024,ESP
Omar Mascarell,11fd2b75,gqEQG,MF,Mallorca,30.0,1993.0,2023-2024,ESP
Jaime Mata,02319ad7,esESP,"FW,MF",Getafe,34.0,1988.0,2023-2024,ESP
Luís Maximiano,3318286e,ptPOR,GK,Almería,24.0,1999.0,2023-2024,ESP
Borja Mayoral,64e8ed6d,esESP,FW,Getafe,26.0,1997.0,2023-2024,ESP
Mamadou Mbaye,8aae94b9,snSEN,DF,Cádiz,25.0,1998.0,2023-2024,ESP
Hannibal Mejbri,ca22ccb0,tnTUN,MF,Sevilla,20.0,2003.0,2023-2024,ESP
Óscar Melendo,379652be,esESP,"MF,FW",Granada,25.0,1997.0,2023-2024,ESP
Gonzalo Melero,3902e91b,esESP,"MF,FW",Almería,29.0,1994.0,2023-2024,ESP
Memphis,8f696594,nlNED,FW,Atlético Madrid,29.0,1994.0,2023-2024,ESP
Houboulang Mendes,1545cf15,gwGNB,DF,Almería,25.0,1998.0,2023-2024,ESP
Tomás Mendes,45f771db,esESP,MF,Alavés,18.0,2004.0,2023-2024,ESP
Brais Méndez,c9e39d91,esESP,"MF,FW",Real Sociedad,26.0,1997.0,2023-2024,ESP
Bruno Méndez,66017b9d,uyURU,DF,Granada,23.0,1999.0,2023-2024,ESP
Diego Méndez,b151a3f2,esESP,MF,Rayo Vallecano,19.0,2003.0,2023-2024,ESP
Ferland Mendy,3cefcaef,frFRA,DF,Real Madrid,28.0,1995.0,2023-2024,ESP
Jorge Meré,9f979eb2,esESP,DF,Cádiz,26.0,1997.0,2023-2024,ESP
Mikel Merino,d080ed5e,esESP,MF,Real Sociedad,27.0,1996.0,2023-2024,ESP
Omenuke Mfulu,bdc14559,cdCOD,MF,Las Palmas,29.0,1994.0,2023-2024,ESP
Miguel,6763373d,esESP,FW,Alavés,23.0,1999.0,2023-2024,ESP
Éder Militão,2784f898,brBRA,DF,Real Madrid,25.0,1998.0,2023-2024,ESP
Luis Milla,19c36442,esESP,MF,Getafe,28.0,1994.0,2023-2024,ESP
Marko Milovanović,1fda2b14,rsSRB,FW,Almería,19.0,2003.0,2023-2024,ESP
Óscar Mingueza,056269d7,esESP,"DF,MF",Celta Vigo,24.0,1999.0,2023-2024,ESP
Ignasi Miquel,174f09a6,esESP,DF,Granada,30.0,1992.0,2023-2024,ESP
Rafa Mir,bbf5c11b,esESP,FW,Sevilla,26.0,1997.0,2023-2024,ESP
Juan Miranda,ead61f73,esESP,DF,Real Betis,23.0,2000.0,2023-2024,ESP
Stefan Mitrović,e6777e6b,rsSRB,DF,Getafe,33.0,1990.0,2023-2024,ESP
Luka Modrić,6025fab1,hrCRO,MF,Real Madrid,37.0,1985.0,2023-2024,ESP
Johan Mojica,608f2092,coCOL,"DF,MF",Osasuna,30.0,1992.0,2023-2024,ESP
Alberto Moleiro,c2c8897d,esESP,"MF,FW",Las Palmas,19.0,2003.0,2023-2024,ESP
Nahuel Molina,23610943,arARG,"MF,DF",Atlético Madrid,25.0,1998.0,2023-2024,ESP
Jon Moncayola,9939e168,esESP,MF,Osasuna,25.0,1998.0,2023-2024,ESP
César Montes,28e957d7,mxMEX,DF,Almería,26.0,1997.0,2023-2024,ESP
Álvaro Morata,129af0db,esESP,FW,Atlético Madrid,30.0,1992.0,2023-2024,ESP
Alberto Moreno,11b9265b,esESP,DF,Villarreal,31.0,1992.0,2023-2024,ESP
Gerard Moreno,81f0781e,esESP,FW,Villarreal,31.0,1992.0,2023-2024,ESP
Jorge Moreno,1f875ef8,esESP,DF,Osasuna,22.0,2001.0,2023-2024,ESP
Ilaix Moriba,f4c69aa6,gnGUI,MF,Getafe,20.0,2003.0,2023-2024,ESP
Manu Morlanes,a0255c67,esESP,MF,Mallorca,24.0,1999.0,2023-2024,ESP
Cristhian Mosquera,dc1ce4f5,esESP,DF,Valencia,19.0,2004.0,2023-2024,ESP
Yerson Mosquera,1e159d70,coCOL,DF,Villarreal,22.0,2001.0,2023-2024,ESP
Abdul Mumin,5487adcd,ghGHA,DF,Rayo Vallecano,25.0,1998.0,2023-2024,ESP
Iker Muniain,c05dfb74,esESP,MF,Athletic Club,30.0,1992.0,2023-2024,ESP
Aihen Muñoz,228b0d9d,esESP,DF,Real Sociedad,25.0,1997.0,2023-2024,ESP
Iker Muñoz,175ece4c,esESP,MF,Osasuna,20.0,2002.0,2023-2024,ESP
Javier Muñoz,ec7c84c2,esESP,MF,Las Palmas,28.0,1995.0,2023-2024,ESP
Vedat Muriqi,0cadc46d,xkKVX,FW,Mallorca,29.0,1994.0,2023-2024,ESP
Nacho,2946f9a1,esESP,DF,Real Madrid,33.0,1990.0,2023-2024,ESP
Matija Nastasić,f35430a4,rsSRB,DF,Mallorca,30.0,1993.0,2023-2024,ESP
Roberto Navarro,c997b942,esESP,MF,Cádiz,21.0,2002.0,2023-2024,ESP
Jesús Navas,3f10bd22,esESP,"DF,MF",Sevilla,37.0,1985.0,2023-2024,ESP
Álvaro Negredo,63b0ca6b,esESP,FW,Cádiz,37.0,1985.0,2023-2024,ESP
Carlos Neva,8d47bb39,esESP,DF,Granada,27.0,1996.0,2023-2024,ESP
Tanguy Nianzou,5853ac44,frFRA,DF,Sevilla,21.0,2002.0,2023-2024,ESP
Saúl Ñíguez,c14bc029,esESP,MF,Atlético Madrid,28.0,1994.0,2023-2024,ESP
Peru Nolaskoain,857cb4f3,esESP,"DF,MF",Athletic Club,24.0,1998.0,2023-2024,ESP
Randy Nteka,a6103274,aoANG,FW,Rayo Vallecano,25.0,1997.0,2023-2024,ESP
Unai Núñez,be170419,esESP,DF,Celta Vigo,26.0,1997.0,2023-2024,ESP
Ørjan Nyland,bdedffac,noNOR,GK,Sevilla,32.0,1990.0,2023-2024,ESP
Jan Oblak,ee8508c0,siSVN,GK,Atlético Madrid,30.0,1993.0,2023-2024,ESP
Brian Ocampo,2e3995cd,uyURU,MF,Cádiz,24.0,1999.0,2023-2024,ESP
Lucas Ocampos,a08b974a,arARG,"MF,FW",Sevilla,29.0,1994.0,2023-2024,ESP
Álvaro Odriozola,1d1691ad,esESP,DF,Real Sociedad,27.0,1995.0,2023-2024,ESP
Aingeru Olabarrieta,b7e92b0e,esESP,FW,Athletic Club,17.0,2005.0,2023-2024,ESP
Olasagasti,3d99999d,esESP,MF,Real Sociedad,22.0,2000.0,2023-2024,ESP
Samu Omorodion,dc44b03c,esESP,FW,Alavés,19.0,2004.0,2023-2024,ESP
Samu Omorodion,dc44b03c,esESP,FW,Granada,19.0,2004.0,2023-2024,ESP
Aimar Oroz,7c363088,esESP,MF,Osasuna,21.0,2001.0,2023-2024,ESP
Eneko Ortiz,dc5ea86b,esESP,MF,Alavés,20.0,2003.0,2023-2024,ESP
Asier Osambela,e87c44a9,esESP,MF,Osasuna,19.0,2004.0,2023-2024,ESP
Milutin Osmajić,375ed9d7,meMNE,FW,Cádiz,24.0,1999.0,2023-2024,ESP
Aiham Ousou,2973a975,sySYR,DF,Cádiz,23.0,2000.0,2023-2024,ESP
Jesús Owono,d6e3d7fb,gqEQG,GK,Alavés,22.0,2001.0,2023-2024,ESP
Mikel Oyarzabal,8c3c640c,esESP,"FW,MF",Real Sociedad,26.0,1997.0,2023-2024,ESP
Cenk Özkacar,9a93efc9,trTUR,DF,Valencia,22.0,2000.0,2023-2024,ESP
Jon Pacheco,44150beb,esESP,DF,Real Sociedad,22.0,2001.0,2023-2024,ESP
Isaac Palazón Camacho,49dbab27,esESP,MF,Rayo Vallecano,28.0,1994.0,2023-2024,ESP
Joaquín Panichelli,ae14af56,arARG,"MF,FW",Alavés,20.0,2002.0,2023-2024,ESP
Sokratis Papastathopoulos,b682dcf6,grGRE,DF,Real Betis,35.0,1988.0,2023-2024,ESP
Victor Parada,8ca358c5,esESP,DF,Alavés,21.0,2002.0,2023-2024,ESP
Aitor Paredes,b906757a,esESP,DF,Athletic Club,23.0,2000.0,2023-2024,ESP
Daniel Parejo,7460ca0d,esESP,MF,Villarreal,34.0,1989.0,2023-2024,ESP
Pascu,a2d9cf74,esESP,FW,Villarreal,20.0,2003.0,2023-2024,ESP
Gabriel Paulista,b7ca5c51,brBRA,DF,Atlético Madrid,32.0,1990.0,2023-2024,ESP
Gabriel Paulista,b7ca5c51,brBRA,DF,Valencia,32.0,1990.0,2023-2024,ESP
Nicolás Paz,01bb93d5,arARG,MF,Real Madrid,18.0,2004.0,2023-2024,ESP
Alfonso Pedraza,63f04c6c,esESP,DF,Villarreal,27.0,1996.0,2023-2024,ESP
Pedri,0d9b2d31,esESP,"MF,FW",Barcelona,20.0,2002.0,2023-2024,ESP
Adrià Pedrosa,112521d1,esESP,"DF,MF",Sevilla,25.0,1998.0,2023-2024,ESP
Pejiño,8c4e56cb,esESP,"MF,FW",Las Palmas,27.0,1996.0,2023-2024,ESP
Facundo Pellistri,ac7e7b1c,uyURU,"MF,FW",Granada,21.0,2001.0,2023-2024,ESP
Iñaki Peña,cc1c5035,esESP,GK,Barcelona,24.0,1999.0,2023-2024,ESP
Marcos Peña,736c14ec,esESP,MF,Almería,18.0,2005.0,2023-2024,ESP
Rubén Peña,1f079188,esESP,"DF,MF",Osasuna,32.0,1991.0,2023-2024,ESP
Alberto Perea,5496cc91,esESP,"FW,MF",Granada,32.0,1990.0,2023-2024,ESP
Ayoze Pérez,819aa8e7,esESP,"MF,FW",Real Betis,30.0,1993.0,2023-2024,ESP
Carles Pérez,a8f21b9f,esESP,MF,Celta Vigo,25.0,1998.0,2023-2024,ESP
Francisco Perez,3d79a68c,esESP,MF,Valencia,20.0,2002.0,2023-2024,ESP
Kike Pérez,237a3851,esESP,"MF,FW",Rayo Vallecano,26.0,1997.0,2023-2024,ESP
Máximo Perrone,53552942,arARG,MF,Las Palmas,20.0,2003.0,2023-2024,ESP
Njegoš Petrović,0cb29e91,rsSRB,MF,Granada,24.0,1999.0,2023-2024,ESP
Germán Pezzella,8c725b43,arARG,DF,Real Betis,32.0,1991.0,2023-2024,ESP
Kamil Piątkowski,2cf496fb,plPOL,DF,Granada,23.0,2000.0,2023-2024,ESP
Yeremi Pino,540ec57b,esESP,"MF,FW",Villarreal,20.0,2002.0,2023-2024,ESP
Portu,1bda5842,esESP,"FW,MF",Getafe,31.0,1992.0,2023-2024,ESP
Portu,1bda5842,esESP,"MF,FW",Girona,31.0,1992.0,2023-2024,ESP
José Pozo,fc8b614b,esESP,"FW,MF",Rayo Vallecano,27.0,1996.0,2023-2024,ESP
Alejandro Pozo Pozo,3c16d927,esESP,"DF,MF",Almería,24.0,1999.0,2023-2024,ESP
Beñat Prados,1f60244a,esESP,MF,Athletic Club,22.0,2001.0,2023-2024,ESP
Abdón Prats,d1b060e2,esESP,FW,Mallorca,30.0,1992.0,2023-2024,ESP
Marc Pubill,365113c0,esESP,DF,Almería,20.0,2003.0,2023-2024,ESP
Antonio Puertas,c77a8043,esESP,"MF,FW",Granada,31.0,1992.0,2023-2024,ESP
Arnau Puigmal,39352da2,esESP,"MF,DF",Almería,22.0,2001.0,2023-2024,ESP
Nemanja Radonjić,0630eb63,rsSRB,MF,Mallorca,27.0,1996.0,2023-2024,ESP
Aleksandar Radovanović,09507ffa,rsSRB,DF,Almería,29.0,1993.0,2023-2024,ESP
Abdellah Raihani,16ec501b,maMAR,FW,Atlético Madrid,19.0,2004.0,2023-2024,ESP
Antonio Raillo,b857bd29,esESP,DF,Mallorca,31.0,1991.0,2023-2024,ESP
Predrag Rajković,58ad9383,rsSRB,GK,Mallorca,27.0,1995.0,2023-2024,ESP
Ivan Rakitić,89f951b5,hrCRO,MF,Sevilla,35.0,1988.0,2023-2024,ESP
Largie Ramazani,cc9256ef,beBEL,"MF,FW",Almería,22.0,2001.0,2023-2024,ESP
Benito Ramírez,db714daf,esESP,MF,Las Palmas,28.0,1995.0,2023-2024,ESP
Sandro Ramírez,833fb62e,esESP,"FW,MF",Las Palmas,28.0,1995.0,2023-2024,ESP
Chris Ramos,44e07fac,esESP,FW,Cádiz,26.0,1997.0,2023-2024,ESP
Sergio Ramos,08511d65,esESP,DF,Sevilla,37.0,1986.0,2023-2024,ESP
Raphinha,3423f250,brBRA,"FW,MF",Barcelona,26.0,1996.0,2023-2024,ESP
Andrei Ratiu,b1b99435,roROU,"DF,MF",Rayo Vallecano,25.0,1998.0,2023-2024,ESP
Raúl,18f0a9f0,esESP,FW,Osasuna,22.0,2000.0,2023-2024,ESP
Abde Rebbach,9a796115,dzALG,MF,Alavés,24.0,1998.0,2023-2024,ESP
Pepe Reina,e358587b,esESP,GK,Villarreal,40.0,1982.0,2023-2024,ESP
Álex Remiro,374ee424,esESP,GK,Real Sociedad,28.0,1995.0,2023-2024,ESP
Chadi Riad,b3b9b8b8,maMAR,DF,Real Betis,20.0,2003.0,2023-2024,ESP
Diego Rico,d9ba39fc,esESP,DF,Getafe,30.0,1993.0,2023-2024,ESP
Luis Rioja,eb3dd471,esESP,MF,Alavés,29.0,1993.0,2023-2024,ESP
Rodrigo Riquelme,65154df0,esESP,"MF,DF",Atlético Madrid,23.0,2000.0,2023-2024,ESP
Alberto Risco,36286814,esESP,MF,Getafe,17.0,2005.0,2023-2024,ESP
Mihailo Ristić,ea0aa7e0,rsSRB,"DF,MF",Celta Vigo,27.0,1995.0,2023-2024,ESP
Gorka Rivera Alonso,f1124008,esESP,DF,Getafe,18.0,2004.0,2023-2024,ESP
Sergi Roberto,335fa267,esESP,"MF,DF",Barcelona,31.0,1992.0,2023-2024,ESP
Lucas Robertone,a8981944,arARG,MF,Almería,26.0,1997.0,2023-2024,ESP
Marc Roca,da27e268,esESP,MF,Real Betis,26.0,1996.0,2023-2024,ESP
Sergio Rodelas,2c9e6bc3,esESP,"MF,FW",Granada,18.0,2004.0,2023-2024,ESP
Rodri,85bed4ee,esESP,MF,Real Betis,23.0,2000.0,2023-2024,ESP
Álvaro Rodríguez,49a6ecbb,uyURU,FW,Real Madrid,19.0,2004.0,2023-2024,ESP
Óscar Rodríguez Arnaiz,19709006,esESP,"MF,FW",Getafe,25.0,1998.0,2023-2024,ESP
Damián Rodríguez,22371dee,esESP,MF,Celta Vigo,20.0,2003.0,2023-2024,ESP
Dani Rodríguez,70f8e0bd,esESP,MF,Mallorca,35.0,1988.0,2023-2024,ESP
Guido Rodríguez,34e393f2,arARG,MF,Real Betis,29.0,1994.0,2023-2024,ESP
Kirian Rodríguez,9b130479,esESP,MF,Las Palmas,27.0,1996.0,2023-2024,ESP
Miguel Rodríguez,958d67bb,esESP,MF,Celta Vigo,20.0,2003.0,2023-2024,ESP
Rodrygo,8f5e92a6,brBRA,FW,Real Madrid,22.0,2001.0,2023-2024,ESP
Carlos Romero,23cbf863,esESP,DF,Villarreal,21.0,2001.0,2023-2024,ESP
Isaac Romero,be719093,esESP,FW,Sevilla,23.0,2000.0,2023-2024,ESP
Luka Romero,ca6edaa0,arARG,MF,Almería,18.0,2004.0,2023-2024,ESP
Oriol Romeu,4b511457,esESP,MF,Barcelona,31.0,1991.0,2023-2024,ESP
Unai Ropero,7868c973,esESP,FW,Alavés,21.0,2001.0,2023-2024,ESP
Vitor Roque,cb00f1e6,brBRA,FW,Barcelona,18.0,2005.0,2023-2024,ESP
Antonio Rüdiger,18b896d6,deGER,DF,Real Madrid,30.0,1993.0,2023-2024,ESP
Javier Rueda Garcia,9ace87ba,esESP,DF,Celta Vigo,21.0,2002.0,2023-2024,ESP
Aitor Ruibal,a55d8df5,esESP,"DF,MF",Real Betis,27.0,1996.0,2023-2024,ESP
Sergio Ruiz,1f423a54,esESP,MF,Granada,28.0,1994.0,2023-2024,ESP
Youssouf Sabaly,fbbb9269,snSEN,DF,Real Betis,30.0,1993.0,2023-2024,ESP
Umar Sadiq,686cbe7d,ngNGA,FW,Real Sociedad,26.0,1997.0,2023-2024,ESP
Pablo Saenz,2f9ef1a8,esESP,MF,Granada,22.0,2001.0,2023-2024,ESP
Kike Salas,0a69de7b,esESP,DF,Sevilla,21.0,2002.0,2023-2024,ESP
Salvi,405f267a,esESP,MF,Rayo Vallecano,32.0,1991.0,2023-2024,ESP
Diadie Samassékou,08593525,mlMLI,MF,Cádiz,27.0,1996.0,2023-2024,ESP
Fede San Emeterio,efecd633,esESP,MF,Cádiz,26.0,1997.0,2023-2024,ESP
Oihan Sancet,bdb624a3,esESP,MF,Athletic Club,23.0,2000.0,2023-2024,ESP
Ricard Sánchez,fce521d7,esESP,DF,Granada,23.0,2000.0,2023-2024,ESP
Antonio Sánchez,a254bbe0,esESP,MF,Mallorca,26.0,1997.0,2023-2024,ESP
Juanlu Sánchez,cc6de655,esESP,"DF,MF",Sevilla,19.0,2003.0,2023-2024,ESP
Manu Sánchez,ffacd3d5,esESP,"DF,MF",Celta Vigo,22.0,2000.0,2023-2024,ESP
Yellu Santiago,bc49fd34,esESP,MF,Getafe,19.0,2004.0,2023-2024,ESP
Paco Sanz,b7aa8fd8,esESP,DF,Almería,18.0,2004.0,2023-2024,ESP
Stefan Savić,f6ac68c1,meMNE,DF,Atlético Madrid,32.0,1991.0,2023-2024,ESP
Sávio,fe6e7156,brBRA,"MF,FW",Girona,19.0,2004.0,2023-2024,ESP
Aleksandar Sedlar,a35134ae,rsSRB,DF,Alavés,31.0,1991.0,2023-2024,ESP
André Silva,3effaa34,ptPOR,FW,Real Sociedad,27.0,1995.0,2023-2024,ESP
Rui Silva,ea83bfa6,ptPOR,GK,Real Betis,29.0,1994.0,2023-2024,ESP
Giuliano Simeone,a6536561,arARG,MF,Alavés,20.0,2002.0,2023-2024,ESP
Unai Simón,5dcf3e90,esESP,GK,Athletic Club,26.0,1997.0,2023-2024,ESP
Daley Sinkgraven,73000a79,nlNED,DF,Las Palmas,28.0,1995.0,2023-2024,ESP
Jailson Siqueira,b4819112,brBRA,"DF,MF",Celta Vigo,27.0,1995.0,2023-2024,ESP
Antonio Sivera,9970da54,esESP,GK,Alavés,26.0,1996.0,2023-2024,ESP
Rubén Sobrino,19b776e9,esESP,"MF,FW",Cádiz,31.0,1992.0,2023-2024,ESP
Alex Sola,5fa714d5,esESP,MF,Alavés,24.0,1999.0,2023-2024,ESP
Alex Sola,5fa714d5,esESP,"DF,MF",Real Sociedad,24.0,1999.0,2023-2024,ESP
Jhon Solis,1282939a,coCOL,MF,Girona,18.0,2004.0,2023-2024,ESP
David Soria,8f8c6934,esESP,GK,Getafe,30.0,1993.0,2023-2024,ESP
Alberto Soro,452c3055,esESP,"FW,MF",Granada,24.0,1999.0,2023-2024,ESP
Hugo Sotelo,3aa74860,esESP,MF,Celta Vigo,19.0,2003.0,2023-2024,ESP
Boubakary Soumaré,ae59b359,frFRA,MF,Sevilla,24.0,1999.0,2023-2024,ESP
Djibril Sow,4c6facae,chSUI,MF,Sevilla,26.0,1997.0,2023-2024,ESP
Çağlar Söyüncü,21166ff4,trTUR,DF,Atlético Madrid,27.0,1996.0,2023-2024,ESP
Carl Starfelt,5cfec13d,seSWE,DF,Celta Vigo,28.0,1995.0,2023-2024,ESP
Jørgen Strand Larsen,f553b2b3,noNOR,FW,Celta Vigo,23.0,2000.0,2023-2024,ESP
Cristhian Stuani,220c11f1,uyURU,FW,Girona,36.0,1986.0,2023-2024,ESP
Álex Suárez,9c137b36,esESP,DF,Las Palmas,30.0,1993.0,2023-2024,ESP
Damián Suárez,ba5004e1,uyURU,DF,Getafe,35.0,1988.0,2023-2024,ESP
Denis Suárez,12c50af5,esESP,MF,Villarreal,29.0,1994.0,2023-2024,ESP
Suso,4e219ad2,esESP,MF,Sevilla,29.0,1993.0,2023-2024,ESP
Max Svensson,cf603737,esESP,FW,Osasuna,21.0,2001.0,2023-2024,ESP
Williot Swedberg,184fe4b2,seSWE,FW,Celta Vigo,19.0,2004.0,2023-2024,ESP
Mamadou Sylla,e5ec95f8,snSEN,FW,Alavés,29.0,1994.0,2023-2024,ESP
Alexander Sørloth,e92cd3f7,noNOR,FW,Villarreal,27.0,1995.0,2023-2024,ESP
Yassin Tallal,8388ba65,esESP,MF,Getafe,18.0,2005.0,2023-2024,ESP
Renato Tapia,34269bdf,pePER,"MF,DF",Celta Vigo,28.0,1995.0,2023-2024,ESP
César Tárrega,59c29820,esESP,DF,Valencia,21.0,2002.0,2023-2024,ESP
Marciano Tchami,19a5c0b6,gwGNB,FW,Almería,19.0,2004.0,2023-2024,ESP
Aurélien Tchouaméni,4f255115,frFRA,"MF,DF",Real Madrid,23.0,2000.0,2023-2024,ESP
Nahuel Tenaglia,66654daa,arARG,DF,Alavés,27.0,1996.0,2023-2024,ESP
Marc-André ter Stegen,6f51e382,deGER,GK,Barcelona,31.0,1992.0,2023-2024,ESP
Ramón Terrats,f36016a5,esESP,MF,Villarreal,22.0,2000.0,2023-2024,ESP
Kieran Tierney,fce2302c,sctSCO,DF,Real Sociedad,26.0,1997.0,2023-2024,ESP
Raúl de Tomás,02ef8778,esESP,FW,Rayo Vallecano,28.0,1994.0,2023-2024,ESP
Pablo Torre,04e531b6,esESP,MF,Girona,20.0,2003.0,2023-2024,ESP
Raúl Torrente,4d753a3f,esESP,DF,Granada,21.0,2001.0,2023-2024,ESP
Ferrán Torres,9e1035f8,esESP,FW,Barcelona,23.0,2000.0,2023-2024,ESP
Óliver Torres,58a9a4d9,esESP,MF,Sevilla,28.0,1994.0,2023-2024,ESP
Lucas Torró,0e4fef6e,esESP,MF,Osasuna,29.0,1994.0,2023-2024,ESP
Bertrand Traoré,c47541e0,bfBFA,MF,Villarreal,27.0,1995.0,2023-2024,ESP
Hamari Traoré,a4b1028a,mlMLI,DF,Real Sociedad,31.0,1992.0,2023-2024,ESP
Óscar Trejo,fc647b34,arARG,"FW,MF",Rayo Vallecano,35.0,1988.0,2023-2024,ESP
Manu Trigueros,963829d0,esESP,MF,Villarreal,31.0,1991.0,2023-2024,ESP
Viktor Tsyhankov,f7e87032,uaUKR,MF,Girona,25.0,1997.0,2023-2024,ESP
Beñat Turrientes,068f4dec,esESP,MF,Real Sociedad,21.0,2002.0,2023-2024,ESP
Enes Ünal,f8eca1b6,trTUR,FW,Getafe,26.0,1997.0,2023-2024,ESP
Myrto Uzuni,01da7812,alALB,"FW,MF",Granada,28.0,1995.0,2023-2024,ESP
Óscar Valentín,592f3158,esESP,MF,Rayo Vallecano,28.0,1994.0,2023-2024,ESP
Martin Valjent,f2c6ac01,skSVK,DF,Mallorca,27.0,1995.0,2023-2024,ESP
Jesús Vallejo,c2111b45,esESP,DF,Granada,26.0,1997.0,2023-2024,ESP
Álvaro Vallés,0166a73e,esESP,GK,Las Palmas,26.0,1997.0,2023-2024,ESP
Federico Valverde,0959c2a2,uyURU,MF,Real Madrid,25.0,1998.0,2023-2024,ESP
Siebe Van Der Heyden,cf9bdd43,beBEL,DF,Mallorca,25.0,1998.0,2023-2024,ESP
José Luis García Vayá,27dc1378,esESP,MF,Valencia,24.0,1998.0,2023-2024,ESP
Borja Vázquez,8c6d0e32,esESP,FW,Cádiz,18.0,2005.0,2023-2024,ESP
Jesus Vazquez,106c142c,esESP,DF,Valencia,20.0,2003.0,2023-2024,ESP
Kevin Vázquez,ee923664,esESP,DF,Celta Vigo,30.0,1993.0,2023-2024,ESP
Lucas Vázquez,fd51b456,esESP,DF,Real Madrid,32.0,1991.0,2023-2024,ESP
Gabriel Veiga,35a6e5c7,esESP,MF,Celta Vigo,21.0,2002.0,2023-2024,ESP
Alejo Véliz,3f7bafbe,arARG,FW,Sevilla,19.0,2003.0,2023-2024,ESP
Arthur Vermeeren,722494dc,beBEL,MF,Atlético Madrid,18.0,2005.0,2023-2024,ESP
Mikel Vesga,b0fce72c,esESP,MF,Athletic Club,30.0,1993.0,2023-2024,ESP
Carlos Vicente,90df343e,esESP,MF,Alavés,24.0,1999.0,2023-2024,ESP
Nacho Vidal,3a9c4b7b,esESP,DF,Osasuna,28.0,1995.0,2023-2024,ESP
Nacho Vidal,3a9c4b7b,esESP,DF,Mallorca,28.0,1995.0,2023-2024,ESP
Fran Vieites,2ae958ab,esESP,GK,Real Betis,24.0,1999.0,2023-2024,ESP
Jonathan Viera,efa708aa,esESP,"MF,FW",Las Palmas,33.0,1989.0,2023-2024,ESP
Jonathan Viera,efa708aa,esESP,MF,Almería,33.0,1989.0,2023-2024,ESP
Toni Villa,636eae97,esESP,MF,Girona,28.0,1995.0,2023-2024,ESP
Asier Villalibre,57be54ec,esESP,FW,Athletic Club,25.0,1997.0,2023-2024,ESP
Gonzalo Villar,bdc74a8f,esESP,MF,Granada,25.0,1998.0,2023-2024,ESP
Iván Villar,cde52ef5,esESP,GK,Celta Vigo,26.0,1997.0,2023-2024,ESP
Ricardo Visus,7016332f,esESP,DF,Real Betis,22.0,2001.0,2023-2024,ESP
Daniel Vivian,ab7bf91d,esESP,DF,Athletic Club,24.0,1999.0,2023-2024,ESP
Shon Weissman,379dc075,ilISR,FW,Granada,27.0,1996.0,2023-2024,ESP
Iñaki Williams,6a99e0b1,ghGHA,MF,Athletic Club,29.0,1994.0,2023-2024,ESP
Nico Williams,afdc14d7,esESP,MF,Athletic Club,21.0,2002.0,2023-2024,ESP
Axel Witsel,5dfc6ad5,beBEL,DF,Atlético Madrid,34.0,1989.0,2023-2024,ESP
Xeber,d2c8aacc,esESP,"MF,FW",Alavés,26.0,1997.0,2023-2024,ESP
Antal Yaakobishvili,cd59a7e6,huHUN,DF,Girona,19.0,2004.0,2023-2024,ESP
Lamine Yamal,82ec26c1,esESP,"FW,MF",Barcelona,16.0,2007.0,2023-2024,ESP
Roman Yaremchuk,cb641b9d,uaUKR,FW,Valencia,27.0,1995.0,2023-2024,ESP
Arsen Zakharyan,7f14ec2a,ruRUS,"MF,FW",Real Sociedad,20.0,2003.0,2023-2024,ESP
Joseba Zaldúa,5ca20b7a,esESP,"DF,MF",Cádiz,31.0,1992.0,2023-2024,ESP
Bryan Zaragoza,a96103b2,esESP,"MF,FW",Granada,21.0,2001.0,2023-2024,ESP
Igor Zubeldia,5c7845f6,esESP,DF,Real Sociedad,26.0,1997.0,2023-2024,ESP
Martín Zubimendi,3ee0dd59,esESP,MF,Real Sociedad,24.0,1999.0,2023-2024,ESP
Max Aarons,774cf58b,engENG,DF,Bournemouth,23.0,2000.0,2023-2024,EPL
Joshua Acheampong,b7e62e1d,engENG,DF,Chelsea,17.0,2006.0,2023-2024,EPL
Tyler Adams,2b09d998,usUSA,MF,Bournemouth,24.0,1999.0,2023-2024,EPL
Tosin Adarabioyo,c81d773d,engENG,DF,Fulham,25.0,1997.0,2023-2024,EPL
Elijah Adebayo,0480ebc7,engENG,FW,Luton Town,25.0,1998.0,2023-2024,EPL
Simon Adingra,4dcec659,ciCIV,MF,Brighton,21.0,2002.0,2023-2024,EPL
Nayef Aguerd,288e1e13,maMAR,DF,West Ham United,27.0,1996.0,2023-2024,EPL
Brandon Aguilera,938fa024,crCRC,MF,Nottingham Forest,20.0,2003.0,2023-2024,EPL
Naouirou Ahamada,a6c58494,frFRA,MF,Crystal Palace,21.0,2002.0,2023-2024,EPL
Anel Ahmedhodžić,eab957a3,baBIH,DF,Sheffield United,24.0,1999.0,2023-2024,EPL
Ola Aina,246d153b,ngNGA,"DF,MF",Nottingham Forest,26.0,1996.0,2023-2024,EPL
Rayan Aït-Nouri,9b398aea,dzALG,"MF,DF",Wolves,22.0,2001.0,2023-2024,EPL
Kristoffer Ajer,a8c0acb7,noNOR,DF,Brentford,25.0,1998.0,2023-2024,EPL
Manuel Akanji,89ac64a6,chSUI,"DF,MF",Manchester City,28.0,1995.0,2023-2024,EPL
Nathan Aké,eaeca114,nlNED,DF,Manchester City,28.0,1995.0,2023-2024,EPL
Thiago Alcántara,77e84962,esESP,MF,Liverpool,32.0,1991.0,2023-2024,EPL
Trent Alexander-Arnold,cd1acf9d,engENG,DF,Liverpool,24.0,1998.0,2023-2024,EPL
Alisson,7a2e46a8,brBRA,GK,Liverpool,30.0,1992.0,2023-2024,EPL
Miguel Almirón,862a1c15,pyPAR,FW,Newcastle United,29.0,1994.0,2023-2024,EPL
Edson Álvarez,8b3ab7ad,mxMEX,MF,West Ham United,25.0,1997.0,2023-2024,EPL
Julián Álvarez,15ab5a2b,arARG,"MF,FW",Manchester City,23.0,2000.0,2023-2024,EPL
Zeki Amdouni,2ee5b0c9,chSUI,FW,Burnley,22.0,2000.0,2023-2024,EPL
Sofyan Amrabat,5a2cb25d,maMAR,"MF,DF",Manchester Utd,26.0,1996.0,2023-2024,EPL
Joachim Andersen,e34fc66d,dkDEN,DF,Crystal Palace,27.0,1996.0,2023-2024,EPL
Elliot Anderson,de31038e,engENG,"MF,FW",Newcastle United,20.0,2002.0,2023-2024,EPL
Jaidon Anthony,e4238fb1,engENG,MF,Bournemouth,23.0,1999.0,2023-2024,EPL
Michail Antonio,ac05f970,jmJAM,FW,West Ham United,33.0,1990.0,2023-2024,EPL
Antony,99127249,brBRA,MF,Manchester Utd,23.0,2000.0,2023-2024,EPL
Oliver Arblaster,afe1a491,engENG,MF,Sheffield United,19.0,2004.0,2023-2024,EPL
Cameron Archer,05e8ca6d,engENG,"FW,MF",Sheffield United,22.0,2001.0,2023-2024,EPL
Cameron Archer,05e8ca6d,engENG,FW,Aston Villa,22.0,2001.0,2023-2024,EPL
Alphonse Areola,2f965a72,frFRA,GK,West Ham United,30.0,1993.0,2023-2024,EPL
Lorenz Assignon,b026bbf6,tgTOG,DF,Burnley,23.0,2000.0,2023-2024,EPL
Serge Aurier,5c2b4f07,ciCIV,"DF,MF",Nottingham Forest,30.0,1992.0,2023-2024,EPL
Taiwo Awoniyi,e5478b87,ngNGA,FW,Nottingham Forest,25.0,1997.0,2023-2024,EPL
Jordan Ayew,da052c14,ghGHA,"MF,FW",Crystal Palace,31.0,1991.0,2023-2024,EPL
Benoît Badiashile,06df8256,frFRA,DF,Chelsea,22.0,2001.0,2023-2024,EPL
Leon Bailey,3a233281,jmJAM,MF,Aston Villa,25.0,1997.0,2023-2024,EPL
Stefan Bajcetic,32e8417f,esESP,MF,Liverpool,18.0,2004.0,2023-2024,EPL
George Baldock,394854c4,grGRE,"DF,MF",Sheffield United,30.0,1993.0,2023-2024,EPL
Carlos Baleba,a1390d2f,cmCMR,MF,Brighton,19.0,2004.0,2023-2024,EPL
Fodé Ballo-Touré,f449640d,snSEN,"DF,MF",Fulham,26.0,1997.0,2023-2024,EPL
Shandon Baptiste,2886c9b5,gdGRN,MF,Brentford,25.0,1998.0,2023-2024,EPL
Valentín Barco,b9f282ec,arARG,DF,Brighton,19.0,2004.0,2023-2024,EPL
Ross Barkley,3a24769f,engENG,MF,Luton Town,29.0,1993.0,2023-2024,EPL
Harvey Barnes,3ea50f67,engENG,"FW,MF",Newcastle United,25.0,1997.0,2023-2024,EPL
Chris Basham,1aa84968,engENG,"DF,MF",Sheffield United,35.0,1988.0,2023-2024,EPL
Calvin Bassey,a36524bf,ngNGA,DF,Fulham,23.0,1999.0,2023-2024,EPL
Owen Beck,a011a1e9,wlsWAL,"DF,MF",Liverpool,20.0,2002.0,2023-2024,EPL
Donny van de Beek,50dc94ce,nlNED,MF,Manchester Utd,26.0,1997.0,2023-2024,EPL
Amari'i Bell,399e9474,jmJAM,DF,Luton Town,29.0,1994.0,2023-2024,EPL
Jean-Ricner Bellegarde,10f0fdd3,htHAI,"MF,FW",Wolves,25.0,1998.0,2023-2024,EPL
Anis Ben Slimane,9ade9ce1,tnTUN,MF,Sheffield United,22.0,2001.0,2023-2024,EPL
Saïd Benrahma,5a04fd92,dzALG,MF,West Ham United,27.0,1995.0,2023-2024,EPL
Rodrigo Bentancur,3b8674e6,uyURU,MF,Tottenham Hotspur,26.0,1997.0,2023-2024,EPL
Daniel Bentley,68db6358,engENG,GK,Wolves,30.0,1993.0,2023-2024,EPL
Jóhann Berg Guðmundsson,f72293fc,isISL,MF,Burnley,32.0,1990.0,2023-2024,EPL
Sander Berge,d0b6129f,noNOR,MF,Burnley,25.0,1998.0,2023-2024,EPL
Luke Berry,2aaadf33,engENG,MF,Luton Town,31.0,1992.0,2023-2024,EPL
Beto,ed5c0319,gwGNB,FW,Everton,25.0,1998.0,2023-2024,EPL
Jordan Beyer,9af1f9ff,deGER,DF,Burnley,23.0,2000.0,2023-2024,EPL
Philip Billing,d328a254,dkDEN,MF,Bournemouth,27.0,1996.0,2023-2024,EPL
Yves Bissouma,6c203af0,mlMLI,MF,Tottenham Hotspur,26.0,1996.0,2023-2024,EPL
Benicio Boaitey,4c5835e6,engENG,FW,Brighton,19.0,2004.0,2023-2024,EPL
Oscar Bobb,eed2427e,noNOR,MF,Manchester City,20.0,2003.0,2023-2024,EPL
Jayden Bogle,ae5019e6,engENG,"MF,DF",Sheffield United,23.0,2000.0,2023-2024,EPL
Willy Boly,a4ac4b8f,ciCIV,DF,Nottingham Forest,32.0,1991.0,2023-2024,EPL
Sven Botman,ccce7025,nlNED,DF,Newcastle United,23.0,2000.0,2023-2024,EPL
Jarrod Bowen,79c84d1c,engENG,"MF,FW",West Ham United,26.0,1996.0,2023-2024,EPL
Conor Bradley,bbd67769,nirNIR,DF,Liverpool,20.0,2003.0,2023-2024,EPL
Jarrad Branthwaite,c1949191,engENG,DF,Everton,21.0,2002.0,2023-2024,EPL
Ben Brereton,57827369,clCHI,"FW,MF",Sheffield United,24.0,1999.0,2023-2024,EPL
Rhian Brewster,30e81a88,engENG,FW,Sheffield United,23.0,2000.0,2023-2024,EPL
Armando Broja,97220da2,alALB,FW,Chelsea,21.0,2001.0,2023-2024,EPL
Armando Broja,97220da2,alALB,FW,Fulham,21.0,2001.0,2023-2024,EPL
Andre Brooks,5f346071,engENG,MF,Sheffield United,19.0,2003.0,2023-2024,EPL
David Brooks,dc4cae05,wlsWAL,MF,Bournemouth,26.0,1997.0,2023-2024,EPL
Jacob Brown,ca18c8f1,sctSCO,"MF,FW",Luton Town,25.0,1998.0,2023-2024,EPL
Josh Brownhill,47369df8,engENG,MF,Burnley,27.0,1995.0,2023-2024,EPL
Jacob Bruun Larsen,4e204552,dkDEN,MF,Burnley,24.0,1998.0,2023-2024,EPL
Hugo Bueno,bfc3b3a0,esESP,"MF,DF",Wolves,20.0,2002.0,2023-2024,EPL
Santiago Bueno,edc98fac,uyURU,DF,Wolves,24.0,1998.0,2023-2024,EPL
Facundo Buonanotte,468a7a91,arARG,"MF,FW",Brighton,18.0,2004.0,2023-2024,EPL
Reece Burke,a681b7b7,engENG,DF,Luton Town,26.0,1996.0,2023-2024,EPL
Dan Burn,b2d31e83,engENG,DF,Newcastle United,31.0,1992.0,2023-2024,EPL
Mason Burstow,dab84ad2,engENG,FW,Chelsea,19.0,2003.0,2023-2024,EPL
Moisés Caicedo,16264a81,ecECU,MF,Chelsea,21.0,2001.0,2023-2024,EPL
Tom Cairney,a8748947,sctSCO,MF,Fulham,32.0,1991.0,2023-2024,EPL
Dominic Calvert-Lewin,59e6e5bf,engENG,FW,Everton,26.0,1997.0,2023-2024,EPL
Thomas Cannon,4506aec5,ieIRL,FW,Everton,20.0,2002.0,2023-2024,EPL
Diego Carlos,b4a014b1,brBRA,DF,Aston Villa,30.0,1993.0,2023-2024,EPL
Cesare Casadei,fb920f3a,itITA,MF,Chelsea,20.0,2003.0,2023-2024,EPL
Casemiro,4d224fe8,brBRA,"MF,DF",Manchester Utd,31.0,1992.0,2023-2024,EPL
Kaelan Casey,cd4b2c5f,engENG,DF,West Ham United,18.0,2004.0,2023-2024,EPL
Matty Cash,2389cdc2,plPOL,"DF,MF",Aston Villa,25.0,1997.0,2023-2024,EPL
Timothy Castagne,197640fd,beBEL,DF,Fulham,27.0,1995.0,2023-2024,EPL
Jonny Castro,e28868f3,esESP,"DF,MF",Wolves,29.0,1994.0,2023-2024,EPL
Trevoh Chalobah,5515376c,engENG,DF,Chelsea,24.0,1999.0,2023-2024,EPL
Calum Chambers,dc6f5bdd,engENG,MF,Aston Villa,28.0,1995.0,2023-2024,EPL
Youssef Chermiti,890f108d,ptPOR,FW,Everton,19.0,2004.0,2023-2024,EPL
Ben Chilwell,d2424d1b,engENG,"MF,DF",Chelsea,26.0,1996.0,2023-2024,EPL
Tawanda Chirewa,34721c11,zwZIM,FW,Wolves,19.0,2003.0,2023-2024,EPL
Leon Chiwome,a2852b4f,engENG,FW,Wolves,17.0,2006.0,2023-2024,EPL
Tahith Chong,2696b6a9,cwCUW,"MF,FW",Luton Town,23.0,1999.0,2023-2024,EPL
Ryan Christie,26ce2263,sctSCO,MF,Bournemouth,28.0,1995.0,2023-2024,EPL
Carney Chukwuemeka,b2f9c73e,engENG,MF,Chelsea,19.0,2003.0,2023-2024,EPL
Bobby Clark,73341ace,engENG,MF,Liverpool,18.0,2005.0,2023-2024,EPL
Jordan Clark,7c5fa6cf,engENG,MF,Luton Town,29.0,1993.0,2023-2024,EPL
Nathaniel Clyne,0442183b,engENG,DF,Crystal Palace,32.0,1991.0,2023-2024,EPL
Séamus Coleman,0420d84f,ieIRL,DF,Everton,34.0,1988.0,2023-2024,EPL
Nathan Collins,a8c19eb8,ieIRL,DF,Brentford,22.0,2001.0,2023-2024,EPL
Levi Colwill,700783e7,engENG,DF,Chelsea,20.0,2003.0,2023-2024,EPL
Lewis Cook,2afc7272,engENG,MF,Bournemouth,26.0,1997.0,2023-2024,EPL
Jack Cork,74e12f1e,engENG,"DF,MF",Burnley,34.0,1989.0,2023-2024,EPL
Maxwel Cornet,beb391dd,ciCIV,MF,West Ham United,26.0,1996.0,2023-2024,EPL
Vladimír Coufal,fdf3cb77,czCZE,DF,West Ham United,30.0,1992.0,2023-2024,EPL
Philippe Coutinho,0ef89a37,brBRA,"FW,MF",Aston Villa,31.0,1992.0,2023-2024,EPL
Aaron Cresswell,4f974391,engENG,DF,West Ham United,33.0,1989.0,2023-2024,EPL
Marc Cucurella,1daec722,esESP,DF,Chelsea,25.0,1998.0,2023-2024,EPL
Josh Cullen,f6d7d690,ieIRL,MF,Burnley,27.0,1996.0,2023-2024,EPL
Matheus Cunha,dc62b55d,brBRA,"FW,MF",Wolves,24.0,1999.0,2023-2024,EPL
Sam Curtis,7d42865e,ieIRL,DF,Sheffield United,17.0,2005.0,2023-2024,EPL
Mahmoud Dahoud,db4ed67b,deGER,MF,Brighton,27.0,1996.0,2023-2024,EPL
Ameen Al-Dakhil,93e08bce,beBEL,DF,Burnley,21.0,2002.0,2023-2024,EPL
Diogo Dalot,d9565625,ptPOR,DF,Manchester Utd,24.0,1999.0,2023-2024,EPL
Mikkel Damsgaard,215f3907,dkDEN,MF,Brentford,23.0,2000.0,2023-2024,EPL
Danilo,a816dbfb,brBRA,MF,Nottingham Forest,22.0,2001.0,2023-2024,EPL
Arnaut Danjuma,f08490a6,nlNED,"MF,FW",Everton,26.0,1997.0,2023-2024,EPL
Jayden Danns,003cf4d1,engENG,FW,Liverpool,17.0,2006.0,2023-2024,EPL
Josh Dasilva,60344e4f,engENG,MF,Brentford,24.0,1998.0,2023-2024,EPL
David Datro Fofana,e82900ef,ciCIV,FW,Burnley,20.0,2002.0,2023-2024,EPL
Ben Davies,44781702,wlsWAL,DF,Tottenham Hotspur,30.0,1993.0,2023-2024,EPL
Tom Davies,9228b07c,engENG,MF,Sheffield United,25.0,1998.0,2023-2024,EPL
Craig Dawson,3e9e06cb,engENG,DF,Wolves,33.0,1990.0,2023-2024,EPL
Kevin De Bruyne,e46012d4,beBEL,MF,Manchester City,32.0,1991.0,2023-2024,EPL
Bobby De Cordova-Reid,0f7533cd,jmJAM,"MF,FW",Fulham,30.0,1993.0,2023-2024,EPL
Hannes Delcroix,b737f944,htHAI,DF,Burnley,24.0,1999.0,2023-2024,EPL
Leander Dendoncker,5a7301ae,beBEL,MF,Aston Villa,28.0,1995.0,2023-2024,EPL
Moussa Diaby,aeed5c06,frFRA,"MF,FW",Aston Villa,24.0,1999.0,2023-2024,EPL
Amad Diallo,9dc96f10,ciCIV,MF,Manchester Utd,21.0,2002.0,2023-2024,EPL
Amadou Diallo,e31708b2,engENG,FW,Newcastle United,20.0,2003.0,2023-2024,EPL
Rúben Dias,31c69ef1,ptPOR,"DF,MF",Manchester City,26.0,1997.0,2023-2024,EPL
Luis Díaz,4a1a9578,coCOL,FW,Liverpool,26.0,1997.0,2023-2024,EPL
Eric Dier,ac861941,engENG,DF,Tottenham Hotspur,29.0,1994.0,2023-2024,EPL
Lucas Digne,1b84dbe1,frFRA,DF,Aston Villa,30.0,1993.0,2023-2024,EPL
Issa Diop,a712ca2b,frFRA,DF,Fulham,26.0,1997.0,2023-2024,EPL
Axel Disasi,ad82197c,frFRA,DF,Chelsea,25.0,1998.0,2023-2024,EPL
Lewis Dobbin,e814e1cf,engENG,MF,Everton,20.0,2003.0,2023-2024,EPL
Matt Doherty,d557d734,ieIRL,"MF,DF",Wolves,31.0,1992.0,2023-2024,EPL
Jeremy Doku,fffea3e5,beBEL,"MF,FW",Manchester City,21.0,2002.0,2023-2024,EPL
Nicolás Domínguez,20b3a502,arARG,MF,Nottingham Forest,25.0,1998.0,2023-2024,EPL
Jamie Donley,5e4d9b48,nirNIR,MF,Tottenham Hotspur,18.0,2005.0,2023-2024,EPL
Abdoulaye Doucouré,02b29014,mlMLI,MF,Everton,30.0,1993.0,2023-2024,EPL
Cheick Doucouré,ce4f40c7,mlMLI,MF,Crystal Palace,23.0,2000.0,2023-2024,EPL
Alfie Doughty,bf33b257,engENG,"MF,DF",Luton Town,23.0,1999.0,2023-2024,EPL
Tommy Doyle,5526deb1,engENG,MF,Wolves,21.0,2001.0,2023-2024,EPL
Radu Drăgușin,620922ed,roROU,DF,Tottenham Hotspur,21.0,2002.0,2023-2024,EPL
Martin Dúbravka,3a949a25,skSVK,GK,Newcastle United,34.0,1989.0,2023-2024,EPL
Paul Dummett,3fe6bd8c,wlsWAL,DF,Newcastle United,31.0,1991.0,2023-2024,EPL
Lewis Dunk,282f75f3,engENG,DF,Brighton,31.0,1991.0,2023-2024,EPL
Jáder Durán,414184f7,coCOL,FW,Aston Villa,19.0,2003.0,2023-2024,EPL
George Earthy,123d2733,engENG,MF,West Ham United,18.0,2004.0,2023-2024,EPL
Ederson,3bb7b8b4,brBRA,GK,Manchester City,29.0,1993.0,2023-2024,EPL
Odsonne Édouard,0562b7f1,frFRA,"FW,MF",Crystal Palace,25.0,1998.0,2023-2024,EPL
John Egan,debe38a0,ieIRL,DF,Sheffield United,30.0,1992.0,2023-2024,EPL
Hjalmar Ekdal,3d554589,seSWE,DF,Burnley,24.0,1998.0,2023-2024,EPL
Anthony Elanga,2fba6108,seSWE,"MF,FW",Nottingham Forest,21.0,2002.0,2023-2024,EPL
Harvey Elliott,b9e1436c,engENG,"MF,FW",Liverpool,20.0,2003.0,2023-2024,EPL
Mohamed Elneny,47a34c4f,egEGY,MF,Arsenal,31.0,1992.0,2023-2024,EPL
Emerson,df8b52a5,brBRA,DF,Tottenham Hotspur,24.0,1999.0,2023-2024,EPL
Julio Enciso,9cfbad36,pyPAR,MF,Brighton,19.0,2004.0,2023-2024,EPL
Wataru Endo,c149016b,jpJPN,MF,Liverpool,30.0,1993.0,2023-2024,EPL
Christian Eriksen,980522ec,dkDEN,MF,Manchester Utd,31.0,1992.0,2023-2024,EPL
Maxime Estève,1a066e69,frFRA,DF,Burnley,21.0,2002.0,2023-2024,EPL
Pervis Estupiñán,d38fdf53,ecECU,"DF,MF",Brighton,25.0,1998.0,2023-2024,EPL
Jonny Evans,f8fcd2a5,nirNIR,DF,Manchester Utd,35.0,1988.0,2023-2024,EPL
Eberechi Eze,ae4fc6a4,engENG,"MF,FW",Crystal Palace,25.0,1998.0,2023-2024,EPL
Łukasz Fabiański,9328b835,plPOL,GK,West Ham United,38.0,1985.0,2023-2024,EPL
Romain Faivre,745ca0a3,frFRA,MF,Bournemouth,25.0,1998.0,2023-2024,EPL
Ansu Fati,0ba976e4,esESP,"MF,FW",Brighton,20.0,2002.0,2023-2024,EPL
Felipe,51a3c4c8,brBRA,DF,Nottingham Forest,34.0,1989.0,2023-2024,EPL
Evan Ferguson,4596da74,ieIRL,FW,Brighton,18.0,2004.0,2023-2024,EPL
Bruno Fernandes,507c7bdf,ptPOR,MF,Manchester Utd,28.0,1994.0,2023-2024,EPL
Enzo Fernández,5ff4ab71,arARG,MF,Chelsea,22.0,2001.0,2023-2024,EPL
John Fleck,b63e789d,sctSCO,MF,Sheffield United,31.0,1991.0,2023-2024,EPL
Mark Flekken,a92ab7be,nlNED,GK,Brentford,30.0,1993.0,2023-2024,EPL
Phil Foden,ed1e53f3,engENG,MF,Manchester City,23.0,2000.0,2023-2024,EPL
Wes Foderingham,96cf7b61,engENG,GK,Sheffield United,32.0,1991.0,2023-2024,EPL
Pablo Fornals,82927de4,esESP,MF,West Ham United,27.0,1996.0,2023-2024,EPL
Omari Forson,1b9728b0,engENG,MF,Manchester Utd,19.0,2004.0,2023-2024,EPL
Lyle Foster,f84a807c,zaRSA,"FW,MF",Burnley,22.0,2000.0,2023-2024,EPL
Matheus França,077faf72,brBRA,MF,Crystal Palace,19.0,2004.0,2023-2024,EPL
Nathan Fraser,00b77ecf,ieIRL,FW,Wolves,18.0,2005.0,2023-2024,EPL
Cody Gakpo,1971591f,nlNED,"FW,MF",Liverpool,24.0,1999.0,2023-2024,EPL
Conor Gallagher,c2731c10,engENG,MF,Chelsea,23.0,2000.0,2023-2024,EPL
Idrissa Gana Gueye,72c812f3,snSEN,MF,Everton,33.0,1989.0,2023-2024,EPL
Ben Gannon-Doak,733f1a7d,sctSCO,MF,Liverpool,17.0,2005.0,2023-2024,EPL
Alejandro Garnacho,7aa8adfe,arARG,MF,Manchester Utd,19.0,2004.0,2023-2024,EPL
James Garner,4e015693,engENG,MF,Everton,22.0,2001.0,2023-2024,EPL
Saman Ghoddos,f7b1d4e0,irIRN,"DF,MF",Brentford,29.0,1993.0,2023-2024,EPL
Morgan Gibbs-White,32f60ed8,engENG,"MF,FW",Nottingham Forest,23.0,2000.0,2023-2024,EPL
Bryan Gil,7b5ab7f2,esESP,MF,Tottenham Hotspur,22.0,2001.0,2023-2024,EPL
Alfie Gilchrist,d91f104d,engENG,DF,Chelsea,19.0,2003.0,2023-2024,EPL
Ryan Giles,73b1d65b,engENG,"MF,DF",Luton Town,23.0,2000.0,2023-2024,EPL
Billy Gilmour,df10e27c,sctSCO,MF,Brighton,22.0,2001.0,2023-2024,EPL
Ben Godfrey,9f7c837d,engENG,DF,Everton,25.0,1998.0,2023-2024,EPL
André Gomes,1961b2aa,ptPOR,MF,Everton,30.0,1993.0,2023-2024,EPL
João Gomes,8b57ad2c,brBRA,MF,Wolves,22.0,2001.0,2023-2024,EPL
Toti Gomes,f0caab96,ptPOR,DF,Wolves,24.0,1999.0,2023-2024,EPL
Joe Gomez,7a11550b,engENG,DF,Liverpool,26.0,1997.0,2023-2024,EPL
Sergio Gómez,01e5f06e,esESP,"DF,MF",Manchester City,22.0,2000.0,2023-2024,EPL
Enso Gonzalez,7e5bebeb,pyPAR,FW,Wolves,18.0,2005.0,2023-2024,EPL
Anthony Gordon,2bd83368,engENG,FW,Newcastle United,22.0,2001.0,2023-2024,EPL
Kaide Gordon,19a9cb70,engENG,FW,Liverpool,18.0,2004.0,2023-2024,EPL
Daniel Gore,861e9b3b,engENG,MF,Manchester Utd,18.0,2004.0,2023-2024,EPL
Ryan Gravenberch,b8e740fb,nlNED,MF,Liverpool,21.0,2002.0,2023-2024,EPL
Ivo Grbić,3f034750,hrCRO,GK,Sheffield United,27.0,1996.0,2023-2024,EPL
Jack Grealish,b0b4fd3e,engENG,"MF,FW",Manchester City,27.0,1995.0,2023-2024,EPL
Pascal Groß,8aec0537,deGER,"MF,DF",Brighton,32.0,1991.0,2023-2024,EPL
Marc Guéhi,d0706b27,engENG,DF,Crystal Palace,23.0,2000.0,2023-2024,EPL
Bruno Guimarães,82518f62,brBRA,MF,Newcastle United,25.0,1997.0,2023-2024,EPL
Malo Gusto,d56b9520,frFRA,"DF,MF",Chelsea,20.0,2003.0,2023-2024,EPL
Joško Gvardiol,5ad50391,hrCRO,DF,Manchester City,21.0,2002.0,2023-2024,EPL
Erling Haaland,1f44ac21,noNOR,"FW,MF",Manchester City,23.0,2000.0,2023-2024,EPL
Antwoine Hackford,a7588cdc,engENG,FW,Sheffield United,19.0,2004.0,2023-2024,EPL
Lewis Hall,da011f18,engENG,DF,Newcastle United,18.0,2004.0,2023-2024,EPL
Gustavo Hamer,eebacc07,nlNED,MF,Sheffield United,26.0,1997.0,2023-2024,EPL
Luke Harris,8c3078cd,wlsWAL,MF,Fulham,18.0,2005.0,2023-2024,EPL
Jack Harrison,aa849a12,engENG,MF,Everton,26.0,1996.0,2023-2024,EPL
Daiki Hashioka,10cb48b7,jpJPN,"DF,MF",Luton Town,24.0,1999.0,2023-2024,EPL
Kai Havertz,fed7cb61,deGER,"MF,FW",Arsenal,24.0,1999.0,2023-2024,EPL
Jan Paul van Hecke,4fd08daa,nlNED,DF,Brighton,23.0,2000.0,2023-2024,EPL
Hwang Hee-chan,169fd162,krKOR,"FW,MF",Wolves,27.0,1996.0,2023-2024,EPL
Dean Henderson,e5a76dfe,engENG,GK,Crystal Palace,26.0,1997.0,2023-2024,EPL
Rico Henry,8a3c1dc7,jmJAM,DF,Brentford,26.0,1997.0,2023-2024,EPL
Son Heung-min,92e7e919,krKOR,"FW,MF",Tottenham Hotspur,31.0,1992.0,2023-2024,EPL
Aaron Hickey,1780bb4a,sctSCO,"DF,MF",Brentford,21.0,2002.0,2023-2024,EPL
James Hill,69942fb3,engENG,DF,Bournemouth,21.0,2002.0,2023-2024,EPL
Jack Hinshelwood,e98211e7,engENG,"DF,MF",Brighton,18.0,2005.0,2023-2024,EPL
Mason Holgate,d0042ab9,jmJAM,DF,Sheffield United,26.0,1996.0,2023-2024,EPL
Callum Hudson-Odoi,15f3ec41,engENG,"MF,FW",Nottingham Forest,22.0,2000.0,2023-2024,EPL
Will Hughes,a0666d3e,engENG,MF,Crystal Palace,28.0,1995.0,2023-2024,EPL
Pierre Højbjerg,8b04d6c1,dkDEN,MF,Tottenham Hotspur,27.0,1995.0,2023-2024,EPL
Rasmus Højlund,491a433d,dkDEN,FW,Manchester Utd,20.0,2003.0,2023-2024,EPL
Igor,a4e85758,brBRA,DF,Brighton,25.0,1998.0,2023-2024,EPL
Danny Ings,07802f7f,engENG,"FW,MF",West Ham United,31.0,1992.0,2023-2024,EPL
Tim Iroegbunam,84c5ceea,engENG,MF,Aston Villa,20.0,2003.0,2023-2024,EPL
Alexander Isak,8e92be30,seSWE,FW,Newcastle United,23.0,1999.0,2023-2024,EPL
Alex Iwobi,6ca5ec4b,ngNGA,MF,Everton,27.0,1996.0,2023-2024,EPL
Alex Iwobi,6ca5ec4b,ngNGA,MF,Fulham,27.0,1996.0,2023-2024,EPL
Nicolas Jackson,9c36ed83,snSEN,FW,Chelsea,22.0,2001.0,2023-2024,EPL
Reece James,1265a93a,engENG,"DF,MF",Chelsea,23.0,1999.0,2023-2024,EPL
Vitaly Janelt,8449d35e,deGER,"MF,DF",Brentford,25.0,1998.0,2023-2024,EPL
Daniel Jebbison,03edb878,caCAN,FW,Sheffield United,19.0,2003.0,2023-2024,EPL
Mathias Jensen,0f134faf,dkDEN,MF,Brentford,27.0,1996.0,2023-2024,EPL
Gabriel Jesus,b66315ae,brBRA,FW,Arsenal,26.0,1997.0,2023-2024,EPL
Raúl Jiménez,b561db50,mxMEX,FW,Fulham,32.0,1991.0,2023-2024,EPL
João Pedro,e8832875,brBRA,"MF,FW",Brighton,21.0,2001.0,2023-2024,EPL
Joelinton,c17bfb65,brBRA,"MF,FW",Newcastle United,26.0,1996.0,2023-2024,EPL
Ben Johnson,9319781b,engENG,"MF,DF",West Ham United,23.0,2000.0,2023-2024,EPL
Brennan Johnson,0cd31129,wlsWAL,"MF,FW",Tottenham Hotspur,22.0,2001.0,2023-2024,EPL
Brennan Johnson,0cd31129,wlsWAL,"FW,MF",Nottingham Forest,22.0,2001.0,2023-2024,EPL
Joseph Johnson,d9e7c4da,engENG,DF,Luton Town,17.0,2006.0,2023-2024,EPL
Sam Johnstone,9e5708be,engENG,GK,Crystal Palace,30.0,1993.0,2023-2024,EPL
Curtis Jones,4fb9c88f,engENG,MF,Liverpool,22.0,2001.0,2023-2024,EPL
Jorginho,45db685d,itITA,MF,Arsenal,31.0,1991.0,2023-2024,EPL
Diogo Jota,178ae8f8,ptPOR,FW,Liverpool,26.0,1996.0,2023-2024,EPL
Mads Juel Andersen,f098c03e,dkDEN,DF,Luton Town,25.0,1997.0,2023-2024,EPL
Hamed Junior Traorè,570bb4b9,ciCIV,MF,Bournemouth,23.0,2000.0,2023-2024,EPL
Mathias Jørgensen,0db5d2c8,dkDEN,DF,Brentford,33.0,1990.0,2023-2024,EPL
Issa Kaboré,c066d1a5,bfBFA,"MF,DF",Luton Town,22.0,2001.0,2023-2024,EPL
Sasa Kalajdzic,15f24fe7,atAUT,FW,Wolves,26.0,1997.0,2023-2024,EPL
Boubacar Kamara,cc77354e,frFRA,MF,Aston Villa,23.0,1999.0,2023-2024,EPL
Willy Kambwala,6a7353d7,frFRA,DF,Manchester Utd,18.0,2004.0,2023-2024,EPL
Thomas Kaminski,1caa93a5,beBEL,GK,Luton Town,30.0,1992.0,2023-2024,EPL
Loris Karius,32e7ce92,deGER,GK,Newcastle United,30.0,1993.0,2023-2024,EPL
Michael Keane,c5b7c315,engENG,DF,Everton,30.0,1993.0,2023-2024,EPL
Thilo Kehrer,51dbeea9,deGER,DF,West Ham United,26.0,1996.0,2023-2024,EPL
Caoimhín Kelleher,62d7ef38,ieIRL,GK,Liverpool,24.0,1998.0,2023-2024,EPL
Lloyd Kelly,f31def1e,engENG,DF,Bournemouth,24.0,1998.0,2023-2024,EPL
Omari Kellyman,aa888da7,engENG,MF,Aston Villa,17.0,2005.0,2023-2024,EPL
Milos Kerkez,0ad53bdc,huHUN,DF,Bournemouth,19.0,2003.0,2023-2024,EPL
Kaine Kesler-Hayden,9b066938,engENG,"DF,MF",Aston Villa,20.0,2002.0,2023-2024,EPL
Max Kilman,d0f72bf1,engENG,DF,Wolves,26.0,1997.0,2023-2024,EPL
Jakub Kiwior,dc3e663e,plPOL,DF,Arsenal,23.0,2000.0,2023-2024,EPL
Justin Kluivert,4c3a6744,nlNED,MF,Bournemouth,24.0,1999.0,2023-2024,EPL
Luca Koleosho,fc076f78,itITA,"MF,FW",Burnley,18.0,2004.0,2023-2024,EPL
Ibrahima Konaté,5ed9b537,frFRA,DF,Liverpool,24.0,1999.0,2023-2024,EPL
Ezri Konsa,0313a347,engENG,DF,Aston Villa,25.0,1997.0,2023-2024,EPL
Cheikhou Kouyaté,8d3c902d,snSEN,MF,Nottingham Forest,33.0,1989.0,2023-2024,EPL
Mateo Kovačić,79c0821a,hrCRO,MF,Manchester City,29.0,1994.0,2023-2024,EPL
Emil Krafth,77cf6852,seSWE,DF,Newcastle United,28.0,1994.0,2023-2024,EPL
Mohammed Kudus,b62878a5,ghGHA,MF,West Ham United,22.0,2000.0,2023-2024,EPL
Dejan Kulusevski,df3cda47,seSWE,"MF,FW",Tottenham Hotspur,23.0,2000.0,2023-2024,EPL
Adam Lallana,99813635,engENG,MF,Brighton,35.0,1988.0,2023-2024,EPL
Tariq Lamptey,f4e433d4,ghGHA,"DF,MF",Brighton,22.0,2000.0,2023-2024,EPL
Aymeric Laporte,119b9a8e,esESP,DF,Manchester City,29.0,1994.0,2023-2024,EPL
Yasser Larouci,0ed063d6,dzALG,MF,Sheffield United,22.0,2001.0,2023-2024,EPL
Jamaal Lascelles,450ab6fc,engENG,DF,Newcastle United,29.0,1993.0,2023-2024,EPL
Roméo Lavia,ecad9aa5,beBEL,MF,Chelsea,19.0,2004.0,2023-2024,EPL
Mario Lemina,2b471f99,gaGAB,MF,Wolves,29.0,1993.0,2023-2024,EPL
Clément Lenglet,4f28a6ff,frFRA,DF,Aston Villa,28.0,1995.0,2023-2024,EPL
Bernd Leno,2628fd2b,deGER,GK,Fulham,31.0,1992.0,2023-2024,EPL
Jefferson Lerma,9b5ce51a,coCOL,"MF,DF",Crystal Palace,28.0,1994.0,2023-2024,EPL
Rico Lewis,b57e066e,engENG,"DF,MF",Manchester City,18.0,2004.0,2023-2024,EPL
Keane Lewis-Potter,41f08ac8,engENG,"FW,MF",Brentford,22.0,2001.0,2023-2024,EPL
Victor Lindelöf,f5deef4c,seSWE,DF,Manchester Utd,29.0,1994.0,2023-2024,EPL
Valentino Livramento,afed6722,engENG,DF,Newcastle United,20.0,2002.0,2023-2024,EPL
Giovani Lo Celso,d7553721,arARG,MF,Tottenham Hotspur,27.0,1996.0,2023-2024,EPL
Tom Lockyer,37118440,wlsWAL,DF,Luton Town,28.0,1994.0,2023-2024,EPL
Sean Longstaff,a2b105e0,engENG,MF,Newcastle United,25.0,1997.0,2023-2024,EPL
Max Lowe,7af88b33,engENG,"MF,DF",Sheffield United,26.0,1997.0,2023-2024,EPL
Douglas Luiz,6f7d826d,brBRA,MF,Aston Villa,25.0,1998.0,2023-2024,EPL
Saša Lukić,c6e8cf1f,rsSRB,MF,Fulham,26.0,1996.0,2023-2024,EPL
Ian Maatsen,cab9634e,nlNED,MF,Chelsea,21.0,2002.0,2023-2024,EPL
Alexis Mac Allister,83d074ff,arARG,MF,Liverpool,24.0,1998.0,2023-2024,EPL
James Maddison,ee38d9c5,engENG,MF,Tottenham Hotspur,26.0,1996.0,2023-2024,EPL
Noni Madueke,bf34eebd,engENG,MF,Chelsea,21.0,2002.0,2023-2024,EPL
Gabriel Magalhães,67ac5bb8,brBRA,DF,Arsenal,25.0,1997.0,2023-2024,EPL
Harry Maguire,d8931174,engENG,DF,Manchester Utd,30.0,1993.0,2023-2024,EPL
Kobbie Mainoo,c6220452,engENG,MF,Manchester Utd,18.0,2005.0,2023-2024,EPL
Orel Mangala,a572e291,beBEL,MF,Nottingham Forest,25.0,1998.0,2023-2024,EPL
Benson Manuel,d7f99582,aoANG,MF,Burnley,26.0,1997.0,2023-2024,EPL
Solly March,bb5fbd2b,engENG,"MF,DF",Brighton,29.0,1994.0,2023-2024,EPL
Anthony Martial,8b788c01,frFRA,FW,Manchester Utd,27.0,1995.0,2023-2024,EPL
Gabriel Martinelli,48a5a5d6,brBRA,FW,Arsenal,22.0,2001.0,2023-2024,EPL
Emiliano Martínez,7956236f,arARG,GK,Aston Villa,30.0,1992.0,2023-2024,EPL
Lisandro Martínez,bac46a10,arARG,DF,Manchester Utd,25.0,1998.0,2023-2024,EPL
Han-Noah Massengo,eba1e557,frFRA,MF,Burnley,22.0,2001.0,2023-2024,EPL
Pape Matar Sarr,feb5d972,snSEN,MF,Tottenham Hotspur,20.0,2002.0,2023-2024,EPL
Jean-Philippe Mateta,50e6dc35,frFRA,FW,Crystal Palace,26.0,1997.0,2023-2024,EPL
Joël Matip,b217ef29,cmCMR,DF,Liverpool,31.0,1991.0,2023-2024,EPL
Alex Matos,ed383e43,engENG,MF,Chelsea,18.0,2004.0,2023-2024,EPL
Remi Matthews,27f4f772,engENG,GK,Crystal Palace,29.0,1994.0,2023-2024,EPL
Neal Maupay,4bcf39f6,frFRA,FW,Brentford,26.0,1996.0,2023-2024,EPL
Neal Maupay,4bcf39f6,frFRA,FW,Everton,26.0,1996.0,2023-2024,EPL
Konstantinos Mavropanos,00963611,grGRE,DF,West Ham United,25.0,1997.0,2023-2024,EPL
Bryan Mbeumo,6afaebf2,cmCMR,FW,Brentford,23.0,1999.0,2023-2024,EPL
James Mcatee,96593e89,engENG,"MF,FW",Sheffield United,20.0,2002.0,2023-2024,EPL
James Mcatee,96593e89,engENG,MF,Manchester City,20.0,2002.0,2023-2024,EPL
Oliver McBurnie,78b8ac63,sctSCO,FW,Sheffield United,27.0,1996.0,2023-2024,EPL
James McConnell,bf973eeb,engENG,MF,Liverpool,18.0,2004.0,2023-2024,EPL
John McGinn,90f91999,sctSCO,MF,Aston Villa,28.0,1994.0,2023-2024,EPL
Scott McKenna,4e5a4cbc,sctSCO,DF,Nottingham Forest,26.0,1996.0,2023-2024,EPL
Dwight McNeil,fc15fb84,engENG,MF,Everton,23.0,1999.0,2023-2024,EPL
Scott McTominay,d93c2511,sctSCO,"MF,FW",Manchester Utd,26.0,1996.0,2023-2024,EPL
Ben Mee,8df7a2fb,engENG,DF,Brentford,33.0,1989.0,2023-2024,EPL
Hannibal Mejbri,ca22ccb0,tnTUN,MF,Manchester Utd,20.0,2003.0,2023-2024,EPL
Teden Mengi,91748070,engENG,DF,Luton Town,21.0,2002.0,2023-2024,EPL
Chris Mepham,fed96827,wlsWAL,DF,Bournemouth,25.0,1997.0,2023-2024,EPL
Lewis Miley,2c6835e5,engENG,MF,Newcastle United,17.0,2006.0,2023-2024,EPL
James Milner,2f90f6b8,engENG,"DF,MF",Brighton,37.0,1986.0,2023-2024,EPL
Tyrone Mings,8397a50c,engENG,DF,Aston Villa,30.0,1993.0,2023-2024,EPL
Tyrick Mitchell,5cbd1eb0,engENG,"DF,MF",Crystal Palace,23.0,1999.0,2023-2024,EPL
Kaoru Mitoma,74618572,jpJPN,"MF,FW",Brighton,26.0,1997.0,2023-2024,EPL
Aleksandar Mitrović,3925dbd6,rsSRB,FW,Fulham,28.0,1994.0,2023-2024,EPL
Jakub Moder,f230bc30,plPOL,"MF,DF",Brighton,24.0,1999.0,2023-2024,EPL
Gonzalo Montiel,374d5158,arARG,DF,Nottingham Forest,26.0,1997.0,2023-2024,EPL
Kieffer Moore,01ce9e70,wlsWAL,"DF,FW",Bournemouth,30.0,1992.0,2023-2024,EPL
Mikey Moore,00953a9d,engENG,FW,Tottenham Hotspur,15.0,2007.0,2023-2024,EPL
Álex Moreno,16e9d0ea,esESP,DF,Aston Villa,30.0,1993.0,2023-2024,EPL
Carlton Morris,2da834f1,engENG,"FW,MF",Luton Town,27.0,1995.0,2023-2024,EPL
Mason Mount,9674002f,engENG,MF,Manchester Utd,24.0,1999.0,2023-2024,EPL
Divin Mubama,92868cb5,engENG,FW,West Ham United,18.0,2004.0,2023-2024,EPL
Mykhailo Mudryk,049a888d,uaUKR,MF,Chelsea,22.0,2001.0,2023-2024,EPL
Rodrigo Muniz,a755db8c,brBRA,FW,Fulham,22.0,2001.0,2023-2024,EPL
Daniel Muñoz,778ef829,coCOL,"MF,DF",Crystal Palace,27.0,1996.0,2023-2024,EPL
Finley Munroe,36625c27,engENG,DF,Aston Villa,18.0,2005.0,2023-2024,EPL
Arijanet Muric,99aa1a84,xkKVX,GK,Burnley,24.0,1998.0,2023-2024,EPL
Murillo,1704b0b8,brBRA,DF,Nottingham Forest,21.0,2002.0,2023-2024,EPL
Alex Murphy,f1c42eb3,ieIRL,DF,Newcastle United,19.0,2004.0,2023-2024,EPL
Jacob Murphy,de112b84,engENG,"FW,MF",Newcastle United,28.0,1995.0,2023-2024,EPL
Vitaliy Mykolenko,30d4a2e5,uaUKR,DF,Everton,24.0,1999.0,2023-2024,EPL
Marvelous Nakamba,de5b5570,zwZIM,MF,Luton Town,29.0,1994.0,2023-2024,EPL
Michael Ndiweni,8aff2b51,engENG,MF,Newcastle United,19.0,2003.0,2023-2024,EPL
Reiss Nelson,c5bdb6e3,engENG,FW,Arsenal,23.0,1999.0,2023-2024,EPL
Zack Nelson,de0abf23,engENG,MF,Luton Town,18.0,2004.0,2023-2024,EPL
Neto,a9dc785c,brBRA,GK,Bournemouth,34.0,1989.0,2023-2024,EPL
Pedro Neto,7ba2eaa9,ptPOR,"MF,FW",Wolves,23.0,2000.0,2023-2024,EPL
Moussa Niakhate,00242715,snSEN,DF,Nottingham Forest,27.0,1996.0,2023-2024,EPL
Eddie Nketiah,a53649b7,engENG,FW,Arsenal,24.0,1999.0,2023-2024,EPL
Christopher Nkunku,7c56da38,frFRA,"MF,FW",Chelsea,25.0,1997.0,2023-2024,EPL
Rhys Norrington-Davies,ca76b087,wlsWAL,DF,Sheffield United,24.0,1999.0,2023-2024,EPL
Oliver Norwood,43439614,nirNIR,MF,Sheffield United,32.0,1991.0,2023-2024,EPL
Matheus Nunes,e6af02e0,ptPOR,MF,Wolves,24.0,1998.0,2023-2024,EPL
Matheus Nunes,e6af02e0,ptPOR,"MF,FW",Manchester City,24.0,1998.0,2023-2024,EPL
Darwin Núñez,4d77b365,uyURU,FW,Liverpool,24.0,1999.0,2023-2024,EPL
Ethan Nwaneri,7f94982c,engENG,MF,Arsenal,16.0,2007.0,2023-2024,EPL
Christian Nørgaard,df0a4c90,dkDEN,MF,Brentford,29.0,1994.0,2023-2024,EPL
Mark O'Mahony,a3afdd69,ieIRL,FW,Brighton,18.0,2005.0,2023-2024,EPL
Dara O'Shea,1d042188,ieIRL,DF,Burnley,24.0,1999.0,2023-2024,EPL
Michael Obafemi,caa1a7f0,ieIRL,FW,Burnley,23.0,2000.0,2023-2024,EPL
Wilson Odobert,35516eac,frFRA,"MF,FW",Burnley,18.0,2004.0,2023-2024,EPL
Odeluga Offiah,65c3efa2,engENG,DF,Brighton,20.0,2002.0,2023-2024,EPL
Chiedozie Ogbene,788c0277,ieIRL,MF,Luton Town,26.0,1997.0,2023-2024,EPL
Angelo Ogbonna,74b2cd7e,itITA,DF,West Ham United,35.0,1988.0,2023-2024,EPL
Michael Olakigbe,cdd70dc0,engENG,MF,Brentford,19.0,2004.0,2023-2024,EPL
Michael Olise,c4486bac,frFRA,"MF,FW",Crystal Palace,21.0,2001.0,2023-2024,EPL
Robin Olsen,e7ee38c3,seSWE,GK,Aston Villa,33.0,1990.0,2023-2024,EPL
Andrew Omobamidele,c393a6c4,ieIRL,DF,Nottingham Forest,21.0,2002.0,2023-2024,EPL
Amadou Onana,828657ff,beBEL,MF,Everton,21.0,2001.0,2023-2024,EPL
André Onana,e9c0c1b2,cmCMR,GK,Manchester Utd,27.0,1996.0,2023-2024,EPL
Ryan One,d4aa4582,sctSCO,MF,Sheffield United,17.0,2006.0,2023-2024,EPL
Tyler Onyango,d86a1f3e,engENG,MF,Everton,20.0,2003.0,2023-2024,EPL
Fred Onyedinma,387d06b2,engENG,MF,Luton Town,26.0,1996.0,2023-2024,EPL
Frank Onyeka,2944f86f,ngNGA,MF,Brentford,25.0,1998.0,2023-2024,EPL
Divock Origi,43a166b4,beBEL,"MF,FW",Nottingham Forest,28.0,1995.0,2023-2024,EPL
Stefan Ortega,c1242d4e,deGER,GK,Manchester City,30.0,1992.0,2023-2024,EPL
Ben Osborn,79bc4c45,engENG,MF,Sheffield United,28.0,1994.0,2023-2024,EPL
Gabriel Osho,cd889153,ngNGA,DF,Luton Town,24.0,1998.0,2023-2024,EPL
William Osula,7b355808,dkDEN,FW,Sheffield United,19.0,2003.0,2023-2024,EPL
Dango Ouattara,2f9e4435,bfBFA,"DF,MF",Bournemouth,21.0,2002.0,2023-2024,EPL
David Ozoh,d00d45ab,engENG,MF,Crystal Palace,18.0,2005.0,2023-2024,EPL
João Palhinha,a78ff07f,ptPOR,MF,Fulham,28.0,1995.0,2023-2024,EPL
Cole Palmer,dc7f8a28,engENG,"MF,FW",Chelsea,21.0,2002.0,2023-2024,EPL
Cole Palmer,dc7f8a28,engENG,"FW,MF",Manchester City,21.0,2002.0,2023-2024,EPL
Emerson Palmieri,e0bc6fdc,itITA,DF,West Ham United,28.0,1994.0,2023-2024,EPL
Lucas Paquetá,9b6f7fd5,brBRA,MF,West Ham United,25.0,1997.0,2023-2024,EPL
Ben Parkinson,32163807,engENG,FW,Newcastle United,18.0,2005.0,2023-2024,EPL
Thomas Partey,529f49ab,ghGHA,"MF,DF",Arsenal,30.0,1993.0,2023-2024,EPL
Nathan Patterson,230f0471,sctSCO,DF,Everton,21.0,2001.0,2023-2024,EPL
Myles Peart-Harris,ea1a5662,engENG,MF,Brentford,20.0,2002.0,2023-2024,EPL
Sydie Peck,767d9605,engENG,MF,Sheffield United,18.0,2004.0,2023-2024,EPL
Facundo Pellistri,ac7e7b1c,uyURU,MF,Manchester Utd,21.0,2001.0,2023-2024,EPL
Andreas Pereira,6639e500,brBRA,MF,Fulham,27.0,1996.0,2023-2024,EPL
Ivan Perišić,6fe90922,hrCRO,"FW,MF",Tottenham Hotspur,34.0,1989.0,2023-2024,EPL
Đorđe Petrović,0cf321c8,rsSRB,GK,Chelsea,23.0,1999.0,2023-2024,EPL
Kalvin Phillips,4f565d77,engENG,MF,West Ham United,27.0,1995.0,2023-2024,EPL
Kalvin Phillips,4f565d77,engENG,"DF,MF",Manchester City,27.0,1995.0,2023-2024,EPL
Jaden Philogene Bidace,19f4d211,engENG,"FW,MF",Aston Villa,21.0,2002.0,2023-2024,EPL
Jordan Pickford,4806ec67,engENG,GK,Everton,29.0,1994.0,2023-2024,EPL
Ethan Pinnock,e541326e,jmJAM,DF,Brentford,30.0,1993.0,2023-2024,EPL
Nick Pope,4b40d9ca,engENG,GK,Newcastle United,31.0,1992.0,2023-2024,EPL
Pedro Porro,27d0a506,esESP,DF,Tottenham Hotspur,23.0,1999.0,2023-2024,EPL
Jarell Quansah,4125cb98,engENG,DF,Liverpool,20.0,2003.0,2023-2024,EPL
Ionuț Radu,67f649be,roROU,GK,Bournemouth,26.0,1997.0,2023-2024,EPL
Jesurun Rak Sakyi,45685411,engENG,"FW,MF",Crystal Palace,20.0,2002.0,2023-2024,EPL
Aaron Ramsdale,466fb2c5,engENG,GK,Arsenal,25.0,1998.0,2023-2024,EPL
Aaron Ramsey,e1618c22,engENG,MF,Burnley,20.0,2003.0,2023-2024,EPL
Jacob Ramsey,1544f145,engENG,MF,Aston Villa,22.0,2001.0,2023-2024,EPL
Marcus Rashford,a1d5bd30,engENG,"MF,FW",Manchester Utd,25.0,1997.0,2023-2024,EPL
David Raya,98ea5115,esESP,GK,Arsenal,27.0,1995.0,2023-2024,EPL
Tim Ream,28b40c9c,usUSA,DF,Fulham,35.0,1987.0,2023-2024,EPL
Nathan Redmond,ab651565,engENG,"FW,MF",Burnley,29.0,1994.0,2023-2024,EPL
Harrison Reed,803ae100,engENG,MF,Fulham,28.0,1995.0,2023-2024,EPL
Sergio Reguilón,3353737a,esESP,DF,Manchester Utd,26.0,1996.0,2023-2024,EPL
Sergio Reguilón,3353737a,esESP,"MF,DF",Brentford,26.0,1996.0,2023-2024,EPL
Gio Reyna,7fa4e703,usUSA,MF,Nottingham Forest,20.0,2002.0,2023-2024,EPL
Rodrigo Ribeiro,484a3eae,ptPOR,FW,Nottingham Forest,18.0,2005.0,2023-2024,EPL
Declan Rice,1c7012b8,engENG,MF,Arsenal,24.0,1999.0,2023-2024,EPL
Chris Richards,0a3d6d2b,usUSA,"DF,MF",Crystal Palace,23.0,2000.0,2023-2024,EPL
Richarlison,fa031b34,brBRA,"FW,MF",Tottenham Hotspur,26.0,1997.0,2023-2024,EPL
Jaïro Riedewald,7a1f2c08,nlNED,MF,Crystal Palace,26.0,1996.0,2023-2024,EPL
Matt Ritchie,71ef519e,sctSCO,"DF,MF",Newcastle United,33.0,1989.0,2023-2024,EPL
Connor Roberts,24fae784,wlsWAL,DF,Burnley,27.0,1995.0,2023-2024,EPL
Andrew Robertson,2e4f5f03,sctSCO,DF,Liverpool,29.0,1994.0,2023-2024,EPL
Antonee Robinson,289601e6,usUSA,DF,Fulham,25.0,1997.0,2023-2024,EPL
Jack Robinson,7399c7a8,engENG,DF,Sheffield United,29.0,1993.0,2023-2024,EPL
Rodri,6434f10d,esESP,"MF,DF",Manchester City,27.0,1996.0,2023-2024,EPL
Jay Rodriguez,4ab53cdb,engENG,FW,Burnley,34.0,1989.0,2023-2024,EPL
Mads Roerslev,57c94db2,dkDEN,"MF,DF",Brentford,24.0,1999.0,2023-2024,EPL
Morgan Rogers,2e5915f1,engENG,MF,Aston Villa,21.0,2002.0,2023-2024,EPL
Cristian Romero,a3d94a58,arARG,DF,Tottenham Hotspur,25.0,1998.0,2023-2024,EPL
Joe Rothwell,10a10454,engENG,MF,Bournemouth,28.0,1995.0,2023-2024,EPL
Pelly Ruddock Mpanzu,a9b1c319,cdCOD,MF,Luton Town,30.0,1993.0,2023-2024,EPL
José Sá,903b6e8b,ptPOR,GK,Wolves,30.0,1993.0,2023-2024,EPL
Dominic Sadi,54778940,engENG,MF,Bournemouth,19.0,2003.0,2023-2024,EPL
Bukayo Saka,bc7dc64d,engENG,FW,Arsenal,21.0,2001.0,2023-2024,EPL
Mohamed Salah,e342ad68,egEGY,FW,Liverpool,31.0,1992.0,2023-2024,EPL
William Saliba,972aeb2a,frFRA,DF,Arsenal,22.0,2001.0,2023-2024,EPL
Albert Sambi Lokonga,1b4f1169,beBEL,MF,Luton Town,23.0,1999.0,2023-2024,EPL
Davinson Sánchez,da7b447d,coCOL,DF,Tottenham Hotspur,27.0,1996.0,2023-2024,EPL
Robert Sánchez,6a713852,esESP,GK,Chelsea,25.0,1997.0,2023-2024,EPL
Jadon Sancho,dbf053da,engENG,"FW,MF",Manchester Utd,23.0,2000.0,2023-2024,EPL
Ibrahim Sangaré,bced0375,ciCIV,MF,Nottingham Forest,25.0,1997.0,2023-2024,EPL
Andrey Santos,dd745366,brBRA,MF,Nottingham Forest,19.0,2004.0,2023-2024,EPL
Pablo Sarabia,9744ff80,esESP,"MF,FW",Wolves,31.0,1992.0,2023-2024,EPL
Dane Scarlett,21945a9e,engENG,FW,Tottenham Hotspur,19.0,2004.0,2023-2024,EPL
Kevin Schade,52afb588,deGER,FW,Brentford,21.0,2001.0,2023-2024,EPL
Fabian Schär,c8aa95da,chSUI,DF,Newcastle United,31.0,1991.0,2023-2024,EPL
Jeffrey Schlupp,3312f911,ghGHA,"MF,FW",Crystal Palace,30.0,1992.0,2023-2024,EPL
Alex Scott,104d0bb8,engENG,MF,Bournemouth,19.0,2003.0,2023-2024,EPL
Matz Sels,834b5c4c,beBEL,GK,Nottingham Forest,31.0,1992.0,2023-2024,EPL
Nélson Semedo,d04b94db,ptPOR,"MF,DF",Wolves,29.0,1993.0,2023-2024,EPL
Antoine Semenyo,efd2ec23,ghGHA,MF,Bournemouth,23.0,2000.0,2023-2024,EPL
Marcos Senesi,35141f4c,arARG,DF,Bournemouth,26.0,1997.0,2023-2024,EPL
Luke Shaw,9c94165b,engENG,DF,Manchester Utd,28.0,1995.0,2023-2024,EPL
James Shea,ee7c0a5e,engENG,GK,Luton Town,32.0,1991.0,2023-2024,EPL
Bernardo Silva,3eb22ec9,ptPOR,MF,Manchester City,28.0,1994.0,2023-2024,EPL
Fábio Silva,e7aa9d7c,ptPOR,FW,Wolves,21.0,2002.0,2023-2024,EPL
Thiago Silva,86e7deaf,brBRA,DF,Chelsea,38.0,1984.0,2023-2024,EPL
Luis Sinisterra,8e16dd48,coCOL,MF,Bournemouth,24.0,1999.0,2023-2024,EPL
Oliver Skipp,6250083a,engENG,"MF,DF",Tottenham Hotspur,22.0,2000.0,2023-2024,EPL
Adam Smith,20b104bc,engENG,DF,Bournemouth,32.0,1991.0,2023-2024,EPL
Emile Smith Rowe,17695062,engENG,MF,Arsenal,23.0,2000.0,2023-2024,EPL
Cédric Soares,839c14e1,ptPOR,"DF,MF",Arsenal,31.0,1991.0,2023-2024,EPL
Dominic Solanke,e77dc3b2,engENG,FW,Bournemouth,25.0,1997.0,2023-2024,EPL
Manor Solomon,886f9aac,ilISR,MF,Tottenham Hotspur,24.0,1999.0,2023-2024,EPL
Tomáš Souček,6613c819,czCZE,MF,West Ham United,28.0,1995.0,2023-2024,EPL
Vinicius Souza,6a8a7af8,brBRA,MF,Sheffield United,24.0,1999.0,2023-2024,EPL
Jason Steele,28300a16,engENG,GK,Brighton,32.0,1990.0,2023-2024,EPL
Raheem Sterling,b400bde0,engENG,MF,Chelsea,28.0,1994.0,2023-2024,EPL
John Stones,5eecec3d,engENG,DF,Manchester City,29.0,1994.0,2023-2024,EPL
Thomas Strakosha,339fe0e8,alALB,GK,Brentford,28.0,1995.0,2023-2024,EPL
Dominik Szoboszlai,934e1968,huHUN,MF,Liverpool,22.0,2000.0,2023-2024,EPL
Matt Targett,e514ab62,engENG,DF,Newcastle United,27.0,1995.0,2023-2024,EPL
James Tarkowski,15ea812b,engENG,DF,Everton,30.0,1992.0,2023-2024,EPL
Jimi Tauriainen,cac9e583,engENG,FW,Chelsea,19.0,2004.0,2023-2024,EPL
Nuno Tavares,a65c844b,ptPOR,DF,Nottingham Forest,23.0,2000.0,2023-2024,EPL
Marcus Tavernier,5c0da4a4,engENG,MF,Bournemouth,24.0,1999.0,2023-2024,EPL
Charlie Taylor,cc2d7ad5,engENG,DF,Burnley,29.0,1993.0,2023-2024,EPL
Kenny Tete,77d7c96f,nlNED,DF,Fulham,27.0,1995.0,2023-2024,EPL
Luke Thomas,fc027d02,engENG,"MF,DF",Sheffield United,22.0,2001.0,2023-2024,EPL
Youri Tielemans,56f7a928,beBEL,"MF,FW",Aston Villa,26.0,1997.0,2023-2024,EPL
Jurriën Timber,41034650,nlNED,DF,Arsenal,22.0,2001.0,2023-2024,EPL
Harry Toffolo,a105d46a,engENG,"DF,MF",Nottingham Forest,27.0,1995.0,2023-2024,EPL
Takehiro Tomiyasu,b3af9be1,jpJPN,DF,Arsenal,24.0,1998.0,2023-2024,EPL
James Tomkins,e7ca0439,engENG,"DF,MF",Crystal Palace,34.0,1989.0,2023-2024,EPL
Sandro Tonali,0db169ae,itITA,MF,Newcastle United,23.0,2000.0,2023-2024,EPL
Ivan Toney,e09f279b,engENG,FW,Brentford,27.0,1996.0,2023-2024,EPL
Pau Torres,532e1e4f,esESP,DF,Aston Villa,26.0,1997.0,2023-2024,EPL
Andros Townsend,b28bbd58,engENG,"MF,FW",Luton Town,32.0,1991.0,2023-2024,EPL
James Trafford,259fea27,engENG,GK,Burnley,20.0,2002.0,2023-2024,EPL
Adama Traoré,9a28eba4,esESP,MF,Fulham,27.0,1996.0,2023-2024,EPL
Bénie Traoré,77816c91,ciCIV,"FW,MF",Sheffield United,20.0,2002.0,2023-2024,EPL
Bertrand Traoré,c47541e0,bfBFA,"FW,MF",Aston Villa,27.0,1995.0,2023-2024,EPL
Boubacar Traoré,999ceb5f,mlMLI,MF,Wolves,21.0,2001.0,2023-2024,EPL
Mark Travers,fe558029,ieIRL,GK,Bournemouth,24.0,1999.0,2023-2024,EPL
Mike Trésor,b2a81fc6,beBEL,"MF,FW",Burnley,24.0,1999.0,2023-2024,EPL
Kieran Trippier,21512407,engENG,DF,Newcastle United,32.0,1990.0,2023-2024,EPL
Leandro Trossard,38ceb24a,beBEL,"FW,MF",Arsenal,28.0,1994.0,2023-2024,EPL
Auston Trusty,cddf767b,usUSA,DF,Sheffield United,24.0,1998.0,2023-2024,EPL
Kostas Tsimikas,f315ca93,grGRE,DF,Liverpool,27.0,1996.0,2023-2024,EPL
Matt Turner,4a51ba65,usUSA,GK,Nottingham Forest,29.0,1994.0,2023-2024,EPL
Destiny Udogie,7cd520e8,itITA,DF,Tottenham Hotspur,20.0,2002.0,2023-2024,EPL
Lesley Ugochukwu,1df4a109,frFRA,MF,Chelsea,19.0,2004.0,2023-2024,EPL
Enes Ünal,f8eca1b6,trTUR,FW,Bournemouth,26.0,1997.0,2023-2024,EPL
Virgil van Dijk,e06683ca,nlNED,DF,Liverpool,32.0,1991.0,2023-2024,EPL
Raphaël Varane,9f8e9423,frFRA,DF,Manchester Utd,30.0,1993.0,2023-2024,EPL
Alejo Véliz,3f7bafbe,arARG,FW,Tottenham Hotspur,19.0,2003.0,2023-2024,EPL
Joël Veltman,dad4b285,nlNED,DF,Brighton,31.0,1992.0,2023-2024,EPL
Micky van de Ven,8fe2a392,nlNED,DF,Tottenham Hotspur,22.0,2001.0,2023-2024,EPL
Bart Verbruggen,cf134113,nlNED,GK,Brighton,20.0,2002.0,2023-2024,EPL
Guglielmo Vicario,77d6fd4d,itITA,GK,Tottenham Hotspur,26.0,1996.0,2023-2024,EPL
Fabio Vieira,6412cc03,ptPOR,MF,Arsenal,23.0,2000.0,2023-2024,EPL
Carlos Vinícius,8b529245,brBRA,FW,Fulham,28.0,1995.0,2023-2024,EPL
Vitinho,9295dc1c,brBRA,"DF,MF",Burnley,24.0,1999.0,2023-2024,EPL
Odysseas Vlachodimos,03df04ff,grGRE,GK,Nottingham Forest,29.0,1994.0,2023-2024,EPL
Kyle Walker,86dd77d1,engENG,"DF,MF",Manchester City,33.0,1990.0,2023-2024,EPL
Aaron Wan-Bissaka,9e525177,cdCOD,DF,Manchester Utd,25.0,1997.0,2023-2024,EPL
Joel Ward,8a7ff278,engENG,DF,Crystal Palace,33.0,1989.0,2023-2024,EPL
James Ward-Prowse,3515d404,engENG,MF,West Ham United,28.0,1994.0,2023-2024,EPL
Lewis Warrington,8e633970,engENG,MF,Everton,20.0,2002.0,2023-2024,EPL
Deivid Washington,95bd120d,brBRA,FW,Chelsea,18.0,2005.0,2023-2024,EPL
Ollie Watkins,aed3a70f,engENG,FW,Aston Villa,27.0,1995.0,2023-2024,EPL
Adam Webster,c40b6180,engENG,DF,Brighton,28.0,1995.0,2023-2024,EPL
Danny Welbeck,ce5143da,engENG,"FW,MF",Brighton,32.0,1990.0,2023-2024,EPL
Timo Werner,49fe9070,deGER,"MF,FW",Tottenham Hotspur,27.0,1996.0,2023-2024,EPL
Adam Wharton,4b542852,engENG,MF,Crystal Palace,19.0,2004.0,2023-2024,EPL
Ethan Wheatley,5c368c88,engENG,FW,Manchester Utd,17.0,2006.0,2023-2024,EPL
Ben White,35e413f1,engENG,DF,Arsenal,25.0,1997.0,2023-2024,EPL
Joe White,d60c03a9,engENG,MF,Newcastle United,20.0,2002.0,2023-2024,EPL
Neco Williams,dd323728,wlsWAL,"DF,MF",Nottingham Forest,22.0,2001.0,2023-2024,EPL
Willian,8b9ebd03,brBRA,"MF,FW",Fulham,34.0,1988.0,2023-2024,EPL
Joe Willock,a3b03921,engENG,MF,Newcastle United,23.0,1999.0,2023-2024,EPL
Callum Wilson,c596fcb0,engENG,FW,Newcastle United,31.0,1992.0,2023-2024,EPL
Harry Wilson,c6dc9ecd,wlsWAL,"MF,FW",Fulham,26.0,1997.0,2023-2024,EPL
Yoane Wissa,2500cef9,cdCOD,FW,Brentford,26.0,1996.0,2023-2024,EPL
Chris Wood,4e9a0555,nzNZL,FW,Nottingham Forest,31.0,1991.0,2023-2024,EPL
Cauley Woodrow,d3085b49,engENG,FW,Luton Town,28.0,1994.0,2023-2024,EPL
Joe Worrall,a5212312,engENG,DF,Nottingham Forest,26.0,1997.0,2023-2024,EPL
Yehor Yarmoliuk,907a5d7c,uaUKR,MF,Brentford,19.0,2004.0,2023-2024,EPL
Ryan Yates,c1fe2a48,engENG,MF,Nottingham Forest,25.0,1997.0,2023-2024,EPL
Ashley Young,be927d03,engENG,"DF,MF",Everton,38.0,1985.0,2023-2024,EPL
Illia Zabarnyi,88968486,uaUKR,DF,Bournemouth,20.0,2002.0,2023-2024,EPL
Nicolò Zaniolo,9907b1c8,itITA,"MF,FW",Aston Villa,24.0,1999.0,2023-2024,EPL
Anass Zaroury,07d65234,maMAR,FW,Burnley,22.0,2000.0,2023-2024,EPL
Oleksandr Zinchenko,51cf8561,uaUKR,DF,Arsenal,26.0,1996.0,2023-2024,EPL
Kurt Zouma,ce4246f5,frFRA,DF,West Ham United,28.0,1994.0,2023-2024,EPL
Martin Ødegaard,79300479,noNOR,MF,Arsenal,24.0,1998.0,2023-2024,EPL
Tammy Abraham,f586779e,engENG,FW,Roma,25.0,1997.0,2023-2024,ITA
Francesco Acerbi,b96b595c,itITA,DF,Inter,35.0,1988.0,2023-2024,ITA
Yacine Adli,26777636,frFRA,MF,Milan,23.0,2000.0,2023-2024,ITA
Michel Aebischer,f9c927de,chSUI,MF,Bologna,26.0,1997.0,2023-2024,ITA
Lucien Agoume,8bc8829a,frFRA,MF,Inter,21.0,2002.0,2023-2024,ITA
Marley Aké,414e1f69,frFRA,"FW,MF",Udinese,22.0,2001.0,2023-2024,ITA
Ebenezer Akinsanmiro,3ad34015,ngNGA,MF,Inter,18.0,2004.0,2023-2024,ITA
Jean-Daniel Akpa-Akpro,fdf4b948,ciCIV,"MF,DF",Monza,30.0,1992.0,2023-2024,ITA
David Akpan Ankeye,8c4b95af,ngNGA,FW,Genoa,21.0,2002.0,2023-2024,ITA
Luis Alberto,5294a83f,esESP,MF,Lazio,30.0,1992.0,2023-2024,ITA
Carlos Alcaraz,4abac767,arARG,MF,Juventus,20.0,2002.0,2023-2024,ITA
Pontus Almqvist,0917188a,seSWE,"FW,MF",Lecce,24.0,1999.0,2023-2024,ITA
Lorenzo Amatucci,13b9e2fb,itITA,MF,Fiorentina,19.0,2004.0,2023-2024,ITA
Bruno Amione,2df7cc43,arARG,DF,Hellas Verona,21.0,2002.0,2023-2024,ITA
Felipe Anderson,9f1893b9,brBRA,"FW,MF",Lazio,30.0,1993.0,2023-2024,ITA
Angeliño,30941e96,esESP,"DF,MF",Roma,26.0,1997.0,2023-2024,ITA
Houssem Aouar,a5db0bec,dzALG,"MF,FW",Roma,25.0,1998.0,2023-2024,ITA
Simone Aresti,a9eaccda,itITA,GK,Cagliari,37.0,1986.0,2023-2024,ITA
Marko Arnautović,00459419,atAUT,FW,Inter,34.0,1989.0,2023-2024,ITA
Kristjan Asllani,0fdcef0e,alALB,MF,Inter,21.0,2002.0,2023-2024,ITA
Emil Audero,649b01d8,idIDN,GK,Inter,26.0,1997.0,2023-2024,ITA
Tommaso Augello,3cd3b384,itITA,"DF,MF",Cagliari,28.0,1994.0,2023-2024,ITA
Carlos Augusto,8d3cd59d,brBRA,"MF,DF",Inter,24.0,1999.0,2023-2024,ITA
Yann Aurel Bisseck,3963c25b,deGER,DF,Inter,22.0,2000.0,2023-2024,ITA
Sardar Azmoun,10549b49,irIRN,"FW,MF",Roma,28.0,1995.0,2023-2024,ITA
Paulo Azzi,967ac202,brBRA,"MF,DF",Cagliari,29.0,1994.0,2023-2024,ITA
Oussama El Azzouzi,85f476cc,maMAR,MF,Bologna,22.0,2001.0,2023-2024,ITA
Milan Badelj,e8c930bb,hrCRO,MF,Genoa,34.0,1989.0,2023-2024,ITA
Jaime Báez,dfd24c07,uyURU,"MF,FW",Frosinone,28.0,1995.0,2023-2024,ITA
Nicola Bagnolini,ad263695,itITA,GK,Bologna,19.0,2004.0,2023-2024,ITA
Nedim Bajrami,f42d6c13,alALB,"MF,FW",Sassuolo,24.0,1999.0,2023-2024,ITA
Mitchel Bakker,a8567629,nlNED,MF,Atalanta,23.0,2000.0,2023-2024,ITA
Tommaso Baldanzi,102e2599,itITA,"MF,FW",Empoli,20.0,2003.0,2023-2024,ITA
Tommaso Baldanzi,102e2599,itITA,"MF,FW",Roma,20.0,2003.0,2023-2024,ITA
Lameck Banda,8a6de8c7,zmZAM,"FW,MF",Lecce,22.0,2001.0,2023-2024,ITA
Daniel Bandeira,56fca564,ptPOR,MF,Hellas Verona,23.0,2000.0,2023-2024,ITA
Mattia Bani,0821331c,itITA,DF,Genoa,29.0,1993.0,2023-2024,ITA
Antonín Barák,01efac19,czCZE,"MF,FW",Fiorentina,28.0,1994.0,2023-2024,ITA
Nicolò Barella,6928979a,itITA,MF,Inter,26.0,1997.0,2023-2024,ITA
Enzo Barrenechea,6caffe81,arARG,MF,Frosinone,22.0,2001.0,2023-2024,ITA
Davide Bartesaghi,7e0b6c50,itITA,DF,Milan,17.0,2005.0,2023-2024,ITA
Federico Baschirotto,5a08ee41,itITA,DF,Lecce,26.0,1996.0,2023-2024,ITA
Toma Bašić,80556f08,hrCRO,MF,Salernitana,26.0,1996.0,2023-2024,ITA
Alessandro Bastoni,75b86fb3,itITA,DF,Inter,24.0,1999.0,2023-2024,ITA
Simone Bastoni,1ac232b8,itITA,"MF,DF",Empoli,26.0,1996.0,2023-2024,ITA
Reda Belahyane,705a1642,maMAR,MF,Hellas Verona,19.0,2004.0,2023-2024,ITA
Raoul Bellanova,e3756e72,itITA,MF,Torino,23.0,2000.0,2023-2024,ITA
Andrea Belotti,d705ba44,itITA,FW,Fiorentina,29.0,1993.0,2023-2024,ITA
Andrea Belotti,d705ba44,itITA,FW,Roma,29.0,1993.0,2023-2024,ITA
Lucas Beltrán,482d2bc3,arARG,"FW,MF",Fiorentina,22.0,2001.0,2023-2024,ITA
Ismaël Bennacer,db092d3b,dzALG,MF,Milan,25.0,1997.0,2023-2024,ITA
Domenico Berardi,53a0e358,itITA,"MF,FW",Sassuolo,28.0,1994.0,2023-2024,ITA
Bartosz Bereszyński,61b3978f,plPOL,DF,Empoli,31.0,1992.0,2023-2024,ITA
Etrit Berisha,ee833569,alALB,GK,Empoli,34.0,1989.0,2023-2024,ITA
Medon Berisha,9d376bef,alALB,MF,Lecce,19.0,2003.0,2023-2024,ITA
Victor Bernth Kristiansen,505486d6,dkDEN,DF,Bologna,20.0,2002.0,2023-2024,ITA
Beto,ed5c0319,gwGNB,FW,Udinese,25.0,1998.0,2023-2024,ITA
Davide Bettella,2edcd048,itITA,DF,Monza,23.0,2000.0,2023-2024,ITA
Sam Beukema,de13cee5,nlNED,DF,Bologna,24.0,1998.0,2023-2024,ITA
Jaka Bijol,6fdac234,siSVN,DF,Udinese,24.0,1999.0,2023-2024,ITA
El Bilal Touré,47c609d5,mlMLI,FW,Atalanta,21.0,2001.0,2023-2024,ITA
Cristiano Biraghi,9e1577aa,itITA,DF,Fiorentina,30.0,1992.0,2023-2024,ITA
Davide Biraschi,64cd167d,itITA,DF,Genoa,29.0,1994.0,2023-2024,ITA
Samuele Birindelli,204ac005,itITA,"MF,DF",Monza,24.0,1999.0,2023-2024,ITA
Alexis Blin,c69ef855,frFRA,MF,Lecce,26.0,1996.0,2023-2024,ITA
Jérôme Boateng,2db2fd7b,deGER,DF,Salernitana,34.0,1988.0,2023-2024,ITA
Emil Bohinen,c83c203f,noNOR,MF,Genoa,24.0,1999.0,2023-2024,ITA
Emil Bohinen,c83c203f,noNOR,MF,Salernitana,24.0,1999.0,2023-2024,ITA
Daniel Boloca,85f7ed25,roROU,MF,Sassuolo,24.0,1998.0,2023-2024,ITA
Giacomo Bonaventura,d995ed27,itITA,MF,Fiorentina,33.0,1989.0,2023-2024,ITA
Federico Bonazzoli,bf57eaab,itITA,FW,Hellas Verona,26.0,1997.0,2023-2024,ITA
Warren Bondo,0def2376,frFRA,MF,Monza,19.0,2003.0,2023-2024,ITA
Giovanni Bonfanti,938d8a55,itITA,DF,Atalanta,20.0,2003.0,2023-2024,ITA
Kevin Bonifazi,fb77bfef,itITA,DF,Bologna,27.0,1996.0,2023-2024,ITA
Kevin Bonifazi,fb77bfef,itITA,DF,Frosinone,27.0,1996.0,2023-2024,ITA
Gennaro Borrelli,04c4edc1,itITA,FW,Frosinone,23.0,2000.0,2023-2024,ITA
Erik Botheim,3d13d9e4,noNOR,"FW,MF",Salernitana,23.0,2000.0,2023-2024,ITA
Mehdi Bourabia,0d077b88,maMAR,MF,Frosinone,31.0,1991.0,2023-2024,ITA
Edoardo Bove,ae94a6c5,itITA,MF,Roma,21.0,2002.0,2023-2024,ITA
Domagoj Bradarić,8bbe2df5,hrCRO,"MF,DF",Salernitana,23.0,1999.0,2023-2024,ITA
Josip Brekalo,d4a2533d,hrCRO,MF,Fiorentina,25.0,1998.0,2023-2024,ITA
Gleison Bremer,5fd5ed86,brBRA,DF,Juventus,26.0,1997.0,2023-2024,ITA
Brenner,279508bf,brBRA,"MF,FW",Udinese,23.0,2000.0,2023-2024,ITA
Marco Brescianini,dfd56738,itITA,MF,Frosinone,23.0,2000.0,2023-2024,ITA
Dylan Bronn,edd81e2a,tnTUN,DF,Salernitana,28.0,1995.0,2023-2024,ITA
Tajon Buchanan,3aca6420,caCAN,"DF,MF",Inter,24.0,1999.0,2023-2024,ITA
Alessandro Buongiorno,4ae67f27,itITA,DF,Torino,24.0,1999.0,2023-2024,ITA
Rareș-Cătălin Burnete,7c4b4e36,roROU,FW,Lecce,19.0,2004.0,2023-2024,ITA
Jovane Cabral,e34e086c,cvCPV,"MF,FW",Salernitana,25.0,1998.0,2023-2024,ITA
Liberato Cacace,dd86e8e4,nzNZL,"DF,MF",Empoli,22.0,2000.0,2023-2024,ITA
Jens Cajuste,928a4a61,seSWE,MF,Napoli,23.0,1999.0,2023-2024,ITA
Davide Calabria,2146785a,itITA,DF,Milan,26.0,1996.0,2023-2024,ITA
Riccardo Calafiori,aded8e6f,itITA,DF,Bologna,21.0,2002.0,2023-2024,ITA
Mattia Caldara,ac7e640b,itITA,DF,Milan,29.0,1994.0,2023-2024,ITA
Luca Caldirola,226008f1,itITA,DF,Monza,32.0,1991.0,2023-2024,ITA
Hakan Çalhanoğlu,cd0fa27b,trTUR,MF,Inter,29.0,1994.0,2023-2024,ITA
Francesco Camarda,1956a64b,itITA,FW,Milan,15.0,2008.0,2023-2024,ITA
Nicolò Cambiaghi,91ff775f,itITA,"FW,MF",Empoli,22.0,2000.0,2023-2024,ITA
Andrea Cambiaso,247ed022,itITA,MF,Juventus,23.0,2000.0,2023-2024,ITA
Matteo Cancellieri,b6a1cdf9,itITA,"FW,MF",Empoli,21.0,2002.0,2023-2024,ITA
Antonio Candreva,356c9002,itITA,MF,Salernitana,36.0,1987.0,2023-2024,ITA
Luigi Canotto,911080b1,itITA,"FW,MF",Frosinone,29.0,1994.0,2023-2024,ITA
Gianluca Caprari,54e53b7e,itITA,"MF,FW",Monza,30.0,1993.0,2023-2024,ITA
Elia Caprile,97d7afbd,itITA,GK,Empoli,21.0,2001.0,2023-2024,ITA
Francesco Caputo,5bd72174,itITA,FW,Empoli,35.0,1987.0,2023-2024,ITA
Andrea Carboni,f7e2af2c,itITA,DF,Monza,22.0,2001.0,2023-2024,ITA
Valentin Carboni,707b98f1,arARG,MF,Monza,18.0,2005.0,2023-2024,ITA
Marco Carnesecchi,8ec56e62,itITA,GK,Atalanta,23.0,2000.0,2023-2024,ITA
Nicolò Casale,3f5f38fb,itITA,DF,Lazio,25.0,1998.0,2023-2024,ITA
Giuseppe Caso,099a2de5,itITA,FW,Frosinone,24.0,1998.0,2023-2024,ITA
Valentín Castellanos,da76bab4,arARG,FW,Lazio,24.0,1998.0,2023-2024,ITA
Samu Castillejo,130a7a3f,esESP,"MF,FW",Sassuolo,28.0,1995.0,2023-2024,ITA
Santiago Castro,ee5565ae,arARG,FW,Bologna,18.0,2004.0,2023-2024,ITA
Gaetano Castrovilli,0728bebe,itITA,MF,Fiorentina,26.0,1997.0,2023-2024,ITA
Danilo Cataldi,ba3d3bea,itITA,MF,Lazio,28.0,1994.0,2023-2024,ITA
Emil Ceide,98a84572,noNOR,FW,Sassuolo,21.0,2001.0,2023-2024,ITA
Zeki Çelik,31a62dc7,trTUR,"DF,MF",Roma,26.0,1997.0,2023-2024,ITA
Fabien Centonze,3c6bbbab,frFRA,DF,Hellas Verona,27.0,1996.0,2023-2024,ITA
Michele Cerofolini,efdeaff3,itITA,GK,Frosinone,24.0,1999.0,2023-2024,ITA
Alberto Cerri,1079c685,itITA,FW,Empoli,27.0,1996.0,2023-2024,ITA
Leonardo Cerri,58e08f40,itITA,FW,Juventus,20.0,2003.0,2023-2024,ITA
Charlys,eff9c9ea,brBRA,MF,Hellas Verona,19.0,2004.0,2023-2024,ITA
Walid Cheddira,0545a08e,maMAR,FW,Frosinone,25.0,1998.0,2023-2024,ITA
Federico Chiesa,b0f7e36c,itITA,FW,Juventus,25.0,1997.0,2023-2024,ITA
Oliver Christensen,af104654,dkDEN,GK,Fiorentina,24.0,1999.0,2023-2024,ITA
Samuel Chukwueze,b8a642fc,ngNGA,"MF,FW",Milan,24.0,1999.0,2023-2024,ITA
Alphadjo Cissè,d079becb,itITA,MF,Hellas Verona,16.0,2006.0,2023-2024,ITA
Giorgio Cittadini,e4ba67f2,itITA,DF,Monza,21.0,2002.0,2023-2024,ITA
Giorgio Cittadini,e4ba67f2,itITA,DF,Genoa,21.0,2002.0,2023-2024,ITA
Patrick Ciurria,5de3866c,itITA,MF,Monza,28.0,1995.0,2023-2024,ITA
Lorenzo Colombo,04df29a5,itITA,FW,Monza,21.0,2002.0,2023-2024,ITA
Andrea Colpani,6499048c,itITA,MF,Monza,24.0,1999.0,2023-2024,ITA
Pietro Comuzzo,5e3ecc35,itITA,DF,Fiorentina,18.0,2005.0,2023-2024,ITA
Andrea Consigli,8cabdc1e,itITA,GK,Sassuolo,36.0,1987.0,2023-2024,ITA
Nikita Contini Baranovsky,e95069bb,itITA,GK,Napoli,27.0,1996.0,2023-2024,ITA
Diego Coppola,22ae86f9,itITA,DF,Hellas Verona,19.0,2003.0,2023-2024,ITA
Tommaso Corazza,c1b9b13c,itITA,DF,Bologna,19.0,2004.0,2023-2024,ITA
Jeppe Corfitzen,3f7e5a98,dkDEN,FW,Lecce,18.0,2004.0,2023-2024,ITA
Giacomo Corona,d9f83409,itITA,FW,Empoli,19.0,2004.0,2023-2024,ITA
João Costa,26952edc,brBRA,FW,Roma,18.0,2005.0,2023-2024,ITA
Benoît Costil,2434f24a,frFRA,GK,Salernitana,36.0,1987.0,2023-2024,ITA
Lassana Coulibaly,85a44ecc,mlMLI,MF,Salernitana,27.0,1996.0,2023-2024,ITA
Mamadou Coulibaly,c976160c,snSEN,MF,Salernitana,24.0,1999.0,2023-2024,ITA
Alessio Cragno,f554e29b,itITA,GK,Sassuolo,29.0,1994.0,2023-2024,ITA
Bryan Cristante,16657b95,itITA,MF,Roma,28.0,1995.0,2023-2024,ITA
Juan Cruz,72f5b81f,arARG,FW,Hellas Verona,24.0,1999.0,2023-2024,ITA
Juan Cuadrado,0ab1f153,coCOL,"DF,FW",Inter,35.0,1988.0,2023-2024,ITA
Marvin Cuni,1d45fd81,alALB,FW,Frosinone,22.0,2001.0,2023-2024,ITA
Danilo D'Ambrosio,44eb9093,itITA,DF,Monza,34.0,1988.0,2023-2024,ITA
Flavius Daniliuc,7ef972c3,atAUT,DF,Salernitana,22.0,2001.0,2023-2024,ITA
Danilo,94b2001f,brBRA,DF,Juventus,32.0,1991.0,2023-2024,ITA
Matteo Darmian,96e0490d,itITA,"MF,DF",Inter,33.0,1989.0,2023-2024,ITA
Juan David Cabal,ef6eef89,coCOL,DF,Hellas Verona,22.0,2001.0,2023-2024,ITA
Keinan Davis,9deaf2c8,engENG,FW,Udinese,25.0,1998.0,2023-2024,ITA
Paweł Dawidowicz,16bb656a,plPOL,DF,Hellas Verona,28.0,1995.0,2023-2024,ITA
Charles De Ketelaere,2ef7c612,beBEL,"FW,MF",Atalanta,22.0,2001.0,2023-2024,ITA
Mattia De Sciglio,ae4e2852,itITA,DF,Juventus,30.0,1992.0,2023-2024,ITA
Lorenzo De Silvestri,e74f0e59,itITA,DF,Bologna,35.0,1988.0,2023-2024,ITA
Koni De Winter,f4797849,beBEL,DF,Genoa,21.0,2002.0,2023-2024,ITA
Grégoire Defrel,854ee61a,mqMTQ,"MF,FW",Sassuolo,32.0,1991.0,2023-2024,ITA
Alessandro Deiola,7f267d66,itITA,MF,Cagliari,27.0,1995.0,2023-2024,ITA
Alessandro Dellavalle,227f25be,itITA,DF,Torino,19.0,2004.0,2023-2024,ITA
Diego Demme,dc3fa3b5,deGER,MF,Napoli,31.0,1991.0,2023-2024,ITA
Leander Dendoncker,5a7301ae,beBEL,"DF,MF",Napoli,28.0,1995.0,2023-2024,ITA
Mattia Destro,d7d32194,itITA,FW,Empoli,32.0,1991.0,2023-2024,ITA
Federico Di Francesco,1fca9171,itITA,"FW,MF",Lecce,29.0,1994.0,2023-2024,ITA
Raffaele Di Gennaro,7a4050d5,itITA,GK,Inter,29.0,1993.0,2023-2024,ITA
Michele Di Gregorio,4e0c8d66,itITA,GK,Monza,26.0,1997.0,2023-2024,ITA
Giovanni Di Lorenzo,230a2fac,itITA,DF,Napoli,29.0,1993.0,2023-2024,ITA
Alessandro Di Pardo,e0ce7038,itITA,"MF,DF",Cagliari,24.0,1999.0,2023-2024,ITA
Boulaye Dia,244bc2c8,snSEN,"FW,MF",Salernitana,26.0,1996.0,2023-2024,ITA
Federico Dimarco,970b8574,itITA,MF,Inter,25.0,1997.0,2023-2024,ITA
Tiago Djaló,b2336681,ptPOR,DF,Juventus,23.0,2000.0,2023-2024,ITA
Koffi Djidji,933d3b51,ciCIV,DF,Torino,30.0,1992.0,2023-2024,ITA
Berat Djimsiti,6eee05f1,alALB,DF,Atalanta,30.0,1993.0,2023-2024,ITA
Dodô,b5f7d10b,brBRA,DF,Fiorentina,24.0,1998.0,2023-2024,ITA
Josh Doig,2f69d881,sctSCO,"MF,DF",Hellas Verona,21.0,2002.0,2023-2024,ITA
Josh Doig,2f69d881,sctSCO,"DF,MF",Sassuolo,21.0,2002.0,2023-2024,ITA
Nicolás Domínguez,20b3a502,arARG,MF,Bologna,25.0,1998.0,2023-2024,ITA
Giulio Donati,22051fbe,itITA,DF,Monza,33.0,1990.0,2023-2024,ITA
Patrick Dorgu,e6536124,dkDEN,"MF,DF",Lecce,18.0,2004.0,2023-2024,ITA
Alberto Dossena,61efb926,itITA,DF,Cagliari,24.0,1998.0,2023-2024,ITA
Radu Drăgușin,620922ed,roROU,DF,Genoa,21.0,2002.0,2023-2024,ITA
Ondrej Duda,79ca3e23,skSVK,MF,Hellas Verona,28.0,1994.0,2023-2024,ITA
Denzel Dumfries,481c9ece,nlNED,MF,Inter,27.0,1996.0,2023-2024,ITA
Alfred Duncan,528492ea,ghGHA,MF,Fiorentina,30.0,1993.0,2023-2024,ITA
Paulo Dybala,e0921a4f,arARG,"FW,MF",Roma,29.0,1993.0,2023-2024,ITA
Festy Ebosele,dbfa4f16,ieIRL,MF,Udinese,20.0,2002.0,2023-2024,ITA
Enzo Ebosse,9ba7b4fa,cmCMR,DF,Udinese,24.0,1999.0,2023-2024,ITA
Tyronne Ebuehi,6af30900,ngNGA,DF,Empoli,27.0,1995.0,2023-2024,ITA
Éderson,a9202def,brBRA,MF,Atalanta,24.0,1999.0,2023-2024,ITA
Kingsley Ehizibue,76b2817e,nlNED,MF,Udinese,28.0,1995.0,2023-2024,ITA
Emmanuel Ekong,c20892ee,seSWE,FW,Empoli,21.0,2002.0,2023-2024,ITA
Caleb Ekuban,7afbd2c3,ghGHA,FW,Genoa,29.0,1994.0,2023-2024,ITA
Elif Elmas,cf007308,mkMKD,"MF,FW",Napoli,23.0,1999.0,2023-2024,ITA
Martin Erlic,0fee6bda,hrCRO,DF,Sassuolo,25.0,1998.0,2023-2024,ITA
Giovanni Fabbian,f97f9188,itITA,MF,Bologna,20.0,2003.0,2023-2024,ITA
Nicolò Fagioli,366be751,itITA,MF,Juventus,22.0,2001.0,2023-2024,ITA
Wladimiro Falcone,9f5a610b,itITA,GK,Lecce,28.0,1995.0,2023-2024,ITA
Davide Faraoni,aae9d04a,itITA,MF,Hellas Verona,31.0,1991.0,2023-2024,ITA
Davide Faraoni,aae9d04a,itITA,DF,Fiorentina,31.0,1991.0,2023-2024,ITA
Federico Fazio,4e358a2d,arARG,DF,Salernitana,36.0,1987.0,2023-2024,ITA
Jacopo Fazzini,06b08c45,itITA,MF,Empoli,20.0,2003.0,2023-2024,ITA
Lewis Ferguson,ee64a822,sctSCO,MF,Bologna,23.0,1999.0,2023-2024,ITA
Andrea Ferraris,da69a0ef,itITA,FW,Monza,20.0,2003.0,2023-2024,ITA
João Ferreira,fb37a645,ptPOR,"DF,MF",Udinese,22.0,2001.0,2023-2024,ITA
Seydou Fini,6411925d,itITA,FW,Genoa,17.0,2006.0,2023-2024,ITA
Vincenzo Fiorillo,a2565f79,itITA,GK,Salernitana,33.0,1990.0,2023-2024,ITA
Alessandro Florenzi,e288d4b3,itITA,"DF,MF",Milan,32.0,1991.0,2023-2024,ITA
Michael Folorunsho,c391a179,itITA,MF,Hellas Verona,25.0,1998.0,2023-2024,ITA
Davide Frattesi,2a7d27c1,itITA,MF,Inter,23.0,1999.0,2023-2024,ITA
Morten Frendrup,f4d60499,dkDEN,MF,Genoa,22.0,2001.0,2023-2024,ITA
Remo Freuler,98d2c2c4,chSUI,MF,Bologna,31.0,1992.0,2023-2024,ITA
Gerardo Fusco,f83f6de1,itITA,FW,Salernitana,18.0,2005.0,2023-2024,ITA
Matteo Gabbia,c235e803,itITA,DF,Milan,23.0,1999.0,2023-2024,ITA
Gianluca Gaetano,3b387cc7,itITA,"MF,FW",Cagliari,23.0,2000.0,2023-2024,ITA
Gianluca Gaetano,3b387cc7,itITA,MF,Napoli,23.0,2000.0,2023-2024,ITA
Roberto Gagliardini,ce30bfc8,itITA,"MF,DF",Monza,29.0,1994.0,2023-2024,ITA
Pablo Galdames Millán,dd403465,clCHI,MF,Genoa,26.0,1996.0,2023-2024,ITA
Antonino Gallo,c74d63ac,itITA,DF,Lecce,23.0,2000.0,2023-2024,ITA
Luca Garritano,1ceeae3e,itITA,MF,Frosinone,29.0,1994.0,2023-2024,ITA
Federico Gatti,18dd3219,itITA,DF,Juventus,25.0,1998.0,2023-2024,ITA
Francesco Gelli,986693ed,itITA,"MF,DF",Frosinone,26.0,1996.0,2023-2024,ITA
Luca Gemello,53e494ec,itITA,GK,Torino,23.0,2000.0,2023-2024,ITA
Valentin Gendrey,822ed0ec,frFRA,DF,Lecce,23.0,2000.0,2023-2024,ITA
Farés Ghedjemis,14aac43e,frFRA,FW,Frosinone,20.0,2002.0,2023-2024,ITA
Lautaro Gianetti,e08ac719,arARG,DF,Udinese,29.0,1993.0,2023-2024,ITA
Mario Gila,9c435456,esESP,DF,Lazio,22.0,2000.0,2023-2024,ITA
Gvidas Gineitis,548bd0de,ltLTU,MF,Torino,19.0,2004.0,2023-2024,ITA
Olivier Giroud,16ceb862,frFRA,FW,Milan,36.0,1986.0,2023-2024,ITA
Edoardo Goldaniga,4b029b31,itITA,DF,Cagliari,29.0,1993.0,2023-2024,ITA
Pierluigi Gollini,f0f7f62f,itITA,GK,Napoli,28.0,1995.0,2023-2024,ITA
Papu Gómez,6e4df551,arARG,"FW,MF",Monza,35.0,1988.0,2023-2024,ITA
Iron Gomis,1d50130f,frFRA,MF,Salernitana,23.0,1999.0,2023-2024,ITA
Joan Gonzàlez,f025eade,esESP,MF,Lecce,21.0,2002.0,2023-2024,ITA
Nicolás González,2374aaca,arARG,MF,Fiorentina,25.0,1998.0,2023-2024,ITA
Alberto Grassi,6cc97b6a,itITA,MF,Empoli,28.0,1995.0,2023-2024,ITA
Mattéo Guendouzi,5ea8ef20,frFRA,MF,Lazio,24.0,1999.0,2023-2024,ITA
Axel Guessand,e04dca4a,frFRA,DF,Udinese,18.0,2004.0,2023-2024,ITA
Albert Guðmundsson,b79858d5,isISL,"FW,MF",Genoa,26.0,1997.0,2023-2024,ITA
Emmanuel Gyasi,f9758dae,ghGHA,MF,Empoli,29.0,1994.0,2023-2024,ITA
Norbert Gyömbér,0be276c6,skSVK,DF,Salernitana,31.0,1992.0,2023-2024,ITA
Nicolas Haas,fa449bba,chSUI,MF,Empoli,27.0,1996.0,2023-2024,ITA
Ridgeciano Haps,c8d7131c,srSUR,MF,Genoa,30.0,1993.0,2023-2024,ITA
Abdou Harroui,65fd099c,nlNED,MF,Frosinone,25.0,1998.0,2023-2024,ITA
Hans Hateboer,3b333ac3,nlNED,MF,Atalanta,29.0,1994.0,2023-2024,ITA
Pantelis Hatzidiakos,78a3c38e,grGRE,DF,Cagliari,26.0,1997.0,2023-2024,ITA
Silvan Hefti,f8342731,chSUI,MF,Genoa,25.0,1997.0,2023-2024,ITA
Liam Henderson,d7918b13,sctSCO,MF,Empoli,27.0,1996.0,2023-2024,ITA
Matheus Henrique,a2d9f138,brBRA,MF,Sassuolo,25.0,1997.0,2023-2024,ITA
Thomas Henry,9ef42479,frFRA,FW,Hellas Verona,28.0,1994.0,2023-2024,ITA
Theo Hernández,d4c9725f,frFRA,DF,Milan,25.0,1997.0,2023-2024,ITA
Isak Hien,12806697,seSWE,DF,Hellas Verona,24.0,1999.0,2023-2024,ITA
Isak Hien,12806697,seSWE,DF,Atalanta,24.0,1999.0,2023-2024,ITA
Emil Holm,c2357b65,seSWE,MF,Atalanta,23.0,2000.0,2023-2024,ITA
Martin Hongla,b85bf253,cmCMR,MF,Hellas Verona,25.0,1998.0,2023-2024,ITA
Sydney van Hooijdonk,5b418e15,nlNED,FW,Bologna,23.0,2000.0,2023-2024,ITA
Dean Huijsen,87278bce,esESP,DF,Roma,18.0,2005.0,2023-2024,ITA
Dean Huijsen,87278bce,esESP,DF,Juventus,18.0,2005.0,2023-2024,ITA
Elseid Hysaj,2f3452eb,alALB,DF,Lazio,29.0,1994.0,2023-2024,ITA
Arijon Ibrahimović,f5c4fd91,deGER,"MF,FW",Frosinone,17.0,2005.0,2023-2024,ITA
Jonathan Ikone,42eaa028,frFRA,MF,Fiorentina,25.0,1998.0,2023-2024,ITA
Chukwubuikem Ikwuemesi,c6db4f29,ngNGA,FW,Salernitana,21.0,2001.0,2023-2024,ITA
Ivan Ilić,bb376bed,rsSRB,MF,Torino,22.0,2001.0,2023-2024,ITA
Samuel Iling-Junior,ba492306,engENG,MF,Juventus,19.0,2003.0,2023-2024,ITA
Ciro Immobile,4431aed2,itITA,FW,Lazio,33.0,1990.0,2023-2024,ITA
Gino Infantino,546c7f68,arARG,MF,Fiorentina,20.0,2003.0,2023-2024,ITA
Gustav Isaksen,5715bb71,dkDEN,"FW,MF",Lazio,22.0,2001.0,2023-2024,ITA
Ardian Ismajli,6b635f5c,alALB,DF,Empoli,26.0,1996.0,2023-2024,ITA
Armando Izzo,89976232,itITA,DF,Monza,31.0,1992.0,2023-2024,ITA
Filip Jagiełło,4cdcbc14,plPOL,MF,Genoa,25.0,1997.0,2023-2024,ITA
Jakub Jankto,1ea5f91c,czCZE,MF,Cagliari,27.0,1996.0,2023-2024,ITA
Juan Jesus,79083382,brBRA,DF,Napoli,32.0,1991.0,2023-2024,ITA
Álex Jiménez,faa13947,esESP,DF,Milan,18.0,2005.0,2023-2024,ITA
Kaio Jorge,0cf465f2,brBRA,FW,Frosinone,21.0,2002.0,2023-2024,ITA
Luka Jović,4d8cd038,rsSRB,FW,Milan,25.0,1997.0,2023-2024,ITA
Hamed Junior Traorè,570bb4b9,ciCIV,MF,Napoli,23.0,2000.0,2023-2024,ITA
Mohamed Kaba,517cfb19,frFRA,MF,Lecce,21.0,2001.0,2023-2024,ITA
Christian Kabasele,914ab9a1,beBEL,DF,Udinese,32.0,1991.0,2023-2024,ITA
Yayah Kallon,f95f49d2,slSLE,FW,Hellas Verona,22.0,2001.0,2023-2024,ITA
Pierre Kalulu,85f7d1be,frFRA,DF,Milan,23.0,2000.0,2023-2024,ITA
Daichi Kamada,15b287da,jpJPN,MF,Lazio,26.0,1996.0,2023-2024,ITA
Hassane Kamara,19a12bed,ciCIV,MF,Udinese,29.0,1994.0,2023-2024,ITA
Yann Karamoh,8b66d9cc,frFRA,MF,Torino,25.0,1998.0,2023-2024,ITA
Jesper Karlsson,7952d0c2,seSWE,MF,Bologna,25.0,1998.0,2023-2024,ITA
Rick Karsdorp,9f84febe,nlNED,"MF,DF",Roma,28.0,1995.0,2023-2024,ITA
Grigoris Kastanos,2a82aa85,cyCYP,MF,Salernitana,25.0,1998.0,2023-2024,ITA
Michael Kayode,e19660a8,itITA,DF,Fiorentina,19.0,2004.0,2023-2024,ITA
Moise Kean,3d50bcdb,itITA,FW,Juventus,23.0,2000.0,2023-2024,ITA
Simon Kjær,8b8a56ce,dkDEN,DF,Milan,34.0,1989.0,2023-2024,ITA
Davy Klaassen,15fd5593,nlNED,MF,Inter,30.0,1993.0,2023-2024,ITA
Sead Kolašinac,3935e52e,baBIH,DF,Atalanta,30.0,1993.0,2023-2024,ITA
Teun Koopmeiners,a26fb8aa,nlNED,MF,Atalanta,25.0,1998.0,2023-2024,ITA
Filip Kostić,b1cd37e6,rsSRB,MF,Juventus,30.0,1992.0,2023-2024,ITA
Christian Kouamé,58e933d2,ciCIV,MF,Fiorentina,25.0,1997.0,2023-2024,ITA
Viktor Kovalenko,9d60028d,uaUKR,MF,Empoli,27.0,1996.0,2023-2024,ITA
Rasmus Kristensen,39769cff,dkDEN,"MF,DF",Roma,26.0,1997.0,2023-2024,ITA
Thomas Kristensen,fadf9a05,dkDEN,DF,Udinese,21.0,2002.0,2023-2024,ITA
Nikola Krstović,473803c9,meMNE,FW,Lecce,23.0,2000.0,2023-2024,ITA
Rade Krunić,817c6964,baBIH,MF,Milan,29.0,1993.0,2023-2024,ITA
Marash Kumbulla,a40819d9,alALB,DF,Sassuolo,23.0,2000.0,2023-2024,ITA
Justin Kumi,2d5f2ff0,itITA,MF,Sassuolo,19.0,2004.0,2023-2024,ITA
Berkan Kutlu,794364d7,trTUR,MF,Genoa,25.0,1998.0,2023-2024,ITA
Khvicha Kvaratskhelia,dea88efd,geGEO,FW,Napoli,22.0,2001.0,2023-2024,ITA
Giorgi Kvernadze,70006831,geGEO,FW,Frosinone,20.0,2003.0,2023-2024,ITA
Giorgos Kyriakopoulos,0a483542,grGRE,"MF,DF",Monza,27.0,1996.0,2023-2024,ITA
Gianluca Lapadula,2ead2809,pePER,FW,Cagliari,33.0,1990.0,2023-2024,ITA
Armand Lauriente,2d22cea7,frFRA,"MF,FW",Sassuolo,24.0,1998.0,2023-2024,ITA
Valentino Lazaro,016ff750,atAUT,MF,Torino,27.0,1996.0,2023-2024,ITA
Darko Lazović,5128bde4,rsSRB,MF,Hellas Verona,32.0,1990.0,2023-2024,ITA
Manuel Lazzari,02caf6e0,itITA,"DF,MF",Lazio,29.0,1993.0,2023-2024,ITA
Nicola Leali,5f9970a0,itITA,GK,Genoa,30.0,1993.0,2023-2024,ITA
Rafael Leão,20730eae,ptPOR,"MF,FW",Milan,24.0,1999.0,2023-2024,ITA
Jesper Lindstrøm,37dc1a48,dkDEN,FW,Napoli,23.0,2000.0,2023-2024,ITA
Karol Linetty,d023d70f,plPOL,MF,Torino,28.0,1995.0,2023-2024,ITA
Luca Lipani,1dc5a029,itITA,MF,Sassuolo,18.0,2005.0,2023-2024,ITA
Pol Lirola,ff800ed8,esESP,"DF,MF",Frosinone,25.0,1997.0,2023-2024,ITA
Marcin Listkowski,a3695ac2,plPOL,"FW,MF",Lecce,25.0,1998.0,2023-2024,ITA
Diego Llorente,bba30585,esESP,DF,Roma,29.0,1993.0,2023-2024,ITA
Stanislav Lobotka,e1cbb531,skSVK,MF,Napoli,28.0,1994.0,2023-2024,ITA
Manuel Locatelli,a8a874f1,itITA,MF,Juventus,25.0,1998.0,2023-2024,ITA
Ruben Loftus-Cheek,e97fd090,engENG,MF,Milan,27.0,1996.0,2023-2024,ITA
Ademola Lookman,7c104bb7,ngNGA,"FW,MF",Atalanta,25.0,1997.0,2023-2024,ITA
Maxime Lopez,20094685,frFRA,MF,Fiorentina,25.0,1997.0,2023-2024,ITA
Maxime Lopez,20094685,frFRA,MF,Sassuolo,25.0,1997.0,2023-2024,ITA
Matteo Lovato,5fa57166,itITA,DF,Torino,23.0,2000.0,2023-2024,ITA
Matteo Lovato,5fa57166,itITA,DF,Salernitana,23.0,2000.0,2023-2024,ITA
Sandi Lovrić,966eea58,siSVN,MF,Udinese,25.0,1998.0,2023-2024,ITA
Lorenzo Lucca,83c06f3a,itITA,FW,Udinese,22.0,2000.0,2023-2024,ITA
Jhon Lucumí,80490d7f,coCOL,DF,Bologna,25.0,1998.0,2023-2024,ITA
José Luis Palomino,921f6058,arARG,DF,Atalanta,33.0,1990.0,2023-2024,ITA
Romelu Lukaku,5eae500a,beBEL,FW,Roma,30.0,1993.0,2023-2024,ITA
Karlo Lulić,5dde403b,hrCRO,MF,Frosinone,27.0,1996.0,2023-2024,ITA
Sebastiano Luperto,997fff07,itITA,DF,Empoli,26.0,1996.0,2023-2024,ITA
Mateus Lusuardi,0704d719,brBRA,DF,Frosinone,19.0,2004.0,2023-2024,ITA
Zito Luvumbo,b09e0873,aoANG,"MF,FW",Cagliari,21.0,2002.0,2023-2024,ITA
Charalampos Lykogiannis,5efc5389,grGRE,DF,Bologna,29.0,1993.0,2023-2024,ITA
Giulio Maggiore,957e4c87,itITA,MF,Salernitana,25.0,1998.0,2023-2024,ITA
Giangiacomo Magnani,cce9f582,itITA,DF,Hellas Verona,27.0,1995.0,2023-2024,ITA
Mike Maignan,fcb38f57,frFRA,GK,Milan,28.0,1995.0,2023-2024,ITA
Antoine Makoumbou,f37f3522,cgCGO,MF,Cagliari,25.0,1998.0,2023-2024,ITA
Daniel Maldini,801831fe,itITA,MF,Monza,21.0,2001.0,2023-2024,ITA
Daniel Maldini,801831fe,itITA,"FW,MF",Empoli,21.0,2001.0,2023-2024,ITA
Youssef Maleh,4c8845f7,maMAR,MF,Empoli,24.0,1998.0,2023-2024,ITA
Ruslan Malinovskyi,48d5bd33,uaUKR,"MF,FW",Genoa,30.0,1993.0,2023-2024,ITA
Gianluca Mancini,5aa53281,itITA,DF,Roma,27.0,1996.0,2023-2024,ITA
Marco Mancosu,2c3a6c21,itITA,"MF,FW",Cagliari,34.0,1988.0,2023-2024,ITA
Christos Mandas,f794e9ab,grGRE,GK,Lazio,21.0,2001.0,2023-2024,ITA
Rolando Mandragora,c7259b83,itITA,MF,Fiorentina,26.0,1997.0,2023-2024,ITA
Kostas Manolas,c707411f,grGRE,DF,Salernitana,32.0,1991.0,2023-2024,ITA
Riccardo Marchizza,91d0fabf,itITA,DF,Frosinone,25.0,1998.0,2023-2024,ITA
Gian Marco Ferrari,8650af85,itITA,DF,Sassuolo,31.0,1992.0,2023-2024,ITA
Pablo Marí,aa54ec6f,esESP,DF,Monza,29.0,1993.0,2023-2024,ITA
Mirko Marić,78338347,hrCRO,FW,Monza,28.0,1995.0,2023-2024,ITA
Răzvan Marin,7fac99d4,roROU,MF,Empoli,27.0,1996.0,2023-2024,ITA
Agustín Martegani,591bf874,arARG,MF,Salernitana,23.0,2000.0,2023-2024,ITA
Aarón Martín,2f3e911a,esESP,"MF,DF",Genoa,26.0,1997.0,2023-2024,ITA
Tommaso Martinelli,968ddd14,itITA,GK,Fiorentina,17.0,2006.0,2023-2024,ITA
Josep Martinez,11d8aff0,esESP,GK,Genoa,25.0,1998.0,2023-2024,ITA
Lautaro Martínez,f7036e1c,arARG,FW,Inter,25.0,1997.0,2023-2024,ITA
Lucas Martínez Quarta,3ec3c1c9,arARG,DF,Fiorentina,27.0,1996.0,2023-2024,ITA
Adam Marušić,d4535821,meMNE,"DF,MF",Lazio,30.0,1992.0,2023-2024,ITA
Adam Masina,de0f152c,maMAR,MF,Udinese,29.0,1994.0,2023-2024,ITA
Adam Masina,de0f152c,maMAR,DF,Torino,29.0,1994.0,2023-2024,ITA
Alan Matturro,547c0119,uyURU,MF,Genoa,18.0,2004.0,2023-2024,ITA
Luca Mazzitelli,dc61b402,itITA,MF,Frosinone,27.0,1995.0,2023-2024,ITA
Pasquale Mazzocchi,eb0ec070,itITA,"MF,DF",Salernitana,28.0,1995.0,2023-2024,ITA
Pasquale Mazzocchi,eb0ec070,itITA,"DF,MF",Napoli,28.0,1995.0,2023-2024,ITA
Jordi Mboula,4887118d,esESP,"MF,FW",Hellas Verona,24.0,1999.0,2023-2024,ITA
Weston McKennie,01c3aff5,usUSA,MF,Juventus,24.0,1998.0,2023-2024,ITA
Arthur Melo,48b3dd60,brBRA,MF,Fiorentina,26.0,1996.0,2023-2024,ITA
Leonardo Mendicino,dac2bed8,itITA,MF,Atalanta,17.0,2006.0,2023-2024,ITA
Alex Meret,9413b19f,itITA,GK,Napoli,26.0,1997.0,2023-2024,ITA
Junior Messias,f49c4ae9,brBRA,"MF,FW",Genoa,32.0,1991.0,2023-2024,ITA
Nikola Milenković,bee704fc,rsSRB,DF,Fiorentina,25.0,1997.0,2023-2024,ITA
Arkadiusz Milik,85613cf0,plPOL,FW,Juventus,29.0,1994.0,2023-2024,ITA
Vanja Milinković-Savić,9fa26bc2,rsSRB,GK,Torino,26.0,1997.0,2023-2024,ITA
Yerry Mina,6d5701f2,coCOL,DF,Fiorentina,28.0,1994.0,2023-2024,ITA
Yerry Mina,6d5701f2,coCOL,DF,Cagliari,28.0,1994.0,2023-2024,ITA
Aleksei Miranchuk,a9aa0d1d,ruRUS,"MF,FW",Atalanta,27.0,1995.0,2023-2024,ITA
Kevin Miranda,9bd97418,itITA,DF,Sassuolo,20.0,2003.0,2023-2024,ITA
Antonio Mirante,30223b33,itITA,GK,Milan,40.0,1983.0,2023-2024,ITA
Fabio Miretti,34693494,itITA,MF,Juventus,19.0,2003.0,2023-2024,ITA
Filippo Missori,2d3d7c0d,itITA,MF,Sassuolo,19.0,2004.0,2023-2024,ITA
Stefan Mitrović,232b3da4,rsSRB,MF,Hellas Verona,20.0,2002.0,2023-2024,ITA
Henrikh Mkhitaryan,dd0daf32,amARM,MF,Inter,34.0,1989.0,2023-2024,ITA
Ilario Monterisi,31b252fc,itITA,DF,Frosinone,21.0,2001.0,2023-2024,ITA
Lorenzo Montipò,c1d95617,itITA,GK,Hellas Verona,27.0,1996.0,2023-2024,ITA
Nikola Moro,ff579c7e,hrCRO,"MF,FW",Bologna,25.0,1998.0,2023-2024,ITA
Dany Mota,efc9e31f,ptPOR,"MF,FW",Monza,25.0,1998.0,2023-2024,ITA
Samuele Mulattieri,30297946,itITA,FW,Sassuolo,22.0,2000.0,2023-2024,ITA
Luis Muriel,eb2fe5b6,coCOL,FW,Atalanta,32.0,1991.0,2023-2024,ITA
Yunus Musah,b51b1b9c,usUSA,MF,Milan,20.0,2002.0,2023-2024,ITA
Juan Musso,a111cf41,arARG,GK,Atalanta,29.0,1994.0,2023-2024,ITA
Kingstone Mutandwa,cbe32194,zmZAM,FW,Cagliari,20.0,2003.0,2023-2024,ITA
Obite N'Dicka,441197b8,ciCIV,DF,Roma,23.0,1999.0,2023-2024,ITA
Nahitan Nández,95facda1,uyURU,"MF,DF",Cagliari,27.0,1995.0,2023-2024,ITA
Natan,94bccc82,brBRA,DF,Napoli,22.0,2001.0,2023-2024,ITA
Lapo Nava,c0f732e1,itITA,GK,Milan,19.0,2004.0,2023-2024,ITA
Michel Ndary Adopo,599d91d0,frFRA,MF,Atalanta,23.0,2000.0,2023-2024,ITA
Dan Ndoye,8e697a8f,chSUI,"MF,FW",Bologna,22.0,2000.0,2023-2024,ITA
Cyril Ngonge,2b8360f1,beBEL,"MF,FW",Hellas Verona,23.0,2000.0,2023-2024,ITA
Cyril Ngonge,2b8360f1,beBEL,FW,Napoli,23.0,2000.0,2023-2024,ITA
M'Baye Niang,2054d037,snSEN,FW,Empoli,28.0,1994.0,2023-2024,ITA
Hans Nicolussi Caviglia,b136c945,itITA,MF,Juventus,23.0,2000.0,2023-2024,ITA
Joseph Nonge,23d73767,beBEL,MF,Juventus,18.0,2005.0,2023-2024,ITA
Tijjani Noslin,2f067cf2,nlNED,"FW,MF",Hellas Verona,24.0,1999.0,2023-2024,ITA
Simeon Nwankwo,80dbbd10,ngNGA,FW,Salernitana,31.0,1992.0,2023-2024,ITA
M'Bala Nzola,a4948e67,aoANG,FW,Fiorentina,26.0,1996.0,2023-2024,ITA
Adam Obert,aa25ce92,skSVK,DF,Cagliari,20.0,2002.0,2023-2024,ITA
Pedro Obiang,ba1e04b3,gqEQG,MF,Sassuolo,31.0,1992.0,2023-2024,ITA
Guillermo Ochoa,1e9bde92,mxMEX,GK,Salernitana,38.0,1985.0,2023-2024,ITA
Jens Odgaard,75374ee7,dkDEN,"MF,FW",Bologna,24.0,1999.0,2023-2024,ITA
Noah Okafor,ca607d59,chSUI,"FW,MF",Milan,23.0,2000.0,2023-2024,ITA
David Okereke,d125f22f,ngNGA,"FW,MF",Torino,25.0,1997.0,2023-2024,ITA
Caleb Okoli,8ec109e6,itITA,DF,Frosinone,22.0,2001.0,2023-2024,ITA
Maduka Okoye,ab5c36dd,ngNGA,GK,Udinese,23.0,1999.0,2023-2024,ITA
Mathías Olivera,41c12f75,uyURU,DF,Napoli,25.0,1997.0,2023-2024,ITA
Gaetano Oristanio,5cfc74fc,itITA,"FW,MF",Cagliari,20.0,2002.0,2023-2024,ITA
Riccardo Orsolini,e14ec482,itITA,MF,Bologna,26.0,1997.0,2023-2024,ITA
Victor Osimhen,8c90fd7a,ngNGA,FW,Napoli,24.0,1998.0,2023-2024,ITA
Remi Oudin,ea02beaf,frFRA,"MF,FW",Lecce,26.0,1996.0,2023-2024,ITA
Anthony Oyono,68b7e72e,gaGAB,"DF,MF",Frosinone,22.0,2001.0,2023-2024,ITA
Simone Pafundi,8daee720,itITA,FW,Udinese,17.0,2006.0,2023-2024,ITA
Riccardo Pagano,b5b9bde7,itITA,MF,Roma,18.0,2004.0,2023-2024,ITA
Christos Papadopoulos,e19bc88c,grGRE,MF,Genoa,18.0,2004.0,2023-2024,ITA
Leandro Paredes,dff153a4,arARG,MF,Roma,29.0,1994.0,2023-2024,ITA
Fabiano Parisi,0967845b,itITA,DF,Fiorentina,22.0,2000.0,2023-2024,ITA
Mario Pašalić,e599253a,hrCRO,MF,Atalanta,28.0,1995.0,2023-2024,ITA
Triantafyllos Pasaridīs,6416adf0,grGRE,DF,Salernitana,27.0,1996.0,2023-2024,ITA
Patric,f7223718,esESP,DF,Lazio,30.0,1993.0,2023-2024,ITA
Rui Patrício,79b0d6a0,ptPOR,GK,Roma,35.0,1988.0,2023-2024,ITA
Benjamin Pavard,45a03961,frFRA,DF,Inter,27.0,1996.0,2023-2024,ITA
Leonardo Pavoletti,d37b0350,itITA,FW,Cagliari,34.0,1988.0,2023-2024,ITA
Martín Payero,bdbff2b5,arARG,MF,Udinese,24.0,1998.0,2023-2024,ITA
Marcus Pedersen,596cc50e,noNOR,DF,Sassuolo,23.0,2000.0,2023-2024,ITA
Pedro,3ca7254a,esESP,FW,Lazio,36.0,1987.0,2023-2024,ITA
Pietro Pellegri,a44d3a3c,itITA,"FW,MF",Torino,22.0,2001.0,2023-2024,ITA
Lorenzo Pellegrini,4a5a45c7,itITA,MF,Roma,27.0,1996.0,2023-2024,ITA
Luca Pellegrini,3b61c9ec,itITA,"DF,MF",Lazio,24.0,1999.0,2023-2024,ITA
Marco Pellegrino,18950a80,arARG,DF,Salernitana,21.0,2002.0,2023-2024,ITA
Marco Pellegrino,18950a80,arARG,DF,Milan,21.0,2002.0,2023-2024,ITA
Pepín,7afb1573,gqEQG,MF,Monza,26.0,1996.0,2023-2024,ITA
Pedro Pereira,c77be0cf,ptPOR,"MF,DF",Monza,25.0,1998.0,2023-2024,ITA
Roberto Pereyra,75f2c59f,arARG,"FW,MF",Udinese,32.0,1991.0,2023-2024,ITA
Nehuén Pérez,f7c491f1,arARG,DF,Udinese,23.0,2000.0,2023-2024,ITA
Simone Perilli,b9e11c1d,itITA,GK,Hellas Verona,28.0,1995.0,2023-2024,ITA
Mattia Perin,4c62d0c8,itITA,GK,Juventus,30.0,1992.0,2023-2024,ITA
Samuele Perisan,00a17eba,itITA,GK,Empoli,25.0,1997.0,2023-2024,ITA
Matteo Pessina,780e3631,itITA,MF,Monza,26.0,1997.0,2023-2024,ITA
Andrea Petagna,03f946ed,itITA,FW,Cagliari,28.0,1995.0,2023-2024,ITA
Giuseppe Pezzella,149c5f5d,itITA,"MF,DF",Empoli,25.0,1997.0,2023-2024,ITA
Roberto Piccoli,1cadaf34,itITA,FW,Empoli,22.0,2001.0,2023-2024,ITA
Roberto Piccoli,1cadaf34,itITA,FW,Lecce,22.0,2001.0,2023-2024,ITA
Santiago Pierotti,ec315772,arARG,"FW,MF",Lecce,22.0,2001.0,2023-2024,ITA
Niccolò Pierozzi,3649ece2,itITA,DF,Salernitana,21.0,2001.0,2023-2024,ITA
Andrea Pinamonti,08aa9cd1,itITA,FW,Sassuolo,24.0,1999.0,2023-2024,ITA
Carlo Pinsoglio,f6a06749,itITA,GK,Juventus,33.0,1990.0,2023-2024,ITA
Lorenzo Pirola,caec77da,itITA,DF,Salernitana,21.0,2002.0,2023-2024,ITA
Niccolò Pisilli,c84dcc88,itITA,MF,Roma,18.0,2004.0,2023-2024,ITA
Tommaso Pobega,55a1cac2,itITA,"MF,DF",Milan,24.0,1999.0,2023-2024,ITA
Paul Pogba,867239d3,frFRA,MF,Juventus,30.0,1993.0,2023-2024,ITA
Matteo Politano,5e861944,itITA,FW,Napoli,29.0,1993.0,2023-2024,ITA
Marin Pongračić,2a6cd437,hrCRO,DF,Lecce,25.0,1997.0,2023-2024,ITA
Stefan Posch,7f609bfc,atAUT,DF,Bologna,26.0,1997.0,2023-2024,ITA
Matteo Prati,d8363914,itITA,MF,Cagliari,19.0,2003.0,2023-2024,ITA
Ivan Provedel,277da414,itITA,GK,Lazio,29.0,1994.0,2023-2024,ITA
Christian Pulisic,1bf33a9a,usUSA,"MF,FW",Milan,24.0,1998.0,2023-2024,ITA
George Pușcaș,c23c8e0d,roROU,FW,Genoa,27.0,1996.0,2023-2024,ITA
Domingos Quina,41fb0f4e,ptPOR,MF,Udinese,23.0,1999.0,2023-2024,ITA
Adrien Rabiot,8794e251,frFRA,MF,Juventus,28.0,1995.0,2023-2024,ITA
Uroš Račić,faed84db,rsSRB,MF,Sassuolo,25.0,1998.0,2023-2024,ITA
Nemanja Radonjić,0630eb63,rsSRB,MF,Torino,27.0,1996.0,2023-2024,ITA
Boris Radunović,0dfce079,rsSRB,GK,Cagliari,27.0,1996.0,2023-2024,ITA
Hamza Rafia,6b587d3d,tnTUN,MF,Lecce,24.0,1999.0,2023-2024,ITA
Ylber Ramadani,ef3c876b,alALB,MF,Lecce,27.0,1996.0,2023-2024,ITA
Luca Ranieri,8c63fae5,itITA,DF,Fiorentina,24.0,1999.0,2023-2024,ITA
Filippo Ranocchia,d9ebed1c,itITA,MF,Empoli,22.0,2001.0,2023-2024,ITA
Giacomo Raspadori,6e058f06,itITA,FW,Napoli,23.0,2000.0,2023-2024,ITA
Federico Ravaglia,6662d731,itITA,GK,Bologna,23.0,1999.0,2023-2024,ITA
Tijjani Reijnders,afb61630,nlNED,MF,Milan,25.0,1998.0,2023-2024,ITA
Reinier,6b21b7b5,brBRA,"MF,FW",Frosinone,21.0,2002.0,2023-2024,ITA
Mateo Retegui,e7695e6c,itITA,FW,Genoa,24.0,1999.0,2023-2024,ITA
Samuele Ricci,9823be92,itITA,MF,Torino,21.0,2001.0,2023-2024,ITA
Ricardo Rodríguez,7f78ad23,chSUI,"DF,MF",Torino,30.0,1992.0,2023-2024,ITA
Alessio Romagnoli,3ead85f9,itITA,DF,Lazio,28.0,1995.0,2023-2024,ITA
Simone Romagnoli,09899de8,itITA,DF,Frosinone,33.0,1990.0,2023-2024,ITA
Luka Romero,ca6edaa0,arARG,MF,Milan,18.0,2004.0,2023-2024,ITA
Marten de Roon,2a1beb34,nlNED,"MF,DF",Atalanta,32.0,1991.0,2023-2024,ITA
Francesco Rossi,7b5f516f,itITA,GK,Atalanta,32.0,1991.0,2023-2024,ITA
Nicolò Rovella,e58cbfd5,itITA,MF,Lazio,21.0,2001.0,2023-2024,ITA
Amir Rrahmani,4b3e1a38,xkKVX,DF,Napoli,29.0,1994.0,2023-2024,ITA
Ruan,a378a02a,brBRA,DF,Sassuolo,24.0,1999.0,2023-2024,ITA
Daniele Rugani,14b8fcdf,itITA,DF,Juventus,29.0,1994.0,2023-2024,ITA
Matteo Ruggeri,ae9898c5,itITA,MF,Atalanta,21.0,2002.0,2023-2024,ITA
Mário Rui,0b5a292a,ptPOR,DF,Napoli,32.0,1991.0,2023-2024,ITA
Stefano Sabelli,0ccac09c,itITA,"MF,DF",Genoa,30.0,1993.0,2023-2024,ITA
Alexis Saelemaekers,ee251371,beBEL,MF,Bologna,24.0,1999.0,2023-2024,ITA
Lazar Samardzic,217c93a1,rsSRB,MF,Udinese,21.0,2002.0,2023-2024,ITA
Junior Sambia,24eb7ed6,frFRA,MF,Salernitana,26.0,1996.0,2023-2024,ITA
Antonio Sanabria,0a447501,pyPAR,FW,Torino,27.0,1996.0,2023-2024,ITA
Renato Sanches,032f894e,ptPOR,MF,Roma,25.0,1997.0,2023-2024,ITA
Alexis Sánchez,2c0f8e9e,clCHI,FW,Inter,34.0,1988.0,2023-2024,ITA
Alex Sandro,0d82903c,brBRA,DF,Juventus,32.0,1991.0,2023-2024,ITA
Nicola Sansone,7eb97a8e,itITA,"MF,FW",Lecce,31.0,1991.0,2023-2024,ITA
Riccardo Saponara,3bb7af3b,itITA,"MF,FW",Hellas Verona,31.0,1991.0,2023-2024,ITA
Zanos Savva,82f8d2f4,cyCYP,FW,Torino,17.0,2005.0,2023-2024,ITA
Saba Sazonov,645dffbf,geGEO,DF,Torino,21.0,2002.0,2023-2024,ITA
Giorgio Scalvini,1e9aa637,itITA,DF,Atalanta,19.0,2003.0,2023-2024,ITA
Gianluca Scamacca,8790f988,itITA,FW,Atalanta,24.0,1999.0,2023-2024,ITA
Perr Schuurs,e613313c,nlNED,DF,Torino,23.0,1999.0,2023-2024,ITA
Simone Scuffet,41bd99ea,itITA,GK,Cagliari,27.0,1996.0,2023-2024,ITA
Demba Seck,16463a79,snSEN,MF,Torino,22.0,2001.0,2023-2024,ITA
Demba Seck,16463a79,snSEN,"FW,MF",Frosinone,22.0,2001.0,2023-2024,ITA
Nikola Sekulov,b2e08cb6,itITA,MF,Juventus,21.0,2002.0,2023-2024,ITA
Vivaldo Semedo,b6baba31,ptPOR,FW,Udinese,18.0,2005.0,2023-2024,ITA
Stefano Sensi,b70bde8f,itITA,MF,Inter,27.0,1995.0,2023-2024,ITA
Suat Serdar,b3325a30,deGER,MF,Hellas Verona,26.0,1997.0,2023-2024,ITA
Andres Sfait,4fb7cc15,roROU,MF,Salernitana,18.0,2004.0,2023-2024,ITA
Stephan El Shaarawy,d3aaad90,itITA,"FW,MF",Roma,30.0,1992.0,2023-2024,ITA
Eldor Shomurodov,57469b2d,uzUZB,"MF,FW",Cagliari,28.0,1995.0,2023-2024,ITA
Steven Shpendi,fd987f24,alALB,FW,Empoli,20.0,2003.0,2023-2024,ITA
Marco Silvestri,0d422df7,itITA,GK,Udinese,32.0,1991.0,2023-2024,ITA
Giovanni Simeone,343c0d52,arARG,FW,Napoli,28.0,1995.0,2023-2024,ITA
Jan-Carlo Simic,c9fc39ce,rsSRB,DF,Milan,18.0,2005.0,2023-2024,ITA
Leo Skiri Østigård,b35a7399,noNOR,DF,Napoli,23.0,1999.0,2023-2024,ITA
Łukasz Skorupski,ab4449d6,plPOL,GK,Bologna,32.0,1991.0,2023-2024,ITA
Chris Smalling,b6964eb6,engENG,DF,Roma,33.0,1989.0,2023-2024,ITA
Andrea Sodero,364e2d13,itITA,MF,Empoli,18.0,2004.0,2023-2024,ITA
Ola Solbakken,78f13530,noNOR,FW,Roma,24.0,1998.0,2023-2024,ITA
Daniele Sommariva,a8e7f7e9,itITA,GK,Genoa,26.0,1997.0,2023-2024,ITA
Yann Sommer,420c18a1,chSUI,GK,Inter,34.0,1988.0,2023-2024,ITA
Brandon Soppy,28f66c2e,frFRA,MF,Torino,21.0,2002.0,2023-2024,ITA
Alessandro Sorrentino,8ef2452a,itITA,GK,Monza,21.0,2002.0,2023-2024,ITA
Riccardo Sottil,94816803,itITA,MF,Fiorentina,24.0,1999.0,2023-2024,ITA
Matìas Soulé,c13ddd3e,arARG,"MF,FW",Frosinone,20.0,2003.0,2023-2024,ITA
Djed Spence,9bc9a519,engENG,MF,Genoa,22.0,2000.0,2023-2024,ITA
Leonardo Spinazzola,3626daea,itITA,"MF,DF",Roma,30.0,1993.0,2023-2024,ITA
Marco Sportiello,ac4003af,itITA,GK,Milan,31.0,1992.0,2023-2024,ITA
Trivante Stewart,75bd6f48,jmJAM,FW,Salernitana,23.0,2000.0,2023-2024,ITA
Gabriel Strefezza,ac4a4508,brBRA,"FW,MF",Lecce,26.0,1997.0,2023-2024,ITA
Kevin Strootman,ef2e5e1a,nlNED,MF,Genoa,33.0,1990.0,2023-2024,ITA
Isaac Success,f573a8bf,ngNGA,"FW,MF",Udinese,27.0,1996.0,2023-2024,ITA
Ibrahim Sulemana,230c3f3a,ghGHA,MF,Cagliari,20.0,2003.0,2023-2024,ITA
Tomáš Suslov,83fe71b8,skSVK,MF,Hellas Verona,21.0,2002.0,2023-2024,ITA
Mile Svilar,bcf5058a,rsSRB,GK,Roma,23.0,1999.0,2023-2024,ITA
Karol Świderski,41723204,plPOL,"FW,MF",Hellas Verona,26.0,1997.0,2023-2024,ITA
Wojciech Szczęsny,01b8a2b2,plPOL,GK,Juventus,33.0,1990.0,2023-2024,ITA
Przemysław Szymiński,9b3099d6,plPOL,DF,Frosinone,29.0,1994.0,2023-2024,ITA
Adrien Tameze,8da74c05,cmCMR,"DF,MF",Torino,29.0,1994.0,2023-2024,ITA
Elayis Tavsan,928143e7,nlNED,"FW,MF",Hellas Verona,22.0,2001.0,2023-2024,ITA
Loum Tchaouna,a3c8b4d3,frFRA,"MF,FW",Salernitana,19.0,2003.0,2023-2024,ITA
Jackson Tchatchoua,aeca7743,cmCMR,DF,Hellas Verona,21.0,2001.0,2023-2024,ITA
Filippo Terracciano,5cbb5ad6,itITA,"MF,DF",Hellas Verona,20.0,2003.0,2023-2024,ITA
Filippo Terracciano,5cbb5ad6,itITA,DF,Milan,20.0,2003.0,2023-2024,ITA
Pietro Terracciano,e1b0a70d,itITA,GK,Fiorentina,33.0,1990.0,2023-2024,ITA
Florian Thauvin,2b9fdeea,frFRA,FW,Udinese,30.0,1993.0,2023-2024,ITA
Malick Thiaw,ff5ea0bf,deGER,DF,Milan,21.0,2001.0,2023-2024,ITA
Morten Thorsby,d1b49282,noNOR,MF,Genoa,27.0,1996.0,2023-2024,ITA
Kristian Thorstvedt,76ff8d0d,noNOR,MF,Sassuolo,24.0,1999.0,2023-2024,ITA
Marcus Thuram,6f8cd6d0,frFRA,FW,Inter,25.0,1997.0,2023-2024,ITA
Antonio Tikvić,d1ac669b,hrCRO,DF,Udinese,19.0,2004.0,2023-2024,ITA
Jeremy Toljan,a96e5dc0,deGER,DF,Sassuolo,28.0,1994.0,2023-2024,ITA
Rafael Tolói,c56dc39e,itITA,DF,Atalanta,32.0,1990.0,2023-2024,ITA
Fikayo Tomori,7edfbb8a,engENG,DF,Milan,25.0,1997.0,2023-2024,ITA
Ahmed Touba,f25de136,dzALG,DF,Lecce,25.0,1998.0,2023-2024,ITA
Chaka Traorè,ee6e2b92,ciCIV,FW,Milan,18.0,2004.0,2023-2024,ITA
Stefano Turati,bf168004,itITA,GK,Frosinone,21.0,2001.0,2023-2024,ITA
Kacper Urbanski,2d9d9e42,plPOL,"MF,FW",Bologna,18.0,2004.0,2023-2024,ITA
Emanuele Valeri,ec52b661,itITA,"MF,DF",Frosinone,24.0,1998.0,2023-2024,ITA
Johan Vásquez,5eaed77a,mxMEX,DF,Genoa,24.0,1998.0,2023-2024,ITA
Matías Vecino,44ac04e9,uyURU,MF,Lazio,31.0,1991.0,2023-2024,ITA
Lorenzo Venuti,983ff2c7,itITA,DF,Lecce,28.0,1995.0,2023-2024,ITA
Simone Verdi,0375723e,itITA,"FW,MF",Torino,31.0,1992.0,2023-2024,ITA
Emanuel Vignato,ec5dae45,itITA,"MF,FW",Salernitana,22.0,2000.0,2023-2024,ITA
Samuele Vignato,a14d0ab0,itITA,MF,Monza,19.0,2004.0,2023-2024,ITA
Matías Viña,08eb3b58,uyURU,DF,Sassuolo,25.0,1997.0,2023-2024,ITA
Rúben Vinagre,b937e490,ptPOR,DF,Hellas Verona,24.0,1999.0,2023-2024,ITA
Nicolas Viola,45392b06,itITA,"MF,FW",Cagliari,33.0,1989.0,2023-2024,ITA
Mattia Viti,75438a9a,itITA,DF,Sassuolo,21.0,2002.0,2023-2024,ITA
Vitinha,74d4cec6,ptPOR,"MF,FW",Genoa,23.0,2000.0,2023-2024,ITA
Dušan Vlahović,79443529,rsSRB,FW,Juventus,23.0,2000.0,2023-2024,ITA
Nikola Vlašić,aa8e289e,hrCRO,MF,Torino,25.0,1997.0,2023-2024,ITA
Alessandro Vogliacco,6841f107,itITA,DF,Genoa,24.0,1998.0,2023-2024,ITA
Mërgim Vojvoda,be2706c0,xkKVX,"MF,DF",Torino,28.0,1995.0,2023-2024,ITA
Cristian Volpato,72f87f25,itITA,"MF,FW",Sassuolo,19.0,2003.0,2023-2024,ITA
Stefan de Vrij,d0d8dd44,nlNED,DF,Inter,31.0,1992.0,2023-2024,ITA
Walace,26db8853,brBRA,MF,Udinese,28.0,1995.0,2023-2024,ITA
Sebastian Walukiewicz,217875a4,plPOL,DF,Empoli,23.0,2000.0,2023-2024,ITA
Timothy Weah,8eec784d,usUSA,MF,Juventus,23.0,2000.0,2023-2024,ITA
Shon Weissman,379dc075,ilISR,FW,Salernitana,27.0,1996.0,2023-2024,ITA
Mateusz Wieteska,3ecc8c5f,plPOL,DF,Cagliari,26.0,1997.0,2023-2024,ITA
Kenan Yıldız,d8cda243,trTUR,FW,Juventus,18.0,2005.0,2023-2024,ITA
Mattia Zaccagni,d85c238b,itITA,"FW,MF",Lazio,28.0,1995.0,2023-2024,ITA
Nicola Zalewski,45191c29,plPOL,"MF,FW",Roma,21.0,2002.0,2023-2024,ITA
Andre-Frank Zambo Anguissa,6bb2c084,cmCMR,MF,Napoli,27.0,1995.0,2023-2024,ITA
Alessandro Zanoli,3b12b11f,itITA,"MF,DF",Salernitana,22.0,2000.0,2023-2024,ITA
Alessandro Zanoli,3b12b11f,itITA,MF,Napoli,22.0,2000.0,2023-2024,ITA
Duván Zapata,d3de9af0,coCOL,FW,Torino,32.0,1991.0,2023-2024,ITA
Duván Zapata,d3de9af0,coCOL,FW,Atalanta,32.0,1991.0,2023-2024,ITA
Gabriele Zappa,ca3db240,itITA,"DF,MF",Cagliari,23.0,1999.0,2023-2024,ITA
Davide Zappacosta,7fe90ccd,itITA,MF,Atalanta,31.0,1992.0,2023-2024,ITA
Oier Zarraga,968a1c2f,esESP,MF,Udinese,24.0,1999.0,2023-2024,ITA
Jordan Zemura,e8271ad9,zwZIM,MF,Udinese,23.0,1999.0,2023-2024,ITA
Alessio Zerbin,d19ef4ef,itITA,MF,Monza,24.0,1999.0,2023-2024,ITA
Alessio Zerbin,d19ef4ef,itITA,FW,Napoli,24.0,1999.0,2023-2024,ITA
Kevin Zeroli,7d6d4395,itITA,MF,Milan,18.0,2005.0,2023-2024,ITA
Piotr Zieliński,a5296e55,plPOL,MF,Napoli,29.0,1994.0,2023-2024,ITA
David Zima,acf7e795,czCZE,DF,Torino,22.0,2000.0,2023-2024,ITA
Joshua Zirkzee,028e70b9,nlNED,FW,Bologna,22.0,2001.0,2023-2024,ITA
Nadir Zortea,82598b71,itITA,"MF,DF",Frosinone,24.0,1999.0,2023-2024,ITA
Nadir Zortea,82598b71,itITA,"DF,MF",Atalanta,24.0,1999.0,2023-2024,ITA
Szymon Żurkowski,4e1d5e59,plPOL,MF,Empoli,25.0,1997.0,2023-2024,ITA
Milan Đurić,405f6586,baBIH,FW,Hellas Verona,33.0,1990.0,2023-2024,ITA
Milan Đurić,405f6586,baBIH,FW,Monza,33.0,1990.0,2023-2024,ITA
Mateusz Łęgowski,75c62731,plPOL,MF,Salernitana,20.0,2003.0,2023-2024,ITA
Brenden Aaronson,5bc43860,usUSA,"MF,FW",Union Berlin,22.0,2000.0,2023-2024,GER
Paxten Aaronson,4cd41883,usUSA,MF,Eintracht Frankfurt,19.0,2003.0,2023-2024,GER
Junior Adamu,82e12fe7,atAUT,FW,Freiburg,22.0,2001.0,2023-2024,GER
Sargis Adamyan,22919e97,amARM,"FW,MF",Köln,30.0,1993.0,2023-2024,GER
Karim Adeyemi,501055d8,deGER,"FW,MF",Dortmund,21.0,2002.0,2023-2024,GER
Amine Adli,dcfb17f4,maMAR,"MF,FW",Leverkusen,23.0,2000.0,2023-2024,GER
Felix Agu,cb6d81b3,ngNGA,MF,Werder Bremen,23.0,1999.0,2023-2024,GER
Ludovic Ajorque,462475ed,frFRA,FW,Mainz 05,29.0,1994.0,2023-2024,GER
Kevin Akpoguma,6ec6fde0,ngNGA,DF,Hoffenheim,28.0,1995.0,2023-2024,GER
Faride Alidou,00f518d8,deGER,"MF,FW",Köln,22.0,2001.0,2023-2024,GER
Skelly Alvero,add37c13,frFRA,MF,Werder Bremen,21.0,2002.0,2023-2024,GER
Nadiem Amiri,555d5edd,deGER,MF,Mainz 05,26.0,1996.0,2023-2024,GER
Nadiem Amiri,555d5edd,deGER,MF,Leverkusen,26.0,1996.0,2023-2024,GER
Kofi Amoako,b8e17ca3,deGER,MF,Wolfsburg,18.0,2005.0,2023-2024,GER
Robert Andrich,e0b113a7,deGER,"MF,DF",Leverkusen,28.0,1994.0,2023-2024,GER
Waldemar Anton,5e66fa06,deGER,DF,Stuttgart,27.0,1996.0,2023-2024,GER
Christopher Antwi-Adjei,0a3f6cde,ghGHA,"FW,MF",Bochum,29.0,1994.0,2023-2024,GER
Asaf Arania,d61c07fd,ilISR,FW,Darmstadt 98,17.0,2005.0,2023-2024,GER
Maximilian Arnold,86e119e0,deGER,MF,Wolfsburg,29.0,1994.0,2023-2024,GER
Arthur,8a958856,brBRA,MF,Leverkusen,20.0,2003.0,2023-2024,GER
Takuma Asano,13ddc856,jpJPN,"FW,MF",Bochum,28.0,1994.0,2023-2024,GER
Jonathan Asp Jensen,25355bd8,dkDEN,MF,Bayern Munich,17.0,2006.0,2023-2024,GER
Noah Atubolu,dbd1b101,deGER,GK,Freiburg,21.0,2002.0,2023-2024,GER
Matthias Bader,3489184e,deGER,"MF,DF",Darmstadt 98,26.0,1997.0,2023-2024,GER
Ridle Baku,442b56fa,deGER,"MF,DF",Wolfsburg,25.0,1998.0,2023-2024,GER
Samuel Bamba,489d4867,deGER,FW,Dortmund,19.0,2004.0,2023-2024,GER
Aymen Barkok,a2a85828,maMAR,MF,Mainz 05,25.0,1998.0,2023-2024,GER
Leandro Barreiro Martins,00242b75,luLUX,MF,Mainz 05,23.0,2000.0,2023-2024,GER
Daniel Batz,ec759ba1,deGER,GK,Mainz 05,32.0,1991.0,2023-2024,GER
Maximilian Bauer,44a20f0c,deGER,DF,Augsburg,23.0,2000.0,2023-2024,GER
Elias Baum,54d2b378,deGER,DF,Eintracht Frankfurt,17.0,2005.0,2023-2024,GER
Oliver Baumann,47064058,deGER,GK,Hoffenheim,33.0,1990.0,2023-2024,GER
Christoph Baumgartner,437f2b00,atAUT,"MF,FW",RB Leipzig,23.0,1999.0,2023-2024,GER
Ihlas Bebou,a53b661f,tgTOG,"FW,MF",Hoffenheim,29.0,1994.0,2023-2024,GER
Adrian Beck,616c09f5,deGER,MF,Heidenheim,26.0,1997.0,2023-2024,GER
Sheraldo Becker,8eb55dbb,srSUR,"FW,MF",Union Berlin,28.0,1995.0,2023-2024,GER
Chris Bedia,ec11ecf8,ciCIV,FW,Union Berlin,27.0,1996.0,2023-2024,GER
Donny van de Beek,50dc94ce,nlNED,"MF,FW",Eintracht Frankfurt,26.0,1997.0,2023-2024,GER
Kevin Behrens,30ae134d,deGER,FW,Wolfsburg,32.0,1991.0,2023-2024,GER
Kevin Behrens,30ae134d,deGER,FW,Union Berlin,32.0,1991.0,2023-2024,GER
Maximilian Beier,5db45ee5,deGER,"FW,MF",Hoffenheim,20.0,2002.0,2023-2024,GER
Stefan Bell,857a5abe,deGER,DF,Mainz 05,31.0,1991.0,2023-2024,GER
Ramy Bensebaini,378825c7,dzALG,DF,Dortmund,28.0,1995.0,2023-2024,GER
Mergim Berisha,eb6e14be,deGER,FW,Hoffenheim,25.0,1998.0,2023-2024,GER
Mergim Berisha,eb6e14be,deGER,FW,Augsburg,25.0,1998.0,2023-2024,GER
Bernardo,17370b95,brBRA,DF,Bochum,28.0,1995.0,2023-2024,GER
Matúš Bero,b5e0af76,skSVK,"MF,FW",Bochum,27.0,1995.0,2023-2024,GER
Jan-Niklas Beste,57382429,deGER,MF,Heidenheim,24.0,1999.0,2023-2024,GER
Pep Biel,1c59240b,esESP,"FW,MF",Augsburg,26.0,1996.0,2023-2024,GER
Tom Bischof,07d3bfec,deGER,MF,Hoffenheim,18.0,2005.0,2023-2024,GER
Leonardo Bittencourt,dc62fbee,deGER,MF,Werder Bremen,29.0,1993.0,2023-2024,GER
Hendry Blank,76abb354,deGER,DF,Dortmund,18.0,2004.0,2023-2024,GER
Janis Blaswich,663e080e,deGER,GK,RB Leipzig,32.0,1991.0,2023-2024,GER
Sacha Boey,6c8ddd52,frFRA,MF,Bayern Munich,22.0,2000.0,2023-2024,GER
Victor Boniface,b146275b,ngNGA,FW,Leverkusen,22.0,2000.0,2023-2024,GER
Leonardo Bonucci,52ec54d0,itITA,DF,Union Berlin,36.0,1987.0,2023-2024,GER
Yvandro Borges Sanches,36578017,luLUX,MF,Gladbach,19.0,2004.0,2023-2024,GER
Sebastiaan Bornauw,01834aa0,beBEL,DF,Wolfsburg,24.0,1999.0,2023-2024,GER
Rafael Borré,c68da769,coCOL,FW,Werder Bremen,27.0,1995.0,2023-2024,GER
Julian Brandt,a167537f,deGER,MF,Dortmund,27.0,1996.0,2023-2024,GER
Fabian Bredlow,d28339cb,deGER,GK,Stuttgart,28.0,1995.0,2023-2024,GER
Tim Breithaupt,ed98c321,deGER,MF,Augsburg,21.0,2002.0,2023-2024,GER
Maximilian Breunig,1e37c986,deGER,FW,Freiburg,22.0,2000.0,2023-2024,GER
Bennit Bröger,2d6b4904,deGER,MF,Wolfsburg,17.0,2006.0,2023-2024,GER
John Brooks,e27da244,usUSA,DF,Hoffenheim,30.0,1993.0,2023-2024,GER
Moritz Broschinski,bbd79358,deGER,"FW,MF",Bochum,22.0,2000.0,2023-2024,GER
Alexander Brunst,99219195,deGER,GK,Darmstadt 98,28.0,1995.0,2023-2024,GER
Marius Bülter,ab5b7dc1,deGER,MF,Hoffenheim,30.0,1993.0,2023-2024,GER
Jonathan Burkardt,05f99a4a,deGER,"FW,MF",Mainz 05,23.0,2000.0,2023-2024,GER
Oliver Burke,f631c17f,sctSCO,"FW,MF",Werder Bremen,26.0,1997.0,2023-2024,GER
Marnon Busch,c38767ab,deGER,DF,Heidenheim,28.0,1994.0,2023-2024,GER
Aurélio Buta,b4705807,ptPOR,"MF,DF",Eintracht Frankfurt,26.0,1997.0,2023-2024,GER
Anthony Caci,0118c54c,frFRA,"MF,DF",Mainz 05,26.0,1997.0,2023-2024,GER
Emre Can,a65ce836,deGER,MF,Dortmund,29.0,1994.0,2023-2024,GER
Irvin Cardona,5e080f73,mtMLT,"FW,MF",Augsburg,25.0,1997.0,2023-2024,GER
Rasmus Carstensen,64d7f629,dkDEN,"DF,MF",Köln,22.0,2000.0,2023-2024,GER
Fabio Carvalho,966e28d0,ptPOR,MF,RB Leipzig,20.0,2002.0,2023-2024,GER
Koen Casteels,db401046,beBEL,GK,Wolfsburg,31.0,1992.0,2023-2024,GER
Václav Černý,bb1cf301,czCZE,"MF,FW",Wolfsburg,25.0,1997.0,2023-2024,GER
Julian Chabot,ae7058f9,deGER,DF,Köln,25.0,1998.0,2023-2024,GER
El Chadaille Bitshiabu,2180c761,frFRA,DF,RB Leipzig,18.0,2005.0,2023-2024,GER
Fares Chaïbi,357103bd,dzALG,"MF,FW",Eintracht Frankfurt,20.0,2002.0,2023-2024,GER
Timothy Chandler,b3b7f5a6,usUSA,"DF,MF",Eintracht Frankfurt,33.0,1990.0,2023-2024,GER
Fabio Chiarodia,48780156,itITA,DF,Gladbach,18.0,2005.0,2023-2024,GER
Jacob Christensen,324ff0da,dkDEN,MF,Köln,22.0,2001.0,2023-2024,GER
Nnamdi Collins,8eb5c94c,deGER,DF,Eintracht Frankfurt,19.0,2004.0,2023-2024,GER
Kingsley Coman,042e8a49,frFRA,MF,Bayern Munich,27.0,1996.0,2023-2024,GER
Bambasé Conté,33b38f49,deGER,MF,Hoffenheim,20.0,2003.0,2023-2024,GER
Danny da Costa,5ddb8f9f,deGER,"MF,DF",Mainz 05,30.0,1993.0,2023-2024,GER
Nicolas Cozza,8f325097,frFRA,DF,Wolfsburg,24.0,1999.0,2023-2024,GER
Tomáš Čvančara,298c8aa1,czCZE,"FW,MF",Gladbach,22.0,2000.0,2023-2024,GER
Finn Dahmen,dee3013b,deGER,GK,Augsburg,25.0,1998.0,2023-2024,GER
Mahmoud Dahoud,db4ed67b,deGER,MF,Stuttgart,27.0,1996.0,2023-2024,GER
Lukas Daschner,93a8c4f9,deGER,"FW,MF",Bochum,24.0,1998.0,2023-2024,GER
David Datro Fofana,e82900ef,ciCIV,"FW,MF",Union Berlin,20.0,2002.0,2023-2024,GER
Alphonso Davies,d781d855,caCAN,DF,Bayern Munich,22.0,2000.0,2023-2024,GER
Olivier Deman,13210854,beBEL,MF,Werder Bremen,23.0,2000.0,2023-2024,GER
Ermedin Demirović,ed79b7d3,baBIH,"FW,MF",Augsburg,25.0,1998.0,2023-2024,GER
Sepp van den Berg,7bf9400b,nlNED,DF,Mainz 05,21.0,2001.0,2023-2024,GER
Samuele Di Benedetto,7c254c75,deGER,MF,Stuttgart,18.0,2005.0,2023-2024,GER
Justin Diehl,d82a310a,deGER,MF,Köln,18.0,2004.0,2023-2024,GER
Eric Dier,ac861941,engENG,DF,Bayern Munich,29.0,1994.0,2023-2024,GER
Florian Dietz,8779ddf8,deGER,FW,Köln,24.0,1998.0,2023-2024,GER
Junior Dina Ebimbe,95bb6ddc,cmCMR,MF,Eintracht Frankfurt,22.0,2000.0,2023-2024,GER
Eren Dinkçi,4ccd8957,deGER,MF,Heidenheim,21.0,2001.0,2023-2024,GER
Ritsu Doan,d01bbb6f,jpJPN,MF,Freiburg,25.0,1998.0,2023-2024,GER
Danilho Doekhi,f67c9d29,nlNED,DF,Union Berlin,25.0,1998.0,2023-2024,GER
Niklas Dorsch,7f73bdf4,deGER,MF,Augsburg,25.0,1998.0,2023-2024,GER
Nikola Dovedan,57d9f511,atAUT,MF,Heidenheim,29.0,1994.0,2023-2024,GER
Damion Downs,640134d6,usUSA,FW,Köln,19.0,2004.0,2023-2024,GER
Dion Drena Beljo,9a2e3a23,hrCRO,"FW,MF",Augsburg,21.0,2002.0,2023-2024,GER
Tim Drexler,0911b4fc,deGER,DF,Hoffenheim,18.0,2005.0,2023-2024,GER
Marvin Ducksch,638a4d71,deGER,FW,Werder Bremen,29.0,1994.0,2023-2024,GER
Julien Duranville,b06a7ae9,beBEL,FW,Dortmund,17.0,2006.0,2023-2024,GER
Maximilian Eggestein,beb882a8,deGER,MF,Freiburg,26.0,1996.0,2023-2024,GER
Lilian Egloff,2f7fec15,deGER,MF,Stuttgart,20.0,2002.0,2023-2024,GER
Hugo Ekitike,5b92d896,frFRA,FW,Eintracht Frankfurt,21.0,2002.0,2023-2024,GER
Elif Elmas,cf007308,mkMKD,MF,RB Leipzig,23.0,1999.0,2023-2024,GER
Nico Elvedi,48035304,chSUI,DF,Gladbach,26.0,1996.0,2023-2024,GER
Arne Engels,554bcc91,beBEL,"MF,DF",Augsburg,19.0,2003.0,2023-2024,GER
Ohis Felix Uduokhai,677da306,deGER,DF,Augsburg,25.0,1997.0,2023-2024,GER
Edimilson Fernandes,3bb625ac,chSUI,DF,Mainz 05,27.0,1996.0,2023-2024,GER
Nacho Ferri,58468842,esESP,FW,Eintracht Frankfurt,18.0,2004.0,2023-2024,GER
Max Finkgräfe,7ebd0896,deGER,DF,Köln,19.0,2004.0,2023-2024,GER
Kilian Fischer,79f7302a,deGER,"MF,DF",Wolfsburg,22.0,2000.0,2023-2024,GER
Jonas Föhrenbach,1b4be8eb,deGER,DF,Heidenheim,27.0,1996.0,2023-2024,GER
Emil Forsberg,9a2e0ccc,seSWE,MF,RB Leipzig,31.0,1991.0,2023-2024,GER
Philipp Förster,76fa965f,deGER,MF,Bochum,28.0,1995.0,2023-2024,GER
Bartol Franjić,697dc00a,hrCRO,MF,Darmstadt 98,23.0,2000.0,2023-2024,GER
Marco Friedl,f86ad3f5,atAUT,DF,Werder Bremen,25.0,1998.0,2023-2024,GER
Marvin Friedrich,b77f44a4,deGER,DF,Gladbach,27.0,1995.0,2023-2024,GER
Jeremie Frimpong,74f2e748,nlNED,MF,Leverkusen,22.0,2000.0,2023-2024,GER
Chris Führich,0cf778df,deGER,MF,Stuttgart,25.0,1998.0,2023-2024,GER
Shiō Fukuda,056a8552,jpJPN,FW,Gladbach,19.0,2004.0,2023-2024,GER
Niclas Füllkrug,4f16405e,deGER,FW,Werder Bremen,30.0,1993.0,2023-2024,GER
Niclas Füllkrug,4f16405e,deGER,FW,Dortmund,30.0,1993.0,2023-2024,GER
Cristian Gamboa,f27680d9,crCRC,"DF,MF",Bochum,33.0,1989.0,2023-2024,GER
Dennis Geiger,37f606f0,deGER,MF,Hoffenheim,25.0,1998.0,2023-2024,GER
Yannick Gerhardt,62ab9184,deGER,MF,Wolfsburg,29.0,1994.0,2023-2024,GER
Anwar El Ghazi,ffa90327,nlNED,"FW,MF",Mainz 05,28.0,1995.0,2023-2024,GER
Benedikt Gimber,e5f76710,deGER,DF,Heidenheim,26.0,1997.0,2023-2024,GER
Matthias Ginter,f521b80a,deGER,DF,Freiburg,29.0,1994.0,2023-2024,GER
Jamie Gittens,10745192,engENG,"MF,FW",Dortmund,18.0,2004.0,2023-2024,GER
Klaus Gjasula,431c837b,alALB,"DF,MF",Darmstadt 98,33.0,1989.0,2023-2024,GER
Serge Gnabry,88e357ef,deGER,MF,Bayern Munich,28.0,1995.0,2023-2024,GER
Leon Goretzka,cc86b9a3,deGER,MF,Bayern Munich,28.0,1995.0,2023-2024,GER
Robin Gosens,2d970560,deGER,"MF,DF",Union Berlin,29.0,1994.0,2023-2024,GER
Mario Götze,9efa1d25,deGER,MF,Eintracht Frankfurt,31.0,1992.0,2023-2024,GER
Jeffrey Gouweleeuw,1025db8e,nlNED,DF,Augsburg,32.0,1991.0,2023-2024,GER
Jens Grahl,f26dee6b,deGER,GK,Eintracht Frankfurt,34.0,1988.0,2023-2024,GER
Ryan Gravenberch,b8e740fb,nlNED,MF,Bayern Munich,21.0,2002.0,2023-2024,GER
Michael Gregoritsch,8e235926,atAUT,FW,Freiburg,29.0,1994.0,2023-2024,GER
Vincenzo Grifo,54e4866f,itITA,MF,Freiburg,30.0,1993.0,2023-2024,GER
Florian Grillitsch,ffbbc83b,atAUT,"DF,MF",Hoffenheim,27.0,1995.0,2023-2024,GER
Álex Grimaldo,b1f4086c,esESP,MF,Leverkusen,27.0,1995.0,2023-2024,GER
Christian Groß,14a7af33,deGER,"DF,MF",Werder Bremen,34.0,1989.0,2023-2024,GER
Brajan Gruda,ae9b998d,deGER,"MF,FW",Mainz 05,19.0,2004.0,2023-2024,GER
Ilia Gruev,1fc4f3d1,bgBUL,MF,Werder Bremen,23.0,2000.0,2023-2024,GER
Raphaël Guerreiro,048a1cbc,ptPOR,"MF,DF",Bayern Munich,29.0,1993.0,2023-2024,GER
Josuha Guilavogui,e6c43eec,frFRA,DF,Mainz 05,32.0,1990.0,2023-2024,GER
Serhou Guirassy,923f4dda,gnGUI,FW,Stuttgart,27.0,1996.0,2023-2024,GER
Péter Gulácsi,bcb2ccd8,huHUN,GK,RB Leipzig,33.0,1990.0,2023-2024,GER
Manuel Gulde,25ab9c9c,deGER,DF,Freiburg,32.0,1991.0,2023-2024,GER
Robert Gumny,1df0c0b9,plPOL,"DF,MF",Augsburg,25.0,1998.0,2023-2024,GER
Christian Günter,8593f88c,deGER,"MF,DF",Freiburg,30.0,1993.0,2023-2024,GER
Janik Haberer,70dcf94d,deGER,MF,Union Berlin,29.0,1994.0,2023-2024,GER
Robin Hack,0174ba21,deGER,"FW,MF",Gladbach,24.0,1998.0,2023-2024,GER
Amadou Haidara,92432bc6,mlMLI,MF,RB Leipzig,25.0,1998.0,2023-2024,GER
Sébastien Haller,ba115a40,ciCIV,FW,Dortmund,29.0,1994.0,2023-2024,GER
Andreas Hanche-Olsen,2e77d607,noNOR,DF,Mainz 05,26.0,1997.0,2023-2024,GER
Isak Hansen-Aarøen,4f96ed39,noNOR,MF,Werder Bremen,18.0,2004.0,2023-2024,GER
Genki Haraguchi,f24ea523,jpJPN,"FW,MF",Stuttgart,32.0,1991.0,2023-2024,GER
Makoto Hasebe,9ab16552,jpJPN,"MF,DF",Eintracht Frankfurt,39.0,1984.0,2023-2024,GER
Thorgan Hazard,50871bcc,beBEL,"FW,MF",Dortmund,30.0,1993.0,2023-2024,GER
Dominique Heintz,699fb8db,deGER,DF,Köln,29.0,1993.0,2023-2024,GER
Benjamin Henrichs,0a89e877,deGER,"DF,MF",RB Leipzig,26.0,1997.0,2023-2024,GER
Patrick Herrmann,dfb6490a,deGER,"FW,MF",Gladbach,32.0,1991.0,2023-2024,GER
Piero Hincapié,0c7a48f8,ecECU,DF,Leverkusen,21.0,2002.0,2023-2024,GER
Adam Hložek,5521f419,czCZE,"MF,FW",Leverkusen,21.0,2002.0,2023-2024,GER
Nicolas Höfler,5d8e331f,deGER,MF,Freiburg,33.0,1990.0,2023-2024,GER
Jonas Hofmann,2903a856,deGER,MF,Leverkusen,31.0,1992.0,2023-2024,GER
Philipp Hofmann,877bc844,deGER,FW,Bochum,30.0,1993.0,2023-2024,GER
Lucas Höler,ca618d23,deGER,"FW,MF",Freiburg,29.0,1994.0,2023-2024,GER
Fabian Holland,017018d1,deGER,"MF,DF",Darmstadt 98,33.0,1990.0,2023-2024,GER
Benedict Hollerbach,2a158218,deGER,"FW,MF",Union Berlin,22.0,2001.0,2023-2024,GER
Gerrit Holtmann,2979c05a,phPHI,MF,Darmstadt 98,28.0,1995.0,2023-2024,GER
Franck Honorat,db7849ca,frFRA,"MF,FW",Gladbach,26.0,1996.0,2023-2024,GER
Mathias Honsak,3dbdbb6a,atAUT,"MF,FW",Darmstadt 98,26.0,1996.0,2023-2024,GER
Fraser Hornby,29aee77c,sctSCO,FW,Darmstadt 98,23.0,1999.0,2023-2024,GER
Lukáš Hrádecký,ad3389d5,fiFIN,GK,Leverkusen,33.0,1989.0,2023-2024,GER
Timo Hübers,94302c52,deGER,DF,Köln,27.0,1996.0,2023-2024,GER
Mats Hummels,05d548d8,deGER,DF,Dortmund,34.0,1988.0,2023-2024,GER
Denis Huseinbasic,b116c6e3,baBIH,MF,Köln,22.0,2001.0,2023-2024,GER
Iago,054849d2,brBRA,"DF,MF",Augsburg,26.0,1997.0,2023-2024,GER
Borja Iglesias,75645f0e,esESP,FW,Leverkusen,30.0,1993.0,2023-2024,GER
Joel Imasuen,fb6316d5,usUSA,FW,Werder Bremen,18.0,2004.0,2023-2024,GER
Thomas Isherwood,2be28a0c,seSWE,DF,Darmstadt 98,25.0,1998.0,2023-2024,GER
Ko Itakura,97d545ae,jpJPN,"DF,MF",Gladbach,26.0,1997.0,2023-2024,GER
Hiroki Ito,204dded0,jpJPN,DF,Stuttgart,24.0,1999.0,2023-2024,GER
Lee Jae-sung,34b0387f,krKOR,MF,Mainz 05,30.0,1992.0,2023-2024,GER
Paul Jaeckel,a93b6f4e,deGER,DF,Union Berlin,25.0,1998.0,2023-2024,GER
Kristijan Jakić,a8ee54ad,hrCRO,MF,Augsburg,26.0,1997.0,2023-2024,GER
Kristijan Jakić,a8ee54ad,hrCRO,MF,Eintracht Frankfurt,26.0,1997.0,2023-2024,GER
Tony Jantschke,34b54da7,deGER,"DF,MF",Gladbach,33.0,1990.0,2023-2024,GER
Nuha Jatta,039f01a9,gmGAM,MF,RB Leipzig,17.0,2006.0,2023-2024,GER
Fredrik Jensen,3eeb80e0,fiFIN,MF,Augsburg,25.0,1997.0,2023-2024,GER
Moritz Jenz,ee644761,deGER,DF,Wolfsburg,24.0,1999.0,2023-2024,GER
Anthony Jung,de838f86,deGER,"DF,MF",Werder Bremen,31.0,1991.0,2023-2024,GER
Josip Juranović,0a084b35,hrCRO,"MF,DF",Union Berlin,27.0,1995.0,2023-2024,GER
David Jurásek,d7a03bf3,czCZE,"MF,DF",Hoffenheim,22.0,2000.0,2023-2024,GER
Julian Justvan,ab1a72b4,deGER,"FW,MF",Hoffenheim,25.0,1998.0,2023-2024,GER
Julian Justvan,ab1a72b4,deGER,MF,Darmstadt 98,25.0,1998.0,2023-2024,GER
Ozan Kabak,2d61d13a,trTUR,DF,Hoffenheim,23.0,2000.0,2023-2024,GER
Pavel Kadeřábek,79c90e45,czCZE,"MF,DF",Hoffenheim,31.0,1992.0,2023-2024,GER
Florian Kainz,94c18565,atAUT,MF,Köln,30.0,1992.0,2023-2024,GER
Sasa Kalajdzic,15f24fe7,atAUT,FW,Eintracht Frankfurt,26.0,1997.0,2023-2024,GER
Jakub Kamiński,202b3b68,plPOL,MF,Wolfsburg,21.0,2002.0,2023-2024,GER
Kevin Kampl,b825a650,siSVN,MF,RB Leipzig,32.0,1990.0,2023-2024,GER
Harry Kane,21a66f6a,engENG,FW,Bayern Munich,30.0,1993.0,2023-2024,GER
Atakan Karazor,5762be5c,trTUR,MF,Stuttgart,26.0,1996.0,2023-2024,GER
Emir Karic,7bbb0ac4,baBIH,"MF,DF",Darmstadt 98,26.0,1997.0,2023-2024,GER
Silas Katompa,de4cac2d,cdCOD,MF,Stuttgart,24.0,1998.0,2023-2024,GER
Mikkel Kaufmann,6e269dd3,dkDEN,FW,Union Berlin,22.0,2001.0,2023-2024,GER
Naby Keïta,f25c8e3a,gnGUI,MF,Werder Bremen,28.0,1995.0,2023-2024,GER
Yannik Keitel,d2c580ce,deGER,"DF,MF",Freiburg,23.0,2000.0,2023-2024,GER
Thomas Keller,285c7011,deGER,"DF,MF",Heidenheim,23.0,1999.0,2023-2024,GER
Aljoscha Kemlein,4658e309,deGER,MF,Union Berlin,18.0,2004.0,2023-2024,GER
Tobias Kempe,d7cdfd81,deGER,MF,Darmstadt 98,34.0,1989.0,2023-2024,GER
Rani Khedira,59e4b92e,deGER,MF,Union Berlin,29.0,1994.0,2023-2024,GER
Luca Kilian,610aa1e9,deGER,DF,Köln,23.0,1999.0,2023-2024,GER
Joshua Kimmich,49296448,deGER,"MF,DF",Bayern Munich,28.0,1995.0,2023-2024,GER
Christoph Klarer,144e8717,atAUT,DF,Darmstadt 98,23.0,2000.0,2023-2024,GER
Tim Kleindienst,258a6f4d,deGER,FW,Heidenheim,27.0,1995.0,2023-2024,GER
Lukas Klostermann,ca8033cb,deGER,DF,RB Leipzig,27.0,1996.0,2023-2024,GER
Ansgar Knauff,19a967ab,deGER,"MF,FW",Eintracht Frankfurt,21.0,2002.0,2023-2024,GER
Robin Knoche,6bd5cd5d,deGER,DF,Union Berlin,31.0,1992.0,2023-2024,GER
Gregor Kobel,cd59b9df,chSUI,GK,Dortmund,25.0,1997.0,2023-2024,GER
Robin Koch,ea6bc03a,deGER,DF,Eintracht Frankfurt,27.0,1996.0,2023-2024,GER
Dominik Kohr,0fbecd11,deGER,"DF,MF",Mainz 05,29.0,1994.0,2023-2024,GER
Randal Kolo Muani,c0b3669f,frFRA,FW,Eintracht Frankfurt,24.0,1998.0,2023-2024,GER
Mert Kömür,ec68a918,deGER,FW,Augsburg,18.0,2005.0,2023-2024,GER
Manu Koné,86574238,frFRA,MF,Gladbach,22.0,2001.0,2023-2024,GER
Odilon Kossounou,1f3afdcb,ciCIV,DF,Leverkusen,22.0,2001.0,2023-2024,GER
Tomáš Koubek,dc366c36,czCZE,GK,Augsburg,30.0,1992.0,2023-2024,GER
Matej Kovar,bc67a0e1,czCZE,GK,Leverkusen,23.0,2000.0,2023-2024,GER
Dawid Kownacki,be5e1c4c,plPOL,FW,Werder Bremen,26.0,1997.0,2023-2024,GER
Alex Král,e717705a,czCZE,MF,Union Berlin,25.0,1998.0,2023-2024,GER
Andrej Kramarić,603cb947,hrCRO,"MF,FW",Hoffenheim,32.0,1991.0,2023-2024,GER
Christoph Kramer,496aeede,deGER,MF,Gladbach,32.0,1991.0,2023-2024,GER
Frans Krätzig,1fc08838,deGER,"DF,MF",Bayern Munich,20.0,2003.0,2023-2024,GER
Tom Krauß,9f77012e,deGER,MF,Mainz 05,22.0,2001.0,2023-2024,GER
Lukas Kübler,2a29eb9b,deGER,DF,Freiburg,30.0,1992.0,2023-2024,GER
Mahmut Kücüksahin,5c954071,,DF,Augsburg,19.0,2004.0,2023-2024,GER
Christian Kühlwetter,2a73f18d,deGER,"FW,MF",Heidenheim,27.0,1996.0,2023-2024,GER
Moritz-Broni Kwarteng,1e2057aa,ghGHA,"MF,FW",Bochum,25.0,1998.0,2023-2024,GER
Maxence Lacroix,277c49ed,frFRA,DF,Wolfsburg,23.0,2000.0,2023-2024,GER
Aïssa Laïdouni,22798128,tnTUN,MF,Union Berlin,26.0,1996.0,2023-2024,GER
Konrad Laimer,c1b7847c,atAUT,"MF,DF",Bayern Munich,26.0,1997.0,2023-2024,GER
Stefan Lainer,4aea5077,atAUT,"MF,DF",Gladbach,30.0,1992.0,2023-2024,GER
Hugo Larsson,00c9a283,seSWE,MF,Eintracht Frankfurt,19.0,2004.0,2023-2024,GER
Diogo Leite,c4987edc,ptPOR,DF,Union Berlin,24.0,1999.0,2023-2024,GER
Maxim Leitsch,7e12a98d,deGER,DF,Mainz 05,25.0,1998.0,2023-2024,GER
Christopher Lenz,bbd86530,deGER,"DF,MF",RB Leipzig,28.0,1994.0,2023-2024,GER
Christopher Lenz,bbd86530,deGER,"DF,MF",Eintracht Frankfurt,28.0,1994.0,2023-2024,GER
Jamie Leweling,13fe7b69,deGER,MF,Stuttgart,22.0,2001.0,2023-2024,GER
Philipp Lienhart,302527b2,atAUT,DF,Freiburg,27.0,1996.0,2023-2024,GER
Matthijs de Ligt,d6e53a3a,nlNED,DF,Bayern Munich,23.0,1999.0,2023-2024,GER
Jesper Lindstrøm,37dc1a48,dkDEN,FW,Eintracht Frankfurt,23.0,2000.0,2023-2024,GER
Dejan Ljubicic,c455a2b2,atAUT,MF,Köln,25.0,1997.0,2023-2024,GER
Noah Loosli,5dbfd101,chSUI,DF,Bochum,26.0,1997.0,2023-2024,GER
Anthony Losilla,07c7eb0c,frFRA,MF,Bochum,37.0,1986.0,2023-2024,GER
Castello Lukeba,5b9512c5,frFRA,DF,RB Leipzig,20.0,2002.0,2023-2024,GER
Andreas Luthe,7fe12375,deGER,GK,Bochum,36.0,1987.0,2023-2024,GER
Senne Lynen,0ed60738,beBEL,MF,Werder Bremen,24.0,1999.0,2023-2024,GER
Ian Maatsen,cab9634e,nlNED,DF,Dortmund,21.0,2002.0,2023-2024,GER
Matej Maglica,36cf2caf,hrCRO,DF,Darmstadt 98,24.0,1998.0,2023-2024,GER
Arne Maier,ab700320,deGER,"MF,FW",Augsburg,24.0,1999.0,2023-2024,GER
Linton Maina,e5d85da8,deGER,MF,Köln,24.0,1999.0,2023-2024,GER
Patrick Mainka,dd9caa07,deGER,DF,Heidenheim,28.0,1994.0,2023-2024,GER
Lovro Majer,fc46aab1,hrCRO,"MF,FW",Wolfsburg,25.0,1998.0,2023-2024,GER
Jordy Makengo,14b09c41,frFRA,"DF,MF",Freiburg,21.0,2001.0,2023-2024,GER
Julián Malatini,8b84b707,arARG,DF,Werder Bremen,22.0,2001.0,2023-2024,GER
Donyell Malen,116c35df,nlNED,"MF,FW",Dortmund,24.0,1999.0,2023-2024,GER
Lennard Maloney,75402e99,usUSA,MF,Heidenheim,23.0,1999.0,2023-2024,GER
David Mamutovic,7c24eaf8,deGER,MF,Mainz 05,22.0,2000.0,2023-2024,GER
Braydon Manu,e9a97974,ghGHA,MF,Darmstadt 98,26.0,1997.0,2023-2024,GER
Omar Marmoush,0e0102eb,egEGY,"FW,MF",Eintracht Frankfurt,24.0,1999.0,2023-2024,GER
Eric Martel,92a16062,deGER,MF,Köln,21.0,2002.0,2023-2024,GER
Erhan Mašović,a396fb61,rsSRB,"DF,MF",Bochum,24.0,1998.0,2023-2024,GER
Roberto Massimo,fc62fdf4,deGER,"FW,MF",Stuttgart,22.0,2000.0,2023-2024,GER
Jean Mattéo Bahoya,70d4c949,frFRA,MF,Eintracht Frankfurt,18.0,2005.0,2023-2024,GER
Philipp Max,826e8b63,deGER,"MF,DF",Eintracht Frankfurt,29.0,1993.0,2023-2024,GER
Eric Maxim Choupo-Moting,0e6bc38c,cmCMR,MF,Bayern Munich,34.0,1989.0,2023-2024,GER
Noussair Mazraoui,b74277a0,maMAR,DF,Bayern Munich,25.0,1997.0,2023-2024,GER
Kevin Mbabu,493924a7,chSUI,"DF,MF",Augsburg,28.0,1995.0,2023-2024,GER
Noah Mbamba,e75129bd,beBEL,MF,Leverkusen,18.0,2005.0,2023-2024,GER
Nathanael Mbuku,46750e9c,cdCOD,MF,Augsburg,21.0,2002.0,2023-2024,GER
Marvin Mehlem,10876d02,deGER,MF,Darmstadt 98,25.0,1997.0,2023-2024,GER
Thomas Meunier,e162b013,beBEL,DF,Dortmund,31.0,1991.0,2023-2024,GER
Alexander Meyer,b56dd813,deGER,GK,Dortmund,32.0,1991.0,2023-2024,GER
Sven Michel,1e274a0a,deGER,"FW,MF",Augsburg,33.0,1990.0,2023-2024,GER
Enzo Millot,f76022e7,frFRA,MF,Stuttgart,21.0,2002.0,2023-2024,GER
Jovan Milošević,fdbe14c8,rsSRB,FW,Stuttgart,18.0,2005.0,2023-2024,GER
Kim Min-jae,e0f8151c,krKOR,DF,Bayern Munich,26.0,1996.0,2023-2024,GER
Maximilian Mittelstädt,88d4144a,deGER,"DF,MF",Stuttgart,26.0,1997.0,2023-2024,GER
Marko Mladenović,6510ee8d,rsSRB,MF,Eintracht Frankfurt,18.0,2005.0,2023-2024,GER
Max Moerstedt,710045fb,deGER,FW,Hoffenheim,17.0,2006.0,2023-2024,GER
Mateu Morey,5fd5e542,esESP,DF,Dortmund,23.0,2000.0,2023-2024,GER
Youssoufa Moukoko,6ce43701,deGER,FW,Dortmund,18.0,2004.0,2023-2024,GER
Andreas Müller,2244908c,deGER,MF,Darmstadt 98,23.0,2000.0,2023-2024,GER
Jannik Müller,796a5f30,deGER,DF,Darmstadt 98,29.0,1994.0,2023-2024,GER
Kevin Müller,f256f213,deGER,GK,Heidenheim,32.0,1991.0,2023-2024,GER
Marcus Müller,3c151571,deGER,FW,Mainz 05,20.0,2002.0,2023-2024,GER
Thomas Müller,3c6089ab,deGER,MF,Bayern Munich,33.0,1989.0,2023-2024,GER
Jamal Musiala,2c0558b8,deGER,MF,Bayern Munich,20.0,2003.0,2023-2024,GER
Florent Muslija,ae961785,xkKVX,"FW,MF",Freiburg,25.0,1998.0,2023-2024,GER
Phillipp Mwene,2ff76adc,atAUT,"MF,DF",Mainz 05,29.0,1994.0,2023-2024,GER
Joakim Mæhle,c459a650,dkDEN,"DF,MF",Wolfsburg,26.0,1997.0,2023-2024,GER
Nathan N'Goumou,e110ea4b,cmCMR,"MF,FW",Gladbach,23.0,2000.0,2023-2024,GER
Stanley N'Soki,61590953,frFRA,"DF,MF",Hoffenheim,24.0,1999.0,2023-2024,GER
Luca Netz,e79269bd,deGER,"MF,DF",Gladbach,20.0,2003.0,2023-2024,GER
Manuel Neuer,8778c910,deGER,GK,Bayern Munich,37.0,1986.0,2023-2024,GER
Florian Neuhaus,36a59ba4,deGER,MF,Gladbach,26.0,1997.0,2023-2024,GER
Jessic Ngankam,bc249af8,deGER,"MF,FW",Mainz 05,23.0,2000.0,2023-2024,GER
Jessic Ngankam,bc249af8,deGER,FW,Eintracht Frankfurt,23.0,2000.0,2023-2024,GER
Moritz Nicolas,226ddf9d,deGER,GK,Gladbach,25.0,1997.0,2023-2024,GER
Justin Njinmah,a45241d5,deGER,FW,Werder Bremen,22.0,2000.0,2023-2024,GER
Niels Nkounkou,f5b281e7,frFRA,"MF,DF",Eintracht Frankfurt,22.0,2000.0,2023-2024,GER
Felix Nmecha,091c86e2,deGER,MF,Dortmund,22.0,2000.0,2023-2024,GER
Lukas Nmecha,0cc5f4a5,deGER,FW,Wolfsburg,24.0,1998.0,2023-2024,GER
Jonathan Norbye,ef97654b,noNOR,DF,RB Leipzig,16.0,2007.0,2023-2024,GER
Alexander Nübel,afb0c500,deGER,GK,Stuttgart,26.0,1996.0,2023-2024,GER
Kasim Nuhu,93a50d2c,ghGHA,DF,Hoffenheim,28.0,1995.0,2023-2024,GER
Fabian Nürnberger,178018f9,bgBUL,MF,Darmstadt 98,24.0,1999.0,2023-2024,GER
Tim Oermann,57ec75bf,deGER,DF,Bochum,19.0,2003.0,2023-2024,GER
Masaya Okugawa,63b9cc6d,jpJPN,"FW,MF",Augsburg,27.0,1996.0,2023-2024,GER
Finn Ole Becker,dd2e62da,deGER,MF,Hoffenheim,23.0,2000.0,2023-2024,GER
Mathias Olesen,86adbcc7,luLUX,MF,Köln,22.0,2001.0,2023-2024,GER
Dani Olmo,ae44e8e2,esESP,MF,RB Leipzig,25.0,1998.0,2023-2024,GER
Jonas Omlin,c631f952,chSUI,GK,Gladbach,29.0,1994.0,2023-2024,GER
Karim Onisiwo,f26834c7,atAUT,"FW,MF",Mainz 05,31.0,1992.0,2023-2024,GER
Loïs Openda,8652a85c,beBEL,FW,RB Leipzig,23.0,2000.0,2023-2024,GER
Leon Opitz,319fa018,deGER,MF,Werder Bremen,18.0,2005.0,2023-2024,GER
Willi Orban,20030c06,huHUN,DF,RB Leipzig,30.0,1992.0,2023-2024,GER
Ivan Ordets,86c75897,uaUKR,DF,Bochum,31.0,1992.0,2023-2024,GER
Patrick Osterhage,9662c9ec,deGER,MF,Bochum,23.0,2000.0,2023-2024,GER
Salih Özcan,15413fa5,trTUR,MF,Dortmund,25.0,1998.0,2023-2024,GER
Willian Pacho,ecbe2839,ecECU,DF,Eintracht Frankfurt,21.0,2001.0,2023-2024,GER
Gonçalo Paciência,962e54cb,ptPOR,FW,Bochum,28.0,1994.0,2023-2024,GER
Exequiel Palacios,e82adcab,arARG,MF,Leverkusen,24.0,1998.0,2023-2024,GER
Miloš Pantović,5dc15574,rsSRB,"FW,MF",Union Berlin,27.0,1996.0,2023-2024,GER
Antonios Papadopoulos,13d23b29,deGER,DF,Dortmund,23.0,1999.0,2023-2024,GER
Merveille Papela,b4b08774,deGER,MF,Mainz 05,22.0,2001.0,2023-2024,GER
Leart Paqarada,82bfc14d,xkKVX,DF,Köln,28.0,1994.0,2023-2024,GER
Kevin Paredes,5c50fdbc,usUSA,"MF,DF",Wolfsburg,20.0,2003.0,2023-2024,GER
Felix Passlack,5c899683,deGER,"DF,MF",Bochum,25.0,1998.0,2023-2024,GER
Jiří Pavlenka,0a1cb833,czCZE,GK,Werder Bremen,31.0,1992.0,2023-2024,GER
Aleksandar Pavlovic,2658c82f,deGER,MF,Bayern Munich,19.0,2004.0,2023-2024,GER
Mads Pedersen,582a5247,dkDEN,"DF,MF",Augsburg,26.0,1996.0,2023-2024,GER
Jordan Pefok,b684a484,usUSA,FW,Gladbach,27.0,1996.0,2023-2024,GER
Jordan Pefok,b684a484,usUSA,FW,Union Berlin,27.0,1996.0,2023-2024,GER
Dženan Pejčinović,80f252f6,deGER,DF,Wolfsburg,18.0,2005.0,2023-2024,GER
Daniel Peretz,3f29b3ba,ilISR,GK,Bayern Munich,23.0,2000.0,2023-2024,GER
Matteo Perez Vinlöf,7c762839,seSWE,DF,Bayern Munich,17.0,2005.0,2023-2024,GER
Pavao Pervan,c89e8aae,atAUT,GK,Wolfsburg,35.0,1987.0,2023-2024,GER
Jens Petter Hauge,12c35abe,noNOR,"DF,FW",Eintracht Frankfurt,23.0,1999.0,2023-2024,GER
Luca Pfeiffer,83e1f40e,deGER,"FW,MF",Darmstadt 98,26.0,1996.0,2023-2024,GER
Patric Pfeiffer,d07d0aeb,deGER,DF,Augsburg,23.0,1999.0,2023-2024,GER
Maximilian Philipp,061e8e23,deGER,FW,Freiburg,29.0,1994.0,2023-2024,GER
Florian Pick,00e36323,deGER,MF,Heidenheim,27.0,1995.0,2023-2024,GER
Amos Pieper,526ea7cc,deGER,DF,Werder Bremen,25.0,1998.0,2023-2024,GER
Marvin Pieringer,11407d95,deGER,"FW,MF",Heidenheim,23.0,1999.0,2023-2024,GER
Alassane Pléa,bc6bd723,frFRA,"FW,MF",Gladbach,30.0,1993.0,2023-2024,GER
Ole Pohlmann,822b83e8,deGER,"FW,MF",Dortmund,22.0,2001.0,2023-2024,GER
Sebastian Polter,3745e8bd,deGER,FW,Darmstadt 98,32.0,1991.0,2023-2024,GER
Yussuf Poulsen,d2416c2e,dkDEN,FW,RB Leipzig,29.0,1994.0,2023-2024,GER
Grischa Prömel,924f9191,deGER,MF,Hoffenheim,28.0,1995.0,2023-2024,GER
Gustavo Puerta,2c08cab0,coCOL,MF,Leverkusen,20.0,2003.0,2023-2024,GER
Luca Raimund,df1665d7,deGER,MF,Stuttgart,18.0,2005.0,2023-2024,GER
Grant Ranos,0ee6ea6a,amARM,FW,Gladbach,20.0,2003.0,2023-2024,GER
Nicolai Rapp,c8b3a472,deGER,DF,Werder Bremen,26.0,1996.0,2023-2024,GER
David Raum,7d450ed3,deGER,DF,RB Leipzig,25.0,1998.0,2023-2024,GER
Rocco Reitz,cc971106,deGER,MF,Gladbach,21.0,2002.0,2023-2024,GER
Marco Reus,36a3ff67,deGER,MF,Dortmund,34.0,1989.0,2023-2024,GER
Elvis Rexhbeçaj,1ae836b1,xkKVX,MF,Augsburg,25.0,1997.0,2023-2024,GER
Gio Reyna,7fa4e703,usUSA,MF,Dortmund,20.0,2002.0,2023-2024,GER
Marco Richter,f972644c,deGER,MF,Mainz 05,25.0,1997.0,2023-2024,GER
Clemens Riedel,77cfae67,deGER,"DF,MF",Darmstadt 98,20.0,2003.0,2023-2024,GER
Manuel Riemann,9f941969,deGER,GK,Bochum,34.0,1988.0,2023-2024,GER
Sebastian Rode,e12b0b5b,deGER,MF,Eintracht Frankfurt,32.0,1990.0,2023-2024,GER
Rogério,10e7f486,brBRA,"DF,MF",Wolfsburg,25.0,1998.0,2023-2024,GER
Merlin Röhl,1f2c7b55,deGER,"MF,FW",Freiburg,21.0,2002.0,2023-2024,GER
Frank Ronstadt,51d29173,deGER,"DF,MF",Darmstadt 98,26.0,1997.0,2023-2024,GER
Anthony Rouault,9b545925,frFRA,DF,Stuttgart,22.0,2001.0,2023-2024,GER
Jérôme Roussillon,13203c45,frFRA,"DF,MF",Union Berlin,30.0,1993.0,2023-2024,GER
Fabian Rüdlin,96cfb5e2,deGER,MF,Freiburg,26.0,1997.0,2023-2024,GER
Julian Ryerson,009a4f60,noNOR,DF,Dortmund,25.0,1997.0,2023-2024,GER
Frederik Rønnow,a70b8345,dkDEN,GK,Union Berlin,30.0,1992.0,2023-2024,GER
Marcel Sabitzer,e280527c,atAUT,MF,Dortmund,29.0,1994.0,2023-2024,GER
Roland Sallai,bf075f6b,huHUN,"MF,FW",Freiburg,26.0,1997.0,2023-2024,GER
Diadie Samassékou,08593525,mlMLI,MF,Hoffenheim,27.0,1996.0,2023-2024,GER
Jadon Sancho,dbf053da,engENG,"MF,FW",Dortmund,23.0,2000.0,2023-2024,GER
Leroy Sané,2b114be3,deGER,MF,Bayern Munich,27.0,1996.0,2023-2024,GER
Amin Sarr,d5326924,seSWE,"MF,FW",Wolfsburg,22.0,2001.0,2023-2024,GER
Bouna Sarr,1a4b9094,snSEN,DF,Bayern Munich,31.0,1992.0,2023-2024,GER
Joe Scally,236f02cd,usUSA,"DF,MF",Gladbach,20.0,2002.0,2023-2024,GER
András Schäfer,049751d7,huHUN,MF,Union Berlin,24.0,1999.0,2023-2024,GER
Patrik Schick,5d4f7d61,czCZE,FW,Leverkusen,27.0,1996.0,2023-2024,GER
Stefan Schimmer,395bbb60,deGER,FW,Heidenheim,29.0,1994.0,2023-2024,GER
Xaver Schlager,8f056768,atAUT,MF,RB Leipzig,25.0,1997.0,2023-2024,GER
Keven Schlotterbeck,f6bdc830,deGER,DF,Bochum,26.0,1997.0,2023-2024,GER
Nico Schlotterbeck,34e12499,deGER,DF,Dortmund,23.0,1999.0,2023-2024,GER
Romano Schmid,220ace7e,atAUT,"MF,FW",Werder Bremen,23.0,2000.0,2023-2024,GER
Kenneth Schmidt,7d31f1cb,deGER,DF,Freiburg,21.0,2002.0,2023-2024,GER
Benno Schmitz,ad00b1a8,deGER,DF,Köln,28.0,1994.0,2023-2024,GER
Fabian Schnellhardt,8575037f,deGER,MF,Darmstadt 98,29.0,1994.0,2023-2024,GER
Jan Schöppner,932bfcac,deGER,MF,Heidenheim,24.0,1999.0,2023-2024,GER
Marcel Schuhen,5fa2e0cf,deGER,GK,Darmstadt 98,30.0,1993.0,2023-2024,GER
Marvin Schwäbe,87436846,deGER,GK,Köln,28.0,1995.0,2023-2024,GER
Alexander Schwolow,0d55d942,deGER,GK,Union Berlin,31.0,1992.0,2023-2024,GER
Nicolas Seiwald,28c6e925,atAUT,MF,RB Leipzig,22.0,2001.0,2023-2024,GER
Davie Selke,1238a3f9,deGER,FW,Köln,28.0,1995.0,2023-2024,GER
Benjamin Šeško,3260690c,siSVN,FW,RB Leipzig,20.0,2003.0,2023-2024,GER
Kevin Sessa,fd82af8c,deGER,MF,Heidenheim,23.0,2000.0,2023-2024,GER
Aaron Seydel,85b6462d,deGER,FW,Darmstadt 98,27.0,1996.0,2023-2024,GER
Tim Siersleben,f761c901,deGER,DF,Heidenheim,23.0,2000.0,2023-2024,GER
Kiliann Sildillia,313254a3,frFRA,DF,Freiburg,21.0,2002.0,2023-2024,GER
Mohamed Simakan,fcb27134,frFRA,DF,RB Leipzig,23.0,2000.0,2023-2024,GER
Xavi Simons,da4d670f,nlNED,MF,RB Leipzig,20.0,2003.0,2023-2024,GER
Tim Skarke,65857fdf,deGER,"FW,MF",Darmstadt 98,26.0,1996.0,2023-2024,GER
Ellyes Skhiri,c2211709,tnTUN,MF,Eintracht Frankfurt,28.0,1995.0,2023-2024,GER
Robert Skov,ff98492b,dkDEN,MF,Hoffenheim,27.0,1996.0,2023-2024,GER
Hrvoje Smolčić,c967f6b8,hrCRO,DF,Eintracht Frankfurt,22.0,2000.0,2023-2024,GER
Danilo Soares,c05f2f8c,brBRA,MF,Bochum,31.0,1991.0,2023-2024,GER
Borna Sosa,af0d79a9,hrCRO,"DF,MF",Stuttgart,25.0,1998.0,2023-2024,GER
Anton Stach,0f59a7bf,deGER,MF,Hoffenheim,24.0,1998.0,2023-2024,GER
Anton Stach,0f59a7bf,deGER,MF,Mainz 05,24.0,1998.0,2023-2024,GER
Jens Stage,1fffae99,dkDEN,MF,Werder Bremen,26.0,1996.0,2023-2024,GER
Josip Stanišić,7ed08d5c,hrCRO,"DF,MF",Leverkusen,23.0,2000.0,2023-2024,GER
Niklas Stark,aad48be9,deGER,DF,Werder Bremen,28.0,1995.0,2023-2024,GER
Pascal Stenzel,99f7e9aa,deGER,DF,Stuttgart,27.0,1996.0,2023-2024,GER
Leonidas Stergiou,08391d76,chSUI,DF,Stuttgart,21.0,2002.0,2023-2024,GER
Angelo Stiller,3b1ed320,deGER,MF,Hoffenheim,22.0,2001.0,2023-2024,GER
Angelo Stiller,3b1ed320,deGER,MF,Stuttgart,22.0,2001.0,2023-2024,GER
Kevin Stöger,e5649a78,atAUT,MF,Bochum,29.0,1993.0,2023-2024,GER
Filip Stojilković,0cbe584d,chSUI,FW,Darmstadt 98,23.0,2000.0,2023-2024,GER
Niklas Süle,e33c06cf,deGER,DF,Dortmund,27.0,1995.0,2023-2024,GER
Mattias Svanberg,92d83c27,seSWE,MF,Wolfsburg,24.0,1999.0,2023-2024,GER
Attila Szalai,50ff205b,huHUN,DF,Hoffenheim,25.0,1998.0,2023-2024,GER
Attila Szalai,50ff205b,huHUN,"DF,MF",Freiburg,25.0,1998.0,2023-2024,GER
Jonathan Tah,bd142efb,deGER,DF,Leverkusen,27.0,1996.0,2023-2024,GER
Edmond Tapsoba,a73c8f95,bfBFA,DF,Leverkusen,24.0,1999.0,2023-2024,GER
Mathys Tel,829aa60c,frFRA,"MF,FW",Bayern Munich,18.0,2005.0,2023-2024,GER
Nathan Tella,f1e94cd6,ngNGA,MF,Leverkusen,24.0,1999.0,2023-2024,GER
Norman Theuerkauf,0cbf4c54,deGER,"MF,DF",Heidenheim,36.0,1987.0,2023-2024,GER
Jan Thielmann,fd53759d,deGER,"FW,MF",Köln,21.0,2002.0,2023-2024,GER
Denis Thomalla,b9ac6e0e,deGER,MF,Heidenheim,30.0,1992.0,2023-2024,GER
Phillip Tietz,3397e7b5,deGER,FW,Augsburg,26.0,1997.0,2023-2024,GER
Steffen Tigges,6b8887c2,deGER,FW,Köln,25.0,1998.0,2023-2024,GER
Umut Tohumcu,e547d3cf,deGER,MF,Hoffenheim,18.0,2004.0,2023-2024,GER
Tiago Tomás,b492126a,ptPOR,"FW,MF",Wolfsburg,21.0,2002.0,2023-2024,GER
Fabio Torsiello,9b5d89b3,itITA,FW,Darmstadt 98,18.0,2005.0,2023-2024,GER
Lucas Tousart,71ec39ef,frFRA,MF,Union Berlin,26.0,1997.0,2023-2024,GER
Omar Traoré,f44e8a73,deGER,DF,Heidenheim,25.0,1998.0,2023-2024,GER
Kevin Trapp,ce17b5eb,deGER,GK,Eintracht Frankfurt,33.0,1990.0,2023-2024,GER
Christopher Trimmel,056d2d95,atAUT,"MF,DF",Union Berlin,36.0,1987.0,2023-2024,GER
Tuta,35d64857,brBRA,"DF,MF",Eintracht Frankfurt,24.0,1999.0,2023-2024,GER
Lukas Ullrich,d646c218,deGER,DF,Gladbach,19.0,2004.0,2023-2024,GER
Sven Ulreich,7d3e7da6,deGER,GK,Bayern Munich,34.0,1988.0,2023-2024,GER
Deniz Undav,dd549382,deGER,"FW,MF",Stuttgart,27.0,1996.0,2023-2024,GER
Dayot Upamecano,d248cd8f,frFRA,DF,Bayern Munich,24.0,1998.0,2023-2024,GER
Mark Uth,a3ddb1b9,deGER,"MF,FW",Köln,31.0,1991.0,2023-2024,GER
Josha Vagnoman,fb377d11,deGER,"MF,DF",Stuttgart,22.0,2000.0,2023-2024,GER
Ruben Vargas,6ecbddf6,chSUI,"MF,FW",Augsburg,24.0,1998.0,2023-2024,GER
Miloš Veljković,a5ae8f8e,rsSRB,DF,Werder Bremen,27.0,1995.0,2023-2024,GER
Yorbe Vertessen,e8ef59da,beBEL,"FW,MF",Union Berlin,22.0,2001.0,2023-2024,GER
Oscar Vilhelmsson,e7f4869a,seSWE,FW,Darmstadt 98,19.0,2003.0,2023-2024,GER
Kevin Vogt,1d8e9add,deGER,DF,Hoffenheim,31.0,1991.0,2023-2024,GER
Kevin Vogt,1d8e9add,deGER,DF,Union Berlin,31.0,1991.0,2023-2024,GER
Kevin Volland,64f69877,deGER,"FW,MF",Union Berlin,31.0,1992.0,2023-2024,GER
Aster Vranckx,f86cd5df,beBEL,MF,Wolfsburg,20.0,2002.0,2023-2024,GER
Luca Waldschmidt,e5a35ae9,deGER,MF,Köln,27.0,1996.0,2023-2024,GER
Kjell-Arik Wätjen,0e006cae,deGER,MF,Dortmund,17.0,2006.0,2023-2024,GER
Wout Weghorst,c4e87b8b,nlNED,FW,Hoffenheim,30.0,1992.0,2023-2024,GER
Julian Weigl,346d51d9,deGER,MF,Gladbach,27.0,1995.0,2023-2024,GER
Nelson Weiper,231c67ff,deGER,FW,Mainz 05,18.0,2005.0,2023-2024,GER
Mitchell Weiser,30c220c3,deGER,MF,Werder Bremen,29.0,1994.0,2023-2024,GER
Noah Weißhaupt,dd676a97,deGER,MF,Freiburg,21.0,2001.0,2023-2024,GER
Timo Werner,49fe9070,deGER,"MF,FW",RB Leipzig,27.0,1996.0,2023-2024,GER
Silvan Widmer,f68b64fc,chSUI,"MF,DF",Mainz 05,30.0,1993.0,2023-2024,GER
Patrick Wimmer,cb11b429,atAUT,"MF,FW",Wolfsburg,22.0,2001.0,2023-2024,GER
Jonas Wind,2077ae86,dkDEN,FW,Wolfsburg,24.0,1999.0,2023-2024,GER
Florian Wirtz,e7fcf289,deGER,MF,Leverkusen,20.0,2003.0,2023-2024,GER
Maximilian Wittek,edb2712b,deGER,"MF,DF",Bochum,27.0,1995.0,2023-2024,GER
Maximilian Wöber,4b803b3c,atAUT,DF,Gladbach,25.0,1998.0,2023-2024,GER
Marius Wolf,fa661778,deGER,DF,Dortmund,28.0,1995.0,2023-2024,GER
Nick Woltemade,7ca196eb,deGER,"FW,MF",Werder Bremen,21.0,2002.0,2023-2024,GER
Jeong Woo-yeong,6190474d,krKOR,MF,Stuttgart,23.0,1999.0,2023-2024,GER
Granit Xhaka,e61b8aee,chSUI,MF,Leverkusen,30.0,1992.0,2023-2024,GER
Dan-Axel Zagadou,a4effc55,frFRA,DF,Stuttgart,24.0,1999.0,2023-2024,GER
Bryan Zaragoza,a96103b2,esESP,MF,Bayern Munich,21.0,2001.0,2023-2024,GER
Robin Zentner,5c4bf6ba,deGER,GK,Mainz 05,28.0,1994.0,2023-2024,GER
Cedric Zesiger,2bab583c,chSUI,DF,Wolfsburg,25.0,1998.0,2023-2024,GER
Michael Zetterer,9b688ae1,deGER,GK,Werder Bremen,28.0,1995.0,2023-2024,GER
Christoph Zimmermann,2d5f03bf,deGER,DF,Darmstadt 98,30.0,1993.0,2023-2024,GER
Simon Zoller,29f7cfd9,deGER,"FW,MF",Bochum,32.0,1991.0,2023-2024,GER
Lovro Zvonarek,253bd2b3,hrCRO,MF,Bayern Munich,18.0,2005.0,2023-2024,GER
Keyliane Abdallah,7310786d,frFRA,FW,Marseille,17.0,2006.0,2023-2024,FRA
Yunis Abdelhamid,32c2d95f,maMAR,DF,Reims,35.0,1987.0,2023-2024,FRA
Salis Abdul Samed,82464ce3,ghGHA,MF,Lens,23.0,2000.0,2023-2024,FRA
Laurent Abergel,31626657,frFRA,MF,Lorient,30.0,1993.0,2023-2024,FRA
Matthis Abline,0e46fa2f,frFRA,"FW,MF",Nantes,20.0,2003.0,2023-2024,FRA
Zakaria Aboukhlal,c2a6033c,maMAR,"FW,MF",Toulouse,23.0,2000.0,2023-2024,FRA
Akor Adams,2ccd39ed,ngNGA,FW,Montpellier,23.0,2000.0,2023-2024,FRA
Nathaniel Adjei,c55de1f5,ghGHA,DF,Lorient,20.0,2002.0,2023-2024,FRA
Adryelson,e980e78d,brBRA,DF,Lyon,25.0,1998.0,2023-2024,FRA
Adson,eda38706,brBRA,MF,Nantes,22.0,2000.0,2023-2024,FRA
Emmanuel Agbadou,75f1ed80,ciCIV,DF,Reims,26.0,1997.0,2023-2024,FRA
Ruben Aguilar,3dd738a1,frFRA,"MF,DF",Lens,30.0,1993.0,2023-2024,FRA
Tosin Aiyegun,9c4f39b3,bjBEN,"MF,FW",Lorient,25.0,1998.0,2023-2024,FRA
Sergio Akieme,06efa9dc,esESP,"DF,MF",Reims,25.0,1997.0,2023-2024,FRA
Maghnes Akliouche,b625b241,frFRA,MF,Monaco,21.0,2002.0,2023-2024,FRA
Paul Akouokou,31f5b89b,ciCIV,MF,Lyon,25.0,1997.0,2023-2024,FRA
Aboubacar Ali,133d2aa5,kmCOM,FW,Strasbourg,17.0,2006.0,2023-2024,FRA
Mohamed Ali Cho,f8405304,frFRA,FW,Nice,19.0,2004.0,2023-2024,FRA
Nabil Alioui,b386310a,frFRA,"MF,FW",Le Havre,24.0,1999.0,2023-2024,FRA
Jim Allevinah,1956b948,gaGAB,MF,Clermont Foot,28.0,1995.0,2023-2024,FRA
Skelly Alvero,add37c13,frFRA,MF,Lyon,21.0,2002.0,2023-2024,FRA
Papa Amadou Diallo,d638ab17,snSEN,"MF,FW",Metz,19.0,2004.0,2023-2024,FRA
Jordan Amavi,22721b88,frFRA,DF,Brest,29.0,1994.0,2023-2024,FRA
Kelvin Amian,bcc81786,frFRA,DF,Nantes,25.0,1998.0,2023-2024,FRA
Michael Amir Murillo,349cae8f,paPAN,"DF,MF",Marseille,27.0,1996.0,2023-2024,FRA
Benjamin André,ef9c1c95,frFRA,MF,Lille,32.0,1990.0,2023-2024,FRA
Komnen Andrić,af3ddb2e,rsSRB,FW,Clermont Foot,28.0,1995.0,2023-2024,FRA
Ângelo,737945d9,brBRA,"MF,FW",Strasbourg,18.0,2004.0,2023-2024,FRA
Stredair Appuah,42f0113f,frFRA,FW,Nantes,19.0,2004.0,2023-2024,FRA
Yoël Armougom,9dd5da03,frFRA,"MF,DF",Clermont Foot,25.0,1998.0,2023-2024,FRA
Hákon Arnar Haraldsson,e2ae54db,isISL,"MF,FW",Lille,20.0,2003.0,2023-2024,FRA
Mohamed El Arouch,508a9011,frFRA,MF,Lyon,19.0,2004.0,2023-2024,FRA
Marco Asensio,45af8a54,esESP,"MF,FW",Paris Saint-Germain,27.0,1996.0,2023-2024,FRA
Joel Asoro,13e827f8,seSWE,"MF,FW",Metz,24.0,1999.0,2023-2024,FRA
Lorenz Assignon,b026bbf6,tgTOG,DF,Rennes,23.0,2000.0,2023-2024,FRA
Youcef Atal,6a827d8e,dzALG,DF,Nice,27.0,1996.0,2023-2024,FRA
Valentin Atangana Edoa,6b5edd5d,frFRA,MF,Reims,17.0,2005.0,2023-2024,FRA
Arthur Atta,d3ddf88b,frFRA,MF,Metz,20.0,2003.0,2023-2024,FRA
Pierre-Emerick Aubameyang,d5dd5f1f,gaGAB,FW,Marseille,34.0,1989.0,2023-2024,FRA
André Ayew,5dbefa9d,ghGHA,"FW,MF",Le Havre,33.0,1989.0,2023-2024,FRA
Neil El Aynaoui,17e1261b,maMAR,MF,Lens,22.0,2001.0,2023-2024,FRA
Abdellah Baallal,972183e0,maMAR,FW,Clermont Foot,18.0,2004.0,2023-2024,FRA
Shavy Babicka,c6f0d5d4,gaGAB,"MF,FW",Toulouse,23.0,2000.0,2023-2024,FRA
Aliou Badara Baldé,7362a6f2,gnGUI,FW,Nice,20.0,2002.0,2023-2024,FRA
Tiemoué Bakayoko,59bf127b,frFRA,MF,Lorient,28.0,1994.0,2023-2024,FRA
Dilane Bakwa,2b5a35e5,frFRA,"MF,FW",Strasbourg,20.0,2002.0,2023-2024,FRA
Carlos Baleba,a1390d2f,cmCMR,MF,Lille,19.0,2004.0,2023-2024,FRA
Leonardo Balerdi,7c3ed041,arARG,DF,Marseille,24.0,1999.0,2023-2024,FRA
Folarin Balogun,31822f8c,usUSA,FW,Monaco,22.0,2001.0,2023-2024,FRA
Mohamed Bamba,d469252b,ciCIV,FW,Lorient,21.0,2001.0,2023-2024,FRA
Mamady Bangré,69e930e4,bfBFA,MF,Toulouse,22.0,2001.0,2023-2024,FRA
Bradley Barcola,a0d55a09,frFRA,MF,Lyon,20.0,2002.0,2023-2024,FRA
Bradley Barcola,a0d55a09,frFRA,"FW,MF",Paris Saint-Germain,20.0,2002.0,2023-2024,FRA
Melvin Bard,1ddbc7ca,frFRA,DF,Nice,22.0,2000.0,2023-2024,FRA
Steven Baseya,a329a732,frFRA,DF,Strasbourg,18.0,2005.0,2023-2024,FRA
Mohamed Bechikh,548756f2,frFRA,FW,Strasbourg,18.0,2005.0,2023-2024,FRA
Yanis Begraoui,5e6355f8,maMAR,"FW,MF",Toulouse,22.0,2001.0,2023-2024,FRA
Jérémie Bela,5680bf3f,aoANG,MF,Clermont Foot,30.0,1993.0,2023-2024,FRA
Reda Belahyane,705a1642,maMAR,MF,Nice,19.0,2004.0,2023-2024,FRA
Alaa Bellaarouch,0595569d,maMAR,GK,Strasbourg,21.0,2002.0,2023-2024,FRA
Jean-Ricner Bellegarde,10f0fdd3,htHAI,"MF,FW",Strasbourg,25.0,1998.0,2023-2024,FRA
Jeanuël Belocian,c678ddd7,frFRA,DF,Rennes,18.0,2005.0,2023-2024,FRA
Eliesse Ben Seghir,3bd65247,maMAR,"MF,FW",Monaco,18.0,2005.0,2023-2024,FRA
Wissam Ben Yedder,942b4f90,frFRA,FW,Monaco,32.0,1990.0,2023-2024,FRA
Saïd Benrahma,5a04fd92,dzALG,"FW,MF",Lyon,27.0,1995.0,2023-2024,FRA
Nabil Bentaleb,3189f61a,dzALG,MF,Lille,28.0,1994.0,2023-2024,FRA
Lucas Beraldo,b8aedf06,brBRA,DF,Paris Saint-Germain,19.0,2003.0,2023-2024,FRA
Dimitry Bertaud,380a15e2,cdCOD,GK,Montpellier,25.0,1998.0,2023-2024,FRA
Marco Bizot,3d214e5f,nlNED,GK,Brest,32.0,1991.0,2023-2024,FRA
Rubén Blanco,967f34d3,esESP,GK,Marseille,28.0,1995.0,2023-2024,FRA
Ludovic Blas,6191093d,frFRA,"MF,FW",Rennes,25.0,1997.0,2023-2024,FRA
Myron Boadu,5b479568,nlNED,FW,Monaco,22.0,2001.0,2023-2024,FRA
Jeremie Boga,fe012aca,ciCIV,"FW,MF",Nice,26.0,1997.0,2023-2024,FRA
Adama Bojang,e606b6c0,gmGAM,FW,Reims,19.0,2004.0,2023-2024,FRA
Neto Borges,9f936061,brBRA,"MF,DF",Clermont Foot,26.0,1996.0,2023-2024,FRA
Saïmon Bouabré,f40e77d9,frFRA,MF,Monaco,17.0,2006.0,2023-2024,FRA
Ayyoub Bouaddi,8006228f,frFRA,MF,Lille,15.0,2007.0,2023-2024,FRA
Badredine Bouanani,0400dd2f,dzALG,FW,Nice,18.0,2004.0,2023-2024,FRA
Badredine Bouanani,0400dd2f,dzALG,MF,Lorient,18.0,2004.0,2023-2024,FRA
Mohamed Bouchenna,28e1d1ea,frFRA,FW,Clermont Foot,17.0,2006.0,2023-2024,FRA
Hicham Boudaoui,f9d5908e,dzALG,MF,Nice,23.0,1999.0,2023-2024,FRA
Benjamin Bourigeaud,20e73fac,frFRA,MF,Rennes,29.0,1994.0,2023-2024,FRA
Bilal Boutobba,e8a65bc8,frFRA,"MF,FW",Clermont Foot,24.0,1998.0,2023-2024,FRA
Hugo Boutsingkham,3b6ace25,frFRA,DF,Nantes,20.0,2003.0,2023-2024,FRA
Bilal Brahimi,02bcaf8e,dzALG,"FW,MF",Nice,23.0,2000.0,2023-2024,FRA
Bilal Brahimi,02bcaf8e,dzALG,FW,Brest,23.0,2000.0,2023-2024,FRA
Lilian Brassier,5b146df3,frFRA,DF,Brest,23.0,1999.0,2023-2024,FRA
Maxime Busi,7b082ec2,beBEL,MF,Reims,23.0,1999.0,2023-2024,FRA
Marcin Bułka,db87a2c4,plPOL,GK,Nice,23.0,1999.0,2023-2024,FRA
Rémy Cabella,148e136f,frFRA,"MF,FW",Lille,33.0,1990.0,2023-2024,FRA
Duje Ćaleta-Car,94f8d10c,hrCRO,DF,Lyon,26.0,1996.0,2023-2024,FRA
Lamine Camara,19c2ffa4,snSEN,MF,Metz,19.0,2004.0,2023-2024,FRA
Mahdi Camara,8577e60a,frFRA,MF,Brest,25.0,1998.0,2023-2024,FRA
Mohamed Camara,489e80e3,mlMLI,MF,Monaco,23.0,2000.0,2023-2024,FRA
Axel Camblan,9f4a940f,frFRA,FW,Brest,19.0,2003.0,2023-2024,FRA
Fali Candé,3cc4bb19,gwGNB,DF,Metz,25.0,1998.0,2023-2024,FRA
Gino Caoki,a26d3da7,frFRA,FW,Lorient,19.0,2004.0,2023-2024,FRA
Maxence Caqueret,f81ef10d,frFRA,MF,Lyon,23.0,2000.0,2023-2024,FRA
Igor Carioca,e3e32fbb,brBRA,"MF,DF",Lorient,26.0,1996.0,2023-2024,FRA
Antonin Cartillier,c4a71372,frFRA,DF,Monaco,19.0,2004.0,2023-2024,FRA
Josué Casimir,481f76cf,htHAI,"MF,FW",Le Havre,21.0,2001.0,2023-2024,FRA
Cristian Cásseres Jr.,f86fe8c1,veVEN,MF,Toulouse,23.0,2000.0,2023-2024,FRA
Jean-Charles Castelletto,e0f3a1f6,cmCMR,DF,Nantes,28.0,1995.0,2023-2024,FRA
Maximiliano Caufriez,c92c24f0,beBEL,DF,Clermont Foot,26.0,1997.0,2023-2024,FRA
Ivan Cavaleiro,979b811d,ptPOR,"MF,FW",Lille,29.0,1993.0,2023-2024,FRA
Fabien Centonze,3c6bbbab,frFRA,MF,Nantes,27.0,1996.0,2023-2024,FRA
Fares Chaïbi,357103bd,dzALG,"FW,MF",Toulouse,20.0,2002.0,2023-2024,FRA
Muhammed Cham,f527a32c,atAUT,"MF,FW",Clermont Foot,22.0,2000.0,2023-2024,FRA
Brendan Chardonnet,16aa7d4c,frFRA,DF,Brest,28.0,1994.0,2023-2024,FRA
Jhoanner Chávez,649b57e9,ecECU,"MF,DF",Lens,21.0,2002.0,2023-2024,FRA
Rayan Cherki,b34c63a5,frFRA,"MF,FW",Lyon,19.0,2003.0,2023-2024,FRA
Lucas Chevalier,b3d76d84,frFRA,GK,Lille,21.0,2001.0,2023-2024,FRA
Pedro Chirivella,68a26d51,esESP,MF,Nantes,26.0,1997.0,2023-2024,FRA
Joris Chotard,7909ffa4,frFRA,MF,Montpellier,21.0,2001.0,2023-2024,FRA
Djaoui Cissé,576ca93f,frFRA,MF,Rennes,19.0,2004.0,2023-2024,FRA
Ibrahim Cissoko,abddf25d,nlNED,MF,Toulouse,20.0,2003.0,2023-2024,FRA
Alexis Claude-Maurice,741418c3,frFRA,MF,Nice,25.0,1998.0,2023-2024,FRA
Jonathan Clauss,5219ab4a,frFRA,"DF,MF",Marseille,30.0,1992.0,2023-2024,FRA
Marcus Coco,3010aefb,frFRA,"MF,DF",Nantes,27.0,1996.0,2023-2024,FRA
Maxime Colin,2f71c116,frFRA,DF,Metz,31.0,1991.0,2023-2024,FRA
Eray Cömert,15937e17,chSUI,DF,Nantes,25.0,1998.0,2023-2024,FRA
Alois Confais,535b0343,frFRA,"DF,MF",Le Havre,26.0,1996.0,2023-2024,FRA
Joaquín Correa,45b9b619,arARG,"MF,FW",Marseille,28.0,1994.0,2023-2024,FRA
Oscar Cortés,d2c12fe0,coCOL,MF,Lens,19.0,2003.0,2023-2024,FRA
David Costa,59948ef7,ptPOR,MF,Lens,22.0,2001.0,2023-2024,FRA
Logan Costa,bfb2056e,cvCPV,DF,Toulouse,22.0,2001.0,2023-2024,FRA
Grégoire Coudert,ca95200f,frFRA,GK,Brest,24.0,1999.0,2023-2024,FRA
Mamadou Coulibaly,dacf856a,frFRA,MF,Monaco,19.0,2004.0,2023-2024,FRA
Tanguy Coulibaly,05ba9d7c,frFRA,"MF,FW",Montpellier,22.0,2001.0,2023-2024,FRA
Nicolas Cozza,8f325097,frFRA,"DF,MF",Nantes,24.0,1999.0,2023-2024,FRA
Trévis Dago,011b2a32,ciCIV,FW,Lille,18.0,2005.0,2023-2024,FRA
Thijs Dallinga,b70afb45,nlNED,FW,Toulouse,22.0,2000.0,2023-2024,FRA
Kevin Danso,6e33125f,atAUT,DF,Lens,24.0,1998.0,2023-2024,FRA
Dante,fd2bc67d,brBRA,DF,Nice,39.0,1983.0,2023-2024,FRA
Raimane Daou,a2c9af28,kmCOM,DF,Marseille,18.0,2004.0,2023-2024,FRA
Mohamed Daramy,06a1d642,dkDEN,"FW,MF",Reims,21.0,2002.0,2023-2024,FRA
Achraf Dari,5069b796,maMAR,DF,Brest,24.0,1999.0,2023-2024,FRA
Jonathan David,ce50fd99,caCAN,FW,Lille,23.0,2000.0,2023-2024,FRA
Thibault De Smet,5fdcb075,beBEL,"DF,MF",Reims,25.0,1998.0,2023-2024,FRA
Romain Del Castillo,0be95d34,frFRA,"MF,FW",Brest,27.0,1996.0,2023-2024,FRA
Thomas Delaine,8332db56,frFRA,"MF,DF",Strasbourg,31.0,1992.0,2023-2024,FRA
Sacha Delaye,e4448c8c,frFRA,MF,Montpellier,21.0,2002.0,2023-2024,FRA
Karamoko Dembélé,7304f3b1,engENG,"FW,MF",Brest,20.0,2003.0,2023-2024,FRA
Ousmane Dembélé,b19db005,frFRA,"FW,MF",Paris Saint-Germain,26.0,1997.0,2023-2024,FRA
Jessy Deminguet,a6138e4a,frFRA,"MF,FW",Strasbourg,25.0,1998.0,2023-2024,FRA
Rémy Descamps,477e50ce,frFRA,GK,Nantes,27.0,1996.0,2023-2024,FRA
Mikkel Desler,1d5c96f8,dkDEN,"DF,MF",Toulouse,28.0,1995.0,2023-2024,FRA
Arthur Desmas,e8c5dd4d,frFRA,GK,Le Havre,29.0,1994.0,2023-2024,FRA
Lamine Diack,f4547573,snSEN,MF,Nantes,22.0,2000.0,2023-2024,FRA
Mamadou Diakhon,331c5a98,frFRA,FW,Reims,17.0,2005.0,2023-2024,FRA
Bafodé Diakité,1bfb6fef,frFRA,DF,Lille,22.0,2001.0,2023-2024,FRA
Ibrahim Diakité,d8c19a60,gnGUI,DF,Reims,19.0,2003.0,2023-2024,FRA
Oumar Diakité,44435c8f,ciCIV,FW,Reims,19.0,2003.0,2023-2024,FRA
Habib Diarra,6d0fe035,snSEN,"MF,FW",Strasbourg,19.0,2004.0,2023-2024,FRA
Moussa Diarra,698f11e3,mlMLI,DF,Toulouse,22.0,2000.0,2023-2024,FRA
Krépin Diatta,8104e41e,snSEN,"MF,DF",Monaco,24.0,1999.0,2023-2024,FRA
Mory Diaw,f41a69e6,snSEN,GK,Clermont Foot,30.0,1993.0,2023-2024,FRA
Mahamadou Diawara,1906b842,frFRA,MF,Lyon,18.0,2005.0,2023-2024,FRA
Bamba Dieng,40774c6b,snSEN,FW,Lorient,23.0,2000.0,2023-2024,FRA
Guillaume Dietsch,e11a39aa,frFRA,GK,Metz,22.0,2001.0,2023-2024,FRA
Sinaly Diomande,6de23ab0,ciCIV,DF,Lyon,22.0,2001.0,2023-2024,FRA
Edan Diop,37143438,frFRA,MF,Monaco,18.0,2004.0,2023-2024,FRA
Sofiane Diop,19053e31,maMAR,"FW,MF",Nice,23.0,2000.0,2023-2024,FRA
Andy Diouf,9b5237b1,frFRA,MF,Lens,20.0,2003.0,2023-2024,FRA
Yehvann Diouf,eedea60b,snSEN,GK,Reims,23.0,1999.0,2023-2024,FRA
Chaim El Djebali,a1dbb2c7,tnTUN,MF,Lyon,19.0,2004.0,2023-2024,FRA
Jeremy Doku,fffea3e5,beBEL,FW,Rennes,21.0,2002.0,2023-2024,FRA
Gianluigi Donnarumma,08f5afaa,itITA,GK,Paris Saint-Germain,24.0,1999.0,2023-2024,FRA
Siriné Doucouré,92d90c8f,mlMLI,FW,Lorient,21.0,2002.0,2023-2024,FRA
Désiré Doué,9e7483ff,frFRA,MF,Rennes,18.0,2005.0,2023-2024,FRA
Guela Doué,b4ef3fb5,ciCIV,DF,Rennes,20.0,2002.0,2023-2024,FRA
Douglas,301c287b,brBRA,MF,Nantes,26.0,1997.0,2023-2024,FRA
Ismaël Doukouré,0512a60a,frFRA,"MF,DF",Strasbourg,20.0,2003.0,2023-2024,FRA
Kamory Doumbia,9226aa22,mlMLI,MF,Brest,20.0,2003.0,2023-2024,FRA
Jean-Kevin Duverne,0cbc8baa,htHAI,DF,Nantes,26.0,1997.0,2023-2024,FRA
Aron Dønnum,10cff752,noNOR,"MF,FW",Toulouse,25.0,1998.0,2023-2024,FRA
Simon Ebonog,12f9a649,cmCMR,MF,Le Havre,18.0,2004.0,2023-2024,FRA
Hugo Ekitike,5b92d896,frFRA,FW,Paris Saint-Germain,21.0,2002.0,2023-2024,FRA
Simon Elisor,825ed0d1,frFRA,FW,Metz,24.0,1999.0,2023-2024,FRA
Breel Embolo,0b4f388a,chSUI,FW,Monaco,26.0,1997.0,2023-2024,FRA
Emanuel Emegha,a0c590b9,nlNED,FW,Strasbourg,20.0,2003.0,2023-2024,FRA
Maxime Estève,1a066e69,frFRA,DF,Montpellier,21.0,2002.0,2023-2024,FRA
Oscar Estupiñan,213ab9bb,coCOL,FW,Metz,26.0,1996.0,2023-2024,FRA
Romain Faivre,745ca0a3,frFRA,MF,Lorient,25.0,1998.0,2023-2024,FRA
Ilhan Fakili,eabef312,frFRA,MF,Clermont Foot,17.0,2006.0,2023-2024,FRA
Khalil Fayad,faf00ab8,frFRA,MF,Montpellier,19.0,2004.0,2023-2024,FRA
Ichem Ferrah,307581ff,frFRA,MF,Lille,17.0,2005.0,2023-2024,FRA
Jordan Ferri,375622c5,frFRA,MF,Montpellier,31.0,1992.0,2023-2024,FRA
Malick Fofana,8236f673,beBEL,"FW,MF",Lyon,18.0,2005.0,2023-2024,FRA
Youssouf Fofana,822d51d7,frFRA,MF,Monaco,24.0,1999.0,2023-2024,FRA
Thomas Foket,90eb507d,beBEL,"DF,MF",Reims,28.0,1994.0,2023-2024,FRA
Tiago Fonseca Morais,a951ca82,ptPOR,MF,Lille,19.0,2003.0,2023-2024,FRA
Przemysław Frankowski,00a8d210,plPOL,MF,Lens,28.0,1995.0,2023-2024,FRA
Angelo Fulgini,4b96c347,frFRA,MF,Lens,26.0,1996.0,2023-2024,FRA
Kévin Gameiro,42276181,frFRA,"FW,MF",Strasbourg,36.0,1987.0,2023-2024,FRA
Ignatius Ganago,23c63b7f,cmCMR,"MF,FW",Nantes,24.0,1999.0,2023-2024,FRA
Ulisses Garcia,c952f633,chSUI,"DF,MF",Marseille,27.0,1996.0,2023-2024,FRA
Johan Gastien,868eaba0,frFRA,MF,Clermont Foot,35.0,1988.0,2023-2024,FRA
Yann Gboho,6be41a31,frFRA,"MF,FW",Toulouse,22.0,2001.0,2023-2024,FRA
Gelabert,ed55b838,esESP,"MF,FW",Toulouse,22.0,2000.0,2023-2024,FRA
Denis Genreau,badcdcae,auAUS,MF,Toulouse,24.0,1999.0,2023-2024,FRA
Samuel Gigot,41eebdf5,frFRA,DF,Marseille,29.0,1993.0,2023-2024,FRA
Aleksandr Golovin,3708e9fa,ruRUS,MF,Monaco,27.0,1996.0,2023-2024,FRA
Angel Gomes,645a3363,engENG,MF,Lille,22.0,2000.0,2023-2024,FRA
Maxime Gonalons,b8c1de25,frFRA,MF,Clermont Foot,34.0,1989.0,2023-2024,FRA
Mathieu Gorgelin,4d3e9033,frFRA,GK,Le Havre,32.0,1990.0,2023-2024,FRA
Amine Gouiri,aad56ca3,dzALG,"FW,MF",Rennes,23.0,2000.0,2023-2024,FRA
Jonathan Gradit,06c48679,frFRA,DF,Lens,30.0,1992.0,2023-2024,FRA
Samuel Grandsir,d2448564,frFRA,MF,Le Havre,26.0,1996.0,2023-2024,FRA
Adrian Grbić,4a987ffa,atAUT,"FW,MF",Lorient,26.0,1996.0,2023-2024,FRA
Gabriel Gudmundsson,d5d22a58,seSWE,"MF,DF",Lille,24.0,1999.0,2023-2024,FRA
Axel Gueguin,f6857b4f,frFRA,DF,Montpellier,18.0,2005.0,2023-2024,FRA
Mattéo Guendouzi,5ea8ef20,frFRA,MF,Marseille,24.0,1999.0,2023-2024,FRA
Evann Guessand,b73f17f8,ciCIV,FW,Nice,22.0,2001.0,2023-2024,FRA
Pape Gueye,7155e3e1,snSEN,"MF,DF",Marseille,24.0,1999.0,2023-2024,FRA
Morgan Guilavogui,79b51257,gnGUI,FW,Lens,25.0,1998.0,2023-2024,FRA
Frederic Guilbert,5d8d7454,frFRA,"DF,MF",Strasbourg,28.0,1994.0,2023-2024,FRA
Jaouen Hadjam,576817b7,dzALG,DF,Nantes,20.0,2003.0,2023-2024,FRA
Massadio Haïdara,5167c97e,mlMLI,"DF,MF",Lens,30.0,1992.0,2023-2024,FRA
Oualid El Hajjam,9f29c204,maMAR,"DF,MF",Le Havre,32.0,1991.0,2023-2024,FRA
Achraf Hakimi,e42d61c7,maMAR,"DF,MF",Paris Saint-Germain,24.0,1998.0,2023-2024,FRA
Amine Harit,e7d59f4f,maMAR,MF,Marseille,26.0,1997.0,2023-2024,FRA
Silvan Hefti,f8342731,chSUI,"DF,MF",Montpellier,25.0,1997.0,2023-2024,FRA
Henrique,f28474a4,brBRA,"DF,MF",Lyon,29.0,1994.0,2023-2024,FRA
Luis Henrique,f36d5624,brBRA,"FW,MF",Marseille,21.0,2001.0,2023-2024,FRA
Christophe Hérelle,3681cfff,mqMTQ,DF,Metz,30.0,1992.0,2023-2024,FRA
Lucas Hernández,c3ee18ef,frFRA,DF,Paris Saint-Germain,27.0,1996.0,2023-2024,FRA
Andrej Ilic,cd2cb5bb,rsSRB,FW,Lille,23.0,2000.0,2023-2024,FRA
Bonke Innocent,546bb36e,ngNGA,MF,Lorient,27.0,1996.0,2023-2024,FRA
Ismaily,cf182add,brBRA,DF,Lille,33.0,1990.0,2023-2024,FRA
Yanis Issoufou,5d004b30,frFRA,FW,Montpellier,16.0,2006.0,2023-2024,FRA
Junya Ito,dbd3a428,jpJPN,"FW,MF",Reims,30.0,1993.0,2023-2024,FRA
Jérémy Jacquet,cef70c94,frFRA,DF,Rennes,18.0,2005.0,2023-2024,FRA
Jérémy Jacquet,cef70c94,frFRA,DF,Clermont Foot,18.0,2005.0,2023-2024,FRA
Ismail Jakobs,a0415710,snSEN,"MF,DF",Monaco,23.0,1999.0,2023-2024,FRA
Ablie Jallow,1bc6135b,gmGAM,"MF,FW",Metz,24.0,1998.0,2023-2024,FRA
Danley Jean-Jacques,59fcbd6d,htHAI,MF,Metz,23.0,2000.0,2023-2024,FRA
Jeffinho,45cce300,brBRA,"MF,FW",Lyon,23.0,1999.0,2023-2024,FRA
Antoine Joujou,f9124307,frFRA,"MF,FW",Le Havre,20.0,2003.0,2023-2024,FRA
Christopher Jullien,f323d995,frFRA,DF,Montpellier,30.0,1993.0,2023-2024,FRA
Eli Junior Kroupi,b2fe86e5,frFRA,FW,Lorient,17.0,2006.0,2023-2024,FRA
Abdoul Kader Bamba,32f3d97e,frFRA,MF,Nantes,29.0,1994.0,2023-2024,FRA
Yaya Kader Fofana,cedc53d2,mlMLI,MF,Reims,19.0,2004.0,2023-2024,FRA
Tino Kadewere,7d08063d,zwZIM,FW,Lyon,27.0,1996.0,2023-2024,FRA
Tino Kadewere,7d08063d,zwZIM,"FW,MF",Nantes,27.0,1996.0,2023-2024,FRA
Arnaud Kalimuendo,bf4c41f9,frFRA,FW,Rennes,21.0,2002.0,2023-2024,FRA
Gedeon Kalulu,dd211559,cdCOD,"MF,DF",Lorient,25.0,1997.0,2023-2024,FRA
Warren Kamanzi,a426a912,noNOR,"MF,DF",Toulouse,22.0,2000.0,2023-2024,FRA
Lee Kang-in,8455ad90,krKOR,"MF,FW",Paris Saint-Germain,22.0,2001.0,2023-2024,FRA
Yann Karamoh,8b66d9cc,frFRA,FW,Montpellier,25.0,1998.0,2023-2024,FRA
Ayman Kari,0e8d7b6c,frFRA,MF,Lorient,18.0,2004.0,2023-2024,FRA
Panos Katseris,c1597cf7,grGRE,MF,Lorient,22.0,2001.0,2023-2024,FRA
Kévin Keben Biakolo,c43a8336,cmCMR,"DF,MF",Toulouse,19.0,2004.0,2023-2024,FRA
Yassine Kechta,abefc3af,maMAR,MF,Le Havre,21.0,2002.0,2023-2024,FRA
Thilo Kehrer,51dbeea9,deGER,DF,Monaco,26.0,1996.0,2023-2024,FRA
Habib Keita,cc588cbe,mlMLI,MF,Clermont Foot,21.0,2002.0,2023-2024,FRA
Reda Khadra,88acf83f,deGER,"MF,FW",Reims,22.0,2001.0,2023-2024,FRA
Wahbi Khazri,2677a1de,tnTUN,"MF,FW",Montpellier,32.0,1991.0,2023-2024,FRA
Abdukodir Khusanov,d17ce930,uzUZB,DF,Lens,19.0,2004.0,2023-2024,FRA
Philipp Köhn,ff74841d,chSUI,GK,Monaco,25.0,1998.0,2023-2024,FRA
Randal Kolo Muani,c0b3669f,frFRA,"FW,MF",Paris Saint-Germain,24.0,1998.0,2023-2024,FRA
Cheick Konaté,6ce2cdf0,mlMLI,"MF,DF",Clermont Foot,19.0,2004.0,2023-2024,FRA
Geoffrey Kondogbia,cce181df,cfCTA,MF,Marseille,30.0,1993.0,2023-2024,FRA
Abdoul Koné,c1ebf5d2,frFRA,DF,Reims,18.0,2005.0,2023-2024,FRA
Amadou Koné,2eb1ec07,mlMLI,MF,Reims,18.0,2005.0,2023-2024,FRA
Ibrahima Koné,04bb2b06,mlMLI,FW,Lorient,24.0,1999.0,2023-2024,FRA
N'Guessan Kouadio,eef3f9c6,ciCIV,MF,Metz,20.0,2003.0,2023-2024,FRA
Koffi Kouao,32100829,ciCIV,DF,Metz,25.0,1998.0,2023-2024,FRA
Therence Koudou,059a83b8,frFRA,DF,Reims,18.0,2004.0,2023-2024,FRA
Boubakar Kouyaté,562a4799,mlMLI,DF,Montpellier,26.0,1997.0,2023-2024,FRA
Sael Kumbedi,c385bf49,frFRA,"DF,MF",Lyon,18.0,2005.0,2023-2024,FRA
Layvin Kurzawa,41e7ef1c,frFRA,DF,Paris Saint-Germain,30.0,1992.0,2023-2024,FRA
Daler Kuzyaev,d4e93bab,ruRUS,MF,Le Havre,30.0,1993.0,2023-2024,FRA
Grejohn Kyei,397ba086,frFRA,FW,Clermont Foot,27.0,1995.0,2023-2024,FRA
Gaëtan Laborde,7cdda3bf,frFRA,"FW,MF",Nice,29.0,1994.0,2023-2024,FRA
Alexandre Lacazette,9dbb75ca,frFRA,FW,Lyon,32.0,1991.0,2023-2024,FRA
Alban Lafont,4e7db402,ciCIV,GK,Nantes,24.0,1999.0,2023-2024,FRA
Kenny Lala,770d7eb8,mgMAD,DF,Brest,31.0,1991.0,2023-2024,FRA
Mathis Lambourde,0da3d7ab,frFRA,FW,Rennes,17.0,2006.0,2023-2024,FRA
Mohamed Lamine Bayo,01870104,gnGUI,FW,Le Havre,25.0,1998.0,2023-2024,FRA
Didier Lamkel Zé,b229aa13,cmCMR,"FW,MF",Metz,26.0,1996.0,2023-2024,FRA
Julien Laporte,f066022d,frFRA,DF,Lorient,29.0,1993.0,2023-2024,FRA
Théo Le Bris,afe39ca8,frFRA,MF,Lorient,20.0,2002.0,2023-2024,FRA
Julien Le Cardinal,547a72ad,frFRA,DF,Brest,25.0,1997.0,2023-2024,FRA
Julien Le Cardinal,547a72ad,frFRA,DF,Lens,25.0,1997.0,2023-2024,FRA
Jérémy Le Douaron,88c4d190,frFRA,"FW,MF",Brest,25.0,1998.0,2023-2024,FRA
Enzo Le Fée,6f806d99,frFRA,MF,Rennes,23.0,2000.0,2023-2024,FRA
Vincent Le Goff,2321ea6e,frFRA,"MF,DF",Lorient,33.0,1989.0,2023-2024,FRA
Adrien Lebeau,ca122e29,frFRA,MF,Brest,24.0,1999.0,2023-2024,FRA
Jean-Louis Leca,edbe46dc,frFRA,GK,Lens,37.0,1985.0,2023-2024,FRA
Benjamin Lecomte,2fa2a875,frFRA,GK,Montpellier,32.0,1991.0,2023-2024,FRA
Pierre Lees-Melou,f5044e54,frFRA,MF,Brest,30.0,1993.0,2023-2024,FRA
Johann Lepenant,1e52971c,frFRA,MF,Lyon,20.0,2002.0,2023-2024,FRA
Léo Leroy,fcc84a07,frFRA,MF,Montpellier,23.0,2000.0,2023-2024,FRA
Gautier Lloris,ac89503b,frFRA,DF,Le Havre,28.0,1995.0,2023-2024,FRA
Abou Lô,10e51236,snSEN,"MF,DF",Metz,23.0,2000.0,2023-2024,FRA
Bradley Locko,40221fa7,frFRA,DF,Brest,21.0,2002.0,2023-2024,FRA
Renan Lodi,ed9f7cfe,brBRA,"DF,MF",Marseille,25.0,1998.0,2023-2024,FRA
Elysée Logbo,daa11a4f,frFRA,FW,Le Havre,19.0,2004.0,2023-2024,FRA
Anthony Lopes,f00de885,ptPOR,GK,Lyon,32.0,1990.0,2023-2024,FRA
Pau López,20b9f052,esESP,GK,Marseille,28.0,1994.0,2023-2024,FRA
Jordan Lotomba,fc4cf6a7,chSUI,"DF,MF",Nice,24.0,1998.0,2023-2024,FRA
Tom Louchet,f999e9be,frFRA,"MF,FW",Nice,20.0,2003.0,2023-2024,FRA
Imran Louza,e1df6989,maMAR,MF,Lorient,24.0,1999.0,2023-2024,FRA
Dejan Lovren,1a2935f6,hrCRO,DF,Lyon,34.0,1989.0,2023-2024,FRA
Joshua M'Bahia,f02067df,ciCIV,DF,Clermont Foot,18.0,2005.0,2023-2024,FRA
Othmane Maamma,5bdb4a7b,maMAR,FW,Montpellier,17.0,2005.0,2023-2024,FRA
Deiver Machado,b3f8bdef,coCOL,MF,Lens,29.0,1993.0,2023-2024,FRA
Soungoutou Magassa,dfc5d4fa,frFRA,DF,Monaco,19.0,2003.0,2023-2024,FRA
Hugo Magnetti,d4d35152,frFRA,MF,Brest,25.0,1998.0,2023-2024,FRA
Yohann Magnin,caa7aaea,frFRA,MF,Clermont Foot,26.0,1997.0,2023-2024,FRA
Frank Magri,42fdb11d,cmCMR,"FW,MF",Toulouse,23.0,1999.0,2023-2024,FRA
Adel Mahamoud,69c9532c,kmCOM,FW,Nantes,20.0,2003.0,2023-2024,FRA
Habib Maïga,e768de1f,ciCIV,MF,Metz,27.0,1996.0,2023-2024,FRA
Ainsley Maitland-Niles,e3a5814e,engENG,"DF,MF",Lyon,25.0,1997.0,2023-2024,FRA
Radosław Majecki,20de219a,plPOL,GK,Monaco,23.0,1999.0,2023-2024,FRA
Lovro Majer,fc46aab1,hrCRO,"FW,MF",Rennes,25.0,1998.0,2023-2024,FRA
Jean-Victor Makengo,22bfb57e,frFRA,"MF,FW",Lorient,25.0,1998.0,2023-2024,FRA
Aaron Malouda,4fe2648c,frFRA,FW,Lille,17.0,2005.0,2023-2024,FRA
Hianga Mananga Mbock,0f86995c,frFRA,MF,Brest,23.0,1999.0,2023-2024,FRA
Steve Mandanda,1d2d5cc8,frFRA,GK,Rennes,38.0,1985.0,2023-2024,FRA
Orel Mangala,a572e291,beBEL,MF,Lyon,25.0,1998.0,2023-2024,FRA
Vito Mannone,c4173f1a,itITA,GK,Lille,35.0,1988.0,2023-2024,FRA
Faitout Maouassa,e54a9890,frFRA,MF,Lens,25.0,1998.0,2023-2024,FRA
Guillermo Maripán,d9764034,clCHI,DF,Monaco,29.0,1994.0,2023-2024,FRA
Marquinhos,59878425,brBRA,MF,Nantes,20.0,2003.0,2023-2024,FRA
Marquinhos,d5f2f82b,brBRA,DF,Paris Saint-Germain,29.0,1994.0,2023-2024,FRA
Jonas Martin,468fdbad,frFRA,MF,Brest,33.0,1990.0,2023-2024,FRA
Clinton Mata,55abe554,aoANG,"DF,MF",Lyon,30.0,1992.0,2023-2024,FRA
Eliot Matazo,15944afd,beBEL,MF,Monaco,21.0,2002.0,2023-2024,FRA
Nemanja Matić,eb7822d7,rsSRB,MF,Rennes,34.0,1988.0,2023-2024,FRA
Nemanja Matić,eb7822d7,rsSRB,MF,Lyon,34.0,1988.0,2023-2024,FRA
Chrislain Matsima,cf1ef7ec,frFRA,DF,Clermont Foot,21.0,2002.0,2023-2024,FRA
Chrislain Matsima,cf1ef7ec,frFRA,DF,Monaco,21.0,2002.0,2023-2024,FRA
Azor Matusiwa,a17a94d6,nlNED,MF,Reims,25.0,1998.0,2023-2024,FRA
Azor Matusiwa,a17a94d6,nlNED,MF,Rennes,25.0,1998.0,2023-2024,FRA
Aïman Maurer,87d31635,maMAR,MF,Clermont Foot,18.0,2004.0,2023-2024,FRA
Christian Mawissa,2c70d915,frFRA,"DF,MF",Toulouse,18.0,2005.0,2023-2024,FRA
Noam Mayoka-Tika,1b2ec72e,beBEL,MF,Marseille,19.0,2003.0,2023-2024,FRA
Senny Mayulu,bac89b96,frFRA,"MF,FW",Paris Saint-Germain,17.0,2006.0,2023-2024,FRA
Youssef Maziz,514270e8,frFRA,MF,Metz,25.0,1998.0,2023-2024,FRA
Ethan Mbappé,d595de71,frFRA,MF,Paris Saint-Germain,16.0,2006.0,2023-2024,FRA
Kylian Mbappé,42fd9c7f,frFRA,FW,Paris Saint-Germain,24.0,1998.0,2023-2024,FRA
Malick Mbaye,6d2b0ada,snSEN,MF,Metz,19.0,2004.0,2023-2024,FRA
Chancel Mbemba,e76cb9cc,cdCOD,DF,Marseille,28.0,1994.0,2023-2024,FRA
Nolan Mbemba,6c9642ae,cgCGO,MF,Le Havre,28.0,1995.0,2023-2024,FRA
Christ Mbondi,5d36f616,frFRA,FW,Reims,18.0,2004.0,2023-2024,FRA
Facundo Medina,6f5ec8bb,arARG,DF,Lens,24.0,1999.0,2023-2024,FRA
Bamo Meïté,04ac78d2,ciCIV,DF,Marseille,21.0,2001.0,2023-2024,FRA
Bamo Meïté,04ac78d2,ciCIV,DF,Lorient,21.0,2001.0,2023-2024,FRA
Birger Meling,70c52749,noNOR,DF,Rennes,28.0,1994.0,2023-2024,FRA
Nuno Mendes,f20e4cc9,ptPOR,DF,Paris Saint-Germain,21.0,2002.0,2023-2024,FRA
Antoine Mendy,3322e296,snSEN,DF,Nice,19.0,2004.0,2023-2024,FRA
Benjamin Mendy,5271c8f1,frFRA,"MF,DF",Lorient,29.0,1994.0,2023-2024,FRA
Formose Mendy,c21983bf,snSEN,DF,Lorient,22.0,2001.0,2023-2024,FRA
Nampalys Mendy,1598599e,snSEN,MF,Lens,31.0,1992.0,2023-2024,FRA
Quentin Merlin,0bfca6a1,frFRA,"DF,MF",Marseille,21.0,2002.0,2023-2024,FRA
Quentin Merlin,0bfca6a1,frFRA,"MF,DF",Nantes,21.0,2002.0,2023-2024,FRA
Bastien Meupiyou,dcd94cdb,frFRA,DF,Nantes,17.0,2006.0,2023-2024,FRA
Lucas Michal,0c7b1c91,frFRA,FW,Monaco,18.0,2005.0,2023-2024,FRA
Georges Mikautadze,4788cb6b,geGEO,FW,Metz,22.0,2000.0,2023-2024,FRA
Takumi Minamino,f833a830,jpJPN,MF,Monaco,28.0,1995.0,2023-2024,FRA
Lucas Mincarelli,02b3733e,frFRA,"DF,MF",Montpellier,19.0,2004.0,2023-2024,FRA
Ignacio Miramon,e43a4083,arARG,MF,Lille,20.0,2003.0,2023-2024,FRA
Terem Moffi,065dc209,ngNGA,FW,Nice,24.0,1999.0,2023-2024,FRA
Mostafa Mohamed,595e6f3e,egEGY,FW,Nantes,25.0,1997.0,2023-2024,FRA
Florent Mollet,7e82a78f,frFRA,"MF,FW",Nantes,31.0,1991.0,2023-2024,FRA
Enzo Mongo,575b1a7b,frFRA,DF,Nantes,18.0,2005.0,2023-2024,FRA
Diego Moreira,12de1b0d,beBEL,MF,Lyon,18.0,2004.0,2023-2024,FRA
Lebo Mothiba,3eaf8817,zaRSA,FW,Strasbourg,27.0,1996.0,2023-2024,FRA
Steve Mounié,19ba6c6d,bjBEN,FW,Brest,28.0,1994.0,2023-2024,FRA
Samuel Moutoussamy,af0c835b,cdCOD,MF,Nantes,26.0,1996.0,2023-2024,FRA
Loris Mouyokolo,96726741,frFRA,DF,Lorient,22.0,2001.0,2023-2024,FRA
François Mughe,7af655fe,cmCMR,MF,Marseille,19.0,2004.0,2023-2024,FRA
Nordi Mukiele,ac73ec79,frFRA,DF,Paris Saint-Germain,25.0,1997.0,2023-2024,FRA
Marshall Munetsi,2acf0cd7,zwZIM,MF,Reims,27.0,1996.0,2023-2024,FRA
Yvon Mvogo,dc29b608,chSUI,GK,Lorient,29.0,1994.0,2023-2024,FRA
Joel Mvuka,cc704d9c,noNOR,MF,Lorient,20.0,2002.0,2023-2024,FRA
Junior Mwanga,ee158be5,frFRA,"MF,FW",Strasbourg,20.0,2003.0,2023-2024,FRA
Kévin N'Doram,e50623a0,frFRA,MF,Metz,27.0,1996.0,2023-2024,FRA
Bilal Nadir,226673c2,maMAR,MF,Marseille,19.0,2003.0,2023-2024,FRA
Mahamadou Nagida,8bfbf257,cmCMR,MF,Rennes,18.0,2005.0,2023-2024,FRA
Keito Nakamura,d97af612,jpJPN,"FW,MF",Reims,23.0,2000.0,2023-2024,FRA
Keylor Navas,ecada4fc,crCRC,GK,Paris Saint-Germain,36.0,1986.0,2023-2024,FRA
Youssouf Ndayishimiye,65c55288,biBDI,"MF,DF",Nice,24.0,1998.0,2023-2024,FRA
Bassirou Ndiaye,b70a4c6c,snSEN,FW,Lorient,21.0,2002.0,2023-2024,FRA
Iliman Ndiaye,5ed97752,snSEN,"FW,MF",Marseille,23.0,2000.0,2023-2024,FRA
Massamba Ndiaye,315fe681,snSEN,GK,Clermont Foot,21.0,2001.0,2023-2024,FRA
Rassoul Ndiaye,36f65bdf,snSEN,MF,Le Havre,21.0,2001.0,2023-2024,FRA
Cher Ndour,3b88609d,itITA,MF,Paris Saint-Germain,19.0,2004.0,2023-2024,FRA
Joseph Nduquidi,f365b837,frFRA,"MF,DF",Metz,18.0,2004.0,2023-2024,FRA
Loïc Nego,c3b6fa1e,huHUN,"MF,DF",Le Havre,32.0,1991.0,2023-2024,FRA
Steve Ngoura,731f1f5a,frFRA,FW,Le Havre,18.0,2005.0,2023-2024,FRA
Shamar Nicholson,e33fb79d,jmJAM,FW,Clermont Foot,26.0,1997.0,2023-2024,FRA
Rasmus Nicolaisen,3f319bb9,dkDEN,DF,Toulouse,26.0,1997.0,2023-2024,FRA
Arnaud Nordin,7b9a9e25,frFRA,"MF,FW",Montpellier,25.0,1998.0,2023-2024,FRA
Ernest Nuamah,234a703c,ghGHA,"FW,MF",Lyon,19.0,2003.0,2023-2024,FRA
Gerzino Nyamsi,6043997c,cmCMR,DF,Strasbourg,26.0,1997.0,2023-2024,FRA
Rabby Nzingoula,627c7a3d,frFRA,MF,Strasbourg,17.0,2005.0,2023-2024,FRA
Jake O'Brien,25f2ef01,ieIRL,DF,Lyon,22.0,2001.0,2023-2024,FRA
Florent Ogier,6993927b,frFRA,DF,Clermont Foot,34.0,1989.0,2023-2024,FRA
Joseph Okumu,039f1983,keKEN,DF,Reims,26.0,1997.0,2023-2024,FRA
Warmed Omari,4534a352,kmCOM,DF,Rennes,23.0,2000.0,2023-2024,FRA
Becir Omeragic,c284d6fb,chSUI,"DF,MF",Montpellier,21.0,2002.0,2023-2024,FRA
Jean Onana,b5bb8188,cmCMR,MF,Marseille,23.0,2000.0,2023-2024,FRA
Royce Openda,a758ca47,gaGAB,FW,Lorient,21.0,2002.0,2023-2024,FRA
Christopher Operi,914bb955,ciCIV,"DF,MF",Le Havre,26.0,1997.0,2023-2024,FRA
Gift Orban,de17db90,ngNGA,FW,Lyon,21.0,2002.0,2023-2024,FRA
Kassoum Ouattara,6620c21a,frFRA,"DF,MF",Monaco,18.0,2004.0,2023-2024,FRA
Alexandre Oukidja,ae7d0ecd,dzALG,GK,Metz,35.0,1988.0,2023-2024,FRA
Azzedine Ounahi,83299cc0,maMAR,MF,Marseille,23.0,2000.0,2023-2024,FRA
Adam Ounas,ed90babd,dzALG,MF,Lille,26.0,1996.0,2023-2024,FRA
Patrick Ouotro,28e85bea,ciCIV,FW,Strasbourg,17.0,2005.0,2023-2024,FRA
Pablo Pagis,7d827b4f,frFRA,MF,Lorient,20.0,2002.0,2023-2024,FRA
Nicolas Pallois,779847d6,frFRA,DF,Nantes,35.0,1987.0,2023-2024,FRA
Andy Pelmard,f18d7ab2,mgMAD,DF,Clermont Foot,23.0,2000.0,2023-2024,FRA
Aurélien Pelon,d3b54513,frFRA,DF,Lorient,19.0,2004.0,2023-2024,FRA
Faris Pemi Moumbagna,58aae0a9,cmCMR,FW,Marseille,23.0,2000.0,2023-2024,FRA
Danilo Pereira,8fd9996f,ptPOR,DF,Paris Saint-Germain,31.0,1991.0,2023-2024,FRA
Mathias Pereira Lage,8846a40f,ptPOR,"MF,FW",Brest,26.0,1996.0,2023-2024,FRA
Romain Perraud,6dfd8f05,frFRA,DF,Nice,25.0,1997.0,2023-2024,FRA
Lucas Perrin,49070d66,frFRA,DF,Strasbourg,24.0,1998.0,2023-2024,FRA
Denis Petrić,dab1b8dc,rsSRB,GK,Nantes,35.0,1988.0,2023-2024,FRA
Ronaël Pierre-Gabriel,64ba07c0,frFRA,"DF,MF",Nantes,25.0,1998.0,2023-2024,FRA
Julien Ponceau,e546b2e3,frFRA,MF,Lorient,22.0,2000.0,2023-2024,FRA
Sanjin Prcić,51c30111,baBIH,MF,Strasbourg,29.0,1993.0,2023-2024,FRA
Gonçalo Ramos,f63cda26,ptPOR,FW,Paris Saint-Germain,22.0,2001.0,2023-2024,FRA
Elba Rashani,25749008,xkKVX,"MF,FW",Clermont Foot,30.0,1993.0,2023-2024,FRA
Guillaume Restes,6b91b999,frFRA,GK,Toulouse,18.0,2005.0,2023-2024,FRA
Alexsandro Ribeiro,102c9665,brBRA,DF,Lille,23.0,1999.0,2023-2024,FRA
Amir Richardson,2b7cdb79,maMAR,MF,Reims,21.0,2002.0,2023-2024,FRA
Fabian Rieder,c2bd8585,chSUI,MF,Rennes,21.0,2002.0,2023-2024,FRA
Rémy Riou,7f41ee30,frFRA,GK,Lyon,35.0,1987.0,2023-2024,FRA
Valentin Rongier,ed45c4a5,frFRA,MF,Marseille,28.0,1994.0,2023-2024,FRA
Pablo Rosario,1a6b7ea4,doDOM,"MF,DF",Nice,26.0,1997.0,2023-2024,FRA
Valentin Rosier,9b6d9b53,frFRA,"DF,MF",Nice,26.0,1996.0,2023-2024,FRA
Fabián Ruiz Peña,c0c7ff58,esESP,MF,Paris Saint-Germain,27.0,1996.0,2023-2024,FRA
Emmanuel Sabbi,2e1b7c83,usUSA,"MF,FW",Le Havre,25.0,1997.0,2023-2024,FRA
Falaye Sacko,6388e356,mlMLI,DF,Montpellier,28.0,1995.0,2023-2024,FRA
Modibo Sagnan,76d679c7,mlMLI,DF,Montpellier,24.0,1999.0,2023-2024,FRA
Moïse Sahi Dion,cdc4458b,ciCIV,"MF,FW",Strasbourg,21.0,2001.0,2023-2024,FRA
Wesley Saïd,90fcf472,frFRA,FW,Lens,28.0,1995.0,2023-2024,FRA
Théo Sainte-Luce,93c942fb,frFRA,DF,Montpellier,24.0,1998.0,2023-2024,FRA
Mamadou Sakho,87935cf3,frFRA,DF,Montpellier,33.0,1990.0,2023-2024,FRA
Ibrahim Salah,cad3fd4d,maMAR,"MF,FW",Rennes,21.0,2001.0,2023-2024,FRA
Amine Salama,bc7cc472,frFRA,FW,Reims,23.0,2000.0,2023-2024,FRA
Mohammed Salisu,0b33f6ad,ghGHA,DF,Monaco,24.0,1999.0,2023-2024,FRA
Yoann Salmier,c3725db2,gfGUF,DF,Le Havre,30.0,1992.0,2023-2024,FRA
Mama Samba Baldé,fb14aa28,gwGNB,FW,Lyon,27.0,1995.0,2023-2024,FRA
Brice Samba,60d90c55,frFRA,GK,Lens,29.0,1994.0,2023-2024,FRA
Ibou Sané,22d90df9,snSEN,FW,Metz,18.0,2005.0,2023-2024,FRA
Sadibou Sané,b2009f99,snSEN,DF,Metz,19.0,2004.0,2023-2024,FRA
Arouna Sangante,17bb562c,snSEN,DF,Le Havre,21.0,2002.0,2023-2024,FRA
Morgan Sanson,6e7f1353,frFRA,MF,Nice,28.0,1994.0,2023-2024,FRA
Baptiste Santamaria,5e22e2a4,frFRA,MF,Rennes,28.0,1995.0,2023-2024,FRA
Andrey Santos,dd745366,brBRA,MF,Strasbourg,19.0,2004.0,2023-2024,FRA
Tiago Santos,3eeebc87,ptPOR,DF,Lille,21.0,2002.0,2023-2024,FRA
Amin Sarr,d5326924,seSWE,FW,Lyon,22.0,2001.0,2023-2024,FRA
Ismaila Sarr,bfdb33aa,snSEN,"MF,FW",Marseille,25.0,1998.0,2023-2024,FRA
Mamadou Sarr,61f80c89,snSEN,DF,Lyon,17.0,2005.0,2023-2024,FRA
Martin Satriano,86383d0e,uyURU,"FW,MF",Brest,22.0,2001.0,2023-2024,FRA
Téji Savanier,6bde367b,frFRA,MF,Montpellier,31.0,1991.0,2023-2024,FRA
Niklas Schmidt,b9ae8560,deGER,MF,Toulouse,25.0,1998.0,2023-2024,FRA
Jérémy Sebas,0b6911e4,mqMTQ,"MF,FW",Strasbourg,20.0,2003.0,2023-2024,FRA
Alidu Seidu,cea59f02,ghGHA,DF,Rennes,23.0,2000.0,2023-2024,FRA
Alidu Seidu,cea59f02,ghGHA,DF,Clermont Foot,23.0,2000.0,2023-2024,FRA
Matz Sels,834b5c4c,beBEL,GK,Strasbourg,31.0,1992.0,2023-2024,FRA
Marvin Senaya,1d383c10,tgTOG,"DF,MF",Strasbourg,22.0,2001.0,2023-2024,FRA
Sofiane Sidi Ali,1609700b,frFRA,FW,Marseille,28.0,1995.0,2023-2024,FRA
Vincent Sierro,92ffb8f9,chSUI,MF,Toulouse,27.0,1995.0,2023-2024,FRA
Caio Henrique Oliveira Silva,30af8b93,brBRA,"MF,DF",Monaco,26.0,1997.0,2023-2024,FRA
Moses Simon,5f3eaaf5,ngNGA,"MF,FW",Nantes,28.0,1995.0,2023-2024,FRA
Wilfried Singo,8b609c34,ciCIV,DF,Monaco,22.0,2000.0,2023-2024,FRA
Ayanda Sishuba,6fd76804,beBEL,MF,Lens,18.0,2005.0,2023-2024,FRA
Ibrahima Sissoko,0f8418aa,mlMLI,MF,Strasbourg,25.0,1997.0,2023-2024,FRA
Moussa Sissoko,2acd49b9,frFRA,MF,Nantes,33.0,1989.0,2023-2024,FRA
Milan Škriniar,30f5ffa9,skSVK,DF,Paris Saint-Germain,28.0,1995.0,2023-2024,FRA
Naatan Skyttä,d7547531,fiFIN,MF,Toulouse,21.0,2002.0,2023-2024,FRA
Eduard Sobol,2ccd89a3,uaUKR,"DF,MF",Strasbourg,28.0,1995.0,2023-2024,FRA
Emran Soglo,47f82561,frFRA,MF,Marseille,18.0,2005.0,2023-2024,FRA
Carlos Soler,fed17f5a,esESP,"MF,DF",Paris Saint-Germain,26.0,1997.0,2023-2024,FRA
Florian Sotoca,7a42d0df,frFRA,"MF,FW",Lens,32.0,1990.0,2023-2024,FRA
Issa Soumaré,1d8aa290,snSEN,"FW,MF",Le Havre,22.0,2000.0,2023-2024,FRA
Saidou Sow,f6b94e8d,gnGUI,DF,Strasbourg,21.0,2002.0,2023-2024,FRA
Stijn Spierings,a08985b8,nlNED,MF,Toulouse,27.0,1996.0,2023-2024,FRA
Stijn Spierings,a08985b8,nlNED,MF,Lens,27.0,1996.0,2023-2024,FRA
Benjamin Stambouli,5939baa2,frFRA,MF,Reims,32.0,1990.0,2023-2024,FRA
Gabriel Suazo,39b326ed,clCHI,"DF,MF",Toulouse,25.0,1997.0,2023-2024,FRA
Abakar Sylla,29c91632,ciCIV,DF,Strasbourg,20.0,2002.0,2023-2024,FRA
Dembo Sylla,fcb9b1f8,gnGUI,MF,Lorient,20.0,2002.0,2023-2024,FRA
Issiaga Sylla,b99bec05,gnGUI,"DF,MF",Montpellier,29.0,1994.0,2023-2024,FRA
Musa Al-Taamari,f15f8b2b,joJOR,"MF,FW",Montpellier,26.0,1997.0,2023-2024,FRA
Nicolás Tagliafico,f0661424,arARG,"DF,MF",Lyon,30.0,1992.0,2023-2024,FRA
Montassar Talbi,a4a44eb0,tnTUN,DF,Lorient,25.0,1998.0,2023-2024,FRA
Oussama Targhalline,abd56820,maMAR,MF,Le Havre,21.0,2002.0,2023-2024,FRA
Enzo Tchato,7f783431,cmCMR,DF,Montpellier,20.0,2002.0,2023-2024,FRA
Arnau Tenas,30670b0e,esESP,GK,Paris Saint-Germain,22.0,2001.0,2023-2024,FRA
Martin Terrier,5148dcc5,frFRA,"FW,MF",Rennes,26.0,1997.0,2023-2024,FRA
Benjamin Tetteh,91f04b44,ghGHA,FW,Metz,26.0,1997.0,2023-2024,FRA
Teddy Teuma,5c26ca51,mtMLT,MF,Reims,29.0,1993.0,2023-2024,FRA
Arthur Theate,df8d6029,beBEL,DF,Rennes,23.0,2000.0,2023-2024,FRA
Adrien Thomasson,c76b7567,frFRA,MF,Lens,29.0,1993.0,2023-2024,FRA
Khéphren Thuram,7d9397f8,frFRA,MF,Nice,22.0,2001.0,2023-2024,FRA
Cheikh Tidiane Sabaly,9ddf7fae,snSEN,"MF,FW",Metz,24.0,1999.0,2023-2024,FRA
Jean-Clair Todibo,88f130ed,frFRA,DF,Nice,23.0,1999.0,2023-2024,FRA
Corentin Tolisso,652d4c37,frFRA,MF,Lyon,28.0,1994.0,2023-2024,FRA
Abdoulaye Touré,ef7cd87a,gnGUI,MF,Le Havre,29.0,1994.0,2023-2024,FRA
Souleymane Touré,01fd01e8,frFRA,DF,Lorient,20.0,2003.0,2023-2024,FRA
Bénie Traoré,77816c91,ciCIV,FW,Nantes,20.0,2002.0,2023-2024,FRA
Daouda Traoré,b26afd1e,frFRA,MF,Nice,17.0,2006.0,2023-2024,FRA
Ismaël Traoré,b666421b,ciCIV,DF,Metz,36.0,1986.0,2023-2024,FRA
Adrien Truffert,5d0e0a1f,frFRA,"DF,MF",Rennes,21.0,2001.0,2023-2024,FRA
Matthieu Udol,cc41f558,frFRA,DF,Metz,27.0,1996.0,2023-2024,FRA
Manuel Ugarte,c9817014,uyURU,MF,Paris Saint-Germain,22.0,2001.0,2023-2024,FRA
Samuel Umtiti,3eed9821,frFRA,DF,Lille,29.0,1993.0,2023-2024,FRA
Kévin Van Den Kerkhof,f6a3c84d,dzALG,"MF,FW",Metz,27.0,1996.0,2023-2024,FRA
Vanderson,ee45fd85,brBRA,"MF,DF",Monaco,22.0,2001.0,2023-2024,FRA
Jordan Veretout,4a56052c,frFRA,MF,Marseille,30.0,1993.0,2023-2024,FRA
Alan Virginius,01becd60,frFRA,MF,Lille,20.0,2003.0,2023-2024,FRA
Alan Virginius,01becd60,frFRA,"MF,FW",Clermont Foot,20.0,2003.0,2023-2024,FRA
Vitinha,74d4cec6,ptPOR,FW,Marseille,23.0,2000.0,2023-2024,FRA
Vitinha,3b029691,ptPOR,MF,Paris Saint-Germain,23.0,2000.0,2023-2024,FRA
Elye Wahi,0d7b6576,frFRA,FW,Montpellier,20.0,2003.0,2023-2024,FRA
Elye Wahi,0d7b6576,frFRA,FW,Lens,20.0,2003.0,2023-2024,FRA
Mateusz Wieteska,3ecc8c5f,plPOL,DF,Clermont Foot,26.0,1997.0,2023-2024,FRA
Josh Wilson-Esbrand,c19a2df1,engENG,"DF,MF",Reims,20.0,2002.0,2023-2024,FRA
Christopher Wooh,b003239d,cmCMR,DF,Rennes,21.0,2001.0,2023-2024,FRA
Yusuf Yazıcı,f5c8b425,trTUR,"MF,FW",Lille,26.0,1997.0,2023-2024,FRA
Kelvin Yeboah,ea0893d6,itITA,FW,Montpellier,23.0,2000.0,2023-2024,FRA
Bertuğ Yıldırım,7410d325,trTUR,FW,Rennes,21.0,2002.0,2023-2024,FRA
Darlin Yongwa,061266cd,cmCMR,"MF,DF",Lorient,22.0,2000.0,2023-2024,FRA
Leny Yoro,6763f716,frFRA,DF,Lille,17.0,2005.0,2023-2024,FRA
Etienne Youte Kinkoue,12a4e38c,frFRA,DF,Le Havre,21.0,2002.0,2023-2024,FRA
Yoram Zague,5ce497e2,frFRA,DF,Paris Saint-Germain,17.0,2006.0,2023-2024,FRA
Warren Zaïre-Emery,6b9960cf,frFRA,"MF,DF",Paris Saint-Germain,17.0,2006.0,2023-2024,FRA
Denis Zakaria,384d58d9,chSUI,"MF,DF",Monaco,26.0,1996.0,2023-2024,FRA
Mehdi Zeffane,c8c02ac7,dzALG,"MF,DF",Clermont Foot,31.0,1992.0,2023-2024,FRA
Nathan Zeze,fb4c5b6e,frFRA,DF,Nantes,18.0,2005.0,2023-2024,FRA
Edon Zhegrova,34a88e3e,xkKVX,"MF,FW",Lille,24.0,1999.0,2023-2024,FRA
Luck Zogbé,3725b44f,ciCIV,DF,Brest,18.0,2005.0,2023-2024,FRA
