player,player_id,nationality,position,squad,age,birth_year,season,league
Luis Abram,1f462f95,pePER,DF,Granada,25.0,1996.0,2021-2022,ESP
Marcos Acuña,81442ecb,arARG,"DF,MF",Sevilla,29.0,1991.0,2021-2022,ESP
Martin Agirregabiria,355c883a,esESP,"DF,MF",Alavés,25.0,1996.0,2021-2022,ESP
Julen Agirrezabala,a2c1a8d3,esESP,GK,Athletic Club,20.0,2000.0,2021-2022,ESP
Sergio Agüero,4d034881,arARG,FW,Barcelona,33.0,1988.0,2021-2022,ESP
Álvaro Aguirre,93b054dc,esESP,FW,Rayo Vallecano,21.0,2000.0,2021-2022,ESP
Joseph Aidoo,18abe173,ghGHA,DF,Celta Vigo,25.0,1995.0,2021-2022,ESP
Carlos Akapo,f2a68b97,gqEQG,DF,Cádiz,28.0,1993.0,2021-2022,ESP
Ilias Akhomach,b8bd60fe,maMAR,FW,Barcelona,17.0,2004.0,2021-2022,ESP
Paul Akouokou,31f5b89b,ciCIV,MF,Real Betis,23.0,1997.0,2021-2022,ESP
David Alaba,05439de2,atAUT,DF,Real Madrid,29.0,1992.0,2021-2022,ESP
Tomás Alarcón,99ea2ddd,clCHI,MF,Cádiz,22.0,1999.0,2021-2022,ESP
Jordi Alba,4601e194,esESP,DF,Barcelona,32.0,1989.0,2021-2022,ESP
Raúl Albiol,4bd414c1,esESP,DF,Villarreal,35.0,1985.0,2021-2022,ESP
Paco Alcácer,a7a9d95a,esESP,FW,Villarreal,27.0,1993.0,2021-2022,ESP
Rubén Alcaraz,036bba5f,esESP,MF,Cádiz,30.0,1991.0,2021-2022,ESP
Omar Alderete,bb08bce9,pyPAR,DF,Valencia,24.0,1996.0,2021-2022,ESP
Iván Alejo,3d7e48ce,esESP,MF,Cádiz,26.0,1995.0,2021-2022,ESP
Carles Aleñá,6c811eb7,esESP,MF,Getafe,23.0,1998.0,2021-2022,ESP
Hugo Álvarez,6f392eb8,esESP,"DF,MF",Celta Vigo,18.0,2003.0,2021-2022,ESP
Yeray Álvarez,3ecc11d8,esESP,DF,Athletic Club,26.0,1995.0,2021-2022,ESP
Dani Alves,c9e99e49,brBRA,DF,Barcelona,38.0,1983.0,2021-2022,ESP
Emmanuel Amankwaa Akurugu,69c5633e,ghGHA,MF,Getafe,19.0,2001.0,2021-2022,ESP
Amath,f3b1d9a2,snSEN,"MF,FW",Mallorca,25.0,1996.0,2021-2022,ESP
Florin Andone,dc008610,roROU,FW,Cádiz,28.0,1993.0,2021-2022,ESP
Marcos André,ae86d473,brBRA,"FW,MF",Valencia,24.0,1996.0,2021-2022,ESP
José Ángel,3024e383,esESP,DF,Osasuna,31.0,1989.0,2021-2022,ESP
Josep Antoni Gayá,4a5f2032,esESP,DF,Mallorca,21.0,2000.0,2021-2022,ESP
Mauro Arambarri,58afe001,uyURU,MF,Getafe,25.0,1995.0,2021-2022,ESP
Néstor Araujo,27a013f7,mxMEX,DF,Celta Vigo,29.0,1991.0,2021-2022,ESP
Ronald Araújo,2bef2bca,uyURU,DF,Barcelona,22.0,1999.0,2021-2022,ESP
Jesús Areso,94e01ec6,esESP,DF,Osasuna,22.0,1999.0,2021-2022,ESP
Matias Arezo,484ebdb0,uyURU,FW,Granada,18.0,2002.0,2021-2022,ESP
Santiago Arias,fdd60087,coCOL,DF,Granada,29.0,1992.0,2021-2022,ESP
Santiago Arzamendia,759d8dd7,pyPAR,MF,Cádiz,23.0,1998.0,2021-2022,ESP
Sergio Asenjo,9f0ea33f,esESP,GK,Villarreal,32.0,1989.0,2021-2022,ESP
Alejandro Asensio,b4c23f36,esESP,FW,Rayo Vallecano,20.0,2000.0,2021-2022,ESP
Marco Asensio,45af8a54,esESP,"FW,MF",Real Madrid,25.0,1996.0,2021-2022,ESP
Iago Aspas,7dcf86f6,esESP,FW,Celta Vigo,33.0,1987.0,2021-2022,ESP
Pierre-Emerick Aubameyang,d5dd5f1f,gaGAB,FW,Barcelona,32.0,1989.0,2021-2022,ESP
Ludwig Augustinsson,9fec8860,seSWE,"DF,MF",Sevilla,27.0,1994.0,2021-2022,ESP
Serge Aurier,5c2b4f07,ciCIV,DF,Villarreal,28.0,1992.0,2021-2022,ESP
Ezequiel Ávila,253a06b9,arARG,"FW,MF",Osasuna,27.0,1994.0,2021-2022,ESP
Iddrisu Baba,bfd381b3,ghGHA,MF,Mallorca,25.0,1996.0,2021-2022,ESP
Carlos Bacca,09a9e921,coCOL,FW,Granada,34.0,1986.0,2021-2022,ESP
Édgar Badía,e4346678,esESP,GK,Elche,29.0,1992.0,2021-2022,ESP
Miguel Baeza,a98f3cbf,esESP,MF,Celta Vigo,21.0,2000.0,2021-2022,ESP
Alejandro Balde,5ccc9672,esESP,DF,Barcelona,17.0,2003.0,2021-2022,ESP
Gareth Bale,a58bb1e1,wlsWAL,FW,Real Madrid,32.0,1989.0,2021-2022,ESP
Mikel Balenziaga,1fe67e86,esESP,DF,Athletic Club,33.0,1988.0,2021-2022,ESP
Iván Balliu,cee88597,alALB,DF,Rayo Vallecano,29.0,1992.0,2021-2022,ESP
Barbero,981c1863,esESP,FW,Osasuna,22.0,1998.0,2021-2022,ESP
Barcia,0c717ae6,esESP,DF,Granada,20.0,2000.0,2021-2022,ESP
Enis Bardhi,cac2537b,mkMKD,"MF,FW",Levante,26.0,1995.0,2021-2022,ESP
Keidi Bare,03049c8c,alALB,MF,Espanyol,23.0,1997.0,2021-2022,ESP
Kike Barja,aad53e64,esESP,"MF,FW",Osasuna,24.0,1997.0,2021-2022,ESP
Antonio Barragán,487d9b09,esESP,DF,Elche,34.0,1987.0,2021-2022,ESP
Ander Barrenetxea,200e89e1,esESP,"MF,FW",Real Sociedad,19.0,2001.0,2021-2022,ESP
Marc Bartra,b742cc0d,esESP,DF,Real Betis,30.0,1991.0,2021-2022,ESP
Álvaro Bastida,42a028c5,esESP,MF,Cádiz,17.0,2004.0,2021-2022,ESP
Rodrigo Battaglia,d637fc22,arARG,MF,Mallorca,30.0,1991.0,2021-2022,ESP
Jon Bautista,debc6b55,esESP,FW,Real Sociedad,26.0,1995.0,2021-2022,ESP
Bebé,d8712bf9,cvCPV,MF,Rayo Vallecano,31.0,1990.0,2021-2022,ESP
Héctor Bellerín,f874dd44,esESP,DF,Real Betis,26.0,1995.0,2021-2022,ESP
Fran Beltrán,ed5c5fa3,esESP,MF,Celta Vigo,22.0,1999.0,2021-2022,ESP
Darío Benedetto,bef0a7ac,arARG,FW,Elche,31.0,1990.0,2021-2022,ESP
Iker Benito,50cbc806,esESP,MF,Osasuna,18.0,2002.0,2021-2022,ESP
Pedro Benito,a7416105,esESP,FW,Cádiz,21.0,2000.0,2021-2022,ESP
Karim Benzema,70d74ece,frFRA,FW,Real Madrid,33.0,1987.0,2021-2022,ESP
Yuri Berchiche,b6e50615,esESP,DF,Athletic Club,31.0,1990.0,2021-2022,ESP
Álex Berenguer,dc1c2fce,esESP,MF,Athletic Club,26.0,1995.0,2021-2022,ESP
Pedro Bigas,697295b1,esESP,DF,Elche,30.0,1990.0,2021-2022,ESP
Antonio Blanco,506daeac,esESP,MF,Real Madrid,21.0,2000.0,2021-2022,ESP
Yassine Bounou,f6798fc3,maMAR,GK,Sevilla,30.0,1991.0,2021-2022,ESP
Lucas Boyé,d49f3e6b,arARG,FW,Elche,25.0,1996.0,2021-2022,ESP
Martin Braithwaite,fd771f95,dkDEN,FW,Barcelona,30.0,1991.0,2021-2022,ESP
Darko Brašanac,4accb7e0,rsSRB,MF,Osasuna,29.0,1992.0,2021-2022,ESP
Claudio Bravo,10072610,clCHI,GK,Real Betis,38.0,1983.0,2021-2022,ESP
Yan Brice Eteki,3d688b46,cmCMR,MF,Granada,23.0,1997.0,2021-2022,ESP
Ante Budimir,8f3565b3,hrCRO,FW,Osasuna,30.0,1991.0,2021-2022,ESP
Sergio Busquets,5ab0ea87,esESP,MF,Barcelona,33.0,1988.0,2021-2022,ESP
Adrián Butzke,505dce2b,esESP,FW,Granada,22.0,1999.0,2021-2022,ESP
Erick Cabaco,e7ab4179,uyURU,DF,Getafe,26.0,1995.0,2021-2022,ESP
Leandro Cabrera,69cbc8b6,uyURU,DF,Espanyol,30.0,1991.0,2021-2022,ESP
Martín Cáceres,e94d79e3,uyURU,DF,Levante,34.0,1987.0,2021-2022,ESP
Cala,fe05804b,esESP,DF,Cádiz,31.0,1989.0,2021-2022,ESP
Calderón,da4e70e5,esESP,DF,Real Betis,21.0,2000.0,2021-2022,ESP
Fernando Calero,41b3069f,esESP,DF,Espanyol,25.0,1995.0,2021-2022,ESP
Víctor Camarasa,b2d03887,esESP,MF,Real Betis,27.0,1994.0,2021-2022,ESP
Eduardo Camavinga,7b9c2d84,frFRA,MF,Real Madrid,18.0,2002.0,2021-2022,ESP
José Campaña,61220da2,esESP,MF,Levante,28.0,1993.0,2021-2022,ESP
Sergio Canales,a6de370d,esESP,MF,Real Betis,30.0,1991.0,2021-2022,ESP
Álex Cantero,4aa253fd,esESP,"FW,MF",Levante,21.0,2000.0,2021-2022,ESP
Ander Capa,37f1cf47,esESP,"DF,MF",Athletic Club,29.0,1992.0,2021-2022,ESP
Étienne Capoue,5acc4a10,frFRA,MF,Villarreal,33.0,1988.0,2021-2022,ESP
Isaac Carcelen,c4b888df,esESP,"DF,MF",Cádiz,28.0,1993.0,2021-2022,ESP
Dani Cárdenas,e1846dde,esESP,GK,Levante,24.0,1997.0,2021-2022,ESP
Carlo,8249ff06,esESP,MF,Villarreal,20.0,2001.0,2021-2022,ESP
Diego Carlos,b4a014b1,brBRA,DF,Sevilla,28.0,1993.0,2021-2022,ESP
Carmona,2dce876a,esESP,DF,Sevilla,19.0,2002.0,2021-2022,ESP
Yannick Carrasco,de39485a,beBEL,"MF,FW",Atlético Madrid,27.0,1993.0,2021-2022,ESP
Guido Carrillo,8f898ba8,arARG,FW,Elche,30.0,1991.0,2021-2022,ESP
Dani Carvajal,4958bfb2,esESP,DF,Real Madrid,29.0,1992.0,2021-2022,ESP
William Carvalho,dee86451,ptPOR,MF,Real Betis,29.0,1992.0,2021-2022,ESP
Casemiro,4d224fe8,brBRA,MF,Real Madrid,29.0,1992.0,2021-2022,ESP
Kiko Casilla,58bc7d18,esESP,GK,Elche,34.0,1986.0,2021-2022,ESP
Catena,274ab13c,esESP,DF,Rayo Vallecano,26.0,1994.0,2021-2022,ESP
Dani Ceballos,c0617e2b,esESP,MF,Real Madrid,24.0,1996.0,2021-2022,ESP
Franco Cervi,5e1028e5,arARG,MF,Celta Vigo,27.0,1994.0,2021-2022,ESP
Chapela,9ed40a69,esESP,MF,Cádiz,22.0,1999.0,2021-2022,ESP
Chema,7f203b54,esESP,MF,Getafe,29.0,1992.0,2021-2022,ESP
Denis Cheryshev,0ac94a23,ruRUS,MF,Valencia,30.0,1990.0,2021-2022,ESP
Samuel Chukwueze,b8a642fc,ngNGA,MF,Villarreal,22.0,1999.0,2021-2022,ESP
Víctor Chust,ec1a731e,esESP,DF,Cádiz,21.0,2000.0,2021-2022,ESP
Jasper Cillessen,04ac8285,nlNED,GK,Valencia,32.0,1989.0,2021-2022,ESP
Pathé Ciss,9a0408b6,snSEN,MF,Rayo Vallecano,27.0,1994.0,2021-2022,ESP
Carlos Clerc,33a61a52,esESP,"DF,MF",Levante,29.0,1992.0,2021-2022,ESP
Coke,6d8f8441,esESP,DF,Levante,34.0,1987.0,2021-2022,ESP
Álex Collado,85dace26,esESP,"MF,FW",Granada,22.0,1999.0,2021-2022,ESP
Eray Cömert,15937e17,chSUI,DF,Valencia,23.0,1998.0,2021-2022,ESP
Santi Comesaña,5ae499d0,esESP,MF,Rayo Vallecano,24.0,1996.0,2021-2022,ESP
Diego Conde,4eae5bc4,esESP,GK,Getafe,22.0,1998.0,2021-2022,ESP
Francis Coquelin,a6951bf8,frFRA,MF,Villarreal,30.0,1991.0,2021-2022,ESP
Jesús Corona,fb938d24,mxMEX,"FW,MF",Sevilla,28.0,1993.0,2021-2022,ESP
Ángel Correa,01eb744d,arARG,"FW,MF",Atlético Madrid,26.0,1995.0,2021-2022,ESP
Thierry Correia,c78b352d,ptPOR,"DF,MF",Valencia,22.0,1999.0,2021-2022,ESP
Hélder Costa,f13d02a6,aoANG,MF,Valencia,27.0,1994.0,2021-2022,ESP
Jaume Costa,808d48f3,esESP,DF,Mallorca,33.0,1988.0,2021-2022,ESP
Thibaut Courtois,1840e36d,beBEL,GK,Real Madrid,29.0,1992.0,2021-2022,ESP
Philippe Coutinho,0ef89a37,brBRA,"FW,MF",Barcelona,29.0,1992.0,2021-2022,ESP
Cristo,ad81ba78,esESP,DF,Real Sociedad,21.0,2000.0,2021-2022,ESP
Juan Cruz Armada,a56da3ba,esESP,DF,Osasuna,29.0,1992.0,2021-2022,ESP
Marc Cucurella,1daec722,esESP,"DF,MF",Getafe,23.0,1998.0,2021-2022,ESP
Jorge Cuenca,0abc51f2,esESP,DF,Getafe,21.0,1999.0,2021-2022,ESP
Matheus Cunha,dc62b55d,brBRA,FW,Atlético Madrid,22.0,1999.0,2021-2022,ESP
Arnaut Danjuma,f08490a6,nlNED,FW,Villarreal,24.0,1997.0,2021-2022,ESP
Sergi Darder,070a3904,esESP,MF,Espanyol,27.0,1993.0,2021-2022,ESP
Rodrigo De Paul,162efffd,arARG,MF,Atlético Madrid,27.0,1994.0,2021-2022,ESP
Thomas Delaney,fe641c1a,dkDEN,MF,Sevilla,29.0,1991.0,2021-2022,ESP
Ousmane Dembélé,b19db005,frFRA,"FW,MF",Barcelona,24.0,1997.0,2021-2022,ESP
Yusuf Demir,fa265f6d,atAUT,FW,Barcelona,18.0,2003.0,2021-2022,ESP
Sergiño Dest,5976f83e,usUSA,"DF,FW",Barcelona,20.0,2000.0,2021-2022,ESP
Boulaye Dia,244bc2c8,snSEN,FW,Villarreal,24.0,1996.0,2021-2022,ESP
Mouctar Diakhaby,d2110326,gnGUI,DF,Valencia,24.0,1996.0,2021-2022,ESP
Javier Díaz,17a1299d,esESP,GK,Sevilla,24.0,1997.0,2021-2022,ESP
Víctor Díaz,3624ce4c,esESP,DF,Granada,33.0,1988.0,2021-2022,ESP
Landry Dimata,b5f63410,beBEL,FW,Espanyol,23.0,1997.0,2021-2022,ESP
Stole Dimitrievski,fc70e345,mkMKD,GK,Rayo Vallecano,27.0,1993.0,2021-2022,ESP
Matías Dituro,b6160ad0,arARG,GK,Celta Vigo,34.0,1987.0,2021-2022,ESP
Djené,a4971d84,tgTOG,DF,Getafe,29.0,1991.0,2021-2022,ESP
Naïs Djouahra,3594a357,frFRA,MF,Real Sociedad,21.0,1999.0,2021-2022,ESP
Marko Dmitrović,ac295d9e,rsSRB,GK,Sevilla,29.0,1992.0,2021-2022,ESP
Jaume Doménech,c9cb972b,esESP,GK,Valencia,30.0,1990.0,2021-2022,ESP
Carlos Dominguez,3521abfe,esESP,DF,Celta Vigo,20.0,2001.0,2021-2022,ESP
Mario Dominguez,d709cd5c,esESP,MF,Valencia,17.0,2004.0,2021-2022,ESP
John Donald,5e95c000,esESP,DF,Elche,20.0,2000.0,2021-2022,ESP
Domingos Duarte,93090f69,ptPOR,DF,Granada,26.0,1995.0,2021-2022,ESP
Óscar Duarte,aa0ac32d,crCRC,DF,Levante,32.0,1989.0,2021-2022,ESP
Rubén Duarte,1fe0492d,esESP,DF,Alavés,25.0,1995.0,2021-2022,ESP
Unai Dufur,c261b5dd,esESP,DF,Osasuna,22.0,1999.0,2021-2022,ESP
Hugo Duro,37e103f8,esESP,FW,Getafe,21.0,1999.0,2021-2022,ESP
Hugo Duro,37e103f8,esESP,"MF,FW",Valencia,21.0,1999.0,2021-2022,ESP
Aritz Elustondo,f7dc2ae5,esESP,DF,Real Sociedad,27.0,1994.0,2021-2022,ESP
Adri Embarba,db8f0eba,esESP,"MF,FW",Espanyol,29.0,1992.0,2021-2022,ESP
Emerson,df8b52a5,brBRA,DF,Barcelona,22.0,1999.0,2021-2022,ESP
Youssef En-Nesyri,04e17fd5,maMAR,FW,Sevilla,24.0,1997.0,2021-2022,ESP
Gonzalo Escalante,3f79a1c8,arARG,MF,Alavés,28.0,1993.0,2021-2022,ESP
Aarón Escandell,67669ce7,esESP,GK,Granada,25.0,1995.0,2021-2022,ESP
Sergio Escudero,b0616e3d,esESP,DF,Granada,31.0,1989.0,2021-2022,ESP
Alfonso Espino,db001fa9,uyURU,DF,Cádiz,29.0,1992.0,2021-2022,ESP
Estanis,ace50e9f,esESP,FW,Barcelona,17.0,2003.0,2021-2022,ESP
Pervis Estupiñán,d38fdf53,ecECU,DF,Villarreal,23.0,1998.0,2021-2022,ESP
Abde Ezzalzouli,bed68338,maMAR,FW,Barcelona,19.0,2001.0,2021-2022,ESP
Radamel Falcao,66116290,coCOL,FW,Rayo Vallecano,35.0,1986.0,2021-2022,ESP
Fali,72a84002,esESP,"DF,MF",Cádiz,27.0,1993.0,2021-2022,ESP
Omar Faraj,de627c8a,psPLE,FW,Levante,19.0,2002.0,2021-2022,ESP
Ansu Fati,0ba976e4,esESP,FW,Barcelona,18.0,2002.0,2021-2022,ESP
Aleix Febas,38126309,esESP,MF,Mallorca,25.0,1996.0,2021-2022,ESP
Nabil Fekir,bece776f,frFRA,MF,Real Betis,28.0,1993.0,2021-2022,ESP
Felipe,51a3c4c8,brBRA,DF,Atlético Madrid,32.0,1989.0,2021-2022,ESP
João Félix,8aafd64f,ptPOR,FW,Atlético Madrid,21.0,1999.0,2021-2022,ESP
Aitor Fernández,a01c3d54,esESP,GK,Levante,30.0,1991.0,2021-2022,ESP
Álex Fernández,aa677a35,esESP,MF,Cádiz,28.0,1992.0,2021-2022,ESP
Fernando,41f32541,brBRA,"MF,DF",Sevilla,34.0,1987.0,2021-2022,ESP
Fidel,eb82b6f1,esESP,MF,Elche,31.0,1989.0,2021-2022,ESP
José Fontán,1827a42d,esESP,DF,Celta Vigo,21.0,2000.0,2021-2022,ESP
Dimitri Foulquier,45e17712,frFRA,DF,Granada,28.0,1993.0,2021-2022,ESP
Dimitri Foulquier,45e17712,frFRA,"DF,MF",Valencia,28.0,1993.0,2021-2022,ESP
Juan Foyth,6c7762c3,arARG,DF,Villarreal,23.0,1998.0,2021-2022,ESP
Enric Franquesa,40883e3a,esESP,"DF,MF",Levante,24.0,1997.0,2021-2022,ESP
Jorge de Frutos,38ce1150,esESP,"MF,FW",Levante,24.0,1997.0,2021-2022,ESP
Javi Galán,a4b00319,esESP,DF,Celta Vigo,26.0,1994.0,2021-2022,ESP
Iñigo Ruiz de Galarreta,91f7631f,esESP,MF,Mallorca,27.0,1993.0,2021-2022,ESP
Thiago Galhardo,766f48dd,brBRA,FW,Celta Vigo,32.0,1989.0,2021-2022,ESP
Álvaro García,90bbd822,esESP,MF,Rayo Vallecano,28.0,1992.0,2021-2022,ESP
Dani García,240d3a0b,esESP,MF,Athletic Club,31.0,1990.0,2021-2022,ESP
David García,3e42f707,esESP,DF,Osasuna,27.0,1994.0,2021-2022,ESP
Eric García,2bed3eab,esESP,DF,Barcelona,20.0,2001.0,2021-2022,ESP
Fran Garcia,7226539b,esESP,DF,Rayo Vallecano,21.0,1999.0,2021-2022,ESP
Joan García,87b498b0,esESP,GK,Espanyol,20.0,2001.0,2021-2022,ESP
Manu García,6ed1a2a2,esESP,MF,Alavés,23.0,1998.0,2021-2022,ESP
Raúl García,b418dbd4,esESP,FW,Athletic Club,35.0,1986.0,2021-2022,ESP
Rubén García,5c96b017,esESP,"MF,FW",Osasuna,28.0,1993.0,2021-2022,ESP
Saúl García,dafa5038,esESP,DF,Alavés,26.0,1994.0,2021-2022,ESP
Unai García,4a633cfe,esESP,DF,Osasuna,29.0,1992.0,2021-2022,ESP
Mario Gaspar,fb5d47b3,esESP,DF,Villarreal,30.0,1990.0,2021-2022,ESP
Gavi,19cae58d,esESP,"MF,FW",Barcelona,16.0,2004.0,2021-2022,ESP
Bryan Gil,7b5ab7f2,esESP,"MF,FW",Valencia,20.0,2001.0,2021-2022,ESP
Óscar Gil,6652cf96,esESP,DF,Espanyol,24.0,1997.0,2021-2022,ESP
Mario Gila,9c435456,esESP,DF,Real Madrid,20.0,2000.0,2021-2022,ESP
Dani Gómez,0e5ddc7c,esESP,FW,Levante,23.0,1998.0,2021-2022,ESP
Maxi Gómez,4c2e9442,uyURU,FW,Valencia,24.0,1996.0,2021-2022,ESP
Moi Gómez,5a626448,esESP,"MF,FW",Villarreal,27.0,1994.0,2021-2022,ESP
Papu Gómez,6e4df551,arARG,"FW,MF",Sevilla,33.0,1988.0,2021-2022,ESP
Sergi Gómez,bc6f5f06,esESP,DF,Espanyol,29.0,1992.0,2021-2022,ESP
Victor Gomez,b7de5bad,esESP,"DF,MF",Espanyol,21.0,2000.0,2021-2022,ESP
Maxime Gonalons,b8c1de25,frFRA,MF,Granada,32.0,1989.0,2021-2022,ESP
Diego González,4ac7608e,esESP,DF,Elche,26.0,1995.0,2021-2022,ESP
Édgar González,49d028db,esESP,DF,Real Betis,24.0,1997.0,2021-2022,ESP
Giovanni González,1fc474ae,uyURU,DF,Mallorca,26.0,1994.0,2021-2022,ESP
Nicolás González,2c56a792,esESP,MF,Barcelona,19.0,2002.0,2021-2022,ESP
Peter González,1ccd3dae,doDOM,MF,Real Madrid,19.0,2002.0,2021-2022,ESP
Roberto González,56545648,esESP,MF,Real Betis,20.0,2001.0,2021-2022,ESP
Gori,f3451c66,esESP,MF,Espanyol,19.0,2002.0,2021-2022,ESP
Andoni Gorosabel,6f5f82c0,esESP,DF,Real Sociedad,24.0,1996.0,2021-2022,ESP
Jaume Grau,fc3d2006,esESP,MF,Osasuna,24.0,1997.0,2021-2022,ESP
Dominik Greif,30061f53,skSVK,GK,Mallorca,24.0,1997.0,2021-2022,ESP
Clément Grenier,8b298f56,frFRA,MF,Mallorca,30.0,1991.0,2021-2022,ESP
Antoine Griezmann,df69b544,frFRA,FW,Barcelona,30.0,1991.0,2021-2022,ESP
Antoine Griezmann,df69b544,frFRA,"FW,MF",Atlético Madrid,30.0,1991.0,2021-2022,ESP
Andrés Guardado,ef322658,mxMEX,MF,Real Betis,34.0,1986.0,2021-2022,ESP
Sergi Guardiola,32974271,esESP,FW,Rayo Vallecano,30.0,1991.0,2021-2022,ESP
Nemanja Gudelj,0076ab7f,rsSRB,"DF,MF",Sevilla,29.0,1991.0,2021-2022,ESP
Gonçalo Guedes,e6bc67d7,ptPOR,"FW,MF",Valencia,24.0,1996.0,2021-2022,ESP
Ander Guevara,8e48dc61,esESP,MF,Real Sociedad,24.0,1997.0,2021-2022,ESP
John Guidetti,99bebd12,seSWE,FW,Alavés,29.0,1992.0,2021-2022,ESP
Hugo Guillamón,f7c12fbf,esESP,"MF,DF",Valencia,21.0,2000.0,2021-2022,ESP
Gerard Gumbau,ac454a4f,esESP,MF,Elche,26.0,1994.0,2021-2022,ESP
Jon Guridi,4c0a6a48,esESP,MF,Real Sociedad,26.0,1995.0,2021-2022,ESP
Raúl Guti,0b2c8585,esESP,MF,Elche,24.0,1996.0,2021-2022,ESP
Marcos Mauro López Gutiérrez,b3b62f94,arARG,DF,Cádiz,30.0,1991.0,2021-2022,ESP
Miguel Gutiérrez,7e98cff1,esESP,DF,Real Madrid,20.0,2001.0,2021-2022,ESP
Munir El Haddadi,8696bc90,maMAR,"MF,FW",Sevilla,25.0,1995.0,2021-2022,ESP
Varazdat Haroyan,be32269e,amARM,DF,Cádiz,28.0,1992.0,2021-2022,ESP
Eden Hazard,a39bb753,beBEL,"FW,MF",Real Madrid,30.0,1991.0,2021-2022,ESP
Kike Hermoso,dea912dc,esESP,DF,Real Betis,21.0,1999.0,2021-2022,ESP
Mario Hermoso,555f3a0b,esESP,DF,Atlético Madrid,26.0,1995.0,2021-2022,ESP
Aridane Hernández,132ac341,esESP,DF,Osasuna,32.0,1989.0,2021-2022,ESP
Luis Hernández,02d2c436,esESP,DF,Cádiz,32.0,1989.0,2021-2022,ESP
Mario Hernández,90162357,esESP,"DF,MF",Rayo Vallecano,22.0,1999.0,2021-2022,ESP
Héctor Herrera,a8542814,mxMEX,MF,Atlético Madrid,31.0,1990.0,2021-2022,ESP
Sergio Herrera,a4995f48,esESP,GK,Osasuna,28.0,1993.0,2021-2022,ESP
Yangel Herrera,5083a734,veVEN,MF,Espanyol,23.0,1998.0,2021-2022,ESP
Matthew Hoppe,1bc432b7,usUSA,FW,Mallorca,20.0,2001.0,2021-2022,ESP
Robert Ibáñez,c7429db3,esESP,MF,Osasuna,28.0,1993.0,2021-2022,ESP
Vicente Iborra,ad1ffcfd,esESP,MF,Villarreal,33.0,1988.0,2021-2022,ESP
Oussama Idrissi,34caa4b3,maMAR,"MF,FW",Sevilla,25.0,1996.0,2021-2022,ESP
Oussama Idrissi,34caa4b3,maMAR,MF,Cádiz,25.0,1996.0,2021-2022,ESP
Iglesias,974322dc,esESP,"DF,MF",Getafe,23.0,1998.0,2021-2022,ESP
Borja Iglesias,75645f0e,esESP,FW,Real Betis,28.0,1993.0,2021-2022,ESP
Asier Illarramendi,5ce0b5ba,esESP,MF,Real Sociedad,31.0,1990.0,2021-2022,ESP
Nikita Iosifov,4c2fa917,ruRUS,FW,Villarreal,20.0,2001.0,2021-2022,ESP
Alexander Isak,8e92be30,seSWE,FW,Real Sociedad,21.0,1999.0,2021-2022,ESP
Isco,a0b4bb3e,esESP,"MF,FW",Real Madrid,29.0,1992.0,2021-2022,ESP
Nicolas Jackson,9c36ed83,snSEN,FW,Villarreal,20.0,2001.0,2021-2022,ESP
Jakub Jankto,1ea5f91c,czCZE,"MF,DF",Getafe,25.0,1996.0,2021-2022,ESP
Adnan Januzaj,4737cebe,beBEL,"MF,FW",Real Sociedad,26.0,1995.0,2021-2022,ESP
Jason,9038c2a1,esESP,MF,Alavés,27.0,1994.0,2021-2022,ESP
Jason,9038c2a1,esESP,MF,Valencia,27.0,1994.0,2021-2022,ESP
Luis Javier Suárez,eeba07f8,coCOL,FW,Granada,23.0,1997.0,2021-2022,ESP
Álvaro Jiménez,5f5501ed,esESP,MF,Cádiz,26.0,1995.0,2021-2022,ESP
Joaquín,4c5b14d2,esESP,MF,Real Betis,40.0,1981.0,2021-2022,ESP
Jofre,030ef8d6,esESP,MF,Espanyol,20.0,2001.0,2021-2022,ESP
Frenkie de Jong,1bacc518,nlNED,MF,Barcelona,24.0,1997.0,2021-2022,ESP
Luuk de Jong,abb3bb95,nlNED,"FW,MF",Barcelona,30.0,1990.0,2021-2022,ESP
Joan Jordán,2a0c8ba4,esESP,MF,Sevilla,27.0,1994.0,2021-2022,ESP
Josan,5b28b2f6,esESP,"MF,DF",Elche,31.0,1989.0,2021-2022,ESP
Willian José,d87e2cae,brBRA,FW,Real Betis,29.0,1991.0,2021-2022,ESP
Joselu,6265208f,esESP,FW,Alavés,31.0,1990.0,2021-2022,ESP
Josema,ed3f5f4c,esESP,DF,Elche,25.0,1996.0,2021-2022,ESP
Luka Jović,4d8cd038,rsSRB,FW,Real Madrid,23.0,1997.0,2021-2022,ESP
Miguel Juan Llambrich,d83f09ff,esESP,DF,Espanyol,25.0,1996.0,2021-2022,ESP
José Juan Macías,1f1c8a15,mxMEX,FW,Getafe,21.0,1999.0,2021-2022,ESP
Juanmi,84399660,esESP,MF,Real Betis,28.0,1993.0,2021-2022,ESP
Lago Junior,360d70f8,ciCIV,MF,Mallorca,30.0,1990.0,2021-2022,ESP
Vinicius Júnior,7111d552,brBRA,"FW,MF",Real Madrid,21.0,2000.0,2021-2022,ESP
Ferran Jutglà,2a9f6b4d,esESP,FW,Barcelona,22.0,1999.0,2021-2022,ESP
Jens Jønsson,53520a67,dkDEN,MF,Cádiz,28.0,1993.0,2021-2022,ESP
Lee Kang-in,8455ad90,krKOR,MF,Mallorca,20.0,2001.0,2021-2022,ESP
Kiké,e897d8ba,esESP,FW,Osasuna,31.0,1989.0,2021-2022,ESP
Koba Koindredi,3a58d075,frFRA,MF,Valencia,19.0,2001.0,2021-2022,ESP
Koke,55126f3b,esESP,MF,Atlético Madrid,29.0,1992.0,2021-2022,ESP
Luca Koleosho,fc076f78,itITA,MF,Espanyol,16.0,2004.0,2021-2022,ESP
Geoffrey Kondogbia,cce181df,cfCTA,"MF,DF",Atlético Madrid,28.0,1993.0,2021-2022,ESP
Jules Koundé,4d1666ff,frFRA,DF,Sevilla,22.0,1998.0,2021-2022,ESP
Toni Kroos,6ce1f46f,deGER,MF,Real Madrid,31.0,1990.0,2021-2022,ESP
Takefusa Kubo,16aa3654,jpJPN,"MF,FW",Mallorca,20.0,2001.0,2021-2022,ESP
Víctor Laguardia,b7c99b9b,esESP,DF,Alavés,31.0,1989.0,2021-2022,ESP
Diego Lainez,bf12926c,mxMEX,MF,Real Betis,21.0,2000.0,2021-2022,ESP
Érik Lamela,abe66106,arARG,"FW,MF",Sevilla,29.0,1992.0,2021-2022,ESP
Juanmi Latasa,2bea832e,esESP,FW,Real Madrid,20.0,2001.0,2021-2022,ESP
Toni Lato,8e088e04,esESP,DF,Valencia,23.0,1997.0,2021-2022,ESP
Robin Le Normand,9a64e67e,esESP,DF,Real Sociedad,24.0,1996.0,2021-2022,ESP
Jeremías Ledesma,6c4776b1,arARG,GK,Cádiz,28.0,1993.0,2021-2022,ESP
Wu Lei,e3fabb0a,cnCHN,"MF,FW",Espanyol,29.0,1991.0,2021-2022,ESP
Florian Lejeune,6eaed4eb,frFRA,DF,Alavés,30.0,1991.0,2021-2022,ESP
Iñigo Lekue,59b7d823,esESP,DF,Athletic Club,28.0,1993.0,2021-2022,ESP
Thomas Lemar,4dbd0916,frFRA,MF,Atlético Madrid,25.0,1995.0,2021-2022,ESP
Ruben Lendinez,755da865,esESP,DF,Valencia,18.0,2003.0,2021-2022,ESP
Clément Lenglet,4f28a6ff,frFRA,DF,Barcelona,26.0,1995.0,2021-2022,ESP
Javier Llabrés,38b0cf42,esESP,MF,Mallorca,18.0,2002.0,2021-2022,ESP
Marcos Llorente,02c15616,esESP,"MF,DF",Atlético Madrid,26.0,1995.0,2021-2022,ESP
Giovani Lo Celso,d7553721,arARG,"FW,MF",Villarreal,25.0,1996.0,2021-2022,ESP
Julen Lobete,a952a529,esESP,FW,Real Sociedad,20.0,2000.0,2021-2022,ESP
Renan Lodi,ed9f7cfe,brBRA,"DF,MF",Atlético Madrid,23.0,1998.0,2021-2022,ESP
David López,f03f284b,esESP,"MF,DF",Espanyol,31.0,1989.0,2021-2022,ESP
Diego López,73683fa9,esESP,GK,Espanyol,39.0,1981.0,2021-2022,ESP
Javi López,e9ada8cf,esESP,DF,Alavés,19.0,2002.0,2021-2022,ESP
Unai López,88050721,esESP,MF,Rayo Vallecano,25.0,1995.0,2021-2022,ESP
Mamadou Loum,bcfc4473,snSEN,MF,Alavés,24.0,1996.0,2021-2022,ESP
Anthony Lozano,38699c72,hnHON,"FW,MF",Cádiz,28.0,1993.0,2021-2022,ESP
Florentino Luís,881cd6be,ptPOR,MF,Getafe,21.0,1999.0,2021-2022,ESP
José Luis Gayà,b05e2dbd,esESP,DF,Valencia,26.0,1995.0,2021-2022,ESP
José Luis Morales,4a478107,esESP,"FW,MF",Levante,34.0,1987.0,2021-2022,ESP
Luismi,acf5410c,esESP,MF,Sevilla,20.0,2001.0,2021-2022,ESP
Andriy Lunin,3061e1ec,uaUKR,GK,Real Madrid,22.0,1999.0,2021-2022,ESP
Darwin Machís,ed6ea4d9,veVEN,"MF,FW",Granada,28.0,1993.0,2021-2022,ESP
Pablo Maffeo,5db04597,esESP,DF,Mallorca,24.0,1997.0,2021-2022,ESP
Nemanja Maksimović,00b28772,rsSRB,MF,Getafe,26.0,1995.0,2021-2022,ESP
Hugo Mallo,cb574619,esESP,DF,Celta Vigo,30.0,1991.0,2021-2022,ESP
Mickael Malsa,bbc19252,mqMTQ,MF,Levante,25.0,1995.0,2021-2022,ESP
Giorgi Mamardashvili,d4b73232,geGEO,GK,Valencia,20.0,2000.0,2021-2022,ESP
Reinildo Mandava,c20bdcd7,mzMOZ,DF,Atlético Madrid,27.0,1994.0,2021-2022,ESP
Aïssa Mandi,fbd6378b,dzALG,DF,Villarreal,29.0,1991.0,2021-2022,ESP
Nikola Maraš,b9d0446f,rsSRB,DF,Rayo Vallecano,25.0,1995.0,2021-2022,ESP
Marcelo,603116a7,brBRA,DF,Real Madrid,33.0,1988.0,2021-2022,ESP
Iván Marcone,b14f755d,arARG,MF,Elche,31.0,1990.0,2021-2022,ESP
Óscar de Marcos,9f323c71,esESP,DF,Athletic Club,32.0,1989.0,2021-2022,ESP
José Mari,6f4c734d,esESP,MF,Cádiz,33.0,1987.0,2021-2022,ESP
José María Giménez,f0da930c,uyURU,DF,Atlético Madrid,26.0,1995.0,2021-2022,ESP
Mariano,5c4dc0ff,doDOM,FW,Real Madrid,27.0,1993.0,2021-2022,ESP
Mika Mármol,e7630876,esESP,DF,Barcelona,20.0,2001.0,2021-2022,ESP
Roger Martí,0ae4e09a,esESP,FW,Levante,30.0,1991.0,2021-2022,ESP
Anthony Martial,8b788c01,frFRA,"FW,MF",Sevilla,25.0,1995.0,2021-2022,ESP
Martín,cbec0059,esESP,MF,Cádiz,22.0,1999.0,2021-2022,ESP
Ander Martin,e1e75690,esESP,MF,Real Sociedad,20.0,2000.0,2021-2022,ESP
Andrés Martín,2ae30661,esESP,FW,Rayo Vallecano,22.0,1999.0,2021-2022,ESP
Carlos Martín,64035864,esESP,"FW,MF",Atlético Madrid,19.0,2002.0,2021-2022,ESP
Iván Martín,ae48c5cb,esESP,MF,Alavés,22.0,1999.0,2021-2022,ESP
Iñigo Martínez,3fc45c73,esESP,DF,Athletic Club,30.0,1991.0,2021-2022,ESP
Javi Martínez,3672b352,esESP,MF,Osasuna,21.0,1999.0,2021-2022,ESP
Pablo Martínez,ecc77652,esESP,MF,Levante,23.0,1998.0,2021-2022,ESP
Omar Mascarell,11fd2b75,gqEQG,MF,Elche,28.0,1993.0,2021-2022,ESP
Jaime Mata,02319ad7,esESP,FW,Getafe,32.0,1988.0,2021-2022,ESP
Luís Maximiano,3318286e,ptPOR,GK,Granada,22.0,1999.0,2021-2022,ESP
Borja Mayoral,64e8ed6d,esESP,FW,Getafe,24.0,1997.0,2021-2022,ESP
Jordi Mboula,4887118d,esESP,"MF,FW",Mallorca,22.0,1999.0,2021-2022,ESP
Óscar Melendo,379652be,esESP,MF,Espanyol,23.0,1997.0,2021-2022,ESP
Gonzalo Melero,3902e91b,esESP,MF,Levante,27.0,1994.0,2021-2022,ESP
Memphis,8f696594,nlNED,FW,Barcelona,27.0,1994.0,2021-2022,ESP
Tomás Mendes,45f771db,esESP,MF,Alavés,16.0,2004.0,2021-2022,ESP
Brais Méndez,c9e39d91,esESP,MF,Celta Vigo,24.0,1997.0,2021-2022,ESP
Édgar Méndez,aed746df,esESP,"MF,FW",Alavés,31.0,1990.0,2021-2022,ESP
Ferland Mendy,3cefcaef,frFRA,DF,Real Madrid,26.0,1995.0,2021-2022,ESP
Fran Mérida,0e50f929,esESP,MF,Espanyol,31.0,1990.0,2021-2022,ESP
Mikel Merino,d080ed5e,esESP,MF,Real Sociedad,25.0,1996.0,2021-2022,ESP
Martín Merquelanz,ddd5348b,esESP,MF,Rayo Vallecano,26.0,1995.0,2021-2022,ESP
Matt Miazga,9fc0f253,usUSA,DF,Alavés,26.0,1995.0,2021-2022,ESP
Miguel,6763373d,esESP,"FW,MF",Alavés,21.0,1999.0,2021-2022,ESP
Éder Militão,2784f898,brBRA,DF,Real Madrid,23.0,1998.0,2021-2022,ESP
Luis Milla,19c36442,esESP,MF,Granada,26.0,1994.0,2021-2022,ESP
Pere Milla,335039a2,esESP,"FW,MF",Elche,28.0,1992.0,2021-2022,ESP
Santi Mina,0b90bb97,esESP,FW,Celta Vigo,25.0,1995.0,2021-2022,ESP
Óscar Mingueza,056269d7,esESP,DF,Barcelona,22.0,1999.0,2021-2022,ESP
Rafa Mir,bbf5c11b,esESP,FW,Sevilla,24.0,1997.0,2021-2022,ESP
Jorge Miramón,7f4c7c9f,esESP,"DF,MF",Levante,32.0,1989.0,2021-2022,ESP
Juan Miranda,ead61f73,esESP,DF,Real Betis,21.0,2000.0,2021-2022,ESP
Stefan Mitrović,e6777e6b,rsSRB,DF,Getafe,31.0,1990.0,2021-2022,ESP
Luka Modrić,6025fab1,hrCRO,MF,Real Madrid,35.0,1985.0,2021-2022,ESP
Johan Mojica,608f2092,coCOL,"DF,MF",Elche,28.0,1992.0,2021-2022,ESP
Jorge Molina,43f71e77,esESP,FW,Granada,39.0,1982.0,2021-2022,ESP
Jon Moncayola,9939e168,esESP,MF,Osasuna,23.0,1998.0,2021-2022,ESP
Monchu,8ac501f5,esESP,MF,Granada,21.0,1999.0,2021-2022,ESP
Gonzalo Montiel,374d5158,arARG,DF,Sevilla,24.0,1997.0,2021-2022,ESP
Ángel Montoro,719384c1,esESP,MF,Granada,33.0,1988.0,2021-2022,ESP
Martín Montoya,5cec2487,esESP,DF,Real Betis,30.0,1991.0,2021-2022,ESP
Jon Morcillo,b7d7f3bf,esESP,MF,Athletic Club,22.0,1998.0,2021-2022,ESP
Alberto Moreno,11b9265b,esESP,"MF,DF",Villarreal,29.0,1992.0,2021-2022,ESP
Álex Moreno,16e9d0ea,esESP,DF,Real Betis,28.0,1993.0,2021-2022,ESP
Gerard Moreno,81f0781e,esESP,FW,Villarreal,29.0,1992.0,2021-2022,ESP
Tete Morente,004d185e,esESP,MF,Elche,24.0,1996.0,2021-2022,ESP
Ilaix Moriba,f4c69aa6,gnGUI,MF,Valencia,18.0,2003.0,2021-2022,ESP
Manu Morlanes,a0255c67,esESP,MF,Espanyol,22.0,1999.0,2021-2022,ESP
Loren Morón,3aa4a3be,esESP,"FW,MF",Espanyol,27.0,1993.0,2021-2022,ESP
Loren Morón,3aa4a3be,esESP,FW,Real Betis,27.0,1993.0,2021-2022,ESP
Cristhian Mosquera,dc1ce4f5,esESP,DF,Valencia,17.0,2004.0,2021-2022,ESP
Toni Moya,9e098912,esESP,MF,Alavés,23.0,1998.0,2021-2022,ESP
Iker Muniain,c05dfb74,esESP,MF,Athletic Club,28.0,1992.0,2021-2022,ESP
Aihen Muñoz,228b0d9d,esESP,DF,Real Sociedad,23.0,1997.0,2021-2022,ESP
Jeison Murillo,b233e8e4,coCOL,DF,Celta Vigo,29.0,1992.0,2021-2022,ESP
Vedat Muriqi,0cadc46d,xkKVX,FW,Mallorca,27.0,1994.0,2021-2022,ESP
Yunus Musah,b51b1b9c,usUSA,"MF,FW",Valencia,18.0,2002.0,2021-2022,ESP
Shkodran Mustafi,3f2d59fe,deGER,DF,Levante,29.0,1992.0,2021-2022,ESP
Nacho,2946f9a1,esESP,DF,Real Madrid,31.0,1990.0,2021-2022,ESP
Roberto Navarro,c997b942,esESP,"MF,FW",Real Sociedad,19.0,2002.0,2021-2022,ESP
Ximo Navarro,8db394aa,esESP,DF,Alavés,31.0,1990.0,2021-2022,ESP
Jesús Navas,3f10bd22,esESP,DF,Sevilla,35.0,1985.0,2021-2022,ESP
Álvaro Negredo,63b0ca6b,esESP,FW,Cádiz,35.0,1985.0,2021-2022,ESP
Neto,a9dc785c,brBRA,GK,Barcelona,32.0,1989.0,2021-2022,ESP
Carlos Neva,8d47bb39,esESP,DF,Granada,25.0,1996.0,2021-2022,ESP
Saúl Ñíguez,c14bc029,esESP,MF,Atlético Madrid,26.0,1994.0,2021-2022,ESP
Fernando Niño,81d5c497,esESP,FW,Mallorca,20.0,2000.0,2021-2022,ESP
Peru Nolaskoain,857cb4f3,esESP,"DF,MF",Athletic Club,22.0,1998.0,2021-2022,ESP
Nolito,b2d0ec1b,esESP,MF,Celta Vigo,34.0,1986.0,2021-2022,ESP
Randy Nteka,a6103274,aoANG,"MF,FW",Rayo Vallecano,23.0,1997.0,2021-2022,ESP
Unai Núñez,be170419,esESP,DF,Athletic Club,24.0,1997.0,2021-2022,ESP
Allan Nyom,97572117,cmCMR,DF,Getafe,33.0,1988.0,2021-2022,ESP
Jan Oblak,ee8508c0,siSVN,GK,Atlético Madrid,28.0,1993.0,2021-2022,ESP
Lucas Ocampos,a08b974a,arARG,"FW,MF",Sevilla,27.0,1994.0,2021-2022,ESP
Lucas Olaza,4cee5954,uyURU,"DF,MF",Elche,27.0,1994.0,2021-2022,ESP
Oier Olazábal,b5bdf144,esESP,GK,Espanyol,31.0,1989.0,2021-2022,ESP
Brian Oliván,a3e4bf46,esESP,DF,Mallorca,27.0,1994.0,2021-2022,ESP
Mathías Olivera,41c12f75,uyURU,"DF,MF",Getafe,23.0,1997.0,2021-2022,ESP
Javier Ontiveros,a83d8b0c,esESP,"FW,MF",Osasuna,23.0,1997.0,2021-2022,ESP
Pedro Ortiz,f9358b61,esESP,MF,Sevilla,20.0,2000.0,2021-2022,ESP
Milutin Osmajić,375ed9d7,meMNE,FW,Cádiz,22.0,1999.0,2021-2022,ESP
Jesús Owono,d6e3d7fb,gqEQG,GK,Alavés,20.0,2001.0,2021-2022,ESP
Mikel Oyarzabal,8c3c640c,esESP,"MF,FW",Real Sociedad,24.0,1997.0,2021-2022,ESP
Fernando Pacheco,97852360,esESP,GK,Alavés,29.0,1992.0,2021-2022,ESP
Jon Pacheco,44150beb,esESP,DF,Real Sociedad,20.0,2001.0,2021-2022,ESP
Helibelton Palacios,ac8b2421,coCOL,DF,Elche,28.0,1993.0,2021-2022,ESP
Isaac Palazón Camacho,49dbab27,esESP,MF,Rayo Vallecano,26.0,1994.0,2021-2022,ESP
Daniel Parejo,7460ca0d,esESP,MF,Villarreal,32.0,1989.0,2021-2022,ESP
Raúl Parra,647d39d2,esESP,DF,Cádiz,21.0,1999.0,2021-2022,ESP
Javier Pastore,881ef58c,arARG,MF,Elche,32.0,1989.0,2021-2022,ESP
Gabriel Paulista,b7ca5c51,brBRA,DF,Valencia,30.0,1990.0,2021-2022,ESP
Alfonso Pedraza,63f04c6c,esESP,DF,Villarreal,25.0,1996.0,2021-2022,ESP
Pedri,0d9b2d31,esESP,MF,Barcelona,18.0,2002.0,2021-2022,ESP
Adrià Pedrosa,112521d1,esESP,DF,Espanyol,23.0,1998.0,2021-2022,ESP
Facundo Pellistri,ac7e7b1c,uyURU,"MF,FW",Alavés,19.0,2001.0,2021-2022,ESP
Rubén Peña,1f079188,esESP,MF,Villarreal,30.0,1991.0,2021-2022,ESP
Alberto Perea,5496cc91,esESP,MF,Cádiz,30.0,1990.0,2021-2022,ESP
Iñigo Pérez,bc61cc65,esESP,MF,Osasuna,33.0,1988.0,2021-2022,ESP
Juan Pérez,8f29e08b,esESP,GK,Osasuna,25.0,1996.0,2021-2022,ESP
Kike Pérez,237a3851,esESP,"MF,FW",Elche,24.0,1997.0,2021-2022,ESP
Lucas Pérez,a300ac7e,esESP,FW,Elche,32.0,1988.0,2021-2022,ESP
Lucas Pérez,a300ac7e,esESP,FW,Cádiz,32.0,1988.0,2021-2022,ESP
Njegoš Petrović,0cb29e91,rsSRB,MF,Granada,22.0,1999.0,2021-2022,ESP
Alex Petxa,97d08e60,esESP,DF,Athletic Club,24.0,1997.0,2021-2022,ESP
Germán Pezzella,8c725b43,arARG,DF,Real Betis,30.0,1991.0,2021-2022,ESP
Pablo Piatti,48e89655,arARG,MF,Elche,32.0,1989.0,2021-2022,ESP
Cristiano Piccini,32c0491f,itITA,DF,Valencia,28.0,1992.0,2021-2022,ESP
Tomás Pina Isla,e54bd0a2,esESP,MF,Alavés,33.0,1987.0,2021-2022,ESP
Orbelín Pineda,411fabd7,mxMEX,"FW,MF",Celta Vigo,25.0,1996.0,2021-2022,ESP
Yeremi Pino,540ec57b,esESP,"MF,FW",Villarreal,18.0,2002.0,2021-2022,ESP
Gerard Piqué,adfc9123,esESP,DF,Barcelona,34.0,1987.0,2021-2022,ESP
Ezequiel Ponce,ccbbe661,arARG,FW,Elche,24.0,1997.0,2021-2022,ESP
Pere Pons,29b61deb,esESP,MF,Alavés,28.0,1993.0,2021-2022,ESP
Portu,1bda5842,esESP,"MF,FW",Real Sociedad,29.0,1992.0,2021-2022,ESP
Sergio Postigo,474ecac8,esESP,DF,Levante,32.0,1988.0,2021-2022,ESP
Darío Poveda,cbdf7d5c,esESP,FW,Getafe,24.0,1997.0,2021-2022,ESP
José Pozo,fc8b614b,esESP,"FW,MF",Rayo Vallecano,25.0,1996.0,2021-2022,ESP
Abdón Prats,d1b060e2,esESP,FW,Mallorca,28.0,1992.0,2021-2022,ESP
Alejandro Primo,f38284bb,esESP,GK,Levante,17.0,2004.0,2021-2022,ESP
Javi Puado,2683eda7,esESP,"MF,FW",Espanyol,23.0,1998.0,2021-2022,ESP
Marc Pubill,365113c0,esESP,"DF,MF",Levante,18.0,2003.0,2021-2022,ESP
Antonio Puertas,c77a8043,esESP,"MF,FW",Granada,29.0,1992.0,2021-2022,ESP
Riqui Puig,f090a37a,esESP,MF,Barcelona,21.0,1999.0,2021-2022,ESP
Yacine Qasmi,3b3cbebb,maMAR,FW,Rayo Vallecano,30.0,1991.0,2021-2022,ESP
Quini,7a538238,esESP,DF,Granada,31.0,1989.0,2021-2022,ESP
Dani Raba,ea6a7ab4,esESP,"FW,MF",Villarreal,25.0,1995.0,2021-2022,ESP
Dani Raba,ea6a7ab4,esESP,"FW,MF",Granada,25.0,1995.0,2021-2022,ESP
Uroš Račić,faed84db,rsSRB,MF,Valencia,23.0,1998.0,2021-2022,ESP
Nemanja Radoja,b5dd3469,rsSRB,MF,Levante,28.0,1993.0,2021-2022,ESP
Rafinha,0c2ac3cb,brBRA,"MF,FW",Real Sociedad,28.0,1993.0,2021-2022,ESP
Antonio Raillo,b857bd29,esESP,DF,Mallorca,29.0,1991.0,2021-2022,ESP
Ivan Rakitić,89f951b5,hrCRO,MF,Sevilla,33.0,1988.0,2021-2022,ESP
Jonás Ramalho,be3a0121,esESP,DF,Osasuna,28.0,1993.0,2021-2022,ESP
Sandro Ramírez,833fb62e,esESP,FW,Getafe,26.0,1995.0,2021-2022,ESP
Raúl,18f0a9f0,esESP,FW,Real Betis,20.0,2000.0,2021-2022,ESP
Lluís Recasens,c31ea173,esESP,DF,Espanyol,19.0,2002.0,2021-2022,ESP
Manolo Reina,605eb473,esESP,GK,Mallorca,36.0,1985.0,2021-2022,ESP
Karim Rekik,3376a776,nlNED,DF,Sevilla,26.0,1994.0,2021-2022,ESP
Álex Remiro,374ee424,esESP,GK,Real Sociedad,26.0,1995.0,2021-2022,ESP
Nico Ribaudo,ce8039aa,esESP,"MF,FW",Espanyol,20.0,2001.0,2021-2022,ESP
Diego Rico,d9ba39fc,esESP,DF,Real Sociedad,28.0,1993.0,2021-2022,ESP
Sergio Rico,5f0241b2,esESP,GK,Mallorca,27.0,1993.0,2021-2022,ESP
Luis Rioja,eb3dd471,esESP,"MF,FW",Alavés,27.0,1993.0,2021-2022,ESP
Rober,c00097d2,esESP,DF,Levante,26.0,1995.0,2021-2022,ESP
Sergi Roberto,335fa267,esESP,"MF,DF",Barcelona,29.0,1992.0,2021-2022,ESP
Rubén Rochina,ecd8c01e,esESP,"MF,FW",Granada,30.0,1991.0,2021-2022,ESP
Enzo Roco,37f827ec,clCHI,DF,Elche,28.0,1992.0,2021-2022,ESP
Rodri,85bed4ee,esESP,MF,Real Betis,21.0,2000.0,2021-2022,ESP
Kévin Rodrigues,f1bed920,ptPOR,"DF,MF",Rayo Vallecano,27.0,1994.0,2021-2022,ESP
Ángel Rodríguez,8cfc2f69,esESP,"FW,MF",Mallorca,34.0,1987.0,2021-2022,ESP
Óscar Rodríguez Arnaiz,19709006,esESP,"MF,FW",Getafe,23.0,1998.0,2021-2022,ESP
Óscar Rodríguez Arnaiz,19709006,esESP,"MF,FW",Sevilla,23.0,1998.0,2021-2022,ESP
Dani Rodríguez,70f8e0bd,esESP,MF,Mallorca,33.0,1988.0,2021-2022,ESP
Guido Rodríguez,34e393f2,arARG,MF,Real Betis,27.0,1994.0,2021-2022,ESP
Rodrygo,8f5e92a6,brBRA,FW,Real Madrid,20.0,2001.0,2021-2022,ESP
Leo Román,924ff27e,esESP,GK,Mallorca,21.0,2000.0,2021-2022,ESP
Iván Romero,2fbe6af0,esESP,FW,Sevilla,20.0,2001.0,2021-2022,ESP
Unai Ropero,7868c973,esESP,FW,Alavés,19.0,2001.0,2021-2022,ESP
Rubén,35d4f151,esESP,DF,Espanyol,20.0,2001.0,2021-2022,ESP
Aitor Ruibal,a55d8df5,esESP,"MF,DF",Real Betis,25.0,1996.0,2021-2022,ESP
Isma Ruiz,6e36226f,esESP,MF,Granada,20.0,2001.0,2021-2022,ESP
Víctor Ruiz,b3dc6eca,esESP,DF,Real Betis,32.0,1989.0,2021-2022,ESP
Gerónimo Rulli,625c144a,arARG,GK,Villarreal,29.0,1992.0,2021-2022,ESP
Franco Russo,b75ac54b,arARG,DF,Mallorca,26.0,1994.0,2021-2022,ESP
Mathew Ryan,4535e4bb,auAUS,GK,Real Sociedad,29.0,1992.0,2021-2022,ESP
Youssouf Sabaly,fbbb9269,snSEN,DF,Real Betis,28.0,1993.0,2021-2022,ESP
Salvi,405f267a,esESP,MF,Cádiz,30.0,1991.0,2021-2022,ESP
Fede San Emeterio,efecd633,esESP,MF,Cádiz,24.0,1997.0,2021-2022,ESP
Oihan Sancet,bdb624a3,esESP,FW,Athletic Club,21.0,2000.0,2021-2022,ESP
Antonio Sánchez,a254bbe0,esESP,MF,Mallorca,24.0,1997.0,2021-2022,ESP
Germán Sánchez,ea9b2ef9,esESP,DF,Granada,34.0,1986.0,2021-2022,ESP
Juanlu Sánchez,cc6de655,esESP,"DF,MF",Sevilla,17.0,2003.0,2021-2022,ESP
Manu Sánchez,ffacd3d5,esESP,DF,Osasuna,20.0,2000.0,2021-2022,ESP
Oier Sanjurjo,466824fb,esESP,MF,Osasuna,35.0,1986.0,2021-2022,ESP
Yellu Santiago,bc49fd34,esESP,MF,Valencia,17.0,2004.0,2021-2022,ESP
Sergio Santos,cf59e05f,esESP,DF,Real Madrid,20.0,2001.0,2021-2022,ESP
Alvaro Sanz,eaefa2d0,esESP,MF,Barcelona,20.0,2001.0,2021-2022,ESP
Marcelo Saracchi,1c96ad85,uyURU,DF,Levante,23.0,1998.0,2021-2022,ESP
Joan Sastre Vanrell,f9acf8bf,esESP,DF,Mallorca,24.0,1997.0,2021-2022,ESP
Esteban Saveljich,79f2a5f5,meMNE,DF,Rayo Vallecano,30.0,1991.0,2021-2022,ESP
Stefan Savić,f6ac68c1,meMNE,DF,Atlético Madrid,30.0,1991.0,2021-2022,ESP
Valentino Scotta,98529579,esESP,DF,Sevilla,19.0,2001.0,2021-2022,ESP
Aleksandar Sedlar,a35134ae,rsSRB,DF,Mallorca,29.0,1991.0,2021-2022,ESP
Javier Serrano,0a8fd9cb,esESP,MF,Atlético Madrid,18.0,2003.0,2021-2022,ESP
Nicolás Serrano,2ad0e5e5,esESP,MF,Athletic Club,18.0,2003.0,2021-2022,ESP
Salva Sevilla,75bd85ea,esESP,MF,Mallorca,37.0,1984.0,2021-2022,ESP
David Silva,e2716bd0,esESP,"MF,FW",Real Sociedad,35.0,1986.0,2021-2022,ESP
Jonathan Silva,f2308b33,arARG,DF,Getafe,27.0,1994.0,2021-2022,ESP
Rui Silva,ea83bfa6,ptPOR,GK,Real Betis,27.0,1994.0,2021-2022,ESP
Giuliano Simeone,a6536561,arARG,"FW,MF",Atlético Madrid,18.0,2002.0,2021-2022,ESP
Unai Simón,5dcf3e90,esESP,GK,Athletic Club,24.0,1997.0,2021-2022,ESP
Antonio Sivera,9970da54,esESP,GK,Alavés,24.0,1996.0,2021-2022,ESP
Rubén Sobrino,19b776e9,esESP,"FW,MF",Valencia,29.0,1992.0,2021-2022,ESP
Rubén Sobrino,19b776e9,esESP,"FW,MF",Cádiz,29.0,1992.0,2021-2022,ESP
Alex Sola,5fa714d5,esESP,"DF,MF",Real Sociedad,22.0,1999.0,2021-2022,ESP
Augusto Solari,3ca6106c,arARG,MF,Celta Vigo,29.0,1992.0,2021-2022,ESP
Roberto Soldado,9d66fbe3,esESP,FW,Levante,36.0,1985.0,2021-2022,ESP
Carlos Soler,fed17f5a,esESP,MF,Valencia,24.0,1997.0,2021-2022,ESP
Son,037dbd30,esESP,"DF,MF",Levante,27.0,1994.0,2021-2022,ESP
David Soria,8f8c6934,esESP,GK,Getafe,28.0,1993.0,2021-2022,ESP
Alberto Soro,452c3055,esESP,"MF,FW",Granada,22.0,1999.0,2021-2022,ESP
Hugo Sotelo,3aa74860,esESP,MF,Celta Vigo,17.0,2003.0,2021-2022,ESP
Damián Suárez,ba5004e1,uyURU,"DF,MF",Getafe,33.0,1988.0,2021-2022,ESP
Denis Suárez,12c50af5,esESP,MF,Celta Vigo,27.0,1994.0,2021-2022,ESP
Luis Suárez,a6154613,uyURU,FW,Atlético Madrid,34.0,1987.0,2021-2022,ESP
Mario Suárez,7106f0a0,esESP,DF,Rayo Vallecano,34.0,1987.0,2021-2022,ESP
Suso,4e219ad2,esESP,"FW,MF",Sevilla,27.0,1993.0,2021-2022,ESP
Mamadou Sylla,e5ec95f8,snSEN,FW,Alavés,27.0,1994.0,2021-2022,ESP
Mamadou Sylla,e5ec95f8,snSEN,FW,Rayo Vallecano,27.0,1994.0,2021-2022,ESP
Alexander Sørloth,e92cd3f7,noNOR,FW,Real Sociedad,25.0,1995.0,2021-2022,ESP
Tachi,8b625720,esESP,DF,Alavés,23.0,1997.0,2021-2022,ESP
Renato Tapia,34269bdf,pePER,MF,Celta Vigo,26.0,1995.0,2021-2022,ESP
Cristian Tello,72a99e38,esESP,MF,Real Betis,29.0,1991.0,2021-2022,ESP
Nahuel Tenaglia,66654daa,arARG,DF,Alavés,25.0,1996.0,2021-2022,ESP
Marc Tenas,1c5d79e2,esESP,MF,Alavés,20.0,2001.0,2021-2022,ESP
Marc-André ter Stegen,6f51e382,deGER,GK,Barcelona,29.0,1992.0,2021-2022,ESP
David Timor,174651c8,esESP,MF,Getafe,31.0,1989.0,2021-2022,ESP
Mircea Ţîrlea,683a1d81,roROU,DF,Alavés,21.0,2000.0,2021-2022,ESP
Raúl de Tomás,02ef8778,esESP,FW,Espanyol,26.0,1994.0,2021-2022,ESP
Raúl Torrente,4d753a3f,esESP,DF,Granada,19.0,2001.0,2021-2022,ESP
Ferrán Torres,9e1035f8,esESP,FW,Barcelona,21.0,2000.0,2021-2022,ESP
Óliver Torres,58a9a4d9,esESP,"MF,FW",Sevilla,26.0,1994.0,2021-2022,ESP
Pau Torres,532e1e4f,esESP,DF,Villarreal,24.0,1997.0,2021-2022,ESP
Roberto Torres,d733aa38,esESP,"MF,FW",Osasuna,32.0,1989.0,2021-2022,ESP
Lucas Torró,0e4fef6e,esESP,MF,Osasuna,27.0,1994.0,2021-2022,ESP
Adama Traoré,9a28eba4,esESP,FW,Barcelona,25.0,1996.0,2021-2022,ESP
Óscar Trejo,fc647b34,arARG,MF,Rayo Vallecano,33.0,1988.0,2021-2022,ESP
Manu Trigueros,963829d0,esESP,"MF,FW",Villarreal,29.0,1991.0,2021-2022,ESP
Kieran Trippier,21512407,engENG,"MF,DF",Atlético Madrid,30.0,1990.0,2021-2022,ESP
Beñat Turrientes,068f4dec,esESP,MF,Real Sociedad,19.0,2002.0,2021-2022,ESP
Samuel Umtiti,3eed9821,frFRA,DF,Barcelona,27.0,1993.0,2021-2022,ESP
Enes Ünal,f8eca1b6,trTUR,FW,Getafe,24.0,1997.0,2021-2022,ESP
Myrto Uzuni,01da7812,alALB,"MF,FW",Granada,26.0,1995.0,2021-2022,ESP
Álvaro Vadillo,61b62b33,esESP,"FW,MF",Espanyol,26.0,1994.0,2021-2022,ESP
Óscar Valentín,592f3158,esESP,MF,Rayo Vallecano,26.0,1994.0,2021-2022,ESP
Germán Valera,84f55b4a,esESP,"FW,MF",Real Sociedad,19.0,2002.0,2021-2022,ESP
Martin Valjent,f2c6ac01,skSVK,DF,Mallorca,25.0,1995.0,2021-2022,ESP
Jesús Vallejo,c2111b45,esESP,DF,Real Madrid,24.0,1997.0,2021-2022,ESP
Manu Vallejo,0bc4e720,esESP,"MF,FW",Alavés,24.0,1997.0,2021-2022,ESP
Manu Vallejo,0bc4e720,esESP,"FW,MF",Valencia,24.0,1997.0,2021-2022,ESP
Federico Valverde,0959c2a2,uyURU,MF,Real Madrid,23.0,1998.0,2021-2022,ESP
José Luis García Vayá,27dc1378,esESP,MF,Levante,22.0,1998.0,2021-2022,ESP
Jesus Vazquez,106c142c,esESP,"MF,DF",Valencia,18.0,2003.0,2021-2022,ESP
Kevin Vázquez,ee923664,esESP,DF,Celta Vigo,28.0,1993.0,2021-2022,ESP
Lucas Vázquez,fd51b456,esESP,DF,Real Madrid,30.0,1991.0,2021-2022,ESP
Gabriel Veiga,35a6e5c7,esESP,MF,Celta Vigo,19.0,2002.0,2021-2022,ESP
Unai Vencedor Paris,4112ace5,esESP,MF,Athletic Club,20.0,2000.0,2021-2022,ESP
Gonzalo Verdú,1c2c55fc,esESP,DF,Elche,32.0,1988.0,2021-2022,ESP
Mikel Vesga,b0fce72c,esESP,MF,Athletic Club,28.0,1993.0,2021-2022,ESP
Rúben Vezo,c67cd65c,ptPOR,DF,Levante,27.0,1994.0,2021-2022,ESP
Aleix Vidal,04965583,esESP,"DF,MF",Espanyol,31.0,1989.0,2021-2022,ESP
Nacho Vidal,3a9c4b7b,esESP,DF,Osasuna,26.0,1995.0,2021-2022,ESP
Dídac Vilà,bad38a94,esESP,DF,Espanyol,32.0,1989.0,2021-2022,ESP
Tonny Vilhena,c7069d87,nlNED,"MF,FW",Espanyol,26.0,1995.0,2021-2022,ESP
Daniel Villahermosa,de903ae2,esESP,MF,Espanyol,20.0,2001.0,2021-2022,ESP
Asier Villalibre,57be54ec,esESP,FW,Athletic Club,23.0,1997.0,2021-2022,ESP
Gonzalo Villar,bdc74a8f,esESP,MF,Getafe,23.0,1998.0,2021-2022,ESP
Vitolo,db750822,esESP,MF,Getafe,31.0,1989.0,2021-2022,ESP
Daniel Vivian,ab7bf91d,esESP,DF,Athletic Club,22.0,1999.0,2021-2022,ESP
Šime Vrsaljko,46a8347f,hrCRO,"DF,MF",Atlético Madrid,29.0,1992.0,2021-2022,ESP
Nikola Vukčević,4442fbcd,meMNE,MF,Levante,29.0,1991.0,2021-2022,ESP
Daniel Wass,d83bbc54,dkDEN,"DF,MF",Atlético Madrid,32.0,1989.0,2021-2022,ESP
Daniel Wass,d83bbc54,dkDEN,MF,Valencia,32.0,1989.0,2021-2022,ESP
Iñaki Williams,6a99e0b1,ghGHA,FW,Athletic Club,27.0,1994.0,2021-2022,ESP
Nico Williams,afdc14d7,esESP,MF,Athletic Club,19.0,2002.0,2021-2022,ESP
Okay Yokuşlu,e49ce451,trTUR,"DF,MF",Getafe,27.0,1994.0,2021-2022,ESP
Okay Yokuşlu,e49ce451,trTUR,DF,Celta Vigo,27.0,1994.0,2021-2022,ESP
Joseba Zaldúa,5ca20b7a,esESP,"DF,MF",Real Sociedad,29.0,1992.0,2021-2022,ESP
Oier Zarraga,968a1c2f,esESP,MF,Athletic Club,22.0,1999.0,2021-2022,ESP
Luca Zidane,c818c4d9,dzALG,GK,Rayo Vallecano,23.0,1998.0,2021-2022,ESP
Igor Zubeldia,5c7845f6,esESP,DF,Real Sociedad,24.0,1997.0,2021-2022,ESP
Martín Zubimendi,3ee0dd59,esESP,MF,Real Sociedad,22.0,1999.0,2021-2022,ESP
Max Aarons,774cf58b,engENG,DF,Norwich City,21.0,2000.0,2021-2022,EPL
Che Adams,f2bf1b0f,sctSCO,FW,Southampton,25.0,1996.0,2021-2022,EPL
Rayan Aït-Nouri,9b398aea,dzALG,MF,Wolves,20.0,2001.0,2021-2022,EPL
Kristoffer Ajer,a8c0acb7,noNOR,DF,Brentford,23.0,1998.0,2021-2022,EPL
Nathan Aké,eaeca114,nlNED,DF,Manchester City,26.0,1995.0,2021-2022,EPL
Marc Albrighton,b827d5b3,engENG,"MF,FW",Leicester City,31.0,1989.0,2021-2022,EPL
Thiago Alcántara,77e84962,esESP,MF,Liverpool,30.0,1991.0,2021-2022,EPL
Trent Alexander-Arnold,cd1acf9d,engENG,DF,Liverpool,22.0,1998.0,2021-2022,EPL
Alisson,7a2e46a8,brBRA,GK,Liverpool,28.0,1992.0,2021-2022,EPL
Allan,cc700722,brBRA,MF,Everton,30.0,1991.0,2021-2022,EPL
Dele Alli,cea4ee8f,engENG,MF,Tottenham Hotspur,25.0,1996.0,2021-2022,EPL
Dele Alli,cea4ee8f,engENG,MF,Everton,25.0,1996.0,2021-2022,EPL
Miguel Almirón,862a1c15,pyPAR,"MF,FW",Newcastle United,27.0,1994.0,2021-2022,EPL
Marcos Alonso,f4290206,esESP,MF,Chelsea,30.0,1990.0,2021-2022,EPL
Steven Alzate,ad1f61f3,coCOL,MF,Brighton,22.0,1998.0,2021-2022,EPL
Daniel Amartey,1a4ef233,ghGHA,DF,Leicester City,26.0,1994.0,2021-2022,EPL
Joachim Andersen,e34fc66d,dkDEN,DF,Crystal Palace,25.0,1996.0,2021-2022,EPL
Michail Antonio,ac05f970,jmJAM,FW,West Ham United,31.0,1990.0,2021-2022,EPL
Cameron Archer,05e8ca6d,engENG,FW,Aston Villa,20.0,2001.0,2021-2022,EPL
Alphonse Areola,2f965a72,frFRA,GK,West Ham United,28.0,1993.0,2021-2022,EPL
Adam Armstrong,68c720b5,engENG,FW,Southampton,24.0,1997.0,2021-2022,EPL
Stuart Armstrong,97333cf5,sctSCO,"MF,FW",Southampton,29.0,1992.0,2021-2022,EPL
Kepa Arrizabalaga,28d596a0,esESP,GK,Chelsea,26.0,1994.0,2021-2022,EPL
Harrison Ashby,b391383a,sctSCO,DF,West Ham United,19.0,2001.0,2021-2022,EPL
Pierre-Emerick Aubameyang,d5dd5f1f,gaGAB,FW,Arsenal,32.0,1989.0,2021-2022,EPL
Jordan Ayew,da052c14,ghGHA,"FW,MF",Crystal Palace,29.0,1991.0,2021-2022,EPL
Luke Ayling,420d7c7d,engENG,DF,Leeds United,29.0,1991.0,2021-2022,EPL
César Azpilicueta,53cad200,esESP,"DF,MF",Chelsea,31.0,1989.0,2021-2022,EPL
Daniel Bachmann,1c0eea98,atAUT,GK,Watford,27.0,1994.0,2021-2022,EPL
Leon Bailey,3a233281,jmJAM,"FW,MF",Aston Villa,23.0,1997.0,2021-2022,EPL
Eric Bailly,a1232f4e,ciCIV,DF,Manchester Utd,27.0,1994.0,2021-2022,EPL
Folarin Balogun,31822f8c,usUSA,FW,Arsenal,20.0,2001.0,2021-2022,EPL
Patrick Bamford,93feac6e,engENG,FW,Leeds United,27.0,1993.0,2021-2022,EPL
Shandon Baptiste,2886c9b5,gdGRN,MF,Brentford,23.0,1998.0,2021-2022,EPL
Ross Barkley,3a24769f,engENG,MF,Chelsea,27.0,1993.0,2021-2022,EPL
Ashley Barnes,2691c772,engENG,FW,Burnley,31.0,1989.0,2021-2022,EPL
Harvey Barnes,3ea50f67,engENG,"MF,FW",Leicester City,23.0,1997.0,2021-2022,EPL
Lewis Bate,cd4256d3,engENG,MF,Leeds United,18.0,2002.0,2021-2022,EPL
Mads Bech Sørensen,30db8574,dkDEN,DF,Brentford,22.0,1999.0,2021-2022,EPL
Jan Bednarek,4115ce4e,plPOL,DF,Southampton,25.0,1996.0,2021-2022,EPL
Donny van de Beek,50dc94ce,nlNED,MF,Manchester Utd,24.0,1997.0,2021-2022,EPL
Donny van de Beek,50dc94ce,nlNED,MF,Everton,24.0,1997.0,2021-2022,EPL
Asmir Begović,7b4de647,baBIH,GK,Everton,34.0,1987.0,2021-2022,EPL
Saïd Benrahma,5a04fd92,dzALG,MF,West Ham United,25.0,1995.0,2021-2022,EPL
Rodrigo Bentancur,3b8674e6,uyURU,MF,Tottenham Hotspur,24.0,1997.0,2021-2022,EPL
Christian Benteke,ab070c55,beBEL,FW,Crystal Palace,30.0,1990.0,2021-2022,EPL
Jóhann Berg Guðmundsson,f72293fc,isISL,MF,Burnley,30.0,1990.0,2021-2022,EPL
Steven Bergwijn,a29b1131,nlNED,"MF,FW",Tottenham Hotspur,23.0,1997.0,2021-2022,EPL
Ryan Bertrand,01226327,engENG,DF,Leicester City,31.0,1989.0,2021-2022,EPL
Mads Bidstrup,407db0d5,dkDEN,MF,Brentford,20.0,2001.0,2021-2022,EPL
Yves Bissouma,6c203af0,mlMLI,MF,Brighton,24.0,1996.0,2021-2022,EPL
Willy Boly,a4ac4b8f,ciCIV,DF,Wolves,30.0,1991.0,2021-2022,EPL
Jarrod Bowen,79c84d1c,engENG,MF,West Ham United,24.0,1996.0,2021-2022,EPL
Jarrad Branthwaite,c1949191,engENG,DF,Everton,19.0,2002.0,2021-2022,EPL
Armando Broja,97220da2,alALB,FW,Southampton,19.0,2001.0,2021-2022,EPL
Josh Brownhill,47369df8,engENG,MF,Burnley,25.0,1995.0,2021-2022,EPL
Lewis Brunt,a2081c6b,engENG,"DF,MF",Leicester City,20.0,2000.0,2021-2022,EPL
Emi Buendía,66b76d44,arARG,"FW,MF",Aston Villa,24.0,1996.0,2021-2022,EPL
Dan Burn,b2d31e83,engENG,DF,Newcastle United,29.0,1992.0,2021-2022,EPL
Dan Burn,b2d31e83,engENG,DF,Brighton,29.0,1992.0,2021-2022,EPL
Jack Butland,cc70a1d5,engENG,GK,Crystal Palace,28.0,1993.0,2021-2022,EPL
Sam Byram,1bf811d4,engENG,DF,Norwich City,27.0,1993.0,2021-2022,EPL
Willy Caballero,a179d516,arARG,GK,Southampton,39.0,1981.0,2021-2022,EPL
Moisés Caicedo,16264a81,ecECU,MF,Brighton,19.0,2001.0,2021-2022,EPL
Dominic Calvert-Lewin,59e6e5bf,engENG,FW,Everton,24.0,1997.0,2021-2022,EPL
Chem Campbell,6f711f67,wlsWAL,"FW,MF",Wolves,18.0,2002.0,2021-2022,EPL
João Cancelo,bd6351cd,ptPOR,DF,Manchester City,27.0,1994.0,2021-2022,EPL
Sergi Canós,1137759d,esESP,MF,Brentford,24.0,1997.0,2021-2022,EPL
Todd Cantwell,f63d8a4b,engENG,"FW,MF",Norwich City,23.0,1998.0,2021-2022,EPL
Matty Cash,2389cdc2,plPOL,"DF,MF",Aston Villa,23.0,1997.0,2021-2022,EPL
Timothy Castagne,197640fd,beBEL,"DF,MF",Leicester City,25.0,1995.0,2021-2022,EPL
Jonny Castro,e28868f3,esESP,"MF,DF",Wolves,27.0,1994.0,2021-2022,EPL
Craig Cathcart,89e4b358,nirNIR,DF,Watford,32.0,1989.0,2021-2022,EPL
Edinson Cavani,527f063d,uyURU,FW,Manchester Utd,34.0,1987.0,2021-2022,EPL
Kayky Chagas,17734ea0,brBRA,MF,Manchester City,18.0,2003.0,2021-2022,EPL
Trevoh Chalobah,5515376c,engENG,DF,Chelsea,22.0,1999.0,2021-2022,EPL
Calum Chambers,dc6f5bdd,engENG,DF,Arsenal,26.0,1995.0,2021-2022,EPL
Calum Chambers,dc6f5bdd,engENG,"DF,MF",Aston Villa,26.0,1995.0,2021-2022,EPL
Daniel Chesters,240c8ab6,engENG,MF,West Ham United,19.0,2002.0,2021-2022,EPL
Ben Chilwell,d2424d1b,engENG,MF,Chelsea,24.0,1996.0,2021-2022,EPL
Chiquinho,dc6c2f02,ptPOR,MF,Wolves,21.0,2000.0,2021-2022,EPL
Hamza Choudhury,7d2d3329,bdBAN,"MF,DF",Leicester City,23.0,1997.0,2021-2022,EPL
Andreas Christensen,1cb49278,dkDEN,DF,Chelsea,25.0,1996.0,2021-2022,EPL
Carney Chukwuemeka,b2f9c73e,engENG,MF,Aston Villa,17.0,2003.0,2021-2022,EPL
Ciaran Clark,2b91cf8e,ieIRL,DF,Newcastle United,31.0,1989.0,2021-2022,EPL
Tom Cleverley,6cdd8245,engENG,MF,Watford,31.0,1989.0,2021-2022,EPL
Nathaniel Clyne,0442183b,engENG,DF,Crystal Palace,30.0,1991.0,2021-2022,EPL
Conor Coady,2928dca2,engENG,DF,Wolves,28.0,1993.0,2021-2022,EPL
Séamus Coleman,0420d84f,ieIRL,"DF,MF",Everton,32.0,1988.0,2021-2022,EPL
Nathan Collins,a8c19eb8,ieIRL,DF,Burnley,20.0,2001.0,2021-2022,EPL
Aaron Connolly,27c01749,ieIRL,FW,Brighton,21.0,2000.0,2021-2022,EPL
Liam Cooper,dc64b8b3,sctSCO,DF,Leeds United,29.0,1991.0,2021-2022,EPL
Jack Cork,74e12f1e,engENG,MF,Burnley,32.0,1989.0,2021-2022,EPL
Maxwel Cornet,beb391dd,ciCIV,"FW,MF",Burnley,24.0,1996.0,2021-2022,EPL
Hélder Costa,f13d02a6,aoANG,"FW,MF",Leeds United,27.0,1994.0,2021-2022,EPL
Vladimír Coufal,fdf3cb77,czCZE,DF,West Ham United,28.0,1992.0,2021-2022,EPL
Philippe Coutinho,0ef89a37,brBRA,"MF,FW",Aston Villa,29.0,1992.0,2021-2022,EPL
Aaron Cresswell,4f974391,engENG,DF,West Ham United,31.0,1989.0,2021-2022,EPL
Charlie Cresswell,4654e5f5,engENG,DF,Leeds United,18.0,2002.0,2021-2022,EPL
Cucho,71b47ab9,coCOL,"MF,FW",Watford,22.0,1999.0,2021-2022,EPL
Marc Cucurella,1daec722,esESP,"DF,MF",Brighton,23.0,1998.0,2021-2022,EPL
Luke Cundle,cc3b8e78,engENG,MF,Wolves,19.0,2002.0,2021-2022,EPL
Patson Daka,ca45605e,zmZAM,FW,Leicester City,22.0,1998.0,2021-2022,EPL
Stuart Dallas,67ca8566,nirNIR,"DF,MF",Leeds United,30.0,1991.0,2021-2022,EPL
Diogo Dalot,d9565625,ptPOR,DF,Manchester Utd,22.0,1999.0,2021-2022,EPL
Karl Darlow,cde3309f,wlsWAL,GK,Newcastle United,30.0,1990.0,2021-2022,EPL
Josh Dasilva,60344e4f,engENG,"MF,FW",Brentford,22.0,1998.0,2021-2022,EPL
Ben Davies,44781702,wlsWAL,DF,Tottenham Hotspur,28.0,1993.0,2021-2022,EPL
Tom Davies,9228b07c,engENG,MF,Everton,23.0,1998.0,2021-2022,EPL
Keinan Davis,9deaf2c8,engENG,FW,Aston Villa,23.0,1998.0,2021-2022,EPL
Craig Dawson,3e9e06cb,engENG,DF,West Ham United,31.0,1990.0,2021-2022,EPL
Kevin De Bruyne,e46012d4,beBEL,MF,Manchester City,30.0,1991.0,2021-2022,EPL
Troy Deeney,82e34b69,engENG,FW,Watford,33.0,1988.0,2021-2022,EPL
Liam Delap,dd897ee7,engENG,FW,Manchester City,18.0,2003.0,2021-2022,EPL
Fabian Delph,111c3236,engENG,MF,Everton,31.0,1989.0,2021-2022,EPL
Leander Dendoncker,5a7301ae,beBEL,MF,Wolves,26.0,1995.0,2021-2022,EPL
Emmanuel Dennis,2c44a35d,ngNGA,"FW,MF",Watford,23.0,1997.0,2021-2022,EPL
Kiernan Dewsbury-Hall,5c74c0f5,engENG,MF,Leicester City,22.0,1998.0,2021-2022,EPL
Ibrahima Diallo,11ff3d56,frFRA,MF,Southampton,22.0,1999.0,2021-2022,EPL
Rúben Dias,31c69ef1,ptPOR,DF,Manchester City,24.0,1997.0,2021-2022,EPL
Luis Díaz,4a1a9578,coCOL,FW,Liverpool,24.0,1997.0,2021-2022,EPL
Eric Dier,ac861941,engENG,DF,Tottenham Hotspur,27.0,1994.0,2021-2022,EPL
Lucas Digne,1b84dbe1,frFRA,DF,Aston Villa,28.0,1993.0,2021-2022,EPL
Lucas Digne,1b84dbe1,frFRA,DF,Everton,28.0,1993.0,2021-2022,EPL
Issa Diop,a712ca2b,frFRA,DF,West Ham United,24.0,1997.0,2021-2022,EPL
Moussa Djenepo,254147d4,mlMLI,MF,Southampton,23.0,1998.0,2021-2022,EPL
Lewis Dobbin,e814e1cf,engENG,"FW,MF",Everton,18.0,2003.0,2021-2022,EPL
Matt Doherty,d557d734,ieIRL,MF,Tottenham Hotspur,29.0,1992.0,2021-2022,EPL
Abdoulaye Doucouré,02b29014,mlMLI,MF,Everton,28.0,1993.0,2021-2022,EPL
Kieran Dowell,2f6ec02a,engENG,MF,Norwich City,23.0,1997.0,2021-2022,EPL
Cody Drameh,e0d1510a,engENG,DF,Leeds United,19.0,2001.0,2021-2022,EPL
Martin Dúbravka,3a949a25,skSVK,GK,Newcastle United,32.0,1989.0,2021-2022,EPL
Shane Duffy,7314bba4,ieIRL,DF,Brighton,29.0,1992.0,2021-2022,EPL
Paul Dummett,3fe6bd8c,wlsWAL,DF,Newcastle United,29.0,1991.0,2021-2022,EPL
Lewis Dunk,282f75f3,engENG,DF,Brighton,29.0,1991.0,2021-2022,EPL
Ederson,3bb7b8b4,brBRA,GK,Manchester City,27.0,1993.0,2021-2022,EPL
Odsonne Édouard,0562b7f1,frFRA,"FW,MF",Crystal Palace,23.0,1998.0,2021-2022,EPL
CJ Egan-Riley,d313e8ff,engENG,DF,Manchester City,18.0,2003.0,2021-2022,EPL
Anthony Elanga,2fba6108,seSWE,MF,Manchester Utd,19.0,2002.0,2021-2022,EPL
Harvey Elliott,b9e1436c,engENG,MF,Liverpool,18.0,2003.0,2021-2022,EPL
Mohamed Elneny,47a34c4f,egEGY,MF,Arsenal,29.0,1992.0,2021-2022,EPL
Mohamed Elyounoussi,68dc0dac,noNOR,MF,Southampton,26.0,1994.0,2021-2022,EPL
Emerson,df8b52a5,brBRA,"MF,DF",Tottenham Hotspur,22.0,1999.0,2021-2022,EPL
Christian Eriksen,980522ec,dkDEN,MF,Brentford,29.0,1992.0,2021-2022,EPL
Oghenekaro Etebo,b579e83d,ngNGA,MF,Watford,25.0,1995.0,2021-2022,EPL
Jonny Evans,f8fcd2a5,nirNIR,DF,Leicester City,33.0,1988.0,2021-2022,EPL
Eberechi Eze,ae4fc6a4,engENG,"MF,FW",Crystal Palace,23.0,1998.0,2021-2022,EPL
Łukasz Fabiański,9328b835,plPOL,GK,West Ham United,36.0,1985.0,2021-2022,EPL
Fabinho,7f3b388c,brBRA,MF,Liverpool,27.0,1993.0,2021-2022,EPL
Kiko Femenía,e5d01ecf,esESP,DF,Watford,30.0,1991.0,2021-2022,EPL
Evan Ferguson,4596da74,ieIRL,FW,Brighton,16.0,2004.0,2021-2022,EPL
Nathan Ferguson,2f8d27bc,engENG,DF,Crystal Palace,20.0,2000.0,2021-2022,EPL
Bruno Fernandes,507c7bdf,ptPOR,MF,Manchester Utd,26.0,1994.0,2021-2022,EPL
Álvaro Fernández,f127d782,esESP,GK,Brentford,23.0,1998.0,2021-2022,EPL
Federico Fernández,f25b010f,arARG,DF,Newcastle United,32.0,1989.0,2021-2022,EPL
Fernandinho,101da2b5,brBRA,"MF,DF",Manchester City,36.0,1985.0,2021-2022,EPL
Roberto Firmino,4c370d81,brBRA,FW,Liverpool,29.0,1991.0,2021-2022,EPL
Junior Firpo,24f59bb2,doDOM,"DF,MF",Leeds United,24.0,1996.0,2021-2022,EPL
Ashley Fletcher,eeb6551f,engENG,FW,Watford,25.0,1995.0,2021-2022,EPL
Phil Foden,ed1e53f3,engENG,FW,Manchester City,21.0,2000.0,2021-2022,EPL
Wesley Fofana,132a82f1,frFRA,DF,Leicester City,20.0,2000.0,2021-2022,EPL
Pablo Fornals,82927de4,esESP,MF,West Ham United,25.0,1996.0,2021-2022,EPL
Adam Forshaw,9f1938ab,engENG,MF,Leeds United,29.0,1991.0,2021-2022,EPL
Marcus Forss,82c215a0,fiFIN,FW,Brentford,22.0,1999.0,2021-2022,EPL
Fraser Forster,c3e39f12,engENG,GK,Southampton,33.0,1988.0,2021-2022,EPL
Ben Foster,d0b3ceb9,engENG,GK,Watford,38.0,1983.0,2021-2022,EPL
Tariqe Fosu,3dcef539,ghGHA,"FW,MF",Brentford,25.0,1995.0,2021-2022,EPL
Ryan Fraser,d56543a0,sctSCO,"FW,MF",Newcastle United,27.0,1994.0,2021-2022,EPL
Fred,b853e0ad,brBRA,MF,Manchester Utd,28.0,1993.0,2021-2022,EPL
Ryan Fredericks,c067631c,engENG,DF,West Ham United,28.0,1992.0,2021-2022,EPL
Leo Fuhr Hjelde,d102b8a2,noNOR,DF,Leeds United,17.0,2003.0,2021-2022,EPL
Conor Gallagher,c2731c10,engENG,MF,Crystal Palace,21.0,2000.0,2021-2022,EPL
Alejandro Garnacho,7aa8adfe,arARG,MF,Manchester Utd,17.0,2004.0,2021-2022,EPL
Dwight Gayle,e58a03c6,engENG,FW,Newcastle United,30.0,1990.0,2021-2022,EPL
Jean-Philippe Gbamin,6bd603db,ciCIV,MF,Everton,25.0,1995.0,2021-2022,EPL
David de Gea,7ba6d84e,esESP,GK,Manchester Utd,30.0,1990.0,2021-2022,EPL
Joe Gelhardt,01962d0d,engENG,FW,Leeds United,19.0,2002.0,2021-2022,EPL
Anwar El Ghazi,ffa90327,nlNED,"MF,FW",Aston Villa,26.0,1995.0,2021-2022,EPL
Anwar El Ghazi,ffa90327,nlNED,"FW,MF",Everton,26.0,1995.0,2021-2022,EPL
Saman Ghoddos,f7b1d4e0,irIRN,"FW,MF",Brentford,27.0,1993.0,2021-2022,EPL
Dimitris Giannoulis,112c495e,grGRE,"DF,MF",Norwich City,25.0,1995.0,2021-2022,EPL
Morgan Gibbs-White,32f60ed8,engENG,"FW,MF",Wolves,21.0,2000.0,2021-2022,EPL
Ben Gibson,bcfb0142,engENG,DF,Norwich City,28.0,1993.0,2021-2022,EPL
Bryan Gil,7b5ab7f2,esESP,"FW,MF",Tottenham Hotspur,20.0,2001.0,2021-2022,EPL
Billy Gilmour,df10e27c,sctSCO,MF,Norwich City,20.0,2001.0,2021-2022,EPL
Ben Godfrey,9f7c837d,engENG,DF,Everton,23.0,1998.0,2021-2022,EPL
André Gomes,1961b2aa,ptPOR,MF,Everton,28.0,1993.0,2021-2022,EPL
Toti Gomes,f0caab96,ptPOR,DF,Wolves,22.0,1999.0,2021-2022,EPL
Joe Gomez,7a11550b,engENG,DF,Liverpool,24.0,1997.0,2021-2022,EPL
Charlie Goode,7aee4dd3,engENG,DF,Brentford,25.0,1995.0,2021-2022,EPL
Anthony Gordon,2bd83368,engENG,"MF,FW",Everton,20.0,2001.0,2021-2022,EPL
Kaide Gordon,19a9cb70,engENG,FW,Liverpool,16.0,2004.0,2021-2022,EPL
Dan Gosling,7fec31a0,engENG,MF,Watford,31.0,1990.0,2021-2022,EPL
Demarai Gray,4468ec10,jmJAM,"MF,FW",Everton,25.0,1996.0,2021-2022,EPL
Jack Grealish,b0b4fd3e,engENG,"FW,MF",Manchester City,25.0,1995.0,2021-2022,EPL
Mason Greenwood,58eee997,engENG,"MF,FW",Manchester Utd,19.0,2001.0,2021-2022,EPL
Sam Greenwood,f3354c07,engENG,MF,Leeds United,19.0,2002.0,2021-2022,EPL
Pascal Groß,8aec0537,deGER,MF,Brighton,30.0,1991.0,2021-2022,EPL
Vicente Guaita,ab13a5aa,esESP,GK,Crystal Palace,34.0,1987.0,2021-2022,EPL
Marc Guéhi,d0706b27,engENG,DF,Crystal Palace,21.0,2000.0,2021-2022,EPL
Bruno Guimarães,82518f62,brBRA,MF,Newcastle United,23.0,1997.0,2021-2022,EPL
İlkay Gündoğan,819b3158,deGER,MF,Manchester City,30.0,1990.0,2021-2022,EPL
Angus Gunn,e082af5b,sctSCO,GK,Norwich City,25.0,1996.0,2021-2022,EPL
Grant Hanley,e9254eec,sctSCO,DF,Norwich City,29.0,1991.0,2021-2022,EPL
Jack Harrison,aa849a12,engENG,MF,Leeds United,24.0,1996.0,2021-2022,EPL
Kortney Hause,bf8fad51,engENG,DF,Aston Villa,26.0,1995.0,2021-2022,EPL
Kai Havertz,fed7cb61,deGER,"FW,MF",Chelsea,22.0,1999.0,2021-2022,EPL
Isaac Hayden,c951a6df,jmJAM,"MF,DF",Newcastle United,26.0,1995.0,2021-2022,EPL
Hwang Hee-chan,169fd162,krKOR,"FW,MF",Wolves,25.0,1996.0,2021-2022,EPL
Jordan Henderson,935e6b8f,engENG,MF,Liverpool,31.0,1990.0,2021-2022,EPL
Jeff Hendrick,989d5705,ieIRL,MF,Newcastle United,29.0,1992.0,2021-2022,EPL
Wayne Hennessey,76eca7e2,wlsWAL,GK,Burnley,34.0,1987.0,2021-2022,EPL
Rico Henry,8a3c1dc7,jmJAM,"MF,DF",Brentford,24.0,1997.0,2021-2022,EPL
Son Heung-min,92e7e919,krKOR,"MF,FW",Tottenham Hotspur,29.0,1992.0,2021-2022,EPL
Ki-Jana Hoever,9a71e978,nlNED,MF,Wolves,19.0,2002.0,2021-2022,EPL
Rob Holding,d79a8c87,engENG,DF,Arsenal,25.0,1995.0,2021-2022,EPL
Mason Holgate,d0042ab9,jmJAM,DF,Everton,24.0,1996.0,2021-2022,EPL
Callum Hudson-Odoi,15f3ec41,engENG,MF,Chelsea,20.0,2000.0,2021-2022,EPL
Will Hughes,a0666d3e,engENG,MF,Crystal Palace,26.0,1995.0,2021-2022,EPL
Pierre Højbjerg,8b04d6c1,dkDEN,MF,Tottenham Hotspur,25.0,1995.0,2021-2022,EPL
Adam Idah,291e3ec3,ieIRL,"FW,MF",Norwich City,20.0,2001.0,2021-2022,EPL
Kelechi Iheanacho,c92e1a31,ngNGA,FW,Leicester City,24.0,1996.0,2021-2022,EPL
Danny Ings,07802f7f,engENG,FW,Aston Villa,29.0,1992.0,2021-2022,EPL
Tim Iroegbunam,84c5ceea,engENG,MF,Aston Villa,18.0,2003.0,2021-2022,EPL
Alex Iwobi,6ca5ec4b,ngNGA,"MF,DF",Everton,25.0,1996.0,2021-2022,EPL
Daniel James,c931d9f9,wlsWAL,MF,Manchester Utd,23.0,1997.0,2021-2022,EPL
Daniel James,c931d9f9,wlsWAL,"FW,MF",Leeds United,23.0,1997.0,2021-2022,EPL
Reece James,1265a93a,engENG,MF,Chelsea,21.0,1999.0,2021-2022,EPL
Vitaly Janelt,8449d35e,deGER,MF,Brentford,23.0,1998.0,2021-2022,EPL
Pontus Jansson,172e52d8,seSWE,DF,Brentford,30.0,1991.0,2021-2022,EPL
Mathias Jensen,0f134faf,dkDEN,MF,Brentford,25.0,1996.0,2021-2022,EPL
Gabriel Jesus,b66315ae,brBRA,FW,Manchester City,24.0,1997.0,2021-2022,EPL
Raúl Jiménez,b561db50,mxMEX,FW,Wolves,30.0,1991.0,2021-2022,EPL
João Pedro,e8832875,brBRA,"FW,MF",Watford,19.0,2001.0,2021-2022,EPL
Joelinton,c17bfb65,brBRA,"MF,FW",Newcastle United,24.0,1996.0,2021-2022,EPL
Ben Johnson,9319781b,engENG,"DF,MF",West Ham United,21.0,2000.0,2021-2022,EPL
Curtis Jones,4fb9c88f,engENG,MF,Liverpool,20.0,2001.0,2021-2022,EPL
Phil Jones,def899bd,engENG,DF,Manchester Utd,29.0,1992.0,2021-2022,EPL
Jorginho,45db685d,itITA,MF,Chelsea,29.0,1991.0,2021-2022,EPL
Diogo Jota,178ae8f8,ptPOR,FW,Liverpool,24.0,1996.0,2021-2022,EPL
James Justin,fb614c44,engENG,DF,Leicester City,23.0,1998.0,2021-2022,EPL
Mathias Jørgensen,0db5d2c8,dkDEN,DF,Brentford,31.0,1990.0,2021-2022,EPL
Ozan Kabak,2d61d13a,trTUR,DF,Norwich City,21.0,2000.0,2021-2022,EPL
Christian Kabasele,914ab9a1,beBEL,DF,Watford,30.0,1991.0,2021-2022,EPL
Samuel Kalu,b8d22478,ngNGA,FW,Watford,23.0,1997.0,2021-2022,EPL
Hassane Kamara,19a12bed,ciCIV,DF,Watford,27.0,1994.0,2021-2022,EPL
Harry Kane,21a66f6a,engENG,FW,Tottenham Hotspur,28.0,1993.0,2021-2022,EPL
N'Golo Kanté,b9fbae28,frFRA,MF,Chelsea,30.0,1991.0,2021-2022,EPL
Edo Kayembe,f99b71de,cdCOD,MF,Watford,23.0,1998.0,2021-2022,EPL
Moise Kean,3d50bcdb,itITA,FW,Everton,21.0,2000.0,2021-2022,EPL
Michael Keane,c5b7c315,engENG,DF,Everton,28.0,1993.0,2021-2022,EPL
Naby Keïta,f25c8e3a,gnGUI,MF,Liverpool,26.0,1995.0,2021-2022,EPL
Caoimhín Kelleher,62d7ef38,ieIRL,GK,Liverpool,22.0,1998.0,2021-2022,EPL
Kenedy,5eebbfdf,brBRA,MF,Chelsea,25.0,1996.0,2021-2022,EPL
Jonjoe Kenny,099e666f,engENG,DF,Everton,24.0,1997.0,2021-2022,EPL
Max Kilman,d0f72bf1,engENG,DF,Wolves,24.0,1997.0,2021-2022,EPL
Joshua King,43458538,noNOR,"FW,MF",Watford,29.0,1992.0,2021-2022,EPL
Kristoffer Klaesson,3f70db80,noNOR,GK,Leeds United,20.0,2000.0,2021-2022,EPL
Mateusz Klich,282679b4,plPOL,MF,Leeds United,31.0,1990.0,2021-2022,EPL
Robin Koch,ea6bc03a,deGER,"MF,DF",Leeds United,25.0,1996.0,2021-2022,EPL
Sead Kolašinac,3935e52e,baBIH,DF,Arsenal,28.0,1993.0,2021-2022,EPL
Ibrahima Konaté,5ed9b537,frFRA,DF,Liverpool,22.0,1999.0,2021-2022,EPL
Ezri Konsa,0313a347,engENG,DF,Aston Villa,23.0,1997.0,2021-2022,EPL
Cheikhou Kouyaté,8d3c902d,snSEN,MF,Crystal Palace,31.0,1989.0,2021-2022,EPL
Mateo Kovačić,79c0821a,hrCRO,MF,Chelsea,27.0,1994.0,2021-2022,EPL
Emil Krafth,77cf6852,seSWE,DF,Newcastle United,26.0,1994.0,2021-2022,EPL
Alex Král,e717705a,czCZE,MF,West Ham United,23.0,1998.0,2021-2022,EPL
Tim Krul,f23f9d20,nlNED,GK,Norwich City,33.0,1988.0,2021-2022,EPL
Juraj Kucka,5aaef9ef,skSVK,MF,Watford,34.0,1987.0,2021-2022,EPL
Dejan Kulusevski,df3cda47,seSWE,"MF,FW",Tottenham Hotspur,21.0,2000.0,2021-2022,EPL
Alexandre Lacazette,9dbb75ca,frFRA,"FW,MF",Arsenal,30.0,1991.0,2021-2022,EPL
Adam Lallana,99813635,engENG,MF,Brighton,33.0,1988.0,2021-2022,EPL
Tariq Lamptey,f4e433d4,ghGHA,"MF,DF",Brighton,20.0,2000.0,2021-2022,EPL
Manuel Lanzini,26f6dca8,arARG,MF,West Ham United,28.0,1993.0,2021-2022,EPL
Aymeric Laporte,119b9a8e,esESP,DF,Manchester City,27.0,1994.0,2021-2022,EPL
Jamaal Lascelles,450ab6fc,engENG,DF,Newcastle United,27.0,1993.0,2021-2022,EPL
Pierre Lees-Melou,f5044e54,frFRA,MF,Norwich City,28.0,1993.0,2021-2022,EPL
Aaron Lennon,2ff964a0,engENG,"MF,FW",Burnley,34.0,1987.0,2021-2022,EPL
Bernd Leno,2628fd2b,deGER,GK,Arsenal,29.0,1992.0,2021-2022,EPL
Jamal Lewis,efb9215a,nirNIR,DF,Newcastle United,23.0,1998.0,2021-2022,EPL
Victor Lindelöf,f5deef4c,seSWE,DF,Manchester Utd,27.0,1994.0,2021-2022,EPL
Jesse Lingard,810e3c74,engENG,MF,Manchester Utd,28.0,1992.0,2021-2022,EPL
Valentino Livramento,afed6722,engENG,DF,Southampton,18.0,2002.0,2021-2022,EPL
Diego Llorente,bba30585,esESP,DF,Leeds United,27.0,1993.0,2021-2022,EPL
Hugo Lloris,8f62b6ee,frFRA,GK,Tottenham Hotspur,34.0,1986.0,2021-2022,EPL
Giovani Lo Celso,d7553721,arARG,MF,Tottenham Hotspur,25.0,1996.0,2021-2022,EPL
Jürgen Locadia,6cc47ae1,cwCUW,FW,Brighton,27.0,1993.0,2021-2022,EPL
Ruben Loftus-Cheek,e97fd090,engENG,MF,Chelsea,25.0,1996.0,2021-2022,EPL
Kevin Long,5a4280b1,ieIRL,DF,Burnley,30.0,1990.0,2021-2022,EPL
Shane Long,9f472354,ieIRL,FW,Southampton,34.0,1987.0,2021-2022,EPL
Sean Longstaff,a2b105e0,engENG,MF,Newcastle United,23.0,1997.0,2021-2022,EPL
Ademola Lookman,7c104bb7,ngNGA,"MF,FW",Leicester City,23.0,1997.0,2021-2022,EPL
Jonas Lössl,939bc634,dkDEN,GK,Brentford,32.0,1989.0,2021-2022,EPL
Imran Louza,e1df6989,maMAR,MF,Watford,22.0,1999.0,2021-2022,EPL
Matthew Lowton,9a9c05db,engENG,DF,Burnley,32.0,1989.0,2021-2022,EPL
Douglas Luiz,6f7d826d,brBRA,MF,Aston Villa,23.0,1998.0,2021-2022,EPL
Romelu Lukaku,5eae500a,beBEL,FW,Chelsea,28.0,1993.0,2021-2022,EPL
Lyanco,b5bf1770,brBRA,DF,Southampton,24.0,1997.0,2021-2022,EPL
Alexis Mac Allister,83d074ff,arARG,"MF,FW",Brighton,22.0,1998.0,2021-2022,EPL
James Maddison,ee38d9c5,engENG,"MF,FW",Leicester City,24.0,1996.0,2021-2022,EPL
Gabriel Magalhães,67ac5bb8,brBRA,DF,Arsenal,23.0,1997.0,2021-2022,EPL
Harry Maguire,d8931174,engENG,DF,Manchester Utd,28.0,1993.0,2021-2022,EPL
Riyad Mahrez,892d5bb1,dzALG,FW,Manchester City,30.0,1991.0,2021-2022,EPL
Ainsley Maitland-Niles,e3a5814e,engENG,MF,Arsenal,23.0,1997.0,2021-2022,EPL
Sadio Mané,c691bfe2,snSEN,FW,Liverpool,29.0,1992.0,2021-2022,EPL
Javier Manquillo,758dd7f0,esESP,DF,Newcastle United,27.0,1994.0,2021-2022,EPL
Fernando Marçal,9ae9eaea,brBRA,MF,Wolves,32.0,1989.0,2021-2022,EPL
Solly March,bb5fbd2b,engENG,MF,Brighton,27.0,1994.0,2021-2022,EPL
Pablo Marí,aa54ec6f,esESP,DF,Arsenal,27.0,1993.0,2021-2022,EPL
Anthony Martial,8b788c01,frFRA,"MF,FW",Manchester Utd,25.0,1995.0,2021-2022,EPL
Gabriel Martinelli,48a5a5d6,brBRA,"MF,FW",Arsenal,20.0,2001.0,2021-2022,EPL
Emiliano Martínez,7956236f,arARG,GK,Aston Villa,28.0,1992.0,2021-2022,EPL
Adam Masina,de0f152c,maMAR,DF,Watford,27.0,1994.0,2021-2022,EPL
Arthur Masuaku,57df7a11,cdCOD,"MF,DF",West Ham United,27.0,1993.0,2021-2022,EPL
Juan Mata,29733c72,esESP,MF,Manchester Utd,33.0,1988.0,2021-2022,EPL
Jean-Philippe Mateta,50e6dc35,frFRA,FW,Crystal Palace,24.0,1997.0,2021-2022,EPL
Nemanja Matić,eb7822d7,rsSRB,MF,Manchester Utd,32.0,1988.0,2021-2022,EPL
Joël Matip,b217ef29,cmCMR,DF,Liverpool,29.0,1991.0,2021-2022,EPL
Neal Maupay,4bcf39f6,frFRA,FW,Brighton,24.0,1996.0,2021-2022,EPL
Bryan Mbeumo,6afaebf2,cmCMR,FW,Brentford,21.0,1999.0,2021-2022,EPL
James McArthur,cee31595,sctSCO,MF,Crystal Palace,33.0,1987.0,2021-2022,EPL
James Mcatee,96593e89,engENG,MF,Manchester City,18.0,2002.0,2021-2022,EPL
Kasey McAteer,b2c66859,ieIRL,MF,Leicester City,19.0,2001.0,2021-2022,EPL
Liam McCarron,076bb352,sctSCO,DF,Leeds United,20.0,2001.0,2021-2022,EPL
Alex McCarthy,36c2ca73,engENG,GK,Southampton,31.0,1989.0,2021-2022,EPL
John McGinn,90f91999,sctSCO,MF,Aston Villa,26.0,1994.0,2021-2022,EPL
Stuart McKinstry,1000a059,sctSCO,MF,Leeds United,18.0,2002.0,2021-2022,EPL
Kenny McLean,471f16b3,sctSCO,MF,Norwich City,29.0,1992.0,2021-2022,EPL
Dwight McNeil,fc15fb84,engENG,MF,Burnley,21.0,1999.0,2021-2022,EPL
Scott McTominay,d93c2511,sctSCO,MF,Manchester Utd,24.0,1996.0,2021-2022,EPL
Ben Mee,8df7a2fb,engENG,DF,Burnley,31.0,1989.0,2021-2022,EPL
Hannibal Mejbri,ca22ccb0,tnTUN,MF,Manchester Utd,18.0,2003.0,2021-2022,EPL
Benjamin Mendy,5271c8f1,frFRA,DF,Manchester City,27.0,1994.0,2021-2022,EPL
Edouard Mendy,33887998,snSEN,GK,Chelsea,29.0,1992.0,2021-2022,EPL
Nampalys Mendy,1598599e,snSEN,MF,Leicester City,29.0,1992.0,2021-2022,EPL
Illan Meslier,6b625ac2,frFRA,GK,Leeds United,21.0,2000.0,2021-2022,EPL
Luka Milivojević,2ce2508a,rsSRB,MF,Crystal Palace,30.0,1991.0,2021-2022,EPL
James Milner,2f90f6b8,engENG,"MF,DF",Liverpool,35.0,1986.0,2021-2022,EPL
Yerry Mina,6d5701f2,coCOL,DF,Everton,26.0,1994.0,2021-2022,EPL
Takumi Minamino,f833a830,jpJPN,FW,Liverpool,26.0,1995.0,2021-2022,EPL
Tyrone Mings,8397a50c,engENG,DF,Aston Villa,28.0,1993.0,2021-2022,EPL
Tyrick Mitchell,5cbd1eb0,engENG,DF,Crystal Palace,21.0,1999.0,2021-2022,EPL
Jakub Moder,f230bc30,plPOL,"MF,FW",Brighton,22.0,1999.0,2021-2022,EPL
Wesley Moraes,bfae110f,brBRA,FW,Aston Villa,24.0,1996.0,2021-2022,EPL
Tyler Morton,2bc28bb9,engENG,MF,Liverpool,18.0,2002.0,2021-2022,EPL
Mason Mount,9674002f,engENG,MF,Chelsea,22.0,1999.0,2021-2022,EPL
Lucas Moura,2b622f01,brBRA,"MF,FW",Tottenham Hotspur,28.0,1992.0,2021-2022,EPL
João Moutinho,f5a00fa4,ptPOR,MF,Wolves,34.0,1986.0,2021-2022,EPL
Bali Mumba,2d760d7b,engENG,"DF,MF",Norwich City,19.0,2001.0,2021-2022,EPL
Jacob Murphy,de112b84,engENG,"FW,MF",Newcastle United,26.0,1995.0,2021-2022,EPL
Enock Mwepu,1d5cab82,zmZAM,MF,Brighton,23.0,1998.0,2021-2022,EPL
Vitaliy Mykolenko,30d4a2e5,uaUKR,"DF,MF",Everton,22.0,1999.0,2021-2022,EPL
Marvelous Nakamba,de5b5570,zwZIM,MF,Aston Villa,27.0,1994.0,2021-2022,EPL
Wilfred Ndidi,6b47c5db,ngNGA,"MF,DF",Leicester City,24.0,1996.0,2021-2022,EPL
Tanguy Ndombele,5cdddffa,frFRA,MF,Tottenham Hotspur,24.0,1996.0,2021-2022,EPL
Reiss Nelson,c5bdb6e3,engENG,"FW,MF",Arsenal,21.0,1999.0,2021-2022,EPL
Pedro Neto,7ba2eaa9,ptPOR,"FW,MF",Wolves,21.0,2000.0,2021-2022,EPL
Rúben Neves,44bfb6c5,ptPOR,MF,Wolves,24.0,1997.0,2021-2022,EPL
Jeremy Ngakia,3631ad41,,DF,Watford,20.0,2000.0,2021-2022,EPL
Saúl Ñíguez,c14bc029,esESP,MF,Chelsea,26.0,1994.0,2021-2022,EPL
Eddie Nketiah,a53649b7,engENG,FW,Arsenal,22.0,1999.0,2021-2022,EPL
Nicolas Nkoulou,93cf32a8,cmCMR,DF,Watford,31.0,1990.0,2021-2022,EPL
Mark Noble,ff527768,engENG,MF,West Ham United,34.0,1987.0,2021-2022,EPL
Mathias Normann,8996350d,noNOR,MF,Norwich City,25.0,1996.0,2021-2022,EPL
Christian Nørgaard,df0a4c90,dkDEN,MF,Brentford,27.0,1994.0,2021-2022,EPL
Angelo Ogbonna,74b2cd7e,itITA,DF,West Ham United,33.0,1988.0,2021-2022,EPL
Michael Olise,c4486bac,frFRA,"FW,MF",Crystal Palace,19.0,2001.0,2021-2022,EPL
Robin Olsen,e7ee38c3,seSWE,GK,Aston Villa,31.0,1990.0,2021-2022,EPL
Andrew Omobamidele,c393a6c4,ieIRL,DF,Norwich City,19.0,2002.0,2021-2022,EPL
Tyler Onyango,d86a1f3e,engENG,MF,Everton,18.0,2003.0,2021-2022,EPL
Frank Onyeka,2944f86f,ngNGA,MF,Brentford,23.0,1998.0,2021-2022,EPL
Divock Origi,43a166b4,beBEL,"FW,MF",Liverpool,26.0,1995.0,2021-2022,EPL
Alex Oxlade-Chamberlain,38c7feef,engENG,"MF,FW",Liverpool,27.0,1993.0,2021-2022,EPL
Cole Palmer,dc7f8a28,engENG,FW,Manchester City,19.0,2002.0,2021-2022,EPL
Emerson Palmieri,e0bc6fdc,itITA,"DF,MF",Chelsea,26.0,1994.0,2021-2022,EPL
Thomas Partey,529f49ab,ghGHA,MF,Arsenal,28.0,1993.0,2021-2022,EPL
Nicolas Pépé,57e3f0c7,ciCIV,MF,Arsenal,26.0,1995.0,2021-2022,EPL
Ricardo Pereira,75a72a99,ptPOR,"DF,MF",Leicester City,27.0,1993.0,2021-2022,EPL
Ayoze Pérez,819aa8e7,esESP,MF,Leicester City,28.0,1993.0,2021-2022,EPL
Sonny Perkins,87f12e30,engENG,"FW,MF",West Ham United,17.0,2004.0,2021-2022,EPL
Romain Perraud,6dfd8f05,frFRA,"DF,MF",Southampton,23.0,1997.0,2021-2022,EPL
Kalvin Phillips,4f565d77,engENG,MF,Leeds United,25.0,1995.0,2021-2022,EPL
Jaden Philogene Bidace,19f4d211,engENG,"FW,MF",Aston Villa,19.0,2002.0,2021-2022,EPL
Jordan Pickford,4806ec67,engENG,GK,Everton,27.0,1994.0,2021-2022,EPL
Erik Pieters,1ef37668,nlNED,DF,Burnley,32.0,1988.0,2021-2022,EPL
Ethan Pinnock,e541326e,jmJAM,DF,Brentford,28.0,1993.0,2021-2022,EPL
Daniel Podence,7fcc71d8,ptPOR,"FW,MF",Wolves,25.0,1995.0,2021-2022,EPL
Paul Pogba,867239d3,frFRA,MF,Manchester Utd,28.0,1993.0,2021-2022,EPL
Nick Pope,4b40d9ca,engENG,GK,Burnley,29.0,1992.0,2021-2022,EPL
Isaac Price,b9403c99,nirNIR,MF,Everton,17.0,2003.0,2021-2022,EPL
Teemu Pukki,0745b37d,fiFIN,FW,Norwich City,31.0,1990.0,2021-2022,EPL
Christian Pulisic,1bf33a9a,usUSA,"MF,FW",Chelsea,22.0,1998.0,2021-2022,EPL
Przemysław Płacheta,3c33f9d9,plPOL,"MF,FW",Norwich City,23.0,1998.0,2021-2022,EPL
Jesurun Rak Sakyi,45685411,engENG,MF,Crystal Palace,18.0,2002.0,2021-2022,EPL
Aaron Ramsdale,466fb2c5,engENG,GK,Arsenal,23.0,1998.0,2021-2022,EPL
Jacob Ramsey,1544f145,engENG,MF,Aston Villa,20.0,2001.0,2021-2022,EPL
Raphinha,3423f250,brBRA,"MF,FW",Leeds United,24.0,1996.0,2021-2022,EPL
Marcus Rashford,a1d5bd30,engENG,"MF,FW",Manchester Utd,23.0,1997.0,2021-2022,EPL
Milot Rashica,6c6a3300,xkKVX,"MF,FW",Norwich City,25.0,1996.0,2021-2022,EPL
David Raya,98ea5115,esESP,GK,Brentford,25.0,1995.0,2021-2022,EPL
Nathan Redmond,ab651565,engENG,"MF,FW",Southampton,27.0,1994.0,2021-2022,EPL
Sergio Reguilón,3353737a,esESP,"MF,DF",Tottenham Hotspur,24.0,1996.0,2021-2022,EPL
Declan Rice,1c7012b8,engENG,MF,West Ham United,22.0,1999.0,2021-2022,EPL
Taylor Richards,e0243d23,engENG,MF,Brighton,20.0,2000.0,2021-2022,EPL
Richarlison,fa031b34,brBRA,"FW,MF",Everton,24.0,1997.0,2021-2022,EPL
Jaïro Riedewald,7a1f2c08,nlNED,MF,Crystal Palace,24.0,1996.0,2021-2022,EPL
Matt Ritchie,71ef519e,sctSCO,"DF,MF",Newcastle United,31.0,1989.0,2021-2022,EPL
Connor Roberts,24fae784,wlsWAL,DF,Burnley,25.0,1995.0,2021-2022,EPL
Tyler Roberts,6c17e046,wlsWAL,"MF,FW",Leeds United,22.0,1999.0,2021-2022,EPL
Andrew Robertson,2e4f5f03,sctSCO,DF,Liverpool,27.0,1994.0,2021-2022,EPL
Joe Rodon,8d62d31a,wlsWAL,DF,Tottenham Hotspur,23.0,1997.0,2021-2022,EPL
Rodri,6434f10d,esESP,MF,Manchester City,25.0,1996.0,2021-2022,EPL
Rodrigo,1fb1c435,esESP,"MF,FW",Leeds United,30.0,1991.0,2021-2022,EPL
Jay Rodriguez,4ab53cdb,engENG,FW,Burnley,32.0,1989.0,2021-2022,EPL
Mads Roerslev,57c94db2,dkDEN,"MF,DF",Brentford,22.0,1999.0,2021-2022,EPL
Cristian Romero,a3d94a58,arARG,DF,Tottenham Hotspur,23.0,1998.0,2021-2022,EPL
Oriol Romeu,4b511457,esESP,MF,Southampton,29.0,1991.0,2021-2022,EPL
Cristiano Ronaldo,dea698d9,ptPOR,FW,Manchester Utd,36.0,1985.0,2021-2022,EPL
Salomón Rondón,b318a643,veVEN,FW,Everton,31.0,1989.0,2021-2022,EPL
Danny Rose,89d10e53,engENG,DF,Watford,31.0,1990.0,2021-2022,EPL
Jonathan Rowe,8c12f884,engENG,MF,Norwich City,18.0,2003.0,2021-2022,EPL
John Ruddy,da8b19e2,engENG,GK,Wolves,34.0,1986.0,2021-2022,EPL
Antonio Rüdiger,18b896d6,deGER,DF,Chelsea,28.0,1993.0,2021-2022,EPL
Lukas Rupp,3faa1780,deGER,MF,Norwich City,30.0,1991.0,2021-2022,EPL
José Sá,903b6e8b,ptPOR,GK,Wolves,28.0,1993.0,2021-2022,EPL
Allan Saint-Maximin,2b16cb1a,frFRA,"FW,MF",Newcastle United,24.0,1997.0,2021-2022,EPL
Romain Saïss,9fbbcf39,maMAR,DF,Wolves,31.0,1990.0,2021-2022,EPL
Bukayo Saka,bc7dc64d,engENG,"MF,FW",Arsenal,19.0,2001.0,2021-2022,EPL
Mohamed Salah,e342ad68,egEGY,FW,Liverpool,29.0,1992.0,2021-2022,EPL
Mohammed Salisu,0b33f6ad,ghGHA,DF,Southampton,22.0,1999.0,2021-2022,EPL
Albert Sambi Lokonga,1b4f1169,beBEL,MF,Arsenal,21.0,1999.0,2021-2022,EPL
Davinson Sánchez,da7b447d,coCOL,DF,Tottenham Hotspur,25.0,1996.0,2021-2022,EPL
Robert Sánchez,6a713852,esESP,GK,Brighton,23.0,1997.0,2021-2022,EPL
Jadon Sancho,dbf053da,engENG,"MF,FW",Manchester Utd,21.0,2000.0,2021-2022,EPL
Morgan Sanson,6e7f1353,frFRA,MF,Aston Villa,26.0,1994.0,2021-2022,EPL
Samir Santos,92b4758e,brBRA,DF,Watford,26.0,1994.0,2021-2022,EPL
Josh Sargent,a8d4428b,usUSA,"FW,MF",Norwich City,21.0,2000.0,2021-2022,EPL
Jeremy Sarmiento,ac0d576d,ecECU,MF,Brighton,19.0,2002.0,2021-2022,EPL
Ismaila Sarr,bfdb33aa,snSEN,"MF,FW",Watford,23.0,1998.0,2021-2022,EPL
Malang Sarr,4315f30d,frFRA,DF,Chelsea,22.0,1999.0,2021-2022,EPL
Dane Scarlett,21945a9e,engENG,FW,Tottenham Hotspur,17.0,2004.0,2021-2022,EPL
Fabian Schär,c8aa95da,chSUI,DF,Newcastle United,29.0,1991.0,2021-2022,EPL
Jeffrey Schlupp,3312f911,ghGHA,"MF,FW",Crystal Palace,28.0,1992.0,2021-2022,EPL
Kasper Schmeichel,53af52f3,dkDEN,GK,Leicester City,34.0,1986.0,2021-2022,EPL
Ken Sema,1770bd68,seSWE,"MF,FW",Watford,27.0,1993.0,2021-2022,EPL
Nélson Semedo,d04b94db,ptPOR,MF,Wolves,27.0,1993.0,2021-2022,EPL
Ryan Sessegnon,6aa3e78b,engENG,MF,Tottenham Hotspur,21.0,2000.0,2021-2022,EPL
Jamie Shackleton,8d03ca5a,engENG,"DF,MF",Leeds United,21.0,1999.0,2021-2022,EPL
Luke Shaw,9c94165b,engENG,"DF,MF",Manchester Utd,26.0,1995.0,2021-2022,EPL
Jonjo Shelvey,3727dd3c,engENG,MF,Newcastle United,29.0,1992.0,2021-2022,EPL
Shola Shoretire,00f0482f,engENG,"FW,MF",Manchester Utd,17.0,2004.0,2021-2022,EPL
Francisco Sierralta,0f933743,clCHI,DF,Watford,24.0,1997.0,2021-2022,EPL
Bernardo Silva,3eb22ec9,ptPOR,"MF,FW",Manchester City,26.0,1994.0,2021-2022,EPL
Fábio Silva,e7aa9d7c,ptPOR,FW,Wolves,19.0,2002.0,2021-2022,EPL
Thiago Silva,86e7deaf,brBRA,DF,Chelsea,36.0,1984.0,2021-2022,EPL
Ellis Simms,26d3b5be,engENG,FW,Everton,20.0,2001.0,2021-2022,EPL
Moussa Sissoko,2acd49b9,frFRA,MF,Watford,31.0,1989.0,2021-2022,EPL
Oliver Skipp,6250083a,engENG,MF,Tottenham Hotspur,20.0,2000.0,2021-2022,EPL
William Smallbone,5e105217,ieIRL,"MF,FW",Southampton,21.0,2000.0,2021-2022,EPL
Emile Smith Rowe,17695062,engENG,MF,Arsenal,21.0,2000.0,2021-2022,EPL
Cédric Soares,839c14e1,ptPOR,DF,Arsenal,29.0,1991.0,2021-2022,EPL
Tomáš Souček,6613c819,czCZE,MF,West Ham United,26.0,1995.0,2021-2022,EPL
Boubakary Soumaré,ae59b359,frFRA,MF,Leicester City,22.0,1999.0,2021-2022,EPL
Çağlar Söyüncü,21166ff4,trTUR,DF,Leicester City,25.0,1996.0,2021-2022,EPL
Tony Springett,35be8087,ieIRL,MF,Norwich City,18.0,2002.0,2021-2022,EPL
Jason Steele,28300a16,engENG,GK,Brighton,30.0,1990.0,2021-2022,EPL
Jed Steer,a8a3d139,engENG,GK,Aston Villa,28.0,1992.0,2021-2022,EPL
Zack Steffen,42130443,usUSA,GK,Manchester City,26.0,1995.0,2021-2022,EPL
Dale Stephens,653ee42d,engENG,MF,Burnley,32.0,1989.0,2021-2022,EPL
Jack Stephens,6adbc307,engENG,DF,Southampton,27.0,1994.0,2021-2022,EPL
Raheem Sterling,b400bde0,engENG,"FW,MF",Manchester City,26.0,1994.0,2021-2022,EPL
Finley Stevens,7e003182,wlsWAL,DF,Brentford,18.0,2003.0,2021-2022,EPL
John Stones,5eecec3d,engENG,DF,Manchester City,27.0,1994.0,2021-2022,EPL
Pascal Struijk,f4d296e4,nlNED,DF,Leeds United,21.0,1999.0,2021-2022,EPL
Crysencio Summerville,df04eb4b,nlNED,"FW,MF",Leeds United,19.0,2001.0,2021-2022,EPL
Jakob Sørensen,953c30b0,dkDEN,"MF,DF",Norwich City,23.0,1998.0,2021-2022,EPL
Japhet Tanganga,e9971f2d,engENG,"DF,MF",Tottenham Hotspur,22.0,1999.0,2021-2022,EPL
Matt Targett,e514ab62,engENG,"DF,MF",Aston Villa,25.0,1995.0,2021-2022,EPL
Matt Targett,e514ab62,engENG,DF,Newcastle United,25.0,1995.0,2021-2022,EPL
James Tarkowski,15ea812b,engENG,DF,Burnley,28.0,1992.0,2021-2022,EPL
Nuno Tavares,a65c844b,ptPOR,DF,Arsenal,21.0,2000.0,2021-2022,EPL
Charlie Taylor,cc2d7ad5,engENG,DF,Burnley,27.0,1993.0,2021-2022,EPL
Nathan Tella,f1e94cd6,ngNGA,"MF,FW",Southampton,22.0,1999.0,2021-2022,EPL
Alex Telles,e73c9bb2,brBRA,DF,Manchester Utd,28.0,1992.0,2021-2022,EPL
Luke Thomas,fc027d02,engENG,"DF,MF",Leicester City,20.0,2001.0,2021-2022,EPL
Dominic Thompson,235a62f8,engENG,MF,Brentford,21.0,2000.0,2021-2022,EPL
Youri Tielemans,56f7a928,beBEL,MF,Leicester City,24.0,1997.0,2021-2022,EPL
Kieran Tierney,fce2302c,sctSCO,DF,Arsenal,24.0,1997.0,2021-2022,EPL
Takehiro Tomiyasu,b3af9be1,jpJPN,DF,Arsenal,22.0,1998.0,2021-2022,EPL
James Tomkins,e7ca0439,engENG,DF,Crystal Palace,32.0,1989.0,2021-2022,EPL
Ivan Toney,e09f279b,engENG,FW,Brentford,25.0,1996.0,2021-2022,EPL
Ferrán Torres,9e1035f8,esESP,FW,Manchester City,21.0,2000.0,2021-2022,EPL
Cenk Tosun,9a104dee,trTUR,"FW,MF",Everton,30.0,1991.0,2021-2022,EPL
Andros Townsend,b28bbd58,engENG,MF,Everton,30.0,1991.0,2021-2022,EPL
Adama Traoré,9a28eba4,esESP,"FW,MF",Wolves,25.0,1996.0,2021-2022,EPL
Bertrand Traoré,c47541e0,bfBFA,FW,Aston Villa,25.0,1995.0,2021-2022,EPL
Trézéguet,3ae14ed1,egEGY,"FW,MF",Aston Villa,26.0,1994.0,2021-2022,EPL
Francisco Trincão,77e39b04,ptPOR,"FW,MF",Wolves,21.0,1999.0,2021-2022,EPL
Kieran Trippier,21512407,engENG,DF,Newcastle United,30.0,1990.0,2021-2022,EPL
William Troost-Ekong,7ed4921e,ngNGA,DF,Watford,27.0,1993.0,2021-2022,EPL
Leandro Trossard,38ceb24a,beBEL,"FW,MF",Brighton,26.0,1994.0,2021-2022,EPL
Kostas Tsimikas,f315ca93,grGRE,DF,Liverpool,25.0,1996.0,2021-2022,EPL
Axel Tuanzebe,2baec6ce,cdCOD,DF,Aston Villa,23.0,1997.0,2021-2022,EPL
Ozan Tufan,17d45fb2,trTUR,MF,Watford,26.0,1995.0,2021-2022,EPL
Christos Tzolis,9f333379,grGRE,"MF,FW",Norwich City,19.0,2002.0,2021-2022,EPL
Yan Valery,531a4aa8,tnTUN,DF,Southampton,22.0,1999.0,2021-2022,EPL
Virgil van Dijk,e06683ca,nlNED,DF,Liverpool,30.0,1991.0,2021-2022,EPL
Raphaël Varane,9f8e9423,frFRA,DF,Manchester Utd,28.0,1993.0,2021-2022,EPL
Jamie Vardy,45963054,engENG,FW,Leicester City,34.0,1987.0,2021-2022,EPL
Joël Veltman,dad4b285,nlNED,"DF,MF",Brighton,29.0,1992.0,2021-2022,EPL
Jannik Vestergaard,1900032e,dkDEN,DF,Leicester City,28.0,1992.0,2021-2022,EPL
Nikola Vlašić,aa8e289e,hrCRO,MF,West Ham United,23.0,1997.0,2021-2022,EPL
Matěj Vydra,0d4ceb32,czCZE,FW,Burnley,29.0,1992.0,2021-2022,EPL
Theo Walcott,1ecb65be,engENG,MF,Southampton,32.0,1989.0,2021-2022,EPL
Kyle Walker,86dd77d1,engENG,DF,Manchester City,31.0,1990.0,2021-2022,EPL
Kyle Walker-Peters,984a5a64,engENG,DF,Southampton,24.0,1997.0,2021-2022,EPL
Aaron Wan-Bissaka,9e525177,cdCOD,"DF,MF",Manchester Utd,23.0,1997.0,2021-2022,EPL
Danny Ward,d3ce0e89,wlsWAL,GK,Leicester City,28.0,1993.0,2021-2022,EPL
Joel Ward,8a7ff278,engENG,DF,Crystal Palace,31.0,1989.0,2021-2022,EPL
James Ward-Prowse,3515d404,engENG,MF,Southampton,26.0,1994.0,2021-2022,EPL
Ollie Watkins,aed3a70f,engENG,FW,Aston Villa,25.0,1995.0,2021-2022,EPL
Adam Webster,c40b6180,engENG,DF,Brighton,26.0,1995.0,2021-2022,EPL
Wout Weghorst,c4e87b8b,nlNED,FW,Burnley,28.0,1992.0,2021-2022,EPL
Danny Welbeck,ce5143da,engENG,"FW,MF",Brighton,30.0,1990.0,2021-2022,EPL
Timo Werner,49fe9070,deGER,"FW,MF",Chelsea,25.0,1996.0,2021-2022,EPL
Ashley Westwood,495945ef,engENG,MF,Burnley,31.0,1990.0,2021-2022,EPL
Ben White,35e413f1,engENG,DF,Arsenal,23.0,1997.0,2021-2022,EPL
Brandon Williams,5e74d6c8,engENG,DF,Norwich City,20.0,2000.0,2021-2022,EPL
Neco Williams,dd323728,wlsWAL,"DF,MF",Liverpool,20.0,2001.0,2021-2022,EPL
Joe Willock,a3b03921,engENG,MF,Newcastle United,21.0,1999.0,2021-2022,EPL
Callum Wilson,c596fcb0,engENG,FW,Newcastle United,29.0,1992.0,2021-2022,EPL
Harry Winks,2f7acede,engENG,MF,Tottenham Hotspur,25.0,1996.0,2021-2022,EPL
Yoane Wissa,2500cef9,cdCOD,FW,Brentford,24.0,1996.0,2021-2022,EPL
Chris Wood,4e9a0555,nzNZL,FW,Burnley,29.0,1991.0,2021-2022,EPL
Chris Wood,4e9a0555,nzNZL,FW,Newcastle United,29.0,1991.0,2021-2022,EPL
Freddie Woodman,19e50035,engENG,GK,Newcastle United,24.0,1997.0,2021-2022,EPL
Granit Xhaka,e61b8aee,chSUI,MF,Arsenal,28.0,1992.0,2021-2022,EPL
Andriy Yarmolenko,849c826a,uaUKR,MF,West Ham United,31.0,1989.0,2021-2022,EPL
Ashley Young,be927d03,engENG,"DF,FW",Aston Villa,36.0,1985.0,2021-2022,EPL
Nathan Young-Coombes,f9682888,engENG,FW,Brentford,18.0,2003.0,2021-2022,EPL
Wilfried Zaha,b2bc3b1f,ciCIV,"FW,MF",Crystal Palace,28.0,1992.0,2021-2022,EPL
Christoph Zimmermann,2d5f03bf,deGER,DF,Norwich City,28.0,1993.0,2021-2022,EPL
Oleksandr Zinchenko,51cf8561,uaUKR,DF,Manchester City,24.0,1996.0,2021-2022,EPL
Hakim Ziyech,6622454d,maMAR,"MF,FW",Chelsea,28.0,1993.0,2021-2022,EPL
Kurt Zouma,ce4246f5,frFRA,DF,West Ham United,26.0,1994.0,2021-2022,EPL
Martin Ødegaard,79300479,noNOR,MF,Arsenal,22.0,1998.0,2021-2022,EPL
Tammy Abraham,f586779e,engENG,FW,Roma,23.0,1997.0,2021-2022,ITA
Francesco Acerbi,b96b595c,itITA,DF,Lazio,33.0,1988.0,2021-2022,ITA
Michel Aebischer,f9c927de,chSUI,MF,Bologna,24.0,1997.0,2021-2022,ITA
Felix Afena-Gyan,0154d290,ghGHA,"MF,FW",Roma,18.0,2003.0,2021-2022,ITA
Kevin Agudelo,46fa7204,coCOL,"MF,FW",Spezia,22.0,1998.0,2021-2022,ITA
Ola Aina,246d153b,ngNGA,MF,Torino,24.0,1996.0,2021-2022,ITA
Marley Aké,414e1f69,frFRA,"FW,MF",Juventus,20.0,2001.0,2021-2022,ITA
Jean-Daniel Akpa-Akpro,fdf4b948,ciCIV,MF,Lazio,28.0,1992.0,2021-2022,ITA
Luis Alberto,5294a83f,esESP,MF,Lazio,28.0,1992.0,2021-2022,ITA
Giorgio Altare,aa5322d5,itITA,DF,Cagliari,22.0,1998.0,2021-2022,ITA
Wisdom Amey,35b4bc62,itITA,DF,Bologna,15.0,2005.0,2021-2022,ITA
Kelvin Amian,bcc81786,frFRA,DF,Spezia,23.0,1998.0,2021-2022,ITA
Nadiem Amiri,555d5edd,deGER,MF,Genoa,24.0,1996.0,2021-2022,ITA
Ethan Ampadu,10b9fa99,wlsWAL,"MF,DF",Venezia,20.0,2000.0,2021-2022,ITA
Sofyan Amrabat,5a2cb25d,maMAR,MF,Fiorentina,24.0,1996.0,2021-2022,ITA
Felipe Anderson,9f1893b9,brBRA,FW,Lazio,28.0,1993.0,2021-2022,ITA
Ebenezer Annan,39aa05a7,ghGHA,DF,Bologna,18.0,2002.0,2021-2022,ITA
Cristian Ansaldi,bbafc0c4,arARG,MF,Torino,34.0,1986.0,2021-2022,ITA
Janis Antiste,38d9ce53,frFRA,"FW,MF",Spezia,18.0,2002.0,2021-2022,ITA
Mattia Aramu,0847b5a5,itITA,"MF,FW",Venezia,26.0,1995.0,2021-2022,ITA
Marko Arnautović,00459419,atAUT,FW,Bologna,32.0,1989.0,2021-2022,ITA
Tolgay Arslan,963a328b,deGER,MF,Udinese,30.0,1990.0,2021-2022,ITA
Kristoffer Askildsen,a69cc629,noNOR,MF,Sampdoria,20.0,2001.0,2021-2022,ITA
Kristjan Asllani,0fdcef0e,alALB,MF,Empoli,19.0,2002.0,2021-2022,ITA
Emil Audero,649b01d8,idIDN,GK,Sampdoria,24.0,1997.0,2021-2022,ITA
Tommaso Augello,3cd3b384,itITA,DF,Sampdoria,26.0,1994.0,2021-2022,ITA
Ramzi Aya,6a1f66a7,itITA,DF,Salernitana,30.0,1990.0,2021-2022,ITA
Kaan Ayhan,2200181e,trTUR,DF,Sassuolo,26.0,1994.0,2021-2022,ITA
Milan Badelj,e8c930bb,hrCRO,MF,Genoa,32.0,1989.0,2021-2022,ITA
Nicola Bagnolini,ad263695,itITA,GK,Bologna,17.0,2004.0,2021-2022,ITA
Issa Bah,956a78ea,luLUX,FW,Venezia,19.0,2002.0,2021-2022,ITA
Nedim Bajrami,f42d6c13,alALB,MF,Empoli,22.0,1999.0,2021-2022,ITA
Tiemoué Bakayoko,59bf127b,frFRA,MF,Milan,26.0,1994.0,2021-2022,ITA
Tommaso Baldanzi,102e2599,itITA,MF,Empoli,18.0,2003.0,2021-2022,ITA
Keita Baldé,509a4ccb,snSEN,FW,Cagliari,26.0,1995.0,2021-2022,ITA
Fodé Ballo-Touré,f449640d,snSEN,DF,Milan,24.0,1997.0,2021-2022,ITA
Filippo Bandinelli,d44360be,itITA,MF,Empoli,26.0,1995.0,2021-2022,ITA
Mattia Bani,0821331c,itITA,DF,Genoa,27.0,1993.0,2021-2022,ITA
Antonín Barák,01efac19,czCZE,"MF,FW",Hellas Verona,26.0,1994.0,2021-2022,ITA
Francesco Bardi,0acda699,itITA,GK,Bologna,29.0,1992.0,2021-2022,ITA
Nicolò Barella,6928979a,itITA,MF,Inter,24.0,1997.0,2021-2022,ITA
Musa Barrow,e5bf73f3,gmGAM,"MF,FW",Bologna,22.0,1998.0,2021-2022,ITA
Daniele Baselli,ea06dd97,itITA,MF,Torino,29.0,1992.0,2021-2022,ITA
Daniele Baselli,ea06dd97,itITA,MF,Cagliari,29.0,1992.0,2021-2022,ITA
Toma Bašić,80556f08,hrCRO,MF,Lazio,24.0,1996.0,2021-2022,ITA
Alessandro Bastoni,75b86fb3,itITA,DF,Inter,22.0,1999.0,2021-2022,ITA
Simone Bastoni,1ac232b8,itITA,"MF,DF",Spezia,24.0,1996.0,2021-2022,ITA
Rodrigo Becão,19e4eab9,brBRA,DF,Udinese,25.0,1996.0,2021-2022,ITA
Valon Behrami,d3d758d8,chSUI,MF,Genoa,36.0,1985.0,2021-2022,ITA
Vid Belec,4f8ce0e1,siSVN,GK,Salernitana,31.0,1990.0,2021-2022,ITA
Raoul Bellanova,e3756e72,itITA,MF,Cagliari,21.0,2000.0,2021-2022,ITA
Andrea Belotti,d705ba44,itITA,FW,Torino,27.0,1993.0,2021-2022,ITA
Marco Benassi,0000acda,itITA,DF,Fiorentina,26.0,1994.0,2021-2022,ITA
Marco Benassi,0000acda,itITA,MF,Empoli,26.0,1994.0,2021-2022,ITA
Filip Benković,305a3820,hrCRO,DF,Udinese,24.0,1997.0,2021-2022,ITA
Ismaël Bennacer,db092d3b,dzALG,MF,Milan,23.0,1997.0,2021-2022,ITA
Rodrigo Bentancur,3b8674e6,uyURU,MF,Juventus,24.0,1997.0,2021-2022,ITA
Alessandro Berardi,ec1f737d,itITA,GK,Hellas Verona,30.0,1991.0,2021-2022,ITA
Domenico Berardi,53a0e358,itITA,"MF,FW",Sassuolo,26.0,1994.0,2021-2022,ITA
Bartosz Bereszyński,61b3978f,plPOL,DF,Sampdoria,29.0,1992.0,2021-2022,ITA
Etrit Berisha,ee833569,alALB,GK,Torino,32.0,1989.0,2021-2022,ITA
Federico Bernardeschi,ee93c1a9,itITA,"MF,FW",Juventus,27.0,1994.0,2021-2022,ITA
Nicolò Bertola,04b40c58,itITA,DF,Spezia,18.0,2003.0,2021-2022,ITA
Daniel Bessa,88895312,itITA,MF,Hellas Verona,28.0,1993.0,2021-2022,ITA
Beto,ed5c0319,gwGNB,FW,Udinese,23.0,1998.0,2021-2022,ITA
Luis Binks,36e88fbc,engENG,DF,Bologna,19.0,2001.0,2021-2022,ITA
Cristiano Biraghi,9e1577aa,itITA,DF,Fiorentina,28.0,1992.0,2021-2022,ITA
Davide Biraschi,64cd167d,itITA,DF,Genoa,27.0,1994.0,2021-2022,ITA
Bjarki Bjarkason,f1d25de7,isISL,MF,Venezia,21.0,2000.0,2021-2022,ITA
Jeremie Boga,fe012aca,ciCIV,"MF,FW",Atalanta,24.0,1997.0,2021-2022,ITA
Jeremie Boga,fe012aca,ciCIV,MF,Sassuolo,24.0,1997.0,2021-2022,ITA
Luka Bogdan,cb678320,hrCRO,DF,Salernitana,25.0,1996.0,2021-2022,ITA
Emil Bohinen,c83c203f,noNOR,MF,Salernitana,22.0,1999.0,2021-2022,ITA
Giacomo Bonaventura,d995ed27,itITA,MF,Fiorentina,31.0,1989.0,2021-2022,ITA
Federico Bonazzoli,bf57eaab,itITA,"FW,MF",Salernitana,24.0,1997.0,2021-2022,ITA
Kevin Bonifazi,fb77bfef,itITA,DF,Bologna,25.0,1996.0,2021-2022,ITA
Leonardo Bonucci,52ec54d0,itITA,DF,Juventus,34.0,1987.0,2021-2022,ITA
Mehdi Bourabia,0d077b88,maMAR,MF,Spezia,29.0,1991.0,2021-2022,ITA
Edoardo Bove,ae94a6c5,itITA,MF,Roma,19.0,2002.0,2021-2022,ITA
Josip Brekalo,d4a2533d,hrCRO,MF,Torino,23.0,1998.0,2021-2022,ITA
Gleison Bremer,5fd5ed86,brBRA,DF,Torino,24.0,1997.0,2021-2022,ITA
Marcelo Brozović,33b8d077,hrCRO,MF,Inter,28.0,1992.0,2021-2022,ITA
Aleksander Buksa,59f2d958,plPOL,FW,Genoa,18.0,2003.0,2021-2022,ITA
Alessandro Buongiorno,4ae67f27,itITA,DF,Torino,22.0,1999.0,2021-2022,ITA
Gianluca Busio,4a0b7f07,usUSA,MF,Venezia,19.0,2002.0,2021-2022,ITA
Arthur Cabral,a820e429,brBRA,FW,Fiorentina,23.0,1998.0,2021-2022,ITA
Jovane Cabral,e34e086c,cvCPV,FW,Lazio,23.0,1998.0,2021-2022,ITA
Liberato Cacace,dd86e8e4,nzNZL,DF,Empoli,20.0,2000.0,2021-2022,ITA
Martín Cáceres,e94d79e3,uyURU,"DF,MF",Cagliari,34.0,1987.0,2021-2022,ITA
Felipe Caicedo,93b891d1,ecECU,FW,Genoa,32.0,1988.0,2021-2022,ITA
Felipe Caicedo,93b891d1,ecECU,"FW,MF",Inter,32.0,1988.0,2021-2022,ITA
Davide Calabria,2146785a,itITA,DF,Milan,24.0,1996.0,2021-2022,ITA
Riccardo Calafiori,aded8e6f,itITA,DF,Genoa,19.0,2002.0,2021-2022,ITA
Riccardo Calafiori,aded8e6f,itITA,DF,Roma,19.0,2002.0,2021-2022,ITA
Mattia Caldara,ac7e640b,itITA,DF,Venezia,27.0,1994.0,2021-2022,ITA
Hakan Çalhanoğlu,cd0fa27b,trTUR,MF,Inter,27.0,1994.0,2021-2022,ITA
José Callejón,78841da9,esESP,FW,Fiorentina,34.0,1987.0,2021-2022,ITA
Andrea Cambiaso,247ed022,itITA,"MF,DF",Genoa,21.0,2000.0,2021-2022,ITA
Matteo Cancellieri,b6a1cdf9,itITA,MF,Hellas Verona,19.0,2002.0,2021-2022,ITA
Antonio Candreva,356c9002,itITA,MF,Sampdoria,34.0,1987.0,2021-2022,ITA
Leonardo Capezzi,07ea0ef2,itITA,MF,Salernitana,26.0,1995.0,2021-2022,ITA
Gianluca Caprari,54e53b7e,itITA,"MF,FW",Hellas Verona,28.0,1993.0,2021-2022,ITA
Francesco Caputo,5bd72174,itITA,FW,Sampdoria,33.0,1987.0,2021-2022,ITA
Francesco Caputo,5bd72174,itITA,FW,Sassuolo,33.0,1987.0,2021-2022,ITA
Andrea Carboni,f7e2af2c,itITA,DF,Cagliari,20.0,2001.0,2021-2022,ITA
Nicolò Casale,3f5f38fb,itITA,"DF,MF",Hellas Verona,23.0,1998.0,2021-2022,ITA
Francesco Cassata,96960855,itITA,MF,Genoa,24.0,1997.0,2021-2022,ITA
Samu Castillejo,130a7a3f,esESP,MF,Milan,26.0,1995.0,2021-2022,ITA
Gaetano Castrovilli,0728bebe,itITA,MF,Fiorentina,24.0,1997.0,2021-2022,ITA
Danilo Cataldi,ba3d3bea,itITA,MF,Lazio,26.0,1994.0,2021-2022,ITA
Pietro Ceccaroni,4d1efb48,itITA,DF,Venezia,25.0,1995.0,2021-2022,ITA
Federico Ceccherini,d9624b51,itITA,DF,Hellas Verona,29.0,1992.0,2021-2022,ITA
Emil Ceide,98a84572,noNOR,FW,Sassuolo,19.0,2001.0,2021-2022,ITA
Luca Ceppitelli,7d50454d,itITA,DF,Cagliari,31.0,1989.0,2021-2022,ITA
Damir Ceter,eade5337,coCOL,FW,Cagliari,23.0,1997.0,2021-2022,ITA
Julian Chabot,ae7058f9,deGER,DF,Sampdoria,23.0,1998.0,2021-2022,ITA
Giorgio Chiellini,e85fb9b8,itITA,DF,Juventus,36.0,1984.0,2021-2022,ITA
Federico Chiesa,b0f7e36c,itITA,"FW,MF",Juventus,23.0,1997.0,2021-2022,ITA
Vlad Chiricheș,c316607a,roROU,DF,Sassuolo,31.0,1989.0,2021-2022,ITA
Riccardo Ciervo,da77b60b,itITA,MF,Sampdoria,19.0,2002.0,2021-2022,ITA
Moustapha Cissé,ee3c4b3f,gnGUI,FW,Atalanta,17.0,2003.0,2021-2022,ITA
Giorgio Cittadini,e4ba67f2,itITA,DF,Atalanta,19.0,2002.0,2021-2022,ITA
Ebrima Colley,bf356094,gmGAM,"FW,MF",Spezia,21.0,2000.0,2021-2022,ITA
Omar Colley,8b95acda,gmGAM,DF,Sampdoria,28.0,1992.0,2021-2022,ITA
Andrea Consigli,8cabdc1e,itITA,GK,Sassuolo,34.0,1987.0,2021-2022,ITA
Andrea Conti,8fef5412,itITA,MF,Sampdoria,27.0,1994.0,2021-2022,ITA
Andrea Conti,8fef5412,itITA,"DF,MF",Milan,27.0,1994.0,2021-2022,ITA
Diego Coppola,22ae86f9,itITA,DF,Hellas Verona,17.0,2003.0,2021-2022,ITA
Joaquín Correa,45b9b619,arARG,FW,Inter,26.0,1994.0,2021-2022,ITA
Lassana Coulibaly,85a44ecc,mlMLI,MF,Salernitana,25.0,1996.0,2021-2022,ITA
Mamadou Coulibaly,c976160c,snSEN,MF,Salernitana,22.0,1999.0,2021-2022,ITA
Alessio Cragno,f554e29b,itITA,GK,Cagliari,27.0,1994.0,2021-2022,ITA
Domenico Criscito,35dd6d80,itITA,DF,Genoa,34.0,1986.0,2021-2022,ITA
Bryan Cristante,16657b95,itITA,MF,Roma,26.0,1995.0,2021-2022,ITA
Domen Črnigoj,22cd43d2,siSVN,MF,Venezia,25.0,1995.0,2021-2022,ITA
Giovanni Crociata,8c964914,itITA,MF,Empoli,23.0,1997.0,2021-2022,ITA
Juan Cuadrado,0ab1f153,coCOL,"MF,DF",Juventus,33.0,1988.0,2021-2022,ITA
Mickaël Cuisance,5722eced,frFRA,MF,Venezia,21.0,1999.0,2021-2022,ITA
Patrick Cutrone,a4fe8cda,itITA,FW,Empoli,23.0,1998.0,2021-2022,ITA
Danilo D'Ambrosio,44eb9093,itITA,DF,Inter,32.0,1988.0,2021-2022,ITA
Mikkel Damsgaard,215f3907,dkDEN,MF,Sampdoria,21.0,2000.0,2021-2022,ITA
Danilo,94b2001f,brBRA,"DF,MF",Juventus,30.0,1991.0,2021-2022,ITA
Ebrima Darboe,cf043a33,gmGAM,MF,Roma,20.0,2001.0,2021-2022,ITA
Matteo Darmian,96e0490d,itITA,MF,Inter,31.0,1989.0,2021-2022,ITA
Paweł Dawidowicz,16bb656a,plPOL,DF,Hellas Verona,26.0,1995.0,2021-2022,ITA
Sebastien De Maio,952a03fe,frFRA,DF,Udinese,34.0,1987.0,2021-2022,ITA
Tommaso De Nipoti,7f9d956a,itITA,FW,Atalanta,18.0,2003.0,2021-2022,ITA
Mattia De Sciglio,ae4e2852,itITA,DF,Juventus,28.0,1992.0,2021-2022,ITA
Lorenzo De Silvestri,e74f0e59,itITA,"MF,DF",Bologna,33.0,1988.0,2021-2022,ITA
Grégoire Defrel,854ee61a,mqMTQ,"FW,MF",Sassuolo,30.0,1991.0,2021-2022,ITA
Alessandro Deiola,7f267d66,itITA,MF,Cagliari,25.0,1995.0,2021-2022,ITA
Filippo Delli Carri,d2e8fd9b,itITA,DF,Salernitana,22.0,1999.0,2021-2022,ITA
Merih Demiral,e3cceee6,trTUR,DF,Atalanta,23.0,1998.0,2021-2022,ITA
Diego Demme,dc3fa3b5,deGER,MF,Napoli,29.0,1991.0,2021-2022,ITA
Fabio Depaoli,d97f2e8d,itITA,MF,Hellas Verona,24.0,1997.0,2021-2022,ITA
Fabio Depaoli,d97f2e8d,itITA,MF,Sampdoria,24.0,1997.0,2021-2022,ITA
Mattia Destro,d7d32194,itITA,FW,Genoa,30.0,1991.0,2021-2022,ITA
Gerard Deulofeu,39583cfd,esESP,"FW,MF",Udinese,27.0,1994.0,2021-2022,ITA
Jacopo Dezi,e921b9db,itITA,MF,Venezia,29.0,1992.0,2021-2022,ITA
Samuel Di Carmine,ef94dc2f,itITA,FW,Hellas Verona,32.0,1988.0,2021-2022,ITA
Federico Di Francesco,1fca9171,itITA,"FW,MF",Empoli,27.0,1994.0,2021-2022,ITA
Giovanni Di Lorenzo,230a2fac,itITA,DF,Napoli,27.0,1993.0,2021-2022,ITA
Francesco Di Mariano,35a2557c,itITA,FW,Venezia,25.0,1996.0,2021-2022,ITA
Francesco Di Tacchio,b5c3ff9f,itITA,"MF,DF",Salernitana,31.0,1990.0,2021-2022,ITA
Amadou Diawara,bf309d24,gnGUI,MF,Roma,24.0,1997.0,2021-2022,ITA
Brahim Díaz,407feb71,maMAR,MF,Milan,21.0,1999.0,2021-2022,ITA
Mitchell Dijks,0a3065c8,nlNED,"MF,DF",Bologna,28.0,1993.0,2021-2022,ITA
Federico Dimarco,970b8574,itITA,"DF,MF",Inter,23.0,1997.0,2021-2022,ITA
Filippo Distefano,2110f96c,itITA,FW,Fiorentina,17.0,2003.0,2021-2022,ITA
Koffi Djidji,933d3b51,ciCIV,DF,Torino,28.0,1992.0,2021-2022,ITA
Berat Djimsiti,6eee05f1,alALB,DF,Atalanta,28.0,1993.0,2021-2022,ITA
Nicolás Domínguez,20b3a502,arARG,MF,Bologna,23.0,1998.0,2021-2022,ITA
Bartłomiej Drągowski,085e71a7,plPOL,GK,Fiorentina,23.0,1997.0,2021-2022,ITA
Radu Drăgușin,620922ed,roROU,DF,Sampdoria,19.0,2002.0,2021-2022,ITA
Radu Drăgușin,620922ed,roROU,DF,Salernitana,19.0,2002.0,2021-2022,ITA
Denzel Dumfries,481c9ece,nlNED,MF,Inter,25.0,1996.0,2021-2022,ITA
Alfred Duncan,528492ea,ghGHA,MF,Fiorentina,28.0,1993.0,2021-2022,ITA
Paulo Dybala,e0921a4f,arARG,"FW,MF",Juventus,27.0,1993.0,2021-2022,ITA
Edin Džeko,3bb7f478,baBIH,FW,Inter,35.0,1986.0,2021-2022,ITA
Tyronne Ebuehi,6af30900,ngNGA,DF,Venezia,25.0,1995.0,2021-2022,ITA
Éderson,a9202def,brBRA,MF,Salernitana,22.0,1999.0,2021-2022,ITA
Albin Ekdal,f503ea63,seSWE,MF,Sampdoria,32.0,1989.0,2021-2022,ITA
Caleb Ekuban,7afbd2c3,ghGHA,"FW,MF",Genoa,27.0,1994.0,2021-2022,ITA
Elif Elmas,cf007308,mkMKD,MF,Napoli,21.0,1999.0,2021-2022,ITA
Martin Erlic,0fee6bda,hrCRO,DF,Spezia,23.0,1998.0,2021-2022,ITA
Gonzalo Escalante,3f79a1c8,arARG,MF,Lazio,28.0,1993.0,2021-2022,ITA
Diego Falcinelli,a39b9ef6,itITA,"FW,MF",Bologna,30.0,1991.0,2021-2022,ITA
Wladimiro Falcone,9f5a610b,itITA,GK,Sampdoria,26.0,1995.0,2021-2022,ITA
Paolo Faragò,9085dd7c,itITA,"DF,MF",Cagliari,28.0,1993.0,2021-2022,ITA
Davide Faraoni,aae9d04a,itITA,MF,Hellas Verona,29.0,1991.0,2021-2022,ITA
Mohamed Fares,b7a5bc86,dzALG,"MF,DF",Genoa,25.0,1996.0,2021-2022,ITA
Diego Farias,157d29b6,brBRA,FW,Cagliari,31.0,1990.0,2021-2022,ITA
Andrea Favilli,44510fde,itITA,FW,Genoa,24.0,1997.0,2021-2022,ITA
Federico Fazio,4e358a2d,arARG,DF,Salernitana,34.0,1987.0,2021-2022,ITA
Luiz Felipe,15d0c248,itITA,DF,Lazio,24.0,1997.0,2021-2022,ITA
Alex Ferrari,d0dbca9f,itITA,DF,Sampdoria,27.0,1994.0,2021-2022,ITA
Salvador Ferrer,eb76987d,esESP,"DF,MF",Spezia,23.0,1998.0,2021-2022,ITA
Riccardo Fiamozzi,9f9b9269,itITA,DF,Empoli,28.0,1993.0,2021-2022,ITA
Luca Fiordilino,9bb1ad91,itITA,MF,Venezia,25.0,1996.0,2021-2022,ITA
Vincenzo Fiorillo,a2565f79,itITA,GK,Salernitana,31.0,1990.0,2021-2022,ITA
Alessandro Florenzi,e288d4b3,itITA,"DF,MF",Milan,30.0,1991.0,2021-2022,ITA
Fernando Forestieri,d60c26fc,itITA,"FW,MF",Udinese,31.0,1990.0,2021-2022,ITA
Francesco Forte,69e11a01,itITA,FW,Venezia,28.0,1993.0,2021-2022,ITA
Gianluca Frabotta,d80b1835,itITA,"DF,MF",Hellas Verona,22.0,1999.0,2021-2022,ITA
Davide Frattesi,2a7d27c1,itITA,MF,Sassuolo,21.0,1999.0,2021-2022,ITA
Morten Frendrup,f4d60499,dkDEN,"DF,MF",Genoa,20.0,2001.0,2021-2022,ITA
Remo Freuler,98d2c2c4,chSUI,MF,Atalanta,29.0,1992.0,2021-2022,ITA
Matteo Gabbia,c235e803,itITA,DF,Milan,21.0,1999.0,2021-2022,ITA
Manolo Gabbiadini,8f866fe8,itITA,"FW,MF",Sampdoria,29.0,1991.0,2021-2022,ITA
Gianluca Gaetano,3b387cc7,itITA,MF,Napoli,21.0,2000.0,2021-2022,ITA
Luca Gagliano,1d00a56c,itITA,FW,Cagliari,21.0,2000.0,2021-2022,ITA
Roberto Gagliardini,ce30bfc8,itITA,MF,Inter,27.0,1994.0,2021-2022,ITA
Riccardo Gagliolo,173061c0,seSWE,"DF,MF",Salernitana,31.0,1990.0,2021-2022,ITA
Nicolas Galazzi,a796492f,itITA,MF,Venezia,20.0,2000.0,2021-2022,ITA
Pablo Galdames Millán,dd403465,clCHI,MF,Genoa,24.0,1996.0,2021-2022,ITA
Luca Gemello,53e494ec,itITA,GK,Torino,21.0,2000.0,2021-2022,ITA
Paolo Ghiglione,71dc23da,itITA,"MF,DF",Genoa,24.0,1997.0,2021-2022,ITA
Faouzi Ghoulam,c5adc293,dzALG,DF,Napoli,30.0,1991.0,2021-2022,ITA
Sebastian Giovinco,2b7c18ae,itITA,"FW,MF",Sampdoria,34.0,1987.0,2021-2022,ITA
Olivier Giroud,16ceb862,frFRA,FW,Milan,34.0,1986.0,2021-2022,ITA
Diego Godín,fc4f85b1,uyURU,DF,Cagliari,35.0,1986.0,2021-2022,ITA
Edoardo Goldaniga,4b029b31,itITA,DF,Cagliari,27.0,1993.0,2021-2022,ITA
Edoardo Goldaniga,4b029b31,itITA,DF,Sassuolo,27.0,1993.0,2021-2022,ITA
Cedric Gondo,ff37d2ef,ciCIV,FW,Salernitana,24.0,1996.0,2021-2022,ITA
Nicolás González,2374aaca,arARG,FW,Fiorentina,23.0,1998.0,2021-2022,ITA
Robin Gosens,2d970560,deGER,MF,Atalanta,27.0,1994.0,2021-2022,ITA
Robin Gosens,2d970560,deGER,"DF,MF",Inter,27.0,1994.0,2021-2022,ITA
Alberto Grassi,6cc97b6a,itITA,MF,Cagliari,26.0,1995.0,2021-2022,ITA
Koray Günter,f1f1f238,deGER,DF,Hellas Verona,26.0,1994.0,2021-2022,ITA
Albert Guðmundsson,b79858d5,isISL,MF,Genoa,24.0,1997.0,2021-2022,ITA
Emmanuel Gyasi,f9758dae,ghGHA,"MF,FW",Spezia,27.0,1994.0,2021-2022,ITA
Norbert Gyömbér,0be276c6,skSVK,DF,Salernitana,29.0,1992.0,2021-2022,ITA
Nicolas Haas,fa449bba,chSUI,MF,Empoli,25.0,1996.0,2021-2022,ITA
Samir Handanović,74419746,siSVN,GK,Inter,37.0,1984.0,2021-2022,ITA
Ridgeciano Haps,c8d7131c,srSUR,"DF,MF",Venezia,28.0,1993.0,2021-2022,ITA
Abdou Harroui,65fd099c,nlNED,MF,Sassuolo,23.0,1998.0,2021-2022,ITA
Hans Hateboer,3b333ac3,nlNED,"MF,DF",Atalanta,27.0,1994.0,2021-2022,ITA
Silvan Hefti,f8342731,chSUI,DF,Genoa,23.0,1997.0,2021-2022,ITA
Liam Henderson,d7918b13,sctSCO,MF,Empoli,25.0,1996.0,2021-2022,ITA
Dalbert Henrique,f45f9427,brBRA,MF,Cagliari,27.0,1993.0,2021-2022,ITA
Matheus Henrique,a2d9f138,brBRA,MF,Sassuolo,23.0,1997.0,2021-2022,ITA
Thomas Henry,9ef42479,frFRA,FW,Venezia,26.0,1994.0,2021-2022,ITA
Theo Hernández,d4c9725f,frFRA,DF,Milan,23.0,1997.0,2021-2022,ITA
Hernani,6f5ead86,brBRA,"MF,FW",Genoa,27.0,1994.0,2021-2022,ITA
Daan Heymans,6d70c771,beBEL,MF,Venezia,22.0,1999.0,2021-2022,ITA
Aaron Hickey,1780bb4a,sctSCO,"MF,DF",Bologna,19.0,2002.0,2021-2022,ITA
Martin Hongla,b85bf253,cmCMR,MF,Hellas Verona,23.0,1998.0,2021-2022,ITA
Sydney van Hooijdonk,5b418e15,nlNED,FW,Bologna,21.0,2000.0,2021-2022,ITA
Petko Hristov,d8800a46,bgBUL,DF,Spezia,22.0,1999.0,2021-2022,ITA
Elseid Hysaj,2f3452eb,alALB,DF,Lazio,27.0,1994.0,2021-2022,ITA
Roger Ibanez,82efe6fa,brBRA,DF,Roma,22.0,1998.0,2021-2022,ITA
Zlatan Ibrahimović,4cde5509,seSWE,FW,Milan,39.0,1981.0,2021-2022,ITA
Igor,a4e85758,brBRA,DF,Fiorentina,23.0,1998.0,2021-2022,ITA
Jonathan Ikone,42eaa028,frFRA,FW,Fiorentina,23.0,1998.0,2021-2022,ITA
Ivan Ilić,bb376bed,rsSRB,MF,Hellas Verona,20.0,2001.0,2021-2022,ITA
Josip Iličić,68252d6d,siSVN,"MF,FW",Atalanta,33.0,1988.0,2021-2022,ITA
Ciro Immobile,4431aed2,itITA,FW,Lazio,31.0,1990.0,2021-2022,ITA
Lorenzo Insigne,2f557579,itITA,"MF,FW",Napoli,30.0,1991.0,2021-2022,ITA
Ardian Ismajli,6b635f5c,alALB,DF,Empoli,24.0,1996.0,2021-2022,ITA
Armando Izzo,89976232,itITA,DF,Torino,29.0,1992.0,2021-2022,ITA
Mato Jajalo,8c65eb5f,baBIH,MF,Udinese,33.0,1988.0,2021-2022,ITA
Paweł Jaroszyński,958a601f,plPOL,DF,Salernitana,26.0,1994.0,2021-2022,ITA
Juan Jesus,79083382,brBRA,DF,Napoli,30.0,1991.0,2021-2022,ITA
Dennis Johnsen,66784dee,noNOR,"FW,MF",Venezia,23.0,1998.0,2021-2022,ITA
Kaio Jorge,0cf465f2,brBRA,FW,Juventus,19.0,2002.0,2021-2022,ITA
Flavio Junior Bianchi,3ef965c1,itITA,FW,Genoa,21.0,2000.0,2021-2022,ITA
Hamed Junior Traorè,570bb4b9,ciCIV,MF,Sassuolo,21.0,2000.0,2021-2022,ITA
Nikola Kalinić,d4931a5a,hrCRO,FW,Hellas Verona,33.0,1988.0,2021-2022,ITA
Yayah Kallon,f95f49d2,slSLE,"MF,FW",Genoa,20.0,2001.0,2021-2022,ITA
Pierre Kalulu,85f7d1be,frFRA,DF,Milan,21.0,2000.0,2021-2022,ITA
Dimitrije Kamenović,d3e0c826,rsSRB,DF,Lazio,21.0,2000.0,2021-2022,ITA
Rick Karsdorp,9f84febe,nlNED,"MF,DF",Roma,26.0,1995.0,2021-2022,ITA
Denso Kasius,7ae36711,nlNED,MF,Bologna,18.0,2002.0,2021-2022,ITA
Grigoris Kastanos,2a82aa85,cyCYP,"MF,FW",Salernitana,23.0,1998.0,2021-2022,ITA
Moise Kean,3d50bcdb,itITA,FW,Juventus,21.0,2000.0,2021-2022,ITA
Wajdi Kechrida,11962fe7,tnTUN,"MF,DF",Salernitana,25.0,1995.0,2021-2022,ITA
Dimitrios Keramitsis,6f30a1d5,grGRE,DF,Roma,17.0,2004.0,2021-2022,ITA
Franck Kessié,05e19d6a,ciCIV,MF,Milan,24.0,1996.0,2021-2022,ITA
Jakub Kiwior,dc3e663e,plPOL,MF,Spezia,21.0,2000.0,2021-2022,ITA
Sofian Kiyine,ce1806be,maMAR,"MF,FW",Venezia,23.0,1997.0,2021-2022,ITA
Simon Kjær,8b8a56ce,dkDEN,DF,Milan,32.0,1989.0,2021-2022,ITA
Aleksandr Kokorin,fec5accc,ruRUS,"FW,MF",Fiorentina,30.0,1991.0,2021-2022,ITA
Aleksandar Kolarov,eda40760,rsSRB,DF,Inter,35.0,1985.0,2021-2022,ITA
Teun Koopmeiners,a26fb8aa,nlNED,MF,Atalanta,23.0,1998.0,2021-2022,ITA
Kalidou Koulibaly,da974c7b,snSEN,DF,Napoli,30.0,1991.0,2021-2022,ITA
Christos Kourfalidis,5c522c88,grGRE,MF,Cagliari,18.0,2002.0,2021-2022,ITA
Viktor Kovalenko,9d60028d,uaUKR,MF,Spezia,25.0,1996.0,2021-2022,ITA
Julian Kristoffersen,b804c280,noNOR,FW,Salernitana,24.0,1997.0,2021-2022,ITA
Rade Krunić,817c6964,baBIH,MF,Milan,27.0,1993.0,2021-2022,ITA
Dejan Kulusevski,df3cda47,seSWE,"MF,FW",Juventus,21.0,2000.0,2021-2022,ITA
Marash Kumbulla,a40819d9,alALB,DF,Roma,21.0,2000.0,2021-2022,ITA
Giorgos Kyriakopoulos,0a483542,grGRE,"DF,MF",Sassuolo,25.0,1996.0,2021-2022,ITA
Andrea La Mantia,c375dfa5,itITA,FW,Empoli,30.0,1991.0,2021-2022,ITA
Sam Lammers,c283ddef,nlNED,FW,Atalanta,24.0,1997.0,2021-2022,ITA
Kevin Lasagna,09538fdb,itITA,"MF,FW",Hellas Verona,28.0,1992.0,2021-2022,ITA
Darko Lazović,5128bde4,rsSRB,MF,Hellas Verona,30.0,1990.0,2021-2022,ITA
Manuel Lazzari,02caf6e0,itITA,DF,Lazio,27.0,1993.0,2021-2022,ITA
Patrick Leal,d97ec0d1,usUSA,MF,Venezia,18.0,2003.0,2021-2022,ITA
Rafael Leão,20730eae,ptPOR,MF,Milan,22.0,1999.0,2021-2022,ITA
Lucas Leiva,4c78b5ed,brBRA,MF,Lazio,34.0,1987.0,2021-2022,ITA
Luca Lezzerini,c9c32262,itITA,GK,Venezia,26.0,1995.0,2021-2022,ITA
Ben Lhassine Kone,7452c7a8,ciCIV,MF,Torino,21.0,2000.0,2021-2022,ITA
Matthijs de Ligt,d6e53a3a,nlNED,DF,Juventus,21.0,1999.0,2021-2022,ITA
Anderson Lima,59be3a74,brBRA,MF,Lazio,21.0,1999.0,2021-2022,ITA
Karol Linetty,d023d70f,plPOL,MF,Torino,26.0,1995.0,2021-2022,ITA
Stanislav Lobotka,e1cbb531,skSVK,MF,Napoli,26.0,1994.0,2021-2022,ITA
Manuel Locatelli,a8a874f1,itITA,MF,Juventus,23.0,1998.0,2021-2022,ITA
Maxime Lopez,20094685,frFRA,MF,Sassuolo,23.0,1997.0,2021-2022,ITA
Matteo Lovato,5fa57166,itITA,DF,Atalanta,21.0,2000.0,2021-2022,ITA
Matteo Lovato,5fa57166,itITA,DF,Cagliari,21.0,2000.0,2021-2022,ITA
Hirving Lozano,a69e4806,mxMEX,"MF,FW",Napoli,26.0,1995.0,2021-2022,ITA
José Luis Palomino,921f6058,arARG,DF,Atalanta,31.0,1990.0,2021-2022,ITA
Saša Lukić,c6e8cf1f,rsSRB,MF,Torino,24.0,1996.0,2021-2022,ITA
Sebastiano Luperto,997fff07,itITA,DF,Empoli,24.0,1996.0,2021-2022,ITA
Charalampos Lykogiannis,5efc5389,grGRE,"MF,DF",Cagliari,27.0,1993.0,2021-2022,ITA
Niki Mäenpää,14a96e1c,fiFIN,GK,Venezia,36.0,1985.0,2021-2022,ITA
Giulio Maggiore,957e4c87,itITA,MF,Spezia,23.0,1998.0,2021-2022,ITA
Francesco Magnanelli,07767f42,itITA,MF,Sassuolo,36.0,1984.0,2021-2022,ITA
Giangiacomo Magnani,cce9f582,itITA,DF,Hellas Verona,25.0,1995.0,2021-2022,ITA
Giangiacomo Magnani,cce9f582,itITA,DF,Sampdoria,25.0,1995.0,2021-2022,ITA
Mike Maignan,fcb38f57,frFRA,GK,Milan,26.0,1995.0,2021-2022,ITA
Ainsley Maitland-Niles,e3a5814e,engENG,"MF,DF",Roma,23.0,1997.0,2021-2022,ITA
Jean-Victor Makengo,22bfb57e,frFRA,MF,Udinese,23.0,1998.0,2021-2022,ITA
Nikola Maksimović,16b9d5cf,rsSRB,DF,Genoa,29.0,1991.0,2021-2022,ITA
Kévin Malcuit,d6a889ea,maMAR,"MF,DF",Napoli,30.0,1991.0,2021-2022,ITA
Daniel Maldini,801831fe,itITA,MF,Milan,19.0,2001.0,2021-2022,ITA
Youssef Maleh,4c8845f7,maMAR,MF,Fiorentina,22.0,1998.0,2021-2022,ITA
Ruslan Malinovskyi,48d5bd33,uaUKR,"MF,FW",Atalanta,28.0,1993.0,2021-2022,ITA
Rey Manaj,7703afb6,alALB,FW,Spezia,24.0,1997.0,2021-2022,ITA
Gianluca Mancini,5aa53281,itITA,DF,Roma,25.0,1996.0,2021-2022,ITA
Leonardo Mancuso,311027cb,itITA,FW,Empoli,29.0,1992.0,2021-2022,ITA
Rolando Mandragora,c7259b83,itITA,MF,Torino,24.0,1997.0,2021-2022,ITA
Kostas Manolas,c707411f,grGRE,DF,Napoli,30.0,1991.0,2021-2022,ITA
Riccardo Marchizza,91d0fabf,itITA,DF,Empoli,23.0,1998.0,2021-2022,ITA
Gian Marco Ferrari,8650af85,itITA,DF,Sassuolo,29.0,1992.0,2021-2022,ITA
Davide Marfella,880fcdbb,itITA,GK,Napoli,21.0,1999.0,2021-2022,ITA
Pablo Marí,aa54ec6f,esESP,DF,Udinese,27.0,1993.0,2021-2022,ITA
Răzvan Marin,7fac99d4,roROU,MF,Cagliari,25.0,1996.0,2021-2022,ITA
Lautaro Martínez,f7036e1c,arARG,FW,Inter,23.0,1997.0,2021-2022,ITA
Lucas Martínez Quarta,3ec3c1c9,arARG,DF,Fiorentina,25.0,1996.0,2021-2022,ITA
Adam Marušić,d4535821,meMNE,DF,Lazio,28.0,1992.0,2021-2022,ITA
Andrea Masiello,e0314d87,itITA,DF,Genoa,35.0,1986.0,2021-2022,ITA
Aleš Matějů,deb748c9,czCZE,"DF,MF",Venezia,25.0,1996.0,2021-2022,ITA
Borja Mayoral,64e8ed6d,esESP,FW,Roma,24.0,1997.0,2021-2022,ITA
Pasquale Mazzocchi,eb0ec070,itITA,DF,Venezia,26.0,1995.0,2021-2022,ITA
Pasquale Mazzocchi,eb0ec070,itITA,"MF,DF",Salernitana,26.0,1995.0,2021-2022,ITA
Ibrahima Mbaye,cfbf9881,snSEN,MF,Bologna,26.0,1994.0,2021-2022,ITA
Weston McKennie,01c3aff5,usUSA,MF,Juventus,22.0,1998.0,2021-2022,ITA
Gary Medel,563a68ad,clCHI,DF,Bologna,33.0,1987.0,2021-2022,ITA
Filippo Melegoni,6604165d,itITA,MF,Genoa,22.0,1999.0,2021-2022,ITA
Arthur Melo,48b3dd60,brBRA,MF,Juventus,24.0,1996.0,2021-2022,ITA
Alex Meret,9413b19f,itITA,GK,Napoli,24.0,1997.0,2021-2022,ITA
Yıldırım Mert Çetin,c730da00,trTUR,DF,Hellas Verona,24.0,1997.0,2021-2022,ITA
Dries Mertens,89b2c8a9,beBEL,"FW,MF",Napoli,34.0,1987.0,2021-2022,ITA
Junior Messias,f49c4ae9,brBRA,MF,Milan,30.0,1991.0,2021-2022,ITA
Kingsley Michael,e63e122d,ngNGA,MF,Bologna,21.0,1999.0,2021-2022,ITA
Valentin Mihaila,81a4c239,roROU,"FW,MF",Atalanta,21.0,2000.0,2021-2022,ITA
Mikael,33502726,brBRA,FW,Salernitana,22.0,1999.0,2021-2022,ITA
Hilmir Mikaelsson,5add9b29,isISL,FW,Venezia,17.0,2004.0,2021-2022,ITA
Nikola Milenković,bee704fc,rsSRB,DF,Fiorentina,23.0,1997.0,2021-2022,ITA
Sergej Milinković-Savić,4e6dbac4,rsSRB,MF,Lazio,26.0,1995.0,2021-2022,ITA
Vanja Milinković-Savić,9fa26bc2,rsSRB,GK,Torino,24.0,1997.0,2021-2022,ITA
Aleksei Miranchuk,a9aa0d1d,ruRUS,"MF,FW",Atalanta,25.0,1995.0,2021-2022,ITA
Fabio Miretti,34693494,itITA,MF,Juventus,17.0,2003.0,2021-2022,ITA
Henrikh Mkhitaryan,dd0daf32,amARM,MF,Roma,32.0,1989.0,2021-2022,ITA
Marco Modolo,fdcdb521,itITA,DF,Venezia,32.0,1989.0,2021-2022,ITA
Nahuel Molina,23610943,arARG,MF,Udinese,23.0,1998.0,2021-2022,ITA
Cristian Molinaro,1c8c5aed,itITA,DF,Venezia,38.0,1983.0,2021-2022,ITA
Lorenzo Montipò,c1d95617,itITA,GK,Hellas Verona,25.0,1996.0,2021-2022,ITA
Álvaro Morata,129af0db,esESP,"FW,MF",Juventus,28.0,1992.0,2021-2022,ITA
Raúl Moro,919dd4b1,esESP,FW,Lazio,18.0,2002.0,2021-2022,ITA
Andrei Motoc,b64073a0,mdMDA,DF,Salernitana,19.0,2002.0,2021-2022,ITA
Lys Mousset,d9cfca3d,frFRA,"MF,FW",Salernitana,25.0,1996.0,2021-2022,ITA
Samuel Mráz,be6c1ccc,skSVK,FW,Spezia,24.0,1997.0,2021-2022,ITA
Mert Müldür,1295552e,trTUR,DF,Sassuolo,22.0,1999.0,2021-2022,ITA
Luis Muriel,eb2fe5b6,coCOL,"FW,MF",Atalanta,30.0,1991.0,2021-2022,ITA
Vedat Muriqi,0cadc46d,xkKVX,FW,Lazio,27.0,1994.0,2021-2022,ITA
Nicola Murru,d183e9d6,itITA,DF,Sampdoria,26.0,1994.0,2021-2022,ITA
Juan Musso,a111cf41,arARG,GK,Atalanta,27.0,1994.0,2021-2022,ITA
Joakim Mæhle,c459a650,dkDEN,MF,Atalanta,24.0,1997.0,2021-2022,ITA
Nahitan Nández,95facda1,uyURU,MF,Cagliari,25.0,1995.0,2021-2022,ITA
Nani,15e9c7e6,ptPOR,"MF,FW",Venezia,34.0,1986.0,2021-2022,ITA
Matija Nastasić,f35430a4,rsSRB,DF,Fiorentina,28.0,1993.0,2021-2022,ITA
Ilija Nestorovski,b1236c63,mkMKD,FW,Udinese,31.0,1990.0,2021-2022,ITA
Aurélien Nguiamba,de135234,frFRA,MF,Spezia,22.0,1999.0,2021-2022,ITA
Dimitris Nikolaou,cf961d8d,grGRE,DF,Spezia,22.0,1998.0,2021-2022,ITA
Jean-Pierre Nsame,12e6d21a,cmCMR,FW,Venezia,28.0,1993.0,2021-2022,ITA
Bram Nuytinck,e33f36d5,nlNED,DF,Udinese,31.0,1990.0,2021-2022,ITA
Simeon Nwankwo,80dbbd10,ngNGA,FW,Salernitana,29.0,1992.0,2021-2022,ITA
M'Bala Nzola,a4948e67,aoANG,FW,Spezia,24.0,1996.0,2021-2022,ITA
Adam Obert,aa25ce92,skSVK,DF,Cagliari,18.0,2002.0,2021-2022,ITA
Joel Obi,614c38fb,ngNGA,MF,Salernitana,30.0,1991.0,2021-2022,ITA
Brian Oddei,97e8ea97,itITA,FW,Sassuolo,18.0,2002.0,2021-2022,ITA
Álvaro Odriozola,1d1691ad,esESP,DF,Fiorentina,25.0,1995.0,2021-2022,ITA
Stefano Okaka,601ef102,itITA,FW,Udinese,31.0,1989.0,2021-2022,ITA
David Okereke,d125f22f,ngNGA,"FW,MF",Venezia,23.0,1997.0,2021-2022,ITA
Christian Oliva,d3b888e3,uyURU,MF,Cagliari,25.0,1996.0,2021-2022,ITA
Sérgio Oliveira,947e036f,ptPOR,MF,Roma,29.0,1992.0,2021-2022,ITA
Riccardo Orsolini,e14ec482,itITA,"FW,MF",Bologna,24.0,1997.0,2021-2022,ITA
Victor Osimhen,8c90fd7a,ngNGA,FW,Napoli,22.0,1998.0,2021-2022,ITA
David Ospina,82b1198a,coCOL,GK,Napoli,32.0,1988.0,2021-2022,ITA
Adam Ounas,ed90babd,dzALG,MF,Napoli,24.0,1996.0,2021-2022,ITA
Daniele Padelli,cf1c23d8,itITA,GK,Udinese,35.0,1985.0,2021-2022,ITA
Simone Pafundi,8daee720,itITA,FW,Udinese,15.0,2006.0,2021-2022,ITA
Martin Palumbo,f8d41a8c,noNOR,MF,Juventus,19.0,2002.0,2021-2022,ITA
Goran Pandev,d711d04f,mkMKD,FW,Genoa,38.0,1983.0,2021-2022,ITA
Ivor Pandur,457cb02f,hrCRO,GK,Hellas Verona,21.0,2000.0,2021-2022,ITA
Fabiano Parisi,0967845b,itITA,DF,Empoli,20.0,2000.0,2021-2022,ITA
Mario Pašalić,e599253a,hrCRO,"MF,FW",Atalanta,26.0,1995.0,2021-2022,ITA
Patric,f7223718,esESP,DF,Lazio,28.0,1993.0,2021-2022,ITA
Rui Patrício,79b0d6a0,ptPOR,GK,Roma,33.0,1988.0,2021-2022,ITA
Leonardo Pavoletti,d37b0350,itITA,FW,Cagliari,32.0,1988.0,2021-2022,ITA
Pedro,3ca7254a,esESP,FW,Lazio,34.0,1987.0,2021-2022,ITA
João Pedro,81255c03,itITA,FW,Cagliari,29.0,1992.0,2021-2022,ITA
Gianluca Pegolo,f058ed1f,itITA,GK,Sassuolo,40.0,1981.0,2021-2022,ITA
Pietro Pellegri,a44d3a3c,itITA,FW,Torino,20.0,2001.0,2021-2022,ITA
Pietro Pellegri,a44d3a3c,itITA,FW,Milan,20.0,2001.0,2021-2022,ITA
Lorenzo Pellegrini,4a5a45c7,itITA,MF,Roma,25.0,1996.0,2021-2022,ITA
Luca Pellegrini,3b61c9ec,itITA,"DF,MF",Juventus,22.0,1999.0,2021-2022,ITA
Federico Peluso,4f2908e5,itITA,DF,Sassuolo,37.0,1984.0,2021-2022,ITA
Gastón Pereiro,7ec7738e,uyURU,"FW,MF",Cagliari,26.0,1995.0,2021-2022,ITA
Dor Peretz,e2a302a8,ilISR,MF,Venezia,26.0,1995.0,2021-2022,ITA
Roberto Pereyra,75f2c59f,arARG,"MF,FW",Udinese,30.0,1991.0,2021-2022,ITA
Carles Pérez,a8f21b9f,esESP,MF,Roma,23.0,1998.0,2021-2022,ITA
Nehuén Pérez,f7c491f1,arARG,DF,Udinese,21.0,2000.0,2021-2022,ITA
Mattia Perin,4c62d0c8,itITA,GK,Juventus,28.0,1992.0,2021-2022,ITA
Ivan Perišić,6fe90922,hrCRO,MF,Inter,32.0,1989.0,2021-2022,ITA
Diego Perotti,a40d5a0c,arARG,MF,Salernitana,33.0,1988.0,2021-2022,ITA
Mario Perrone,6cd33e2a,itITA,DF,Salernitana,18.0,2003.0,2021-2022,ITA
Matteo Pessina,780e3631,itITA,"MF,FW",Atalanta,24.0,1997.0,2021-2022,ITA
Andrea Petagna,03f946ed,itITA,FW,Napoli,26.0,1995.0,2021-2022,ITA
Giuseppe Pezzella,149c5f5d,itITA,"MF,DF",Atalanta,23.0,1997.0,2021-2022,ITA
Krzysztof Piątek,17f3620a,plPOL,FW,Fiorentina,26.0,1995.0,2021-2022,ITA
Roberto Piccoli,1cadaf34,itITA,FW,Genoa,20.0,2001.0,2021-2022,ITA
Roberto Piccoli,1cadaf34,itITA,FW,Atalanta,20.0,2001.0,2021-2022,ITA
Andrea Pinamonti,08aa9cd1,itITA,FW,Empoli,22.0,1999.0,2021-2022,ITA
Carlo Pinsoglio,f6a06749,itITA,GK,Juventus,31.0,1990.0,2021-2022,ITA
Riccardo Pinzi,5dafcdce,itITA,MF,Udinese,17.0,2003.0,2021-2022,ITA
Marko Pjaca,2c38b327,hrCRO,MF,Torino,26.0,1995.0,2021-2022,ITA
Tommaso Pobega,55a1cac2,itITA,MF,Torino,22.0,1999.0,2021-2022,ITA
Suf Podgoreanu,d697a2d0,ilISR,MF,Spezia,19.0,2002.0,2021-2022,ITA
Matteo Politano,5e861944,itITA,"MF,FW",Napoli,27.0,1993.0,2021-2022,ITA
Manolo Portanova,c8c0dccd,itITA,MF,Genoa,21.0,2000.0,2021-2022,ITA
Dennis Praet,86695068,beBEL,MF,Torino,27.0,1994.0,2021-2022,ITA
Mateusz Praszelik,ec6773f5,plPOL,MF,Hellas Verona,20.0,2000.0,2021-2022,ITA
Ivan Provedel,277da414,itITA,GK,Spezia,27.0,1994.0,2021-2022,ITA
Erick Pulgar,4611e028,clCHI,MF,Fiorentina,27.0,1994.0,2021-2022,ITA
Ignacio Pussetto,62437b4f,arARG,"FW,MF",Udinese,25.0,1995.0,2021-2022,ITA
Niklas Pyyhtiä,88f53b75,fiFIN,MF,Bologna,17.0,2003.0,2021-2022,ITA
Fabio Quagliarella,ee4f2f3b,itITA,FW,Sampdoria,38.0,1983.0,2021-2022,ITA
Adrien Rabiot,8794e251,frFRA,MF,Juventus,26.0,1995.0,2021-2022,ITA
Ivan Radovanović,023937a9,rsSRB,"DF,MF",Salernitana,32.0,1988.0,2021-2022,ITA
Ionuț Radu,67f649be,roROU,GK,Inter,24.0,1997.0,2021-2022,ITA
Ștefan Radu,53de807a,roROU,DF,Lazio,34.0,1986.0,2021-2022,ITA
Boris Radunović,0dfce079,rsSRB,GK,Cagliari,25.0,1996.0,2021-2022,ITA
Antonio Raimondo,ce1a6c7e,itITA,FW,Bologna,17.0,2004.0,2021-2022,ITA
Aaron Ramsey,ef619b0b,wlsWAL,MF,Juventus,30.0,1990.0,2021-2022,ITA
Luca Ranieri,8c63fae5,itITA,"DF,MF",Salernitana,22.0,1999.0,2021-2022,ITA
Andrea Ranocchia,539230cf,itITA,DF,Inter,33.0,1988.0,2021-2022,ITA
Giacomo Raspadori,6e058f06,itITA,"MF,FW",Sassuolo,21.0,2000.0,2021-2022,ITA
Nicola Ravaglia,d7a35008,itITA,GK,Sampdoria,32.0,1988.0,2021-2022,ITA
Ante Rebić,536cebe5,hrCRO,"FW,MF",Milan,27.0,1993.0,2021-2022,ITA
Arkadiusz Reca,6213fd82,plPOL,"DF,MF",Spezia,26.0,1995.0,2021-2022,ITA
Pepe Reina,e358587b,esESP,GK,Lazio,38.0,1982.0,2021-2022,ITA
Panagiotis Retsos,4bd00a50,grGRE,DF,Hellas Verona,22.0,1998.0,2021-2022,ITA
Bryan Reynolds,2306bf5c,usUSA,DF,Roma,20.0,2001.0,2021-2022,ITA
Franck Ribéry,f61c7c4e,frFRA,"MF,FW",Salernitana,38.0,1983.0,2021-2022,ITA
Samuele Ricci,9823be92,itITA,MF,Torino,19.0,2001.0,2021-2022,ITA
Samuele Ricci,9823be92,itITA,MF,Empoli,19.0,2001.0,2021-2022,ITA
Tomás Rincón,f1cfc209,veVEN,MF,Torino,33.0,1988.0,2021-2022,ITA
Tomás Rincón,f1cfc209,veVEN,MF,Sampdoria,33.0,1988.0,2021-2022,ITA
Ricardo Rodríguez,7f78ad23,chSUI,DF,Torino,28.0,1992.0,2021-2022,ITA
Marko Rog,b6b2b820,hrCRO,MF,Cagliari,26.0,1995.0,2021-2022,ITA
Rogério,10e7f486,brBRA,DF,Sassuolo,23.0,1998.0,2021-2022,ITA
Alessio Romagnoli,3ead85f9,itITA,DF,Milan,26.0,1995.0,2021-2022,ITA
Simone Romagnoli,09899de8,itITA,DF,Empoli,31.0,1990.0,2021-2022,ITA
Luka Romero,ca6edaa0,arARG,MF,Lazio,16.0,2004.0,2021-2022,ITA
Sergio Romero,1e26e376,arARG,GK,Venezia,34.0,1987.0,2021-2022,ITA
Cristiano Ronaldo,dea698d9,ptPOR,"FW,MF",Juventus,36.0,1985.0,2021-2022,ITA
Marten de Roon,2a1beb34,nlNED,"MF,DF",Atalanta,30.0,1991.0,2021-2022,ITA
Francesco Rossi,7b5f516f,itITA,GK,Atalanta,30.0,1991.0,2021-2022,ITA
Nicolò Rovella,e58cbfd5,itITA,MF,Genoa,19.0,2001.0,2021-2022,ITA
Amir Rrahmani,4b3e1a38,xkKVX,DF,Napoli,27.0,1994.0,2021-2022,ITA
Ruan,a378a02a,brBRA,DF,Sassuolo,22.0,1999.0,2021-2022,ITA
Daniele Rugani,14b8fcdf,itITA,DF,Juventus,27.0,1994.0,2021-2022,ITA
Matteo Ruggeri,ae9898c5,itITA,"MF,DF",Salernitana,19.0,2002.0,2021-2022,ITA
Mário Rui,0b5a292a,ptPOR,DF,Napoli,30.0,1991.0,2021-2022,ITA
Fabián Ruiz Peña,c0c7ff58,esESP,MF,Napoli,25.0,1996.0,2021-2022,ITA
Alessandro Russo,7152082d,itITA,MF,Salernitana,17.0,2003.0,2021-2022,ITA
Stefano Sabelli,0ccac09c,itITA,MF,Genoa,28.0,1993.0,2021-2022,ITA
Abdelhamid Sabiri,4830e0af,maMAR,"MF,FW",Sampdoria,24.0,1996.0,2021-2022,ITA
Alexis Saelemaekers,ee251371,beBEL,MF,Milan,22.0,1999.0,2021-2022,ITA
Jacopo Sala,da5a981b,itITA,MF,Spezia,29.0,1991.0,2021-2022,ITA
Eddie Salcedo,0489bb30,itITA,"MF,FW",Spezia,19.0,2001.0,2021-2022,ITA
Lazar Samardzic,217c93a1,rsSRB,MF,Udinese,19.0,2002.0,2021-2022,ITA
Luigi Samele,548fea2f,itITA,FW,Sassuolo,19.0,2002.0,2021-2022,ITA
Antonio Sanabria,0a447501,pyPAR,FW,Torino,25.0,1996.0,2021-2022,ITA
Alexis Sánchez,2c0f8e9e,clCHI,FW,Inter,32.0,1988.0,2021-2022,ITA
Alex Sandro,0d82903c,brBRA,DF,Juventus,30.0,1991.0,2021-2022,ITA
Nicola Sansone,7eb97a8e,itITA,"FW,MF",Bologna,29.0,1991.0,2021-2022,ITA
Federico Santander,df85d472,pyPAR,FW,Bologna,30.0,1991.0,2021-2022,ITA
Samir Santos,92b4758e,brBRA,DF,Udinese,26.0,1994.0,2021-2022,ITA
Riccardo Saponara,3bb7af3b,itITA,FW,Fiorentina,29.0,1991.0,2021-2022,ITA
Giacomo Satalino,b1f0b916,itITA,GK,Sassuolo,22.0,1999.0,2021-2022,ITA
Martin Satriano,86383d0e,uyURU,FW,Inter,20.0,2001.0,2021-2022,ITA
Giorgio Scalvini,1e9aa637,itITA,"DF,MF",Atalanta,17.0,2003.0,2021-2022,ITA
Gianluca Scamacca,8790f988,itITA,FW,Sassuolo,22.0,1999.0,2021-2022,ITA
Andrea Schiavone,4b55eb4d,itITA,MF,Salernitana,28.0,1993.0,2021-2022,ITA
David Schnegg,1c341b14,atAUT,DF,Venezia,22.0,1998.0,2021-2022,ITA
Jerdy Schouten,2cfae697,nlNED,MF,Bologna,24.0,1997.0,2021-2022,ITA
Demba Seck,16463a79,snSEN,MF,Torino,20.0,2001.0,2021-2022,ITA
Adrian Šemper,f02dde20,hrCRO,GK,Genoa,23.0,1998.0,2021-2022,ITA
Stefano Sensi,b70bde8f,itITA,"MF,FW",Sampdoria,25.0,1995.0,2021-2022,ITA
Stefano Sensi,b70bde8f,itITA,FW,Inter,25.0,1995.0,2021-2022,ITA
Luigi Sepe,343f753a,itITA,GK,Salernitana,30.0,1991.0,2021-2022,ITA
Laurens Serpe,79d60e74,itITA,DF,Genoa,20.0,2001.0,2021-2022,ITA
Stephan El Shaarawy,d3aaad90,itITA,MF,Roma,28.0,1992.0,2021-2022,ITA
Aimar Sher,ef301f96,iqIRQ,MF,Spezia,18.0,2002.0,2021-2022,ITA
Eldor Shomurodov,57469b2d,uzUZB,"FW,MF",Roma,26.0,1995.0,2021-2022,ITA
Alassane Sidibe,f944979d,ciCIV,MF,Atalanta,19.0,2002.0,2021-2022,ITA
Arnór Sigurðsson,f209b81e,isISL,"FW,MF",Venezia,22.0,1999.0,2021-2022,ITA
Adrien Silva,d6f88a1d,ptPOR,MF,Sampdoria,32.0,1989.0,2021-2022,ITA
Marco Silvestri,0d422df7,itITA,GK,Udinese,30.0,1991.0,2021-2022,ITA
Giovanni Simeone,343c0d52,arARG,FW,Hellas Verona,26.0,1995.0,2021-2022,ITA
Giovanni Simeone,343c0d52,arARG,FW,Cagliari,26.0,1995.0,2021-2022,ITA
Wilfried Singo,8b609c34,ciCIV,MF,Torino,20.0,2000.0,2021-2022,ITA
Salvatore Sirigu,10dc46f0,itITA,GK,Genoa,34.0,1987.0,2021-2022,ITA
Leo Skiri Østigård,b35a7399,noNOR,DF,Genoa,21.0,1999.0,2021-2022,ITA
Łukasz Skorupski,ab4449d6,plPOL,GK,Bologna,30.0,1991.0,2021-2022,ITA
Andreas Skov Olsen,c50cee19,dkDEN,MF,Bologna,21.0,1999.0,2021-2022,ITA
Milan Škriniar,30f5ffa9,skSVK,DF,Inter,26.0,1995.0,2021-2022,ITA
Chris Smalling,b6964eb6,engENG,DF,Roma,31.0,1989.0,2021-2022,ITA
Brandon Soppy,28f66c2e,frFRA,MF,Udinese,19.0,2002.0,2021-2022,ITA
Roberto Soriano,9d4c45d6,itITA,MF,Bologna,30.0,1991.0,2021-2022,ITA
Riccardo Sottil,94816803,itITA,FW,Fiorentina,22.0,1999.0,2021-2022,ITA
Matìas Soulé,c13ddd3e,arARG,"FW,MF",Juventus,18.0,2003.0,2021-2022,ITA
Adama Soumaoro,7b075c75,frFRA,DF,Bologna,29.0,1992.0,2021-2022,ITA
Leonardo Spinazzola,3626daea,itITA,MF,Roma,28.0,1993.0,2021-2022,ITA
Marco Sportiello,ac4003af,itITA,GK,Atalanta,29.0,1992.0,2021-2022,ITA
Luca Stanga,2967bcd0,itITA,DF,Milan,19.0,2002.0,2021-2022,ITA
Riccardo Stivanello,90e1d9dc,itITA,DF,Bologna,17.0,2004.0,2021-2022,ITA
Petar Stojanović,13b44b02,siSVN,DF,Empoli,25.0,1995.0,2021-2022,ITA
Thomas Strakosha,339fe0e8,alALB,GK,Lazio,26.0,1995.0,2021-2022,ITA
Stefan Strandberg,6d5e62b0,noNOR,DF,Salernitana,31.0,1990.0,2021-2022,ITA
Dávid Strelec,2cb9486d,skSVK,"MF,FW",Spezia,20.0,2001.0,2021-2022,ITA
Kevin Strootman,ef2e5e1a,nlNED,MF,Cagliari,31.0,1990.0,2021-2022,ITA
Jens Stryger Larsen,f91e81c9,dkDEN,"MF,DF",Udinese,30.0,1991.0,2021-2022,ITA
Leo Štulac,92948398,siSVN,MF,Empoli,26.0,1994.0,2021-2022,ITA
Stefano Sturaro,2334478a,itITA,MF,Genoa,28.0,1993.0,2021-2022,ITA
Isaac Success,f573a8bf,ngNGA,FW,Udinese,25.0,1996.0,2021-2022,ITA
Vladyslav Supriaha,73affbb6,uaUKR,FW,Sampdoria,21.0,2000.0,2021-2022,ITA
Bosko Sutalo,1d0bb7e4,hrCRO,"DF,MF",Hellas Verona,21.0,2000.0,2021-2022,ITA
Mattias Svanberg,92d83c27,seSWE,MF,Bologna,22.0,1999.0,2021-2022,ITA
Michael Svoboda,8abd174d,atAUT,DF,Venezia,22.0,1998.0,2021-2022,ITA
Wojciech Szczęsny,01b8a2b2,plPOL,GK,Juventus,31.0,1990.0,2021-2022,ITA
Adrien Tameze,8da74c05,cmCMR,MF,Hellas Verona,27.0,1994.0,2021-2022,ITA
Ciprian Tătărușanu,b056e3da,roROU,GK,Milan,35.0,1986.0,2021-2022,ITA
Filippo Terracciano,5cbb5ad6,itITA,DF,Hellas Verona,18.0,2003.0,2021-2022,ITA
Pietro Terracciano,e1b0a70d,itITA,GK,Fiorentina,31.0,1990.0,2021-2022,ITA
Aleksa Terzić,3ef0a2d7,rsSRB,DF,Fiorentina,21.0,1999.0,2021-2022,ITA
Tanner Tessmann,ac277993,usUSA,MF,Venezia,19.0,2001.0,2021-2022,ITA
Arthur Theate,df8d6029,beBEL,DF,Bologna,21.0,2000.0,2021-2022,ITA
Morten Thorsby,d1b49282,noNOR,MF,Sampdoria,25.0,1996.0,2021-2022,ITA
Jeremy Toljan,a96e5dc0,deGER,DF,Sassuolo,26.0,1994.0,2021-2022,ITA
Rafael Tolói,c56dc39e,itITA,DF,Atalanta,30.0,1990.0,2021-2022,ITA
Takehiro Tomiyasu,b3af9be1,jpJPN,DF,Bologna,22.0,1998.0,2021-2022,ITA
Fikayo Tomori,7edfbb8a,engENG,DF,Milan,23.0,1997.0,2021-2022,ITA
Sandro Tonali,0db169ae,itITA,MF,Milan,21.0,2000.0,2021-2022,ITA
Lorenzo Tonelli,8cc29864,itITA,DF,Empoli,31.0,1990.0,2021-2022,ITA
Ernesto Torregrossa,bf39bdec,veVEN,FW,Sampdoria,29.0,1992.0,2021-2022,ITA
Lucas Torreira,52611641,uyURU,MF,Fiorentina,25.0,1996.0,2021-2022,ITA
Abdoulaye Touré,ef7cd87a,gnGUI,MF,Genoa,27.0,1994.0,2021-2022,ITA
Simone Trimboli,f5f21026,itITA,MF,Sampdoria,19.0,2002.0,2021-2022,ITA
Axel Tuanzebe,2baec6ce,cdCOD,DF,Napoli,23.0,1997.0,2021-2022,ITA
Destiny Udogie,7cd520e8,itITA,"MF,DF",Udinese,18.0,2002.0,2021-2022,ITA
Maximilian Ullmann,caaf2ed1,atAUT,"MF,DF",Venezia,25.0,1996.0,2021-2022,ITA
Kacper Urbanski,2d9d9e42,plPOL,MF,Bologna,16.0,2004.0,2021-2022,ITA
Antonio Vacca,444c89d9,itITA,MF,Venezia,31.0,1990.0,2021-2022,ITA
Zinho Vanheusden,afbf187b,beBEL,DF,Genoa,22.0,1999.0,2021-2022,ITA
Johan Vásquez,5eaed77a,mxMEX,DF,Genoa,22.0,1998.0,2021-2022,ITA
Denis Vavro,08990838,skSVK,DF,Lazio,25.0,1996.0,2021-2022,ITA
Matías Vecino,44ac04e9,uyURU,MF,Inter,29.0,1991.0,2021-2022,ITA
Miguel Veloso,ab1ca213,ptPOR,MF,Hellas Verona,35.0,1986.0,2021-2022,ITA
Lorenzo Venuti,983ff2c7,itITA,DF,Fiorentina,26.0,1995.0,2021-2022,ITA
Daniele Verde,d3298c99,itITA,"MF,FW",Spezia,25.0,1996.0,2021-2022,ITA
Simone Verdi,0375723e,itITA,"FW,MF",Torino,29.0,1992.0,2021-2022,ITA
Simone Verdi,0375723e,itITA,"MF,FW",Salernitana,29.0,1992.0,2021-2022,ITA
Jordan Veretout,4a56052c,frFRA,MF,Roma,28.0,1993.0,2021-2022,ITA
Edoardo Vergani,2873973b,itITA,MF,Salernitana,20.0,2001.0,2021-2022,ITA
Valerio Verre,33ecf462,itITA,MF,Sampdoria,27.0,1994.0,2021-2022,ITA
Valerio Verre,33ecf462,itITA,MF,Empoli,27.0,1994.0,2021-2022,ITA
Freddie Veseli,d541e703,alALB,DF,Salernitana,28.0,1992.0,2021-2022,ITA
Guglielmo Vicario,77d6fd4d,itITA,GK,Empoli,24.0,1996.0,2021-2022,ITA
Arturo Vidal,67cdbc0e,clCHI,MF,Inter,34.0,1987.0,2021-2022,ITA
Ronaldo Vieira,75e60d75,gwGNB,MF,Sampdoria,23.0,1998.0,2021-2022,ITA
Luca Vignali,c1e8e74e,itITA,MF,Spezia,25.0,1996.0,2021-2022,ITA
Emanuel Vignato,ec5dae45,itITA,MF,Bologna,20.0,2000.0,2021-2022,ITA
Matías Viña,08eb3b58,uyURU,"DF,MF",Roma,23.0,1997.0,2021-2022,ITA
Nicolas Viola,45392b06,itITA,MF,Bologna,31.0,1989.0,2021-2022,ITA
Mattia Viti,75438a9a,itITA,DF,Empoli,19.0,2002.0,2021-2022,ITA
Dušan Vlahović,79443529,rsSRB,FW,Fiorentina,21.0,2000.0,2021-2022,ITA
Dušan Vlahović,79443529,rsSRB,FW,Juventus,21.0,2000.0,2021-2022,ITA
Mërgim Vojvoda,be2706c0,xkKVX,MF,Torino,26.0,1995.0,2021-2022,ITA
Cristian Volpato,72f87f25,itITA,MF,Roma,17.0,2003.0,2021-2022,ITA
Stefan de Vrij,d0d8dd44,nlNED,DF,Inter,29.0,1992.0,2021-2022,ITA
Walace,26db8853,brBRA,MF,Udinese,26.0,1995.0,2021-2022,ITA
Sebastian Walukiewicz,217875a4,plPOL,DF,Cagliari,21.0,2000.0,2021-2022,ITA
Magnus Warming,55e098cd,dkDEN,FW,Torino,21.0,2000.0,2021-2022,ITA
Kelvin Yeboah,ea0893d6,itITA,"FW,MF",Genoa,21.0,2000.0,2021-2022,ITA
Gerard Yepes,ee9040b4,esESP,MF,Sampdoria,18.0,2002.0,2021-2022,ITA
Maya Yoshida,caffaf5a,jpJPN,DF,Sampdoria,32.0,1988.0,2021-2022,ITA
Mattia Zaccagni,d85c238b,itITA,MF,Hellas Verona,26.0,1995.0,2021-2022,ITA
Mattia Zaccagni,d85c238b,itITA,FW,Lazio,26.0,1995.0,2021-2022,ITA
Denis Zakaria,384d58d9,chSUI,MF,Juventus,24.0,1996.0,2021-2022,ITA
Nicola Zalewski,45191c29,plPOL,MF,Roma,19.0,2002.0,2021-2022,ITA
Andre-Frank Zambo Anguissa,6bb2c084,cmCMR,MF,Napoli,25.0,1995.0,2021-2022,ITA
Nicolò Zaniolo,9907b1c8,itITA,"FW,MF",Roma,22.0,1999.0,2021-2022,ITA
Alessandro Zanoli,3b12b11f,itITA,DF,Napoli,20.0,2000.0,2021-2022,ITA
Mattia Zanotti,875d65d1,itITA,DF,Inter,18.0,2003.0,2021-2022,ITA
Duván Zapata,d3de9af0,coCOL,FW,Atalanta,30.0,1991.0,2021-2022,ITA
Gabriele Zappa,ca3db240,itITA,"MF,DF",Cagliari,21.0,1999.0,2021-2022,ITA
Davide Zappacosta,7fe90ccd,itITA,"MF,DF",Atalanta,29.0,1992.0,2021-2022,ITA
Simone Zaza,9592289a,itITA,FW,Torino,30.0,1991.0,2021-2022,ITA
Marvin Zeegelaar,8abd0c03,nlNED,"DF,MF",Udinese,30.0,1990.0,2021-2022,ITA
Piotr Zieliński,a5296e55,plPOL,MF,Napoli,27.0,1994.0,2021-2022,ITA
David Zima,acf7e795,czCZE,DF,Torino,20.0,2000.0,2021-2022,ITA
Jeroen Zoet,cc1a0c57,nlNED,GK,Spezia,30.0,1991.0,2021-2022,ITA
Nadir Zortea,82598b71,itITA,"MF,DF",Salernitana,22.0,1999.0,2021-2022,ITA
Petar Zovko,54f6afe3,baBIH,GK,Spezia,19.0,2002.0,2021-2022,ITA
Szymon Żurkowski,4e1d5e59,plPOL,MF,Empoli,23.0,1997.0,2021-2022,ITA
Milan Đurić,405f6586,baBIH,FW,Salernitana,31.0,1990.0,2021-2022,ITA
Filip Đuričić,eccbe56a,rsSRB,MF,Sassuolo,29.0,1992.0,2021-2022,ITA
Dickson Abiama,cadd666a,ngNGA,FW,Greuther Fürth,22.0,1998.0,2021-2022,GER
Ragnar Ache,dc38e3bc,deGER,MF,Eintracht Frankfurt,23.0,1998.0,2021-2022,GER
Tyler Adams,2b09d998,usUSA,MF,RB Leipzig,22.0,1999.0,2021-2022,GER
Sargis Adamyan,22919e97,amARM,"MF,FW",Hoffenheim,28.0,1993.0,2021-2022,GER
Amine Adli,dcfb17f4,maMAR,"MF,FW",Leverkusen,21.0,2000.0,2021-2022,GER
Naouirou Ahamada,a6c58494,frFRA,MF,Stuttgart,19.0,2002.0,2021-2022,GER
Manuel Akanji,89ac64a6,chSUI,DF,Dortmund,26.0,1995.0,2021-2022,GER
Kevin Akpoguma,6ec6fde0,ngNGA,"DF,MF",Hoffenheim,26.0,1995.0,2021-2022,GER
Lucas Alario,834d0be5,arARG,FW,Leverkusen,28.0,1992.0,2021-2022,GER
Nadiem Amiri,555d5edd,deGER,MF,Leverkusen,24.0,1996.0,2021-2022,GER
Sebastian Andersson,b4cf5806,seSWE,FW,Köln,30.0,1991.0,2021-2022,GER
Andrés Andrade Cedeño,6ea23758,paPAN,DF,Arminia,22.0,1998.0,2021-2022,GER
Fredrik André Bjørkan,3724baa1,noNOR,DF,Hertha BSC,22.0,1998.0,2021-2022,GER
Robert Andrich,e0b113a7,deGER,MF,Leverkusen,26.0,1994.0,2021-2022,GER
Angeliño,30941e96,esESP,"MF,DF",RB Leipzig,24.0,1997.0,2021-2022,GER
Waldemar Anton,5e66fa06,deGER,DF,Stuttgart,25.0,1996.0,2021-2022,GER
Christopher Antwi-Adjei,0a3f6cde,ghGHA,"FW,MF",Bochum,27.0,1994.0,2021-2022,GER
Charles Aránguiz,56413b1f,clCHI,MF,Leverkusen,32.0,1989.0,2021-2022,GER
Maximilian Arnold,86e119e0,deGER,MF,Wolfsburg,27.0,1994.0,2021-2022,GER
Takuma Asano,13ddc856,jpJPN,"FW,MF",Bochum,26.0,1994.0,2021-2022,GER
Santiago Ascacíbar,e26fcca3,arARG,MF,Hertha BSC,24.0,1997.0,2021-2022,GER
Fisnik Asllani,35f67a30,xkKVX,FW,Hoffenheim,18.0,2002.0,2021-2022,GER
Simon Asta,dfc85b89,deGER,"MF,DF",Greuther Fürth,20.0,2001.0,2021-2022,GER
Taiwo Awoniyi,e5478b87,ngNGA,FW,Union Berlin,23.0,1997.0,2021-2022,GER
Sardar Azmoun,10549b49,irIRN,"MF,FW",Leverkusen,26.0,1995.0,2021-2022,GER
Mitchel Bakker,a8567629,nlNED,"DF,MF",Leverkusen,21.0,2000.0,2021-2022,GER
Ridle Baku,442b56fa,deGER,"MF,DF",Wolfsburg,23.0,1998.0,2021-2022,GER
Aymen Barkok,a2a85828,maMAR,MF,Eintracht Frankfurt,23.0,1998.0,2021-2022,GER
Leandro Barreiro Martins,00242b75,luLUX,MF,Mainz 05,21.0,2000.0,2021-2022,GER
Jacob Barrett Laursen,c0d3bd23,dkDEN,"DF,MF",Arminia,26.0,1994.0,2021-2022,GER
Abdourahmane Barry,8df328f4,gnGUI,DF,Greuther Fürth,21.0,2000.0,2021-2022,GER
Maximilian Bauer,44a20f0c,deGER,DF,Greuther Fürth,21.0,2000.0,2021-2022,GER
Oliver Baumann,47064058,deGER,GK,Hoffenheim,31.0,1990.0,2021-2022,GER
Timo Baumgartl,bd7d2e6d,deGER,DF,Union Berlin,25.0,1996.0,2021-2022,GER
Julian Baumgartlinger,69374ff5,atAUT,MF,Leverkusen,33.0,1988.0,2021-2022,GER
Christoph Baumgartner,437f2b00,atAUT,MF,Hoffenheim,21.0,1999.0,2021-2022,GER
Noah Joel Sarenren Bazee,fbbc8e15,ngNGA,MF,Augsburg,24.0,1996.0,2021-2022,GER
Ihlas Bebou,a53b661f,tgTOG,"FW,MF",Hoffenheim,27.0,1994.0,2021-2022,GER
Sheraldo Becker,8eb55dbb,srSUR,"FW,MF",Union Berlin,26.0,1995.0,2021-2022,GER
Kevin Behrens,30ae134d,deGER,FW,Union Berlin,30.0,1991.0,2021-2022,GER
Ishak Belfodil,ff182fdc,dzALG,FW,Hertha BSC,29.0,1992.0,2021-2022,GER
Stefan Bell,857a5abe,deGER,DF,Mainz 05,29.0,1991.0,2021-2022,GER
Armel Bella Kotchap,a39d11bc,deGER,DF,Bochum,19.0,2001.0,2021-2022,GER
Karim Bellarabi,bee0bab1,deGER,MF,Leverkusen,31.0,1990.0,2021-2022,GER
Jude Bellingham,57d88cf9,engENG,MF,Dortmund,18.0,2003.0,2021-2022,GER
George Bello,aca0a525,usUSA,DF,Arminia,19.0,2002.0,2021-2022,GER
László Bénes,fe888e39,skSVK,MF,Gladbach,23.0,1997.0,2021-2022,GER
Keanan Bennetts,f4c7c708,engENG,MF,Gladbach,22.0,1999.0,2021-2022,GER
Ramy Bensebaini,378825c7,dzALG,"DF,MF",Gladbach,26.0,1995.0,2021-2022,GER
Jordan Beyer,9af1f9ff,deGER,DF,Gladbach,21.0,2000.0,2021-2022,GER
Bartosz Białek,763b8b37,plPOL,FW,Wolfsburg,19.0,2001.0,2021-2022,GER
Ermin Bičakčić,7aac47fe,baBIH,DF,Hoffenheim,31.0,1990.0,2021-2022,GER
Tom Bischof,07d3bfec,deGER,MF,Hoffenheim,16.0,2005.0,2021-2022,GER
Danny Blum,eb61713c,deGER,FW,Bochum,30.0,1991.0,2021-2022,GER
Kevin-Prince Boateng,f4ec4fd0,ghGHA,"MF,FW",Hertha BSC,34.0,1987.0,2021-2022,GER
Herbert Bockhorn,5ad8c360,ugUGA,"DF,MF",Bochum,26.0,1995.0,2021-2022,GER
Jean-Paul Boëtius,635f2732,srSUR,MF,Mainz 05,27.0,1994.0,2021-2022,GER
Tarsis Bonga,6ebbc28a,deGER,"FW,MF",Bochum,24.0,1997.0,2021-2022,GER
Solomon Bonnah,dd7b6eb8,nlNED,MF,RB Leipzig,17.0,2003.0,2021-2022,GER
Sebastiaan Bornauw,01834aa0,beBEL,DF,Wolfsburg,22.0,1999.0,2021-2022,GER
Rafael Borré,c68da769,coCOL,FW,Eintracht Frankfurt,25.0,1995.0,2021-2022,GER
Dedryck Boyata,7c473e12,beBEL,DF,Hertha BSC,30.0,1990.0,2021-2022,GER
Julian Brandt,a167537f,deGER,MF,Dortmund,25.0,1996.0,2021-2022,GER
Iker Bravo,db8c8860,esESP,FW,Leverkusen,16.0,2005.0,2021-2022,GER
Fabian Bredlow,d28339cb,deGER,GK,Stuttgart,26.0,1995.0,2021-2022,GER
Josip Brekalo,d4a2533d,hrCRO,"FW,MF",Wolfsburg,23.0,1998.0,2021-2022,GER
Brian Brobbey,4c184730,nlNED,FW,RB Leipzig,19.0,2002.0,2021-2022,GER
John Brooks,e27da244,usUSA,DF,Wolfsburg,28.0,1993.0,2021-2022,GER
Daniel Brosinski,a7813ac4,deGER,MF,Mainz 05,33.0,1988.0,2021-2022,GER
Cédric Brunner,f0a37d36,chSUI,DF,Arminia,27.0,1994.0,2021-2022,GER
Jacob Bruun Larsen,4e204552,dkDEN,"MF,FW",Hoffenheim,22.0,1998.0,2021-2022,GER
Sascha Burchert,25bdea4b,deGER,GK,Greuther Fürth,31.0,1989.0,2021-2022,GER
Delano Burgzorg,05e2d5ea,srSUR,"FW,MF",Mainz 05,22.0,1998.0,2021-2022,GER
Jonathan Burkardt,05f99a4a,deGER,"FW,MF",Mainz 05,21.0,2000.0,2021-2022,GER
Roman Bürki,9d12e142,chSUI,GK,Dortmund,30.0,1990.0,2021-2022,GER
Daniel Caligiuri,d1273f09,itITA,MF,Augsburg,33.0,1988.0,2021-2022,GER
Emre Can,a65ce836,deGER,"DF,MF",Dortmund,27.0,1994.0,2021-2022,GER
Koen Casteels,db401046,beBEL,GK,Wolfsburg,29.0,1992.0,2021-2022,GER
Gonzalo Castro,68829001,deGER,"MF,FW",Arminia,34.0,1987.0,2021-2022,GER
Julian Chabot,ae7058f9,deGER,DF,Köln,23.0,1998.0,2021-2022,GER
Timothy Chandler,b3b7f5a6,usUSA,MF,Eintracht Frankfurt,31.0,1990.0,2021-2022,GER
Justin Che,3c569f37,usUSA,DF,Hoffenheim,17.0,2003.0,2021-2022,GER
Max Christiansen,e7b899b8,deGER,MF,Greuther Fürth,24.0,1996.0,2021-2022,GER
Kingsley Coman,042e8a49,frFRA,"MF,FW",Bayern Munich,25.0,1996.0,2021-2022,GER
Lucas Copado,8356931a,deGER,FW,Bayern Munich,17.0,2004.0,2021-2022,GER
Sergio Córdova,229cd98a,veVEN,FW,Augsburg,23.0,1997.0,2021-2022,GER
Danny da Costa,5ddb8f9f,deGER,"MF,DF",Eintracht Frankfurt,28.0,1993.0,2021-2022,GER
Tanguy Coulibaly,05ba9d7c,frFRA,"MF,FW",Stuttgart,20.0,2001.0,2021-2022,GER
Mickaël Cuisance,5722eced,frFRA,MF,Bayern Munich,21.0,1999.0,2021-2022,GER
Matheus Cunha,dc62b55d,brBRA,FW,Hertha BSC,22.0,1999.0,2021-2022,GER
Rafael Czichos,b0a0698b,deGER,"DF,MF",Köln,31.0,1990.0,2021-2022,GER
Lennart-Marten Czyborra,7ba1f1ef,deGER,DF,Arminia,22.0,1999.0,2021-2022,GER
Moanes Dabbur,eac044ad,ilISR,"FW,MF",Hoffenheim,29.0,1992.0,2021-2022,GER
Finn Dahmen,dee3013b,deGER,GK,Mainz 05,23.0,1998.0,2021-2022,GER
Mahmoud Dahoud,db4ed67b,deGER,"MF,DF",Dortmund,25.0,1996.0,2021-2022,GER
Márton Dárdai,41bff4fa,huHUN,DF,Hertha BSC,19.0,2002.0,2021-2022,GER
Vladimír Darida,3eb0f2df,czCZE,MF,Hertha BSC,30.0,1990.0,2021-2022,GER
Alphonso Davies,d781d855,caCAN,"DF,MF",Bayern Munich,20.0,2000.0,2021-2022,GER
Saulo Decarli,41df88b8,chSUI,DF,Bochum,29.0,1992.0,2021-2022,GER
Thomas Delaney,fe641c1a,dkDEN,MF,Dortmund,29.0,1991.0,2021-2022,GER
Kerem Demirbay,54b4dc4e,deGER,MF,Leverkusen,28.0,1993.0,2021-2022,GER
Ermedin Demirović,ed79b7d3,baBIH,FW,Freiburg,23.0,1998.0,2021-2022,GER
Mike van der Hoorn,25f50295,nlNED,DF,Arminia,28.0,1992.0,2021-2022,GER
Moussa Diaby,aeed5c06,frFRA,MF,Leverkusen,22.0,1999.0,2021-2022,GER
Daniel Didavi,d3096421,deGER,"MF,FW",Stuttgart,31.0,1990.0,2021-2022,GER
Javairô Dilrosun,34a0f5ff,nlNED,MF,Hertha BSC,23.0,1998.0,2021-2022,GER
Lee Dongjun,96d0b6f0,krKOR,FW,Hertha BSC,24.0,1997.0,2021-2022,GER
Niklas Dorsch,7f73bdf4,deGER,MF,Augsburg,23.0,1998.0,2021-2022,GER
Ondrej Duda,79ca3e23,skSVK,MF,Köln,26.0,1994.0,2021-2022,GER
Jeremy Dudziak,5a8d6540,tnTUN,"MF,FW",Greuther Fürth,25.0,1995.0,2021-2022,GER
Erik Durm,cf623c78,deGER,"DF,MF",Eintracht Frankfurt,29.0,1992.0,2021-2022,GER
Maximilian Eggestein,beb882a8,deGER,MF,Freiburg,24.0,1996.0,2021-2022,GER
Lilian Egloff,2f7fec15,deGER,MF,Stuttgart,18.0,2002.0,2021-2022,GER
Kingsley Ehizibue,76b2817e,nlNED,DF,Köln,26.0,1995.0,2021-2022,GER
Julian Eitschberger,943b9602,deGER,DF,Hertha BSC,17.0,2004.0,2021-2022,GER
Jurgen Ekkelenkamp,73d6a176,nlNED,MF,Hertha BSC,21.0,2000.0,2021-2022,GER
Nico Elvedi,48035304,chSUI,DF,Gladbach,24.0,1996.0,2021-2022,GER
Breel Embolo,0b4f388a,chSUI,"FW,MF",Gladbach,24.0,1997.0,2021-2022,GER
Keita Endo,1a83027b,jpJPN,"FW,MF",Union Berlin,23.0,1997.0,2021-2022,GER
Wataru Endo,c149016b,jpJPN,MF,Stuttgart,28.0,1993.0,2021-2022,GER
Michael Esser,83e0eeb4,deGER,GK,Bochum,33.0,1987.0,2021-2022,GER
Wahid Faghir,93c9e7d9,dkDEN,FW,Stuttgart,18.0,2003.0,2021-2022,GER
Ömer Faruk Beyaz,8307b663,trTUR,MF,Stuttgart,17.0,2003.0,2021-2022,GER
Adrian Fein,60097ff6,deGER,MF,Greuther Fürth,22.0,1999.0,2021-2022,GER
Ohis Felix Uduokhai,677da306,deGER,DF,Augsburg,23.0,1997.0,2021-2022,GER
Edimilson Fernandes,3bb625ac,chSUI,MF,Arminia,25.0,1996.0,2021-2022,GER
Alfreð Finnbogason,f9e7c4ac,isISL,"FW,MF",Augsburg,32.0,1989.0,2021-2022,GER
Mark Flekken,a92ab7be,nlNED,GK,Freiburg,28.0,1993.0,2021-2022,GER
Emil Forsberg,9a2e0ccc,seSWE,MF,RB Leipzig,29.0,1991.0,2021-2022,GER
Philipp Förster,76fa965f,deGER,"MF,FW",Stuttgart,26.0,1995.0,2021-2022,GER
Timothy Fosu-Mensah,a9142dc3,nlNED,DF,Leverkusen,23.0,1998.0,2021-2022,GER
Raphael Framberger,626fab5f,deGER,"DF,MF",Augsburg,25.0,1995.0,2021-2022,GER
Marvin Friedrich,b77f44a4,deGER,DF,Gladbach,25.0,1995.0,2021-2022,GER
Marvin Friedrich,b77f44a4,deGER,DF,Union Berlin,25.0,1995.0,2021-2022,GER
Jeremie Frimpong,74f2e748,nlNED,DF,Leverkusen,20.0,2000.0,2021-2022,GER
Christian Früchtl,1940be91,deGER,GK,Bayern Munich,21.0,2000.0,2021-2022,GER
Chris Führich,0cf778df,deGER,"MF,FW",Stuttgart,23.0,1998.0,2021-2022,GER
Marius Funk,86314793,deGER,GK,Greuther Fürth,25.0,1996.0,2021-2022,GER
Stephan Fürstner,18c2e247,deGER,MF,Mainz 05,33.0,1987.0,2021-2022,GER
Mijat Gaćinović,16daec92,rsSRB,MF,Hoffenheim,26.0,1995.0,2021-2022,GER
Cristian Gamboa,f27680d9,crCRC,DF,Bochum,31.0,1989.0,2021-2022,GER
Silvère Ganvoula M'Boussy,6c731625,cgCGO,FW,Bochum,25.0,1996.0,2021-2022,GER
Linus Gechter,ad2b068c,deGER,"DF,MF",Hertha BSC,17.0,2004.0,2021-2022,GER
Dennis Geiger,37f606f0,deGER,MF,Hoffenheim,23.0,1998.0,2021-2022,GER
Yannick Gerhardt,62ab9184,deGER,"MF,DF",Wolfsburg,27.0,1994.0,2021-2022,GER
Hamadi Al Ghaddioui,5723931e,maMAR,FW,Stuttgart,30.0,1990.0,2021-2022,GER
Niko Gießelmann,7242b495,deGER,MF,Union Berlin,29.0,1991.0,2021-2022,GER
Rafał Gikiewicz,17376543,plPOL,GK,Augsburg,33.0,1987.0,2021-2022,GER
Daniel Ginczek,e5f63987,deGER,FW,Wolfsburg,30.0,1991.0,2021-2022,GER
Matthias Ginter,f521b80a,deGER,DF,Gladbach,27.0,1994.0,2021-2022,GER
Jamie Gittens,10745192,engENG,MF,Dortmund,16.0,2004.0,2021-2022,GER
Serge Gnabry,88e357ef,deGER,MF,Bayern Munich,26.0,1995.0,2021-2022,GER
Leon Goretzka,cc86b9a3,deGER,MF,Bayern Munich,26.0,1995.0,2021-2022,GER
Jeffrey Gouweleeuw,1025db8e,nlNED,DF,Augsburg,30.0,1991.0,2021-2022,GER
Jens Grahl,f26dee6b,deGER,GK,Eintracht Frankfurt,32.0,1988.0,2021-2022,GER
Julian Green,ad1d6fa4,usUSA,"MF,FW",Greuther Fürth,26.0,1995.0,2021-2022,GER
Michael Gregoritsch,8e235926,atAUT,"FW,MF",Augsburg,27.0,1994.0,2021-2022,GER
Sebastian Griesbeck,a8db7ebb,deGER,"DF,MF",Greuther Fürth,30.0,1990.0,2021-2022,GER
Sebastian Griesbeck,a8db7ebb,deGER,"DF,MF",Union Berlin,30.0,1990.0,2021-2022,GER
Vincenzo Grifo,54e4866f,itITA,"MF,FW",Freiburg,28.0,1993.0,2021-2022,GER
Lennart Grill,37998008,deGER,GK,Leverkusen,22.0,1999.0,2021-2022,GER
Florian Grillitsch,ffbbc83b,atAUT,"DF,MF",Hoffenheim,25.0,1995.0,2021-2022,GER
Carlos Gruezo,f2dd9a21,ecECU,MF,Augsburg,26.0,1995.0,2021-2022,GER
Raphaël Guerreiro,048a1cbc,ptPOR,"DF,MF",Dortmund,27.0,1993.0,2021-2022,GER
Josuha Guilavogui,e6c43eec,frFRA,"MF,DF",Wolfsburg,30.0,1990.0,2021-2022,GER
Péter Gulácsi,bcb2ccd8,huHUN,GK,RB Leipzig,31.0,1990.0,2021-2022,GER
Manuel Gulde,25ab9c9c,deGER,DF,Freiburg,30.0,1991.0,2021-2022,GER
Robert Gumny,1df0c0b9,plPOL,DF,Augsburg,23.0,1998.0,2021-2022,GER
Christian Günter,8593f88c,deGER,"DF,MF",Freiburg,28.0,1993.0,2021-2022,GER
Lasse Günther,00672803,deGER,MF,Augsburg,18.0,2003.0,2021-2022,GER
Joško Gvardiol,5ad50391,hrCRO,DF,RB Leipzig,19.0,2002.0,2021-2022,GER
Erling Haaland,1f44ac21,noNOR,FW,Dortmund,21.0,2000.0,2021-2022,GER
Janik Haberer,70dcf94d,deGER,MF,Freiburg,27.0,1994.0,2021-2022,GER
Alexander Hack,a5ec3ede,deGER,DF,Mainz 05,27.0,1993.0,2021-2022,GER
Robin Hack,0174ba21,deGER,"MF,FW",Arminia,22.0,1998.0,2021-2022,GER
André Hahn,cd82452e,deGER,"MF,FW",Augsburg,30.0,1990.0,2021-2022,GER
Amadou Haidara,92432bc6,mlMLI,MF,RB Leipzig,23.0,1998.0,2021-2022,GER
Marcel Halstenberg,8ff2354e,deGER,"DF,MF",RB Leipzig,29.0,1991.0,2021-2022,GER
Genki Haraguchi,f24ea523,jpJPN,MF,Union Berlin,30.0,1991.0,2021-2022,GER
Luis Hartwig,a3f30508,deGER,FW,Bochum,18.0,2002.0,2021-2022,GER
Makoto Hasebe,9ab16552,jpJPN,DF,Eintracht Frankfurt,37.0,1984.0,2021-2022,GER
Thorgan Hazard,50871bcc,beBEL,"MF,FW",Dortmund,28.0,1993.0,2021-2022,GER
Jonas Hector,c2009df3,deGER,DF,Köln,31.0,1990.0,2021-2022,GER
Hwang Hee-chan,169fd162,krKOR,"FW,MF",RB Leipzig,25.0,1996.0,2021-2022,GER
Dominique Heintz,699fb8db,deGER,DF,Union Berlin,27.0,1993.0,2021-2022,GER
Dominique Heintz,699fb8db,deGER,DF,Freiburg,27.0,1993.0,2021-2022,GER
Benjamin Henrichs,0a89e877,deGER,MF,RB Leipzig,24.0,1997.0,2021-2022,GER
Lucas Hernández,c3ee18ef,frFRA,DF,Bayern Munich,25.0,1996.0,2021-2022,GER
Patrick Herrmann,dfb6490a,deGER,MF,Gladbach,30.0,1991.0,2021-2022,GER
Piero Hincapié,0c7a48f8,ecECU,DF,Leverkusen,19.0,2002.0,2021-2022,GER
Martin Hinteregger,080440a4,atAUT,DF,Eintracht Frankfurt,28.0,1992.0,2021-2022,GER
Marwin Hitz,2e7ff968,chSUI,GK,Dortmund,33.0,1987.0,2021-2022,GER
Nicolas Höfler,5d8e331f,deGER,MF,Freiburg,31.0,1990.0,2021-2022,GER
Jonas Hofmann,2903a856,deGER,MF,Gladbach,29.0,1992.0,2021-2022,GER
Lucas Höler,ca618d23,deGER,"FW,MF",Freiburg,27.0,1994.0,2021-2022,GER
Gerrit Holtmann,2979c05a,phPHI,"FW,MF",Bochum,26.0,1995.0,2021-2022,GER
Justin Hoogma,816192f0,nlNED,"MF,DF",Greuther Fürth,23.0,1998.0,2021-2022,GER
Jannes Horn,2b83fa49,deGER,DF,Köln,24.0,1997.0,2021-2022,GER
Timo Horn,3cd9e95a,deGER,GK,Köln,28.0,1993.0,2021-2022,GER
Lukáš Hrádecký,ad3389d5,fiFIN,GK,Leverkusen,31.0,1989.0,2021-2022,GER
Branimir Hrgota,710fbdd1,seSWE,"FW,MF",Greuther Fürth,28.0,1993.0,2021-2022,GER
Ajdin Hrustic,1f2d714c,auAUS,MF,Eintracht Frankfurt,25.0,1996.0,2021-2022,GER
Timo Hübers,94302c52,deGER,DF,Köln,25.0,1996.0,2021-2022,GER
Benjamin Hübner,99de6b6f,deGER,DF,Hoffenheim,32.0,1989.0,2021-2022,GER
Mats Hummels,05d548d8,deGER,DF,Dortmund,32.0,1988.0,2021-2022,GER
Iago,054849d2,brBRA,"DF,MF",Augsburg,24.0,1997.0,2021-2022,GER
Stefan Ilsanker,8494acc4,atAUT,"DF,MF",Eintracht Frankfurt,32.0,1989.0,2021-2022,GER
Burak İnce,683dec01,trTUR,FW,Arminia,17.0,2004.0,2021-2022,GER
Marcus Ingvartsen,271b8617,dkDEN,MF,Union Berlin,25.0,1996.0,2021-2022,GER
Marcus Ingvartsen,271b8617,dkDEN,"MF,FW",Mainz 05,25.0,1996.0,2021-2022,GER
Hiroki Ito,204dded0,jpJPN,DF,Stuttgart,22.0,1999.0,2021-2022,GER
Cedric Itten,ef233486,chSUI,FW,Greuther Fürth,24.0,1996.0,2021-2022,GER
Gian-Luca Itter,e6c15f6e,deGER,"DF,MF",Greuther Fürth,22.0,1999.0,2021-2022,GER
Lee Jae-sung,34b0387f,krKOR,"MF,FW",Mainz 05,28.0,1992.0,2021-2022,GER
Paul Jaeckel,a93b6f4e,deGER,DF,Union Berlin,23.0,1998.0,2021-2022,GER
Kristijan Jakić,a8ee54ad,hrCRO,MF,Eintracht Frankfurt,24.0,1997.0,2021-2022,GER
Tony Jantschke,34b54da7,deGER,DF,Gladbach,31.0,1990.0,2021-2022,GER
Dennis Jastrzembski,6bba916f,plPOL,MF,Hertha BSC,21.0,2000.0,2021-2022,GER
Fredrik Jensen,3eeb80e0,fiFIN,MF,Augsburg,23.0,1997.0,2021-2022,GER
Marco John,d9e196bf,deGER,MF,Hoffenheim,19.0,2002.0,2021-2022,GER
Stevan Jovetić,f36c432f,meMNE,"FW,MF",Hertha BSC,31.0,1989.0,2021-2022,GER
Gideon Jung,a2e7de6f,deGER,DF,Greuther Fürth,26.0,1994.0,2021-2022,GER
Anton Kade,6d7598d5,deGER,MF,Hertha BSC,17.0,2004.0,2021-2022,GER
Pavel Kadeřábek,79c90e45,czCZE,"MF,DF",Hoffenheim,29.0,1992.0,2021-2022,GER
Florian Kainz,94c18565,atAUT,MF,Köln,28.0,1992.0,2021-2022,GER
Sasa Kalajdzic,15f24fe7,atAUT,FW,Stuttgart,24.0,1997.0,2021-2022,GER
Daichi Kamada,15b287da,jpJPN,MF,Eintracht Frankfurt,24.0,1996.0,2021-2022,GER
Kevin Kampl,b825a650,siSVN,MF,RB Leipzig,30.0,1990.0,2021-2022,GER
Stefanos Kapino,62ba5881,grGRE,GK,Arminia,27.0,1994.0,2021-2022,GER
Atakan Karazor,5762be5c,trTUR,MF,Stuttgart,24.0,1996.0,2021-2022,GER
Silas Katompa,de4cac2d,cdCOD,"MF,FW",Stuttgart,22.0,1998.0,2021-2022,GER
Noah Katterbach,e27de4fa,deGER,"DF,MF",Köln,20.0,2001.0,2021-2022,GER
Yannik Keitel,d2c580ce,deGER,MF,Freiburg,21.0,2000.0,2021-2022,GER
Marc-Oliver Kempf,815c314f,deGER,DF,Hertha BSC,26.0,1995.0,2021-2022,GER
Marc-Oliver Kempf,815c314f,deGER,DF,Stuttgart,26.0,1995.0,2021-2022,GER
Rani Khedira,59e4b92e,deGER,MF,Union Berlin,27.0,1994.0,2021-2022,GER
Luca Kilian,610aa1e9,deGER,DF,Mainz 05,21.0,1999.0,2021-2022,GER
Luca Kilian,610aa1e9,deGER,DF,Köln,21.0,1999.0,2021-2022,GER
Joshua Kimmich,49296448,deGER,"MF,DF",Bayern Munich,26.0,1995.0,2021-2022,GER
Philipp Klement,0cddeaa7,deGER,MF,Stuttgart,28.0,1992.0,2021-2022,GER
Mateo Klimowicz,2b7c56b4,deGER,"MF,FW",Stuttgart,21.0,2000.0,2021-2022,GER
Fabian Klos,e21042ae,deGER,FW,Arminia,33.0,1987.0,2021-2022,GER
Lukas Klostermann,ca8033cb,deGER,"DF,MF",RB Leipzig,25.0,1996.0,2021-2022,GER
Lukas Klünter,92948149,deGER,"MF,DF",Hertha BSC,25.0,1996.0,2021-2022,GER
Ansgar Knauff,19a967ab,deGER,MF,Dortmund,19.0,2002.0,2021-2022,GER
Ansgar Knauff,19a967ab,deGER,MF,Eintracht Frankfurt,19.0,2002.0,2021-2022,GER
Robin Knoche,6bd5cd5d,deGER,DF,Union Berlin,29.0,1992.0,2021-2022,GER
Gregor Kobel,cd59b9df,chSUI,GK,Dortmund,23.0,1997.0,2021-2022,GER
Dominik Kohr,0fbecd11,deGER,MF,Mainz 05,27.0,1994.0,2021-2022,GER
Manu Koné,86574238,frFRA,MF,Gladbach,20.0,2001.0,2021-2022,GER
Odilon Kossounou,1f3afdcb,ciCIV,DF,Leverkusen,20.0,2001.0,2021-2022,GER
Filip Kostić,b1cd37e6,rsSRB,MF,Eintracht Frankfurt,28.0,1992.0,2021-2022,GER
Andrej Kramarić,603cb947,hrCRO,"FW,MF",Hoffenheim,30.0,1991.0,2021-2022,GER
Christoph Kramer,496aeede,deGER,MF,Gladbach,30.0,1991.0,2021-2022,GER
Florian Krüger,f9f92b5f,deGER,"MF,FW",Arminia,22.0,1999.0,2021-2022,GER
Max Kruse,f9446dcd,deGER,"MF,FW",Wolfsburg,33.0,1988.0,2021-2022,GER
Max Kruse,f9446dcd,deGER,"FW,MF",Union Berlin,33.0,1988.0,2021-2022,GER
Lukas Kübler,2a29eb9b,deGER,"DF,MF",Freiburg,28.0,1992.0,2021-2022,GER
Fabian Kunze,d25fee56,deGER,MF,Arminia,23.0,1998.0,2021-2022,GER
Maxence Lacroix,277c49ed,frFRA,DF,Wolfsburg,21.0,2000.0,2021-2022,GER
Konrad Laimer,c1b7847c,atAUT,MF,RB Leipzig,24.0,1997.0,2021-2022,GER
Stefan Lainer,4aea5077,atAUT,"MF,DF",Gladbach,28.0,1992.0,2021-2022,GER
Vassilis Lambropoulos,591477c9,grGRE,DF,Bochum,31.0,1990.0,2021-2022,GER
Sam Lammers,c283ddef,nlNED,FW,Eintracht Frankfurt,24.0,1997.0,2021-2022,GER
Bryan Lasme,ebac0ace,frFRA,"FW,MF",Arminia,22.0,1998.0,2021-2022,GER
Maxim Leitsch,7e12a98d,deGER,DF,Bochum,23.0,1998.0,2021-2022,GER
Tim Lemperle,792ffa71,deGER,FW,Köln,19.0,2002.0,2021-2022,GER
Christopher Lenz,bbd86530,deGER,"MF,DF",Eintracht Frankfurt,26.0,1994.0,2021-2022,GER
Robert Lewandowski,8d78e732,plPOL,FW,Bayern Munich,32.0,1988.0,2021-2022,GER
Jamie Leweling,13fe7b69,deGER,"FW,MF",Greuther Fürth,20.0,2001.0,2021-2022,GER
Philipp Lienhart,302527b2,atAUT,DF,Freiburg,25.0,1996.0,2021-2022,GER
Andreas Linde,4d6a842d,seSWE,GK,Greuther Fürth,28.0,1993.0,2021-2022,GER
Jesper Lindstrøm,37dc1a48,dkDEN,"MF,FW",Eintracht Frankfurt,21.0,2000.0,2021-2022,GER
Dejan Ljubicic,c455a2b2,atAUT,MF,Köln,23.0,1997.0,2021-2022,GER
Jürgen Locadia,6cc47ae1,cwCUW,FW,Bochum,27.0,1993.0,2021-2022,GER
Anthony Losilla,07c7eb0c,frFRA,MF,Bochum,35.0,1986.0,2021-2022,GER
Marcel Lotka,5584552e,plPOL,GK,Hertha BSC,20.0,2001.0,2021-2022,GER
Eduard Löwen,70678132,deGER,MF,Bochum,24.0,1997.0,2021-2022,GER
Anderson Lucoqui,5569bf9a,aoANG,"MF,DF",Mainz 05,24.0,1997.0,2021-2022,GER
Dodi Lukebakio,0c61c77c,beBEL,MF,Hertha BSC,23.0,1997.0,2021-2022,GER
Dodi Lukebakio,0c61c77c,beBEL,"MF,FW",Wolfsburg,23.0,1997.0,2021-2022,GER
Andrey Lunyov,8a6ab963,ruRUS,GK,Leverkusen,29.0,1991.0,2021-2022,GER
Andreas Luthe,7fe12375,deGER,GK,Union Berlin,34.0,1987.0,2021-2022,GER
Matej Maglica,36cf2caf,hrCRO,DF,Stuttgart,22.0,1998.0,2021-2022,GER
Arne Maier,ab700320,deGER,MF,Augsburg,22.0,1999.0,2021-2022,GER
Donyell Malen,116c35df,nlNED,FW,Dortmund,22.0,1999.0,2021-2022,GER
Lennard Maloney,75402e99,usUSA,"DF,MF",Dortmund,21.0,1999.0,2021-2022,GER
Orel Mangala,a572e291,beBEL,MF,Stuttgart,23.0,1998.0,2021-2022,GER
Myziane Maolida,706a60e1,kmCOM,"MF,FW",Hertha BSC,22.0,1999.0,2021-2022,GER
Omar Marmoush,0e0102eb,egEGY,"FW,MF",Wolfsburg,22.0,1999.0,2021-2022,GER
Omar Marmoush,0e0102eb,egEGY,"FW,MF",Stuttgart,22.0,1999.0,2021-2022,GER
Aarón Martín,2f3e911a,esESP,MF,Mainz 05,24.0,1997.0,2021-2022,GER
Josep Martinez,11d8aff0,esESP,GK,RB Leipzig,23.0,1998.0,2021-2022,GER
Erhan Mašović,a396fb61,rsSRB,DF,Bochum,22.0,1998.0,2021-2022,GER
Roberto Massimo,fc62fdf4,deGER,MF,Stuttgart,20.0,2000.0,2021-2022,GER
Konstantinos Mavropanos,00963611,grGRE,DF,Stuttgart,23.0,1997.0,2021-2022,GER
Eric Maxim Choupo-Moting,0e6bc38c,cmCMR,MF,Bayern Munich,32.0,1989.0,2021-2022,GER
Kevin Mbabu,493924a7,chSUI,"DF,MF",Wolfsburg,26.0,1995.0,2021-2022,GER
Nathan de Medina,d686dbc0,beBEL,DF,Arminia,23.0,1997.0,2021-2022,GER
Admir Mehmedi,b500b384,chSUI,"FW,MF",Wolfsburg,30.0,1991.0,2021-2022,GER
Jorge Meré,9f979eb2,esESP,DF,Köln,24.0,1997.0,2021-2022,GER
Thomas Meunier,e162b013,beBEL,"DF,MF",Dortmund,29.0,1991.0,2021-2022,GER
Marco Meyerhöfer,0b104510,deGER,"DF,MF",Greuther Fürth,25.0,1995.0,2021-2022,GER
Sven Michel,1e274a0a,deGER,FW,Union Berlin,31.0,1990.0,2021-2022,GER
Enzo Millot,f76022e7,frFRA,MF,Stuttgart,19.0,2002.0,2021-2022,GER
Maximilian Mittelstädt,88d4144a,deGER,"DF,MF",Hertha BSC,24.0,1997.0,2021-2022,GER
Anthony Modeste,34e4343c,frFRA,FW,Köln,33.0,1988.0,2021-2022,GER
Kevin Möhwald,a5ce09f2,deGER,MF,Union Berlin,28.0,1993.0,2021-2022,GER
Clinton Mola,29ddfb9c,engENG,DF,Stuttgart,20.0,2001.0,2021-2022,GER
Jan Morávek,e7d22eae,czCZE,MF,Augsburg,31.0,1989.0,2021-2022,GER
Ilaix Moriba,f4c69aa6,gnGUI,MF,RB Leipzig,18.0,2003.0,2021-2022,GER
Youssoufa Moukoko,6ce43701,deGER,FW,Dortmund,16.0,2004.0,2021-2022,GER
Nordi Mukiele,ac73ec79,frFRA,"MF,DF",RB Leipzig,23.0,1997.0,2021-2022,GER
Florian Müller,cbac6ec9,deGER,GK,Stuttgart,23.0,1997.0,2021-2022,GER
Thomas Müller,3c6089ab,deGER,MF,Bayern Munich,31.0,1989.0,2021-2022,GER
Torben Müsel,d01b9ad6,deGER,"FW,MF",Gladbach,22.0,1999.0,2021-2022,GER
Jamal Musiala,2c0558b8,deGER,MF,Bayern Munich,18.0,2003.0,2021-2022,GER
Obite N'Dicka,441197b8,ciCIV,DF,Eintracht Frankfurt,21.0,1999.0,2021-2022,GER
Nikolas Nartey,30261ba1,dkDEN,MF,Stuttgart,21.0,2000.0,2021-2022,GER
Paul Nebel,1b6d8083,deGER,MF,Mainz 05,18.0,2002.0,2021-2022,GER
David Nemeth,da76715c,atAUT,DF,Mainz 05,20.0,2001.0,2021-2022,GER
Luca Netz,e79269bd,deGER,"MF,DF",Gladbach,18.0,2003.0,2021-2022,GER
Manuel Neuer,8778c910,deGER,GK,Bayern Munich,35.0,1986.0,2021-2022,GER
Florian Neuhaus,36a59ba4,deGER,MF,Gladbach,24.0,1997.0,2021-2022,GER
Jessic Ngankam,bc249af8,deGER,FW,Greuther Fürth,21.0,2000.0,2021-2022,GER
Moussa Niakhate,00242715,snSEN,DF,Mainz 05,25.0,1996.0,2021-2022,GER
Tanguy Nianzou,5853ac44,frFRA,DF,Bayern Munich,19.0,2002.0,2021-2022,GER
Florian Niederlechner,d6862409,deGER,FW,Augsburg,30.0,1990.0,2021-2022,GER
Håvard Nielsen,b18ef366,noNOR,"FW,MF",Greuther Fürth,28.0,1993.0,2021-2022,GER
Joakim Nilsson,c562c5b4,seSWE,DF,Arminia,27.0,1994.0,2021-2022,GER
Christopher Nkunku,7c56da38,frFRA,"MF,FW",RB Leipzig,23.0,1997.0,2021-2022,GER
Felix Nmecha,091c86e2,deGER,MF,Wolfsburg,20.0,2000.0,2021-2022,GER
Lukas Nmecha,0cc5f4a5,deGER,"FW,MF",Wolfsburg,22.0,1998.0,2021-2022,GER
Håvard Nordtveit,6cafd68d,noNOR,DF,Hoffenheim,31.0,1990.0,2021-2022,GER
Connor Noß,ccc6d365,ieIRL,MF,Gladbach,20.0,2001.0,2021-2022,GER
Hugo Novoa,5458f670,esESP,MF,RB Leipzig,18.0,2003.0,2021-2022,GER
Soma Novothny,6fb91ea9,huHUN,FW,Bochum,27.0,1994.0,2021-2022,GER
Kasim Nuhu,93a50d2c,ghGHA,DF,Hoffenheim,26.0,1995.0,2021-2022,GER
Hans Nunoo Sarpei,9593331d,ghGHA,DF,Greuther Fürth,22.0,1998.0,2021-2022,GER
Bastian Oczipka,d1661819,deGER,"MF,DF",Union Berlin,32.0,1989.0,2021-2022,GER
Masaya Okugawa,63b9cc6d,jpJPN,"MF,FW",Arminia,25.0,1996.0,2021-2022,GER
Mathias Olesen,86adbcc7,luLUX,MF,Köln,20.0,2001.0,2021-2022,GER
Dani Olmo,ae44e8e2,esESP,"MF,FW",RB Leipzig,23.0,1998.0,2021-2022,GER
Karim Onisiwo,f26834c7,atAUT,FW,Mainz 05,29.0,1992.0,2021-2022,GER
Willi Orban,20030c06,huHUN,DF,RB Leipzig,28.0,1992.0,2021-2022,GER
Stefan Ortega,c1242d4e,deGER,GK,Arminia,28.0,1992.0,2021-2022,GER
Patrick Osterhage,9662c9ec,deGER,MF,Bochum,21.0,2000.0,2021-2022,GER
Tomáš Ostrák,3ba95f20,czCZE,MF,Köln,21.0,2000.0,2021-2022,GER
Paulo Otávio,1cbe4984,brBRA,"MF,DF",Wolfsburg,26.0,1994.0,2021-2022,GER
Reece Oxford,8b6e0db2,engENG,DF,Augsburg,22.0,1998.0,2021-2022,GER
Salih Özcan,15413fa5,trTUR,MF,Köln,23.0,1998.0,2021-2022,GER
Levin Öztunalı,66385c46,deGER,MF,Union Berlin,25.0,1996.0,2021-2022,GER
Gonçalo Paciência,962e54cb,ptPOR,FW,Eintracht Frankfurt,26.0,1994.0,2021-2022,GER
Exequiel Palacios,e82adcab,arARG,MF,Leverkusen,22.0,1998.0,2021-2022,GER
Miloš Pantović,5dc15574,rsSRB,"MF,FW",Bochum,25.0,1996.0,2021-2022,GER
Antonios Papadopoulos,13d23b29,deGER,"DF,MF",Dortmund,21.0,1999.0,2021-2022,GER
Merveille Papela,b4b08774,deGER,MF,Mainz 05,20.0,2001.0,2021-2022,GER
Kevin Paredes,5c50fdbc,usUSA,MF,Wolfsburg,18.0,2003.0,2021-2022,GER
Felix Passlack,5c899683,deGER,DF,Dortmund,23.0,1998.0,2021-2022,GER
Paulinho,53070b63,brBRA,MF,Leverkusen,21.0,2000.0,2021-2022,GER
Benjamin Pavard,45a03961,frFRA,"DF,MF",Bayern Munich,25.0,1996.0,2021-2022,GER
Mads Pedersen,582a5247,dkDEN,"MF,DF",Augsburg,24.0,1996.0,2021-2022,GER
Peter Pekarík,c18d22f5,skSVK,DF,Hertha BSC,34.0,1986.0,2021-2022,GER
Philipp Pentke,c41f7379,deGER,GK,Hoffenheim,36.0,1985.0,2021-2022,GER
Ricardo Pepi,a2b1ed42,usUSA,"FW,MF",Augsburg,18.0,2003.0,2021-2022,GER
Pavao Pervan,c89e8aae,atAUT,GK,Wolfsburg,33.0,1987.0,2021-2022,GER
Nils Petersen,f93e6e94,deGER,FW,Freiburg,32.0,1988.0,2021-2022,GER
Jens Petter Hauge,12c35abe,noNOR,"MF,FW",Eintracht Frankfurt,21.0,1999.0,2021-2022,GER
Immanuel Pherai,f168d9b9,srSUR,"FW,MF",Dortmund,20.0,2001.0,2021-2022,GER
Maximilian Philipp,061e8e23,deGER,MF,Wolfsburg,27.0,1994.0,2021-2022,GER
Krzysztof Piątek,17f3620a,plPOL,FW,Hertha BSC,26.0,1995.0,2021-2022,GER
Amos Pieper,526ea7cc,deGER,DF,Arminia,23.0,1998.0,2021-2022,GER
Marvin Plattenhardt,f7aa75bd,deGER,"DF,MF",Hertha BSC,29.0,1992.0,2021-2022,GER
Alassane Pléa,bc6bd723,frFRA,"MF,FW",Gladbach,28.0,1993.0,2021-2022,GER
Joel Pohjanpalo,ea003d07,fiFIN,FW,Leverkusen,26.0,1994.0,2021-2022,GER
Sebastian Polter,3745e8bd,deGER,FW,Bochum,30.0,1991.0,2021-2022,GER
Marin Pongračić,2a6cd437,hrCRO,DF,Dortmund,23.0,1997.0,2021-2022,GER
Stefan Posch,7f609bfc,atAUT,DF,Hoffenheim,24.0,1997.0,2021-2022,GER
Yussuf Poulsen,d2416c2e,dkDEN,"FW,MF",RB Leipzig,27.0,1994.0,2021-2022,GER
Manuel Prietl,901c0f97,atAUT,"MF,DF",Arminia,29.0,1991.0,2021-2022,GER
Grischa Prömel,924f9191,deGER,MF,Union Berlin,26.0,1995.0,2021-2022,GER
Nick Proschwitz,9cf4fd68,deGER,FW,Hoffenheim,34.0,1986.0,2021-2022,GER
Afimico Pululu,32c016f8,cdCOD,"FW,MF",Greuther Fürth,22.0,1999.0,2021-2022,GER
Sidney Raebiger,a8090a41,deGER,MF,RB Leipzig,16.0,2005.0,2021-2022,GER
Diant Ramaj,b90c4a43,deGER,GK,Eintracht Frankfurt,19.0,2001.0,2021-2022,GER
Guilherme Ramos,df9c3473,ptPOR,DF,Arminia,23.0,1997.0,2021-2022,GER
Tobias Raschl,bd992863,deGER,MF,Greuther Fürth,21.0,2000.0,2021-2022,GER
David Raum,7d450ed3,deGER,"MF,DF",Hoffenheim,23.0,1998.0,2021-2022,GER
Reinier,6b21b7b5,brBRA,MF,Dortmund,19.0,2002.0,2021-2022,GER
Panagiotis Retsos,4bd00a50,grGRE,DF,Leverkusen,22.0,1998.0,2021-2022,GER
Marco Reus,36a3ff67,deGER,"MF,FW",Dortmund,32.0,1989.0,2021-2022,GER
Elvis Rexhbeçaj,1ae836b1,xkKVX,MF,Bochum,23.0,1997.0,2021-2022,GER
Gio Reyna,7fa4e703,usUSA,"MF,FW",Dortmund,18.0,2002.0,2021-2022,GER
Chris Richards,0a3d6d2b,usUSA,DF,Hoffenheim,21.0,2000.0,2021-2022,GER
Chris Richards,0a3d6d2b,usUSA,DF,Bayern Munich,21.0,2000.0,2021-2022,GER
Omar Richards,f9b1b7bf,engENG,"DF,MF",Bayern Munich,23.0,1998.0,2021-2022,GER
Marco Richter,f972644c,deGER,"MF,FW",Hertha BSC,23.0,1997.0,2021-2022,GER
Manuel Riemann,9f941969,deGER,GK,Bochum,32.0,1988.0,2021-2022,GER
Marc Roca,da27e268,esESP,MF,Bayern Munich,24.0,1996.0,2021-2022,GER
Cimo Röcker,611b1aae,deGER,DF,Hertha BSC,27.0,1994.0,2021-2022,GER
Sebastian Rode,e12b0b5b,deGER,MF,Eintracht Frankfurt,30.0,1990.0,2021-2022,GER
Romario Rösch,87ebfdb8,deGER,MF,Mainz 05,22.0,1999.0,2021-2022,GER
Tom Rothe,90c1f9a4,deGER,MF,Dortmund,16.0,2004.0,2021-2022,GER
Jérôme Roussillon,13203c45,frFRA,"MF,DF",Wolfsburg,28.0,1993.0,2021-2022,GER
Sebastian Rudy,80f36c88,deGER,MF,Hoffenheim,31.0,1990.0,2021-2022,GER
Georginio Rutter,c64c01fc,frFRA,"FW,MF",Hoffenheim,19.0,2002.0,2021-2022,GER
Julian Ryerson,009a4f60,noNOR,"MF,DF",Union Berlin,23.0,1997.0,2021-2022,GER
Frederik Rønnow,a70b8345,dkDEN,GK,Union Berlin,28.0,1992.0,2021-2022,GER
Marcel Sabitzer,e280527c,atAUT,"MF,DF",Bayern Munich,27.0,1994.0,2021-2022,GER
Marcel Sabitzer,e280527c,atAUT,"FW,MF",RB Leipzig,27.0,1994.0,2021-2022,GER
Roland Sallai,bf075f6b,huHUN,"MF,FW",Freiburg,24.0,1997.0,2021-2022,GER
Diadie Samassékou,08593525,mlMLI,MF,Hoffenheim,25.0,1996.0,2021-2022,GER
Leroy Sané,2b114be3,deGER,MF,Bayern Munich,25.0,1996.0,2021-2022,GER
Mohamed Sankoh,be625686,nlNED,FW,Stuttgart,17.0,2003.0,2021-2022,GER
Baptiste Santamaria,5e22e2a4,frFRA,MF,Freiburg,26.0,1995.0,2021-2022,GER
Bouna Sarr,1a4b9094,snSEN,"DF,MF",Bayern Munich,29.0,1992.0,2021-2022,GER
Joe Scally,236f02cd,usUSA,"MF,DF",Gladbach,18.0,2002.0,2021-2022,GER
Kevin Schade,52afb588,deGER,"MF,FW",Freiburg,19.0,2001.0,2021-2022,GER
András Schäfer,049751d7,huHUN,MF,Union Berlin,22.0,1999.0,2021-2022,GER
Louis Schaub,b50ec54b,atAUT,MF,Köln,26.0,1994.0,2021-2022,GER
Patrik Schick,5d4f7d61,czCZE,FW,Leverkusen,25.0,1996.0,2021-2022,GER
Kingsley Schindler,bd527260,ghGHA,DF,Köln,28.0,1993.0,2021-2022,GER
Xaver Schlager,8f056768,atAUT,MF,Wolfsburg,23.0,1997.0,2021-2022,GER
Keven Schlotterbeck,f6bdc830,deGER,DF,Freiburg,24.0,1997.0,2021-2022,GER
Nico Schlotterbeck,34e12499,deGER,DF,Freiburg,21.0,1999.0,2021-2022,GER
Jonathan Schmid,088ca1bd,frFRA,"MF,DF",Freiburg,31.0,1990.0,2021-2022,GER
Benno Schmitz,ad00b1a8,deGER,DF,Köln,26.0,1994.0,2021-2022,GER
Alessandro Schöpf,106bca06,atAUT,"MF,FW",Arminia,27.0,1994.0,2021-2022,GER
Nico Schulz,fa274d97,deGER,DF,Dortmund,28.0,1993.0,2021-2022,GER
Marvin Schwäbe,87436846,deGER,GK,Köln,26.0,1995.0,2021-2022,GER
Alexander Schwolow,0d55d942,deGER,GK,Hertha BSC,29.0,1992.0,2021-2022,GER
Paul Seguin,8872ed17,deGER,MF,Greuther Fürth,26.0,1995.0,2021-2022,GER
Davie Selke,1238a3f9,deGER,FW,Hertha BSC,26.0,1995.0,2021-2022,GER
Lion Semić,87ebd8c9,deGER,DF,Dortmund,17.0,2003.0,2021-2022,GER
Suat Serdar,b3325a30,deGER,MF,Hertha BSC,24.0,1997.0,2021-2022,GER
Janni Serra,40b58bfc,deGER,FW,Arminia,23.0,1998.0,2021-2022,GER
Zidan Sertdemir,eec1f7f4,dkDEN,MF,Leverkusen,16.0,2005.0,2021-2022,GER
Nils Seufert,0da32a38,deGER,MF,Greuther Fürth,24.0,1997.0,2021-2022,GER
Kiliann Sildillia,313254a3,frFRA,MF,Freiburg,19.0,2002.0,2021-2022,GER
André Silva,3effaa34,ptPOR,FW,RB Leipzig,25.0,1995.0,2021-2022,GER
Mohamed Simakan,fcb27134,frFRA,DF,RB Leipzig,21.0,2000.0,2021-2022,GER
Daley Sinkgraven,73000a79,nlNED,DF,Leverkusen,26.0,1995.0,2021-2022,GER
Tobias Sippel,0d8a37c2,deGER,GK,Gladbach,33.0,1988.0,2021-2022,GER
Hugo Siquet,c6cf860f,beBEL,"DF,MF",Freiburg,19.0,2002.0,2021-2022,GER
Ellyes Skhiri,c2211709,tnTUN,"MF,DF",Köln,26.0,1995.0,2021-2022,GER
Robert Skov,ff98492b,dkDEN,MF,Hoffenheim,25.0,1996.0,2021-2022,GER
Danilo Soares,c05f2f8c,brBRA,DF,Bochum,29.0,1991.0,2021-2022,GER
Yann Sommer,420c18a1,chSUI,GK,Gladbach,32.0,1988.0,2021-2022,GER
Borna Sosa,af0d79a9,hrCRO,"MF,DF",Stuttgart,23.0,1998.0,2021-2022,GER
Djibril Sow,4c6facae,chSUI,MF,Eintracht Frankfurt,24.0,1997.0,2021-2022,GER
Jerry St. Juste,90339309,nlNED,DF,Mainz 05,24.0,1996.0,2021-2022,GER
Anton Stach,0f59a7bf,deGER,MF,Mainz 05,22.0,1998.0,2021-2022,GER
Kostas Stafylidis,861e0116,grGRE,"DF,MF",Bochum,27.0,1993.0,2021-2022,GER
Josip Stanišić,7ed08d5c,hrCRO,"DF,MF",Bayern Munich,21.0,2000.0,2021-2022,GER
Niklas Stark,aad48be9,deGER,DF,Hertha BSC,26.0,1995.0,2021-2022,GER
Renato Steffen,dd669209,chSUI,MF,Wolfsburg,29.0,1991.0,2021-2022,GER
Pascal Stenzel,99f7e9aa,deGER,DF,Stuttgart,25.0,1996.0,2021-2022,GER
Angelo Stiller,3b1ed320,deGER,MF,Hoffenheim,20.0,2001.0,2021-2022,GER
Lars Stindl,7cd6badb,deGER,"MF,FW",Gladbach,32.0,1988.0,2021-2022,GER
Kevin Stöger,e5649a78,atAUT,MF,Mainz 05,27.0,1993.0,2021-2022,GER
Tobias Strobl,17780d2b,deGER,MF,Augsburg,31.0,1990.0,2021-2022,GER
Niklas Süle,e33c06cf,deGER,"DF,MF",Bayern Munich,25.0,1995.0,2021-2022,GER
Ádám Szalai,53e07d0b,huHUN,FW,Mainz 05,33.0,1987.0,2021-2022,GER
Dominik Szoboszlai,934e1968,huHUN,MF,RB Leipzig,20.0,2000.0,2021-2022,GER
Jonathan Tah,bd142efb,deGER,DF,Leverkusen,25.0,1996.0,2021-2022,GER
Edmond Tapsoba,a73c8f95,bfBFA,DF,Leverkusen,22.0,1999.0,2021-2022,GER
Niklas Tauer,27270af4,deGER,"MF,DF",Mainz 05,20.0,2001.0,2021-2022,GER
Robert Tesche,037130ca,deGER,MF,Bochum,34.0,1987.0,2021-2022,GER
Cedric Teuchert,f956479d,deGER,"FW,MF",Union Berlin,24.0,1997.0,2021-2022,GER
Jan Thielmann,fd53759d,deGER,"MF,FW",Köln,19.0,2002.0,2021-2022,GER
Erik Thommy,df8e7b62,deGER,MF,Stuttgart,26.0,1994.0,2021-2022,GER
Marcus Thuram,6f8cd6d0,frFRA,"FW,MF",Gladbach,23.0,1997.0,2021-2022,GER
Alexis Tibidi,ca6f4846,frFRA,MF,Stuttgart,17.0,2003.0,2021-2022,GER
Steffen Tigges,6b8887c2,deGER,FW,Dortmund,23.0,1998.0,2021-2022,GER
Malik Tillman,a5420709,usUSA,MF,Bayern Munich,19.0,2002.0,2021-2022,GER
Timmy Tillman,a5bea1fb,usUSA,MF,Greuther Fürth,22.0,1999.0,2021-2022,GER
Umut Tohumcu,e547d3cf,deGER,MF,Hoffenheim,16.0,2004.0,2021-2022,GER
Corentin Tolisso,652d4c37,frFRA,"MF,DF",Bayern Munich,26.0,1994.0,2021-2022,GER
Tiago Tomás,b492126a,ptPOR,FW,Stuttgart,19.0,2002.0,2021-2022,GER
Jordan Torunarigha,f86cabbd,deGER,DF,Hertha BSC,23.0,1997.0,2021-2022,GER
Almamy Touré,c8c60119,mlMLI,"MF,DF",Eintracht Frankfurt,25.0,1996.0,2021-2022,GER
Lucas Tousart,71ec39ef,frFRA,MF,Hertha BSC,24.0,1997.0,2021-2022,GER
Kevin Trapp,ce17b5eb,deGER,GK,Eintracht Frankfurt,31.0,1990.0,2021-2022,GER
Christopher Trimmel,056d2d95,atAUT,MF,Union Berlin,34.0,1987.0,2021-2022,GER
Philipp Tschauner,73e2f6eb,deGER,GK,RB Leipzig,35.0,1985.0,2021-2022,GER
Tuta,35d64857,brBRA,DF,Eintracht Frankfurt,22.0,1999.0,2021-2022,GER
Anthony Ujah,99be8fb5,ngNGA,FW,Union Berlin,30.0,1990.0,2021-2022,GER
Sven Ulreich,7d3e7da6,deGER,GK,Bayern Munich,32.0,1988.0,2021-2022,GER
Dayot Upamecano,d248cd8f,frFRA,DF,Bayern Munich,22.0,1998.0,2021-2022,GER
Benjamin Uphoff,a9a6fc08,deGER,GK,Freiburg,27.0,1993.0,2021-2022,GER
Mark Uth,a3ddb1b9,deGER,"MF,FW",Köln,29.0,1991.0,2021-2022,GER
Ruben Vargas,6ecbddf6,chSUI,"MF,FW",Augsburg,22.0,1998.0,2021-2022,GER
Sebastian Vasiliadis,d3112d86,grGRE,MF,Arminia,23.0,1997.0,2021-2022,GER
Micky van de Ven,8fe2a392,nlNED,DF,Wolfsburg,20.0,2001.0,2021-2022,GER
Vincent Vermeij,7e629adc,nlNED,FW,Freiburg,26.0,1994.0,2021-2022,GER
Gabriel Vidovic,5360a956,hrCRO,MF,Bayern Munich,17.0,2003.0,2021-2022,GER
Nick Viergever,e38f1636,nlNED,DF,Greuther Fürth,31.0,1989.0,2021-2022,GER
Andreas Voglsammer,daa78200,deGER,FW,Union Berlin,29.0,1992.0,2021-2022,GER
Kevin Vogt,1d8e9add,deGER,DF,Hoffenheim,29.0,1991.0,2021-2022,GER
Aster Vranckx,f86cd5df,beBEL,MF,Wolfsburg,18.0,2002.0,2021-2022,GER
Luca Waldschmidt,e5a35ae9,deGER,MF,Wolfsburg,25.0,1996.0,2021-2022,GER
Paul Wanner,cb64672e,deGER,MF,Bayern Munich,15.0,2005.0,2021-2022,GER
Wout Weghorst,c4e87b8b,nlNED,FW,Wolfsburg,28.0,1992.0,2021-2022,GER
Noah Weißhaupt,dd676a97,deGER,"FW,MF",Freiburg,19.0,2001.0,2021-2022,GER
Silvan Widmer,f68b64fc,chSUI,"MF,DF",Mainz 05,28.0,1993.0,2021-2022,GER
Jetro Willems,9050ddc4,nlNED,"DF,MF",Greuther Fürth,27.0,1994.0,2021-2022,GER
Patrick Wimmer,cb11b429,atAUT,"MF,FW",Arminia,20.0,2001.0,2021-2022,GER
Jonas Wind,2077ae86,dkDEN,"FW,MF",Wolfsburg,22.0,1999.0,2021-2022,GER
Marten Winkler,e0d515ef,deGER,MF,Hertha BSC,18.0,2002.0,2021-2022,GER
Frederik Winther,a1257b5e,dkDEN,DF,Augsburg,20.0,2001.0,2021-2022,GER
Florian Wirtz,e7fcf289,deGER,MF,Leverkusen,18.0,2003.0,2021-2022,GER
Axel Witsel,5dfc6ad5,beBEL,"MF,DF",Dortmund,32.0,1989.0,2021-2022,GER
Hannes Wolf,be42a291,atAUT,MF,Gladbach,22.0,1999.0,2021-2022,GER
Marius Wolf,fa661778,deGER,"MF,DF",Dortmund,26.0,1995.0,2021-2022,GER
Luca Wollschläger,24b8e7bd,deGER,FW,Hertha BSC,18.0,2003.0,2021-2022,GER
Jeong Woo-yeong,6190474d,krKOR,"MF,FW",Freiburg,21.0,1999.0,2021-2022,GER
Joscha Wosz,80c9e555,deGER,MF,RB Leipzig,19.0,2002.0,2021-2022,GER
Dan-Axel Zagadou,a4effc55,frFRA,DF,Dortmund,22.0,1999.0,2021-2022,GER
Denis Zakaria,384d58d9,chSUI,"MF,DF",Gladbach,24.0,1996.0,2021-2022,GER
Deyovaisio Zeefuik,58a2e9f6,nlNED,"DF,MF",Hertha BSC,23.0,1998.0,2021-2022,GER
Robin Zentner,5c4bf6ba,deGER,GK,Mainz 05,26.0,1994.0,2021-2022,GER
Andi Zeqiri,d01231f0,chSUI,FW,Augsburg,22.0,1999.0,2021-2022,GER
Simon Zoller,29f7cfd9,deGER,"FW,MF",Bochum,30.0,1991.0,2021-2022,GER
Yunis Abdelhamid,32c2d95f,maMAR,DF,Reims,33.0,1987.0,2021-2022,FRA
Salis Abdul Samed,82464ce3,ghGHA,MF,Clermont Foot,21.0,2000.0,2021-2022,FRA
Laurent Abergel,31626657,frFRA,MF,Lorient,28.0,1993.0,2021-2022,FRA
Charles Abi,469d3d84,frFRA,FW,Saint-Étienne,21.0,2000.0,2021-2022,FRA
Matthis Abline,0e46fa2f,frFRA,FW,Rennes,18.0,2003.0,2021-2022,FRA
Mohamed Achi,1e93fc5d,frFRA,MF,Nantes,19.0,2002.0,2021-2022,FRA
Martin Adeline,7587446d,frFRA,MF,Reims,17.0,2003.0,2021-2022,FRA
Yacine Adli,26777636,frFRA,"MF,FW",Bordeaux,21.0,2000.0,2021-2022,FRA
Lucien Agoume,8bc8829a,frFRA,MF,Brest,19.0,2002.0,2021-2022,FRA
Nayef Aguerd,288e1e13,maMAR,DF,Rennes,25.0,1996.0,2021-2022,FRA
Ruben Aguilar,3dd738a1,frFRA,DF,Monaco,28.0,1993.0,2021-2022,FRA
Anel Ahmedhodžić,eab957a3,baBIH,DF,Bordeaux,22.0,1999.0,2021-2022,FRA
Jean-Eudes Aholou,48b28bfd,ciCIV,MF,Strasbourg,27.0,1994.0,2021-2022,FRA
Ludovic Ajorque,462475ed,frFRA,FW,Strasbourg,27.0,1994.0,2021-2022,FRA
Maghnes Akliouche,b625b241,frFRA,MF,Monaco,19.0,2002.0,2021-2022,FRA
Sofiane Alakouch,5314e067,maMAR,"DF,MF",Metz,23.0,1998.0,2021-2022,FRA
Josué Albert,3d738df0,gfGUF,DF,Clermont Foot,29.0,1992.0,2021-2022,FRA
Doğan Alemdar,9e17ccff,trTUR,GK,Rennes,18.0,2002.0,2021-2022,FRA
Mohamed Ali Cho,f8405304,frFRA,FW,Angers,17.0,2004.0,2021-2022,FRA
Jim Allevinah,1956b948,gaGAB,"MF,FW",Clermont Foot,26.0,1995.0,2021-2022,FRA
Ibrahim Amadou,9260926b,frFRA,"DF,MF",Metz,28.0,1993.0,2021-2022,FRA
Jordan Amavi,22721b88,frFRA,DF,Nice,27.0,1994.0,2021-2022,FRA
Jordan Amavi,22721b88,frFRA,"MF,DF",Marseille,27.0,1994.0,2021-2022,FRA
Benjamin André,ef9c1c95,frFRA,MF,Lille,30.0,1990.0,2021-2022,FRA
Houssem Aouar,a5db0bec,dzALG,MF,Lyon,23.0,1998.0,2021-2022,FRA
Adil Aouchiche,b94b8be1,frFRA,MF,Saint-Étienne,19.0,2002.0,2021-2022,FRA
Dennis Appiah,feb5d3ab,frFRA,DF,Nantes,29.0,1992.0,2021-2022,FRA
Lorenz Assignon,b026bbf6,tgTOG,DF,Rennes,21.0,2000.0,2021-2022,FRA
Youcef Atal,6a827d8e,dzALG,DF,Nice,25.0,1996.0,2021-2022,FRA
Jean-Kévin Augustin,97bfa797,frFRA,FW,Nantes,24.0,1997.0,2021-2022,FRA
Karim Azamoum,eaf71a5e,frFRA,DF,Troyes,31.0,1990.0,2021-2022,FRA
Loïc Bade,114bbdee,frFRA,DF,Rennes,21.0,2000.0,2021-2022,FRA
Benoît Badiashile,06df8256,frFRA,DF,Monaco,20.0,2001.0,2021-2022,FRA
Youssouph Badji,6a2b9aee,snSEN,FW,Brest,19.0,2001.0,2021-2022,FRA
Stéphane Bahoken,5046b7d4,cmCMR,FW,Angers,29.0,1992.0,2021-2022,FRA
Dénys Bain,5065d67d,frFRA,DF,Brest,28.0,1993.0,2021-2022,FRA
Stefan Bajic,be13e5a8,frFRA,GK,Saint-Étienne,19.0,2001.0,2021-2022,FRA
Cédric Bakambu,0af4dcf0,cdCOD,"FW,MF",Marseille,30.0,1991.0,2021-2022,FRA
Abdoulaye Bakayoko,ee95585f,frFRA,DF,Saint-Étienne,18.0,2002.0,2021-2022,FRA
Dilane Bakwa,2b5a35e5,frFRA,"FW,MF",Bordeaux,18.0,2002.0,2021-2022,FRA
Ibrahima Baldé,a30cb0d4,frFRA,FW,Lens,18.0,2003.0,2021-2022,FRA
Leonardo Balerdi,7c3ed041,arARG,"DF,MF",Marseille,22.0,1999.0,2021-2022,FRA
Abdoulaye Bamba,7fecbcdb,ciCIV,"MF,DF",Angers,31.0,1990.0,2021-2022,FRA
Jonathan Bamba,b2bd0f6c,ciCIV,MF,Lille,25.0,1996.0,2021-2022,FRA
Simon Banza,be47b750,cdCOD,FW,Lens,24.0,1996.0,2021-2022,FRA
Danilo Barbosa,0557ff4f,brBRA,DF,Nice,25.0,1996.0,2021-2022,FRA
Bradley Barcola,a0d55a09,frFRA,MF,Lyon,18.0,2002.0,2021-2022,FRA
Melvin Bard,1ddbc7ca,frFRA,DF,Nice,20.0,2000.0,2021-2022,FRA
Toma Bašić,80556f08,hrCRO,MF,Bordeaux,24.0,1996.0,2021-2022,FRA
Amine Bassi,ced1d98f,frFRA,"MF,FW",Metz,23.0,1997.0,2021-2022,FRA
Paul Baysse,2515040a,frFRA,DF,Bordeaux,33.0,1988.0,2021-2022,FRA
Youcef Belaïli,1a248246,dzALG,"MF,FW",Brest,29.0,1992.0,2021-2022,FRA
Haris Belkebla,2b1bed19,dzALG,MF,Brest,27.0,1994.0,2021-2022,FRA
Jean-Ricner Bellegarde,10f0fdd3,htHAI,MF,Strasbourg,23.0,1998.0,2021-2022,FRA
Jeanuël Belocian,c678ddd7,frFRA,DF,Rennes,16.0,2005.0,2021-2022,FRA
Hatem Ben Arfa,74dc806c,frFRA,"MF,FW",Lille,34.0,1987.0,2021-2022,FRA
Salim Ben Seghir,1f6298f2,frFRA,FW,Marseille,18.0,2003.0,2021-2022,FRA
Wissam Ben Yedder,942b4f90,frFRA,FW,Monaco,30.0,1990.0,2021-2022,FRA
Darío Benedetto,bef0a7ac,arARG,"FW,MF",Marseille,31.0,1990.0,2021-2022,FRA
Walter Benítez,8a2248b4,arARG,GK,Nice,28.0,1993.0,2021-2022,FRA
Loris Benito,f5b6fb78,chSUI,DF,Bordeaux,29.0,1992.0,2021-2022,FRA
Nabil Bentaleb,3189f61a,dzALG,MF,Angers,26.0,1994.0,2021-2022,FRA
Patrick Berg,e4114f5d,noNOR,MF,Lens,23.0,1997.0,2021-2022,FRA
Mitchell van Bergen,0b2c9aec,nlNED,"FW,MF",Reims,21.0,1999.0,2021-2022,FRA
Valon Berisha,d5575935,xkKVX,MF,Reims,28.0,1993.0,2021-2022,FRA
Paul Bernardoni,28dabd43,frFRA,GK,Angers,24.0,1997.0,2021-2022,FRA
Paul Bernardoni,28dabd43,frFRA,GK,Saint-Étienne,24.0,1997.0,2021-2022,FRA
Juan Bernat,433dc9a2,esESP,"DF,MF",Paris Saint-Germain,28.0,1993.0,2021-2022,FRA
Dimitry Bertaud,380a15e2,cdCOD,GK,Montpellier,23.0,1998.0,2021-2022,FRA
Jason Berthomier,03e91055,frFRA,MF,Clermont Foot,31.0,1990.0,2021-2022,FRA
Giulian Biancone,de40e38c,frFRA,"DF,MF",Troyes,21.0,2000.0,2021-2022,FRA
El Bilal Touré,47c609d5,mlMLI,"FW,MF",Reims,19.0,2001.0,2021-2022,FRA
Jean-Claude Billong,a3e1d20d,cmCMR,DF,Clermont Foot,27.0,1993.0,2021-2022,FRA
Nathan Bitumazala,0f697e02,frFRA,MF,Paris Saint-Germain,18.0,2002.0,2021-2022,FRA
Marco Bizot,3d214e5f,nlNED,GK,Brest,30.0,1991.0,2021-2022,FRA
Ludovic Blas,6191093d,frFRA,"MF,FW",Nantes,23.0,1997.0,2021-2022,FRA
Myron Boadu,5b479568,nlNED,FW,Monaco,20.0,2001.0,2021-2022,FRA
Jérôme Boateng,2db2fd7b,deGER,DF,Lyon,32.0,1988.0,2021-2022,FRA
Antonin Bobichon,7d937aa1,frFRA,"FW,MF",Angers,25.0,1995.0,2021-2022,FRA
Quentin Boisgard,f6496133,frFRA,"MF,FW",Lorient,24.0,1997.0,2021-2022,FRA
Charles Boli,bbdd999a,frFRA,MF,Lens,22.0,1998.0,2021-2022,FRA
Sven Botman,ccce7025,nlNED,DF,Lille,21.0,2000.0,2021-2022,FRA
Denis Bouanga,0b0cbe5b,gaGAB,"FW,MF",Saint-Étienne,26.0,1994.0,2021-2022,FRA
Hicham Boudaoui,f9d5908e,dzALG,MF,Nice,21.0,1999.0,2021-2022,FRA
Ryad Boudebouz,1001ae82,dzALG,"MF,FW",Saint-Étienne,31.0,1990.0,2021-2022,FRA
Sofiane Boufal,b0c71810,maMAR,"FW,MF",Angers,27.0,1993.0,2021-2022,FRA
Farid Boulaya,a0791826,dzALG,"MF,FW",Metz,28.0,1993.0,2021-2022,FRA
Ismaël Boura,62e02107,kmCOM,DF,Lens,20.0,2000.0,2021-2022,FRA
Benjamin Bourigeaud,20e73fac,frFRA,"MF,FW",Rennes,27.0,1994.0,2021-2022,FRA
Redwan Bourles,5c7895a0,frFRA,MF,Lorient,18.0,2003.0,2021-2022,FRA
Domagoj Bradarić,8bbe2df5,hrCRO,DF,Lille,21.0,1999.0,2021-2022,FRA
Bilal Brahimi,02bcaf8e,dzALG,MF,Nice,21.0,2000.0,2021-2022,FRA
Bilal Brahimi,02bcaf8e,dzALG,FW,Angers,21.0,2000.0,2021-2022,FRA
Lilian Brassier,5b146df3,frFRA,DF,Brest,21.0,1999.0,2021-2022,FRA
Jimmy Briand,f83c8d6c,frFRA,FW,Bordeaux,35.0,1985.0,2021-2022,FRA
Dylan Bronn,edd81e2a,tnTUN,DF,Metz,26.0,1995.0,2021-2022,FRA
Osman Bukari,eab85789,ghGHA,"MF,FW",Nantes,22.0,1998.0,2021-2022,FRA
Maxime Busi,7b082ec2,beBEL,"DF,MF",Reims,21.0,1999.0,2021-2022,FRA
Oriol Busquets,49712367,esESP,MF,Clermont Foot,22.0,1999.0,2021-2022,FRA
Marcin Bułka,db87a2c4,plPOL,GK,Nice,21.0,1999.0,2021-2022,FRA
Rémy Cabella,148e136f,frFRA,MF,Montpellier,31.0,1990.0,2021-2022,FRA
Jimmy Cabot,46359159,frFRA,MF,Angers,27.0,1994.0,2021-2022,FRA
Anthony Caci,0118c54c,frFRA,"DF,MF",Strasbourg,24.0,1997.0,2021-2022,FRA
Mathieu Cafaro,2a657da0,frFRA,"MF,FW",Reims,24.0,1997.0,2021-2022,FRA
Yannick Cahuzac,677ee102,frFRA,MF,Lens,36.0,1985.0,2021-2022,FRA
Marc-Aurèle Caillard,5ee6e943,frFRA,GK,Metz,27.0,1994.0,2021-2022,FRA
Jens Cajuste,928a4a61,seSWE,MF,Reims,21.0,1999.0,2021-2022,FRA
Duje Ćaleta-Car,94f8d10c,hrCRO,DF,Marseille,24.0,1996.0,2021-2022,FRA
Lucas Calodat,7a72e960,frFRA,DF,Saint-Étienne,19.0,2002.0,2021-2022,FRA
Mahdi Camara,8577e60a,frFRA,"MF,DF",Saint-Étienne,23.0,1998.0,2021-2022,FRA
Mamadou Camara,316e70c7,mlMLI,"FW,MF",Troyes,20.0,2001.0,2021-2022,FRA
Eduardo Camavinga,7b9c2d84,frFRA,MF,Rennes,18.0,2002.0,2021-2022,FRA
Fali Candé,3cc4bb19,gwGNB,"DF,MF",Metz,23.0,1998.0,2021-2022,FRA
Pierrick Capelle,79b2399c,frFRA,MF,Angers,34.0,1987.0,2021-2022,FRA
Maxence Caqueret,f81ef10d,frFRA,MF,Lyon,21.0,2000.0,2021-2022,FRA
Irvin Cardona,5e080f73,mtMLT,"FW,MF",Brest,23.0,1997.0,2021-2022,FRA
Igor Carioca,e3e32fbb,brBRA,"DF,MF",Lorient,24.0,1996.0,2021-2022,FRA
Moreto Cassamã,f54d2149,gwGNB,MF,Reims,23.0,1998.0,2021-2022,FRA
Jean-Charles Castelletto,e0f3a1f6,cmCMR,DF,Nantes,26.0,1995.0,2021-2022,FRA
Zeki Çelik,31a62dc7,trTUR,DF,Lille,24.0,1997.0,2021-2022,FRA
Fabien Centonze,3c6bbbab,frFRA,"MF,DF",Metz,25.0,1996.0,2021-2022,FRA
El Chadaille Bitshiabu,2180c761,frFRA,DF,Paris Saint-Germain,16.0,2005.0,2021-2022,FRA
Nassim Chadli,5c61496e,frFRA,MF,Troyes,20.0,2001.0,2021-2022,FRA
Mehdi Chahiri,1787195f,maMAR,MF,Strasbourg,25.0,1996.0,2021-2022,FRA
Dylan Chambost,dbde4959,frFRA,MF,Troyes,23.0,1997.0,2021-2022,FRA
Brendan Chardonnet,16aa7d4c,frFRA,DF,Brest,26.0,1994.0,2021-2022,FRA
Xavier Chavalerin,279ddf6a,frFRA,MF,Troyes,30.0,1991.0,2021-2022,FRA
Xavier Chavalerin,279ddf6a,frFRA,MF,Reims,30.0,1991.0,2021-2022,FRA
Rayan Cherki,b34c63a5,frFRA,FW,Lyon,17.0,2003.0,2021-2022,FRA
Pedro Chirivella,68a26d51,esESP,MF,Nantes,24.0,1997.0,2021-2022,FRA
Joris Chotard,7909ffa4,frFRA,MF,Montpellier,19.0,2001.0,2021-2022,FRA
Alexis Claude-Maurice,741418c3,frFRA,"FW,MF",Nice,23.0,1998.0,2021-2022,FRA
Jonathan Clauss,5219ab4a,frFRA,MF,Lens,28.0,1992.0,2021-2022,FRA
Marcus Coco,3010aefb,frFRA,"MF,FW",Nantes,25.0,1996.0,2021-2022,FRA
Abdu Conté,cfa49cc1,ptPOR,"DF,MF",Troyes,23.0,1998.0,2021-2022,FRA
Sébastien Corchia,0e7ccfc4,frFRA,"DF,MF",Nantes,30.0,1990.0,2021-2022,FRA
Maxwel Cornet,beb391dd,ciCIV,DF,Lyon,24.0,1996.0,2021-2022,FRA
David Costa,59948ef7,ptPOR,"MF,FW",Lens,20.0,2001.0,2021-2022,FRA
Benoît Costil,2434f24a,frFRA,GK,Bordeaux,34.0,1987.0,2021-2022,FRA
Kalifa Coulibaly,9980269a,mlMLI,FW,Nantes,29.0,1991.0,2021-2022,FRA
Nicolas Cozza,8f325097,frFRA,DF,Montpellier,22.0,1999.0,2021-2022,FRA
Enzo Crivelli,06f33dc8,frFRA,FW,Saint-Étienne,26.0,1995.0,2021-2022,FRA
Wylan Cyprien,3e092724,frFRA,MF,Nantes,26.0,1995.0,2021-2022,FRA
Lucas Da Cunha,007faf7a,frFRA,MF,Nice,20.0,2001.0,2021-2022,FRA
Lucas Da Cunha,007faf7a,frFRA,"FW,MF",Clermont Foot,20.0,2001.0,2021-2022,FRA
Damien Da Silva,1ec7e1c5,frFRA,DF,Lyon,33.0,1988.0,2021-2022,FRA
Colin Dagba,29c02c9f,frFRA,DF,Paris Saint-Germain,22.0,1998.0,2021-2022,FRA
Flavius Daniliuc,7ef972c3,atAUT,DF,Nice,20.0,2001.0,2021-2022,FRA
Kevin Danso,6e33125f,atAUT,DF,Lens,22.0,1998.0,2021-2022,FRA
Dante,fd2bc67d,brBRA,DF,Nice,37.0,1983.0,2021-2022,FRA
Jonathan David,ce50fd99,caCAN,FW,Lille,21.0,2000.0,2021-2022,FRA
Konrad De La Fuente,4b77bb89,usUSA,"FW,MF",Marseille,20.0,2001.0,2021-2022,FRA
Romain Del Castillo,0be95d34,frFRA,"FW,MF",Rennes,25.0,1996.0,2021-2022,FRA
Romain Del Castillo,0be95d34,frFRA,MF,Brest,25.0,1996.0,2021-2022,FRA
Thomas Delaine,8332db56,frFRA,"MF,DF",Metz,29.0,1992.0,2021-2022,FRA
Sacha Delaye,e4448c8c,frFRA,MF,Montpellier,19.0,2002.0,2021-2022,FRA
Andy Delort,d33c706e,dzALG,FW,Nice,29.0,1991.0,2021-2022,FRA
Andy Delort,d33c706e,dzALG,FW,Montpellier,29.0,1991.0,2021-2022,FRA
Moussa Dembélé,e7986081,frFRA,FW,Lyon,25.0,1996.0,2021-2022,FRA
Jason Denayer,47af88b8,beBEL,DF,Lyon,26.0,1995.0,2021-2022,FRA
Arthur Desmas,e8c5dd4d,frFRA,GK,Clermont Foot,27.0,1994.0,2021-2022,FRA
Ángel Di María,19cda00b,arARG,"FW,MF",Paris Saint-Germain,33.0,1988.0,2021-2022,FRA
Yadaly Diaby,5630a6e0,gnGUI,"FW,MF",Clermont Foot,20.0,2000.0,2021-2022,FRA
Ibrahim Diakité,d8c19a60,gnGUI,DF,Reims,17.0,2003.0,2021-2022,FRA
Abdou Diallo,fc62f087,snSEN,DF,Paris Saint-Germain,25.0,1996.0,2021-2022,FRA
Habib Diallo,6605d143,snSEN,FW,Strasbourg,26.0,1995.0,2021-2022,FRA
Habib Diarra,6d0fe035,snSEN,MF,Strasbourg,17.0,2004.0,2021-2022,FRA
Stéphane Diarra,29939a1d,frFRA,"FW,MF",Lorient,22.0,1998.0,2021-2022,FRA
Krépin Diatta,8104e41e,snSEN,MF,Monaco,22.0,1999.0,2021-2022,FRA
Bamba Dieng,40774c6b,snSEN,"FW,MF",Marseille,21.0,2000.0,2021-2022,FRA
Elhadji Dieye,6a04bb7c,snSEN,FW,Saint-Étienne,19.0,2002.0,2021-2022,FRA
Javairô Dilrosun,34a0f5ff,nlNED,"MF,FW",Bordeaux,23.0,1998.0,2021-2022,FRA
Junior Dina Ebimbe,95bb6ddc,cmCMR,MF,Paris Saint-Germain,20.0,2000.0,2021-2022,FRA
Tristan Dingomé,92b56413,cmCMR,"MF,FW",Troyes,30.0,1991.0,2021-2022,FRA
Sinaly Diomande,6de23ab0,ciCIV,DF,Lyon,20.0,2001.0,2021-2022,FRA
Sofiane Diop,19053e31,maMAR,MF,Monaco,21.0,2000.0,2021-2022,FRA
Andy Diouf,9b5237b1,frFRA,MF,Rennes,18.0,2003.0,2021-2022,FRA
Assane Dioussé,7f622eef,snSEN,MF,Saint-Étienne,23.0,1997.0,2021-2022,FRA
Axel Disasi,ad82197c,frFRA,DF,Monaco,23.0,1998.0,2021-2022,FRA
Tiago Djaló,b2336681,ptPOR,DF,Lille,21.0,2000.0,2021-2022,FRA
Alexander Djiku,43e7a164,ghGHA,DF,Strasbourg,26.0,1994.0,2021-2022,FRA
Bryan Djile Nokoué,75186a6a,cmCMR,DF,Saint-Étienne,19.0,2002.0,2021-2022,FRA
Ouparine Djoco,62124972,gwGNB,GK,Clermont Foot,23.0,1998.0,2021-2022,FRA
Jeremy Doku,fffea3e5,beBEL,"MF,FW",Rennes,19.0,2002.0,2021-2022,FRA
Kasper Dolberg,cc83b74d,dkDEN,FW,Nice,23.0,1997.0,2021-2022,FRA
Brandon Domingues,2a00c6c0,frFRA,MF,Troyes,21.0,2000.0,2021-2022,FRA
Anastasios Donis,0f26fd24,grGRE,"MF,FW",Reims,24.0,1996.0,2021-2022,FRA
Gianluigi Donnarumma,08f5afaa,itITA,GK,Paris Saint-Germain,22.0,1999.0,2021-2022,FRA
Jodel Dossou,a1dbfcb1,bjBEN,"MF,FW",Clermont Foot,29.0,1992.0,2021-2022,FRA
Lohann Doucet,dff0c299,frFRA,MF,Nantes,18.0,2002.0,2021-2022,FRA
Cheick Doucouré,ce4f40c7,mlMLI,MF,Lens,21.0,2000.0,2021-2022,FRA
Fodé Doucouré,1bfe34dc,mlMLI,DF,Reims,20.0,2001.0,2021-2022,FRA
Ismaël Doukouré,0512a60a,frFRA,"DF,MF",Strasbourg,18.0,2003.0,2021-2022,FRA
Kamory Doumbia,9226aa22,mlMLI,MF,Reims,18.0,2003.0,2021-2022,FRA
Moussa Doumbia,6481421d,mlMLI,MF,Reims,26.0,1994.0,2021-2022,FRA
Souleyman Doumbia,9daeac61,ciCIV,"MF,DF",Angers,24.0,1996.0,2021-2022,FRA
Julian Draxler,1a992676,deGER,"FW,MF",Paris Saint-Germain,27.0,1993.0,2021-2022,FRA
Matthieu Dreyer,fbf83734,frFRA,GK,Lorient,32.0,1989.0,2021-2022,FRA
Leo Dubois,ff0ab48c,frFRA,"DF,MF",Lyon,26.0,1994.0,2021-2022,FRA
Jean-Kevin Duverne,0cbc8baa,htHAI,DF,Brest,24.0,1997.0,2021-2022,FRA
Enzo Ebosse,9ba7b4fa,cmCMR,"DF,MF",Angers,22.0,1999.0,2021-2022,FRA
Hugo Ekitike,5b92d896,frFRA,FW,Reims,19.0,2002.0,2021-2022,FRA
Alberth Elis,104b4ad3,hnHON,"FW,MF",Bordeaux,25.0,1996.0,2021-2022,FRA
Renaud Emond,5c9ac7f0,beBEL,"MF,FW",Nantes,29.0,1991.0,2021-2022,FRA
Maxime Estève,1a066e69,frFRA,DF,Montpellier,19.0,2002.0,2021-2022,FRA
Fábio,bc7b4580,brBRA,"DF,MF",Nantes,31.0,1990.0,2021-2022,FRA
Cesc Fàbregas,33508c78,esESP,"FW,MF",Monaco,34.0,1987.0,2021-2022,FRA
Wout Faes,9c221d14,beBEL,DF,Reims,23.0,1998.0,2021-2022,FRA
Romain Faivre,745ca0a3,frFRA,MF,Lyon,23.0,1998.0,2021-2022,FRA
Romain Faivre,745ca0a3,frFRA,MF,Brest,23.0,1998.0,2021-2022,FRA
Wuilker Faríñez,2c127b6f,veVEN,GK,Lens,23.0,1998.0,2021-2022,FRA
Noah Fatar,2693f6bc,frFRA,FW,Angers,19.0,2002.0,2021-2022,FRA
Julien Faussurier,767212e6,frFRA,"MF,DF",Brest,34.0,1987.0,2021-2022,FRA
Jordan Ferri,375622c5,frFRA,MF,Montpellier,29.0,1992.0,2021-2022,FRA
Karol Fila,50ac8941,plPOL,"DF,MF",Strasbourg,23.0,1998.0,2021-2022,FRA
Alexis Flips,caef7840,frFRA,MF,Reims,21.0,2000.0,2021-2022,FRA
Mamadou Fofana,4c4ffacc,mlMLI,"DF,MF",Metz,23.0,1998.0,2021-2022,FRA
Seko Fofana,5313ed43,ciCIV,MF,Lens,26.0,1995.0,2021-2022,FRA
Youssouf Fofana,822d51d7,frFRA,MF,Monaco,22.0,1999.0,2021-2022,FRA
Thomas Foket,90eb507d,beBEL,"MF,DF",Reims,26.0,1994.0,2021-2022,FRA
Thomas Fontaine,9f90c06b,mgMAD,DF,Lorient,30.0,1991.0,2021-2022,FRA
José Fonte,90f87966,ptPOR,DF,Lille,37.0,1983.0,2021-2022,FRA
Steven Fortes,574aa9ec,cvCPV,DF,Lens,29.0,1992.0,2021-2022,FRA
Przemysław Frankowski,00a8d210,plPOL,MF,Lens,26.0,1995.0,2021-2022,FRA
Fransérgio,deba6b05,brBRA,MF,Bordeaux,30.0,1990.0,2021-2022,FRA
Angelo Fulgini,4b96c347,frFRA,"MF,FW",Angers,24.0,1996.0,2021-2022,FRA
Gauthier Gallon,db3164e1,frFRA,GK,Troyes,28.0,1993.0,2021-2022,FRA
Kévin Gameiro,42276181,frFRA,FW,Strasbourg,34.0,1987.0,2021-2022,FRA
Idrissa Gana Gueye,72c812f3,snSEN,MF,Paris Saint-Germain,31.0,1989.0,2021-2022,FRA
Ignatius Ganago,23c63b7f,cmCMR,FW,Lens,22.0,1999.0,2021-2022,FRA
Djeidi Gassama,bbdb2789,frFRA,"FW,MF",Paris Saint-Germain,17.0,2003.0,2021-2022,FRA
Johan Gastien,868eaba0,frFRA,MF,Clermont Foot,33.0,1988.0,2021-2022,FRA
Valère Germain,ea0ff634,frFRA,FW,Montpellier,31.0,1990.0,2021-2022,FRA
Gerson,8827bf46,brBRA,"MF,FW",Marseille,24.0,1997.0,2021-2022,FRA
Willem Geubbels,9836e892,frFRA,"MF,FW",Nantes,19.0,2001.0,2021-2022,FRA
Ismaël Gharbi,5b3cfa12,tnTUN,MF,Paris Saint-Germain,17.0,2004.0,2021-2022,FRA
Lamine Ghezali,ce84946a,frFRA,MF,Saint-Étienne,22.0,1999.0,2021-2022,FRA
Nicholas Gioacchini,79ab7593,usUSA,MF,Montpellier,21.0,2000.0,2021-2022,FRA
Jimmy Giraudon,6ba71da5,frFRA,DF,Troyes,29.0,1992.0,2021-2022,FRA
Andrei Girotto,3befc2b6,brBRA,"DF,MF",Nantes,29.0,1992.0,2021-2022,FRA
Aleksandr Golovin,3708e9fa,ruRUS,MF,Monaco,25.0,1996.0,2021-2022,FRA
Angel Gomes,645a3363,engENG,MF,Lille,20.0,2000.0,2021-2022,FRA
Alfred Gomis,cecbce23,snSEN,GK,Rennes,27.0,1993.0,2021-2022,FRA
Vagner Gonçalves,743fd71f,cvCPV,"FW,MF",Metz,25.0,1996.0,2021-2022,FRA
Álvaro González,42dcf26d,esESP,"DF,MF",Marseille,31.0,1990.0,2021-2022,FRA
Amine Gouiri,aad56ca3,dzALG,"FW,MF",Nice,21.0,2000.0,2021-2022,FRA
Lucas Gourna-Douath,3cd7820a,frFRA,MF,Saint-Étienne,17.0,2003.0,2021-2022,FRA
Jonathan Gradit,06c48679,frFRA,DF,Lens,28.0,1992.0,2021-2022,FRA
Andrew Gravillon,49136c42,gpGLP,DF,Reims,23.0,1998.0,2021-2022,FRA
Adrian Grbić,4a987ffa,atAUT,FW,Lorient,24.0,1996.0,2021-2022,FRA
Ivo Grbić,3f034750,hrCRO,GK,Lille,25.0,1996.0,2021-2022,FRA
Etienne Green,667b65da,engENG,GK,Saint-Étienne,21.0,2000.0,2021-2022,FRA
Gabriel Gudmundsson,d5d22a58,seSWE,"DF,MF",Lille,22.0,1999.0,2021-2022,FRA
Mattéo Guendouzi,5ea8ef20,frFRA,MF,Marseille,22.0,1999.0,2021-2022,FRA
Yanis Guermouche,642f9f79,frFRA,MF,Montpellier,20.0,2001.0,2021-2022,FRA
Evann Guessand,b73f17f8,ciCIV,FW,Nice,20.0,2001.0,2021-2022,FRA
Lamine Gueye,9d5dcc23,snSEN,"MF,FW",Metz,23.0,1998.0,2021-2022,FRA
Pape Gueye,7155e3e1,snSEN,"MF,DF",Marseille,22.0,1999.0,2021-2022,FRA
Josuha Guilavogui,e6c43eec,frFRA,"MF,DF",Bordeaux,30.0,1990.0,2021-2022,FRA
Frederic Guilbert,5d8d7454,frFRA,"DF,MF",Strasbourg,26.0,1994.0,2021-2022,FRA
Bruno Guimarães,82518f62,brBRA,MF,Lyon,23.0,1997.0,2021-2022,FRA
Serhou Guirassy,923f4dda,gnGUI,FW,Rennes,25.0,1996.0,2021-2022,FRA
Malo Gusto,d56b9520,frFRA,"DF,MF",Lyon,18.0,2003.0,2021-2022,FRA
Massadio Haïdara,5167c97e,mlMLI,"MF,DF",Lens,28.0,1992.0,2021-2022,FRA
Oualid El Hajjam,9f29c204,maMAR,DF,Troyes,30.0,1991.0,2021-2022,FRA
Achraf Hakimi,e42d61c7,maMAR,"DF,MF",Paris Saint-Germain,22.0,1998.0,2021-2022,FRA
Pierre-Yves Hamel,a99da9ec,frFRA,FW,Lorient,27.0,1994.0,2021-2022,FRA
Pierre-Yves Hamel,a99da9ec,frFRA,FW,Clermont Foot,27.0,1994.0,2021-2022,FRA
Romain Hamouma,0b4d8274,frFRA,"FW,MF",Saint-Étienne,34.0,1987.0,2021-2022,FRA
Amine Harit,e7d59f4f,maMAR,"MF,FW",Marseille,24.0,1997.0,2021-2022,FRA
Henrique,f28474a4,brBRA,"DF,MF",Lyon,27.0,1994.0,2021-2022,FRA
Luis Henrique,f36d5624,brBRA,"MF,FW",Marseille,19.0,2001.0,2021-2022,FRA
Christophe Hérelle,3681cfff,mqMTQ,DF,Brest,28.0,1992.0,2021-2022,FRA
Jérôme Hergault,a84f9a4b,frFRA,"DF,MF",Lorient,35.0,1986.0,2021-2022,FRA
Ander Herrera,436a9dd0,esESP,MF,Paris Saint-Germain,31.0,1989.0,2021-2022,FRA
Franck Honorat,db7849ca,frFRA,"MF,FW",Brest,24.0,1996.0,2021-2022,FRA
Fraser Hornby,29aee77c,sctSCO,FW,Reims,21.0,1999.0,2021-2022,FRA
Cédric Hountondji,00891164,bjBEN,DF,Clermont Foot,27.0,1994.0,2021-2022,FRA
Suk Hyun-jun,7ffaf233,krKOR,FW,Troyes,30.0,1991.0,2021-2022,FRA
Mauro Icardi,43b78598,arARG,FW,Paris Saint-Germain,28.0,1993.0,2021-2022,FRA
Jonathan Iglesias,639ca1cf,uyURU,MF,Clermont Foot,32.0,1988.0,2021-2022,FRA
Juan Ignacio Ramírez,ad513a6b,uyURU,FW,Saint-Étienne,24.0,1997.0,2021-2022,FRA
Danylo Ihnatenko,65bbfba3,uaUKR,MF,Bordeaux,24.0,1997.0,2021-2022,FRA
Jonathan Ikone,42eaa028,frFRA,"MF,FW",Lille,23.0,1998.0,2021-2022,FRA
Bonke Innocent,546bb36e,ngNGA,MF,Lorient,25.0,1996.0,2021-2022,FRA
Wilson Isidor,a671316d,frFRA,"FW,MF",Monaco,20.0,2000.0,2021-2022,FRA
Ismail Jakobs,a0415710,snSEN,"DF,MF",Monaco,21.0,1999.0,2021-2022,FRA
Marin Jakoliš,96f4ebc0,hrCRO,FW,Angers,24.0,1996.0,2021-2022,FRA
Abdel Jalil Medioub,4937a9f7,dzALG,DF,Bordeaux,23.0,1997.0,2021-2022,FRA
Léo Jardim,f5dfc256,brBRA,GK,Lille,26.0,1995.0,2021-2022,FRA
Corentin Jean,7d9b37bf,frFRA,FW,Lens,26.0,1995.0,2021-2022,FRA
Jemerson,7cab69b5,brBRA,DF,Metz,28.0,1992.0,2021-2022,FRA
Moritz Jenz,ee644761,deGER,DF,Lorient,22.0,1999.0,2021-2022,FRA
Lenny Joseph,d1828392,frFRA,"FW,MF",Metz,20.0,2000.0,2021-2022,FRA
Issa Kaboré,c066d1a5,bfBFA,"DF,MF",Troyes,20.0,2001.0,2021-2022,FRA
Tino Kadewere,7d08063d,zwZIM,"MF,FW",Lyon,25.0,1996.0,2021-2022,FRA
Gaël Kakuta,5b1bf5e3,cdCOD,"MF,FW",Lens,30.0,1991.0,2021-2022,FRA
Arnaud Kalimuendo,bf4c41f9,frFRA,FW,Lens,19.0,2002.0,2021-2022,FRA
Arnaud Kalimuendo,bf4c41f9,frFRA,FW,Paris Saint-Germain,19.0,2002.0,2021-2022,FRA
Samuel Kalu,b8d22478,ngNGA,"MF,FW",Bordeaux,23.0,1997.0,2021-2022,FRA
Boubacar Kamara,cc77354e,frFRA,"MF,DF",Marseille,21.0,1999.0,2021-2022,FRA
Hassane Kamara,19a12bed,ciCIV,"MF,DF",Nice,27.0,1994.0,2021-2022,FRA
Jean-Armel Kana-Biyik,76a4233b,cmCMR,DF,Metz,32.0,1989.0,2021-2022,FRA
Nordine Kandil,c5908bc4,frFRA,MF,Strasbourg,19.0,2001.0,2021-2022,FRA
Eiji Kawashima,a4527d33,jpJPN,GK,Strasbourg,38.0,1983.0,2021-2022,FRA
Ilan Kebbal,37d04e90,dzALG,"MF,FW",Reims,23.0,1998.0,2021-2022,FRA
Thilo Kehrer,51dbeea9,deGER,DF,Paris Saint-Germain,24.0,1996.0,2021-2022,FRA
Habib Keita,cc588cbe,mlMLI,MF,Lyon,19.0,2002.0,2021-2022,FRA
Saîf-Eddine Khaoui,796b1c41,tnTUN,"MF,FW",Clermont Foot,26.0,1995.0,2021-2022,FRA
Wahbi Khazri,2677a1de,tnTUN,"FW,MF",Saint-Étienne,30.0,1991.0,2021-2022,FRA
Presnel Kimpembe,aef6e670,frFRA,DF,Paris Saint-Germain,25.0,1995.0,2021-2022,FRA
Thibault Klidje,db013c7d,tgTOG,FW,Bordeaux,20.0,2001.0,2021-2022,FRA
Justin Kluivert,4c3a6744,nlNED,MF,Nice,22.0,1999.0,2021-2022,FRA
Samuel Koeberlé,6751b938,frFRA,MF,Reims,16.0,2004.0,2021-2022,FRA
Philippe Koffi,9f1c2822,ciCIV,FW,Reims,19.0,2002.0,2021-2022,FRA
Sead Kolašinac,3935e52e,baBIH,DF,Marseille,28.0,1993.0,2021-2022,FRA
Randal Kolo Muani,c0b3669f,frFRA,"FW,MF",Nantes,22.0,1998.0,2021-2022,FRA
Timothée Kolodziejczak,ab096c6f,frFRA,"DF,MF",Saint-Étienne,29.0,1991.0,2021-2022,FRA
Ghislain Konan,6b2c894b,ciCIV,"MF,DF",Reims,25.0,1995.0,2021-2022,FRA
Ibrahima Koné,04bb2b06,mlMLI,FW,Lorient,22.0,1999.0,2021-2022,FRA
Youssouf Koné,e6eadfb8,mlMLI,"DF,MF",Troyes,26.0,1995.0,2021-2022,FRA
Laurent Koscielny,f5efb153,frFRA,DF,Bordeaux,35.0,1985.0,2021-2022,FRA
Rominigue Kouamé,86a2ba20,mlMLI,MF,Troyes,24.0,1996.0,2021-2022,FRA
Boubakar Kouyaté,562a4799,mlMLI,DF,Metz,24.0,1997.0,2021-2022,FRA
Jean-Philippe Krasso,037f2523,ciCIV,FW,Saint-Étienne,24.0,1997.0,2021-2022,FRA
Mykola Kukharevych,8197a269,uaUKR,FW,Troyes,20.0,2001.0,2021-2022,FRA
Enock Kwateng,4bf69118,frFRA,"DF,MF",Bordeaux,24.0,1997.0,2021-2022,FRA
Grejohn Kyei,397ba086,frFRA,FW,Clermont Foot,25.0,1995.0,2021-2022,FRA
Gaëtan Laborde,7cdda3bf,frFRA,MF,Montpellier,27.0,1994.0,2021-2022,FRA
Gaëtan Laborde,7cdda3bf,frFRA,FW,Rennes,27.0,1994.0,2021-2022,FRA
Tom Lacoux,295ba708,frFRA,MF,Bordeaux,19.0,2002.0,2021-2022,FRA
Lenny Lacroix,5413ef36,frFRA,DF,Metz,18.0,2003.0,2021-2022,FRA
Alban Lafont,4e7db402,ciCIV,GK,Nantes,22.0,1999.0,2021-2022,FRA
Mohamed Lamine Bayo,01870104,gnGUI,FW,Clermont Foot,23.0,1998.0,2021-2022,FRA
Didier Lamkel Zé,b229aa13,cmCMR,FW,Metz,24.0,1996.0,2021-2022,FRA
Julien Laporte,f066022d,frFRA,DF,Lorient,27.0,1993.0,2021-2022,FRA
Yasser Larouci,0ed063d6,dzALG,DF,Troyes,20.0,2001.0,2021-2022,FRA
Paul Lasne,542cc80f,frFRA,MF,Brest,32.0,1989.0,2021-2022,FRA
Armand Lauriente,2d22cea7,frFRA,"FW,MF",Lorient,22.0,1998.0,2021-2022,FRA
Théo Le Bris,afe39ca8,frFRA,MF,Lorient,18.0,2002.0,2021-2022,FRA
Jérémy Le Douaron,88c4d190,frFRA,"FW,MF",Brest,23.0,1998.0,2021-2022,FRA
Enzo Le Fée,6f806d99,frFRA,"MF,FW",Lorient,21.0,2000.0,2021-2022,FRA
Vincent Le Goff,2321ea6e,frFRA,"DF,MF",Lorient,31.0,1989.0,2021-2022,FRA
Maxime Le Marchand,321a71a7,frFRA,DF,Strasbourg,31.0,1989.0,2021-2022,FRA
Jean-Louis Leca,edbe46dc,frFRA,GK,Lens,35.0,1985.0,2021-2022,FRA
Félix Lemaréchal,8ca9415f,frFRA,MF,Monaco,17.0,2003.0,2021-2022,FRA
Mario Lemina,2b471f99,gaGAB,MF,Nice,27.0,1993.0,2021-2022,FRA
Fabien Lemoine,54d51e22,frFRA,MF,Lorient,34.0,1987.0,2021-2022,FRA
Léo Leroy,fcc84a07,frFRA,MF,Montpellier,21.0,2000.0,2021-2022,FRA
Alexandre Letellier,96fcd380,frFRA,GK,Paris Saint-Germain,30.0,1990.0,2021-2022,FRA
Yanis Lhery,cc972842,frFRA,FW,Saint-Étienne,18.0,2003.0,2021-2022,FRA
Dimitri Liénard,f7691f63,frFRA,"DF,MF",Strasbourg,33.0,1988.0,2021-2022,FRA
Isaac Lihadji,57a46f3f,frFRA,MF,Lille,19.0,2002.0,2021-2022,FRA
Pol Lirola,ff800ed8,esESP,"DF,MF",Marseille,23.0,1997.0,2021-2022,FRA
Bradley Locko,40221fa7,frFRA,"MF,DF",Reims,19.0,2002.0,2021-2022,FRA
Anthony Lopes,f00de885,ptPOR,GK,Lyon,30.0,1990.0,2021-2022,FRA
Pau López,20b9f052,esESP,GK,Marseille,26.0,1994.0,2021-2022,FRA
Dion Lopy,64c14d49,snSEN,MF,Reims,19.0,2002.0,2021-2022,FRA
Samuel Loric,9004f318,frFRA,MF,Lorient,21.0,2000.0,2021-2022,FRA
Jordan Lotomba,fc4cf6a7,chSUI,DF,Nice,22.0,1998.0,2021-2022,FRA
Johaneko Louisjean,9af3613f,frFRA,DF,Bordeaux,17.0,2004.0,2021-2022,FRA
Jean Lucas,a99138af,brBRA,MF,Monaco,23.0,1998.0,2021-2022,FRA
Castello Lukeba,5b9512c5,frFRA,DF,Lyon,18.0,2002.0,2021-2022,FRA
Levi Lumeka,199ff86e,engENG,MF,Troyes,22.0,1998.0,2021-2022,FRA
Deiver Machado,b3f8bdef,coCOL,MF,Lens,27.0,1993.0,2021-2022,FRA
Yvann Macon,0bb6e193,frFRA,"DF,MF",Saint-Étienne,22.0,1998.0,2021-2022,FRA
Louis Mafouta,bec3d251,cfCTA,FW,Metz,27.0,1994.0,2021-2022,FRA
Hugo Magnetti,d4d35152,frFRA,MF,Brest,23.0,1998.0,2021-2022,FRA
Yohann Magnin,caa7aaea,frFRA,"MF,DF",Clermont Foot,24.0,1997.0,2021-2022,FRA
Habib Maïga,e768de1f,ciCIV,MF,Metz,25.0,1996.0,2021-2022,FRA
Josh Maja,bc0bfc64,ngNGA,FW,Bordeaux,22.0,1998.0,2021-2022,FRA
Abdul Majeed Waris,46907171,ghGHA,"MF,FW",Strasbourg,29.0,1991.0,2021-2022,FRA
Lovro Majer,fc46aab1,hrCRO,MF,Rennes,23.0,1998.0,2021-2022,FRA
Béni Makouana,654f49ca,cgCGO,FW,Montpellier,18.0,2002.0,2021-2022,FRA
Hianga Mananga Mbock,0f86995c,frFRA,MF,Brest,21.0,1999.0,2021-2022,FRA
Vincent Manceau,c26a3918,frFRA,DF,Angers,32.0,1989.0,2021-2022,FRA
Steve Mandanda,1d2d5cc8,frFRA,GK,Marseille,36.0,1985.0,2021-2022,FRA
Reinildo Mandava,c20bdcd7,mzMOZ,DF,Lille,27.0,1994.0,2021-2022,FRA
Anthony Mandrea,f7d3a773,dzALG,GK,Angers,24.0,1996.0,2021-2022,FRA
Eliaquim Mangala,f520049f,frFRA,DF,Saint-Étienne,30.0,1991.0,2021-2022,FRA
Thomas Mangani,c801616a,frFRA,MF,Angers,34.0,1987.0,2021-2022,FRA
Ricardo Mangas,eef2d8ce,ptPOR,"DF,MF",Bordeaux,23.0,1998.0,2021-2022,FRA
Myziane Maolida,706a60e1,kmCOM,"FW,MF",Nice,22.0,1999.0,2021-2022,FRA
Sekou Mara,3544641e,frFRA,FW,Bordeaux,19.0,2002.0,2021-2022,FRA
Marcelo,e3d0b0c4,brBRA,DF,Bordeaux,34.0,1987.0,2021-2022,FRA
Marcelo,e3d0b0c4,brBRA,DF,Lyon,34.0,1987.0,2021-2022,FRA
Guillermo Maripán,d9764034,clCHI,DF,Monaco,27.0,1994.0,2021-2022,FRA
Marquinhos,d5f2f82b,brBRA,DF,Paris Saint-Germain,27.0,1994.0,2021-2022,FRA
Jonas Martin,468fdbad,frFRA,MF,Rennes,31.0,1990.0,2021-2022,FRA
Gelson Martins,3ef0fa48,ptPOR,MF,Monaco,26.0,1995.0,2021-2022,FRA
Pape Matar Sarr,feb5d972,snSEN,MF,Metz,18.0,2002.0,2021-2022,FRA
Eliot Matazo,15944afd,beBEL,MF,Monaco,19.0,2002.0,2021-2022,FRA
Chrislain Matsima,cf1ef7ec,frFRA,DF,Monaco,19.0,2002.0,2021-2022,FRA
Azor Matusiwa,a17a94d6,nlNED,MF,Reims,23.0,1998.0,2021-2022,FRA
Stephy Mavididi,30144daa,engENG,"MF,FW",Montpellier,23.0,1998.0,2021-2022,FRA
Derek Mazou-Sacko,810edef9,frFRA,MF,Troyes,16.0,2004.0,2021-2022,FRA
Kylian Mbappé,42fd9c7f,frFRA,FW,Paris Saint-Germain,22.0,1998.0,2021-2022,FRA
Yannis Mbemba,080de72a,gaGAB,DF,Nantes,20.0,2001.0,2021-2022,FRA
Amadou Mbengue,14d2670e,snSEN,DF,Metz,19.0,2002.0,2021-2022,FRA
Jason Mbock,890bc029,frFRA,FW,Angers,21.0,1999.0,2021-2022,FRA
Moustapha Mbow,3f3a2cba,snSEN,DF,Reims,21.0,2000.0,2021-2022,FRA
Nathanael Mbuku,46750e9c,cdCOD,"FW,MF",Reims,19.0,2002.0,2021-2022,FRA
Facundo Medina,6f5ec8bb,arARG,DF,Lens,22.0,1999.0,2021-2022,FRA
Farid El Melali,d21e361a,dzALG,MF,Angers,24.0,1997.0,2021-2022,FRA
Birger Meling,70c52749,noNOR,DF,Rennes,26.0,1994.0,2021-2022,FRA
Houboulang Mendes,1545cf15,gwGNB,DF,Lorient,23.0,1998.0,2021-2022,FRA
Nuno Mendes,f20e4cc9,ptPOR,DF,Paris Saint-Germain,19.0,2002.0,2021-2022,FRA
Pedro Mendes,6690ef25,ptPOR,DF,Montpellier,30.0,1990.0,2021-2022,FRA
Thiago Mendes,c6e5d20f,brBRA,"MF,DF",Lyon,29.0,1992.0,2021-2022,FRA
Arial Mendy,9f0f4b49,snSEN,"DF,MF",Clermont Foot,26.0,1994.0,2021-2022,FRA
Batista Mendy,e472a6f6,frFRA,"MF,DF",Angers,21.0,2000.0,2021-2022,FRA
Gideon Mensah,9bdd8118,ghGHA,"DF,MF",Bordeaux,23.0,1998.0,2021-2022,FRA
Quentin Merlin,0bfca6a1,frFRA,"DF,MF",Nantes,19.0,2002.0,2021-2022,FRA
Lionel Messi,d70ce98e,arARG,"FW,MF",Paris Saint-Germain,34.0,1987.0,2021-2022,FRA
Mexer,ce492295,mzMOZ,DF,Bordeaux,32.0,1988.0,2021-2022,FRA
Edouard Michut,fe6c1add,frFRA,MF,Paris Saint-Germain,18.0,2003.0,2021-2022,FRA
Georges Mikautadze,4788cb6b,geGEO,FW,Metz,20.0,2000.0,2021-2022,FRA
William Mikelbrencis,14df1d7f,frFRA,"MF,DF",Metz,17.0,2004.0,2021-2022,FRA
Arkadiusz Milik,85613cf0,plPOL,"FW,MF",Marseille,27.0,1994.0,2021-2022,FRA
Terem Moffi,065dc209,ngNGA,FW,Lorient,22.0,1999.0,2021-2022,FRA
Florent Mollet,7e82a78f,frFRA,MF,Montpellier,29.0,1991.0,2021-2022,FRA
Thomas Monconduit,84d94b91,frFRA,MF,Lorient,30.0,1991.0,2021-2022,FRA
Jérémy Morel,e97150c0,mgMAD,DF,Lorient,37.0,1984.0,2021-2022,FRA
Lebo Mothiba,3eaf8817,zaRSA,"MF,FW",Troyes,25.0,1996.0,2021-2022,FRA
Lebo Mothiba,3eaf8817,zaRSA,FW,Strasbourg,25.0,1996.0,2021-2022,FRA
Baptiste Mouazan,81ac108d,frFRA,MF,Lorient,19.0,2001.0,2021-2022,FRA
Aimen Moueffek,2591b066,frFRA,"MF,FW",Saint-Étienne,20.0,2001.0,2021-2022,FRA
Harold Moukoudi,5f26e0c5,cmCMR,DF,Saint-Étienne,23.0,1997.0,2021-2022,FRA
Jessy Moulin,28a65a2c,frFRA,GK,Troyes,35.0,1986.0,2021-2022,FRA
Steve Mounié,19ba6c6d,bjBEN,FW,Brest,26.0,1994.0,2021-2022,FRA
Samuel Moutoussamy,af0c835b,cdCOD,MF,Nantes,24.0,1996.0,2021-2022,FRA
Marshall Munetsi,2acf0cd7,zwZIM,"MF,DF",Reims,25.0,1996.0,2021-2022,FRA
Junior Mwanga,ee158be5,frFRA,DF,Bordeaux,18.0,2003.0,2021-2022,FRA
Kévin N'Doram,e50623a0,frFRA,MF,Metz,25.0,1996.0,2021-2022,FRA
Eric N'Jo,b85e57bb,frFRA,DF,Troyes,17.0,2004.0,2021-2022,FRA
Vital N'Simba,249ac66d,cdCOD,DF,Clermont Foot,28.0,1993.0,2021-2022,FRA
Mickael Nade,a6b6fa6e,frFRA,DF,Saint-Étienne,22.0,1999.0,2021-2022,FRA
Guédé Nadje,94b442c0,frFRA,FW,Angers,17.0,2003.0,2021-2022,FRA
Paul Nardi,2d70dbe5,frFRA,GK,Lorient,27.0,1994.0,2021-2022,FRA
Keylor Navas,ecada4fc,crCRC,GK,Paris Saint-Germain,34.0,1986.0,2021-2022,FRA
Papa Ndiaga Yade,87e9c7cd,mrMTN,"MF,FW",Metz,21.0,2000.0,2021-2022,FRA
Tanguy Ndombele,5cdddffa,frFRA,MF,Lyon,24.0,1996.0,2021-2022,FRA
Dan Ndoye,8e697a8f,chSUI,FW,Nice,20.0,2000.0,2021-2022,FRA
Neymar,69384e5d,brBRA,"FW,MF",Paris Saint-Germain,29.0,1992.0,2021-2022,FRA
Yvan Neyou,0ad37003,cmCMR,MF,Saint-Étienne,24.0,1997.0,2021-2022,FRA
Opa Nguette,75a63397,snSEN,"MF,FW",Metz,27.0,1994.0,2021-2022,FRA
Sikou Niakaté,8eef18aa,mlMLI,DF,Metz,22.0,1999.0,2021-2022,FRA
Ibrahima Niane,46faabfa,snSEN,FW,Metz,22.0,1999.0,2021-2022,FRA
M'Baye Niang,2054d037,snSEN,FW,Bordeaux,26.0,1994.0,2021-2022,FRA
Cheikh Niasse,ff20acfe,snSEN,MF,Lille,21.0,2000.0,2021-2022,FRA
Casimir Ninga,91f2da4c,tdCHA,FW,Angers,28.0,1993.0,2021-2022,FRA
Arnaud Nordin,7b9a9e25,frFRA,"MF,FW",Saint-Étienne,23.0,1998.0,2021-2022,FRA
Alexander Nübel,afb0c500,deGER,GK,Monaco,24.0,1996.0,2021-2022,FRA
Gerzino Nyamsi,6043997c,cmCMR,DF,Strasbourg,24.0,1997.0,2021-2022,FRA
Florent Ogier,6993927b,frFRA,DF,Clermont Foot,32.0,1989.0,2021-2022,FRA
Warmed Omari,4534a352,kmCOM,DF,Rennes,21.0,2000.0,2021-2022,FRA
Jonas Omlin,c631f952,chSUI,GK,Montpellier,27.0,1994.0,2021-2022,FRA
Amadou Onana,828657ff,beBEL,MF,Lille,19.0,2001.0,2021-2022,FRA
Jean Onana,b5bb8188,cmCMR,MF,Bordeaux,21.0,2000.0,2021-2022,FRA
Otávio,243f4a0b,brBRA,MF,Bordeaux,27.0,1994.0,2021-2022,FRA
Dango Ouattara,2f9e4435,bfBFA,"MF,FW",Lorient,19.0,2002.0,2021-2022,FRA
Remi Oudin,ea02beaf,frFRA,"MF,FW",Bordeaux,24.0,1996.0,2021-2022,FRA
Alexandre Oukidja,ae7d0ecd,dzALG,GK,Metz,33.0,1988.0,2021-2022,FRA
Azzedine Ounahi,83299cc0,maMAR,MF,Angers,21.0,2000.0,2021-2022,FRA
Ambroise Oyongo,e3e05edf,cmCMR,"DF,MF",Montpellier,30.0,1991.0,2021-2022,FRA
Vincent Pajot,f86ca403,frFRA,MF,Metz,30.0,1990.0,2021-2022,FRA
Nicolas Pallois,779847d6,frFRA,DF,Nantes,33.0,1987.0,2021-2022,FRA
Erik Palmer-Brown,e5c1e0ca,usUSA,DF,Troyes,24.0,1997.0,2021-2022,FRA
Emerson Palmieri,e0bc6fdc,itITA,"DF,MF",Lyon,26.0,1994.0,2021-2022,FRA
Lucas Paquetá,9b6f7fd5,brBRA,"MF,FW",Lyon,23.0,1997.0,2021-2022,FRA
Rubén Pardo,2306bfde,esESP,MF,Bordeaux,28.0,1992.0,2021-2022,FRA
Leandro Paredes,dff153a4,arARG,MF,Paris Saint-Germain,27.0,1994.0,2021-2022,FRA
Strahinja Pavlović,25146df0,rsSRB,DF,Monaco,20.0,2001.0,2021-2022,FRA
Dimitri Payet,58ae47b2,frFRA,"FW,MF",Marseille,34.0,1987.0,2021-2022,FRA
Timothee Pembele,f8ce97ca,frFRA,"DF,MF",Bordeaux,18.0,2002.0,2021-2022,FRA
Brayann Pereira,5c42e7ce,frFRA,DF,Lens,18.0,2003.0,2021-2022,FRA
Danilo Pereira,8fd9996f,ptPOR,MF,Paris Saint-Germain,29.0,1991.0,2021-2022,FRA
Mathias Pereira Lage,8846a40f,ptPOR,"MF,DF",Angers,24.0,1996.0,2021-2022,FRA
Luan Peres Petroni,a5549ec1,brBRA,DF,Marseille,27.0,1994.0,2021-2022,FRA
Lucas Perrin,49070d66,frFRA,DF,Strasbourg,22.0,1998.0,2021-2022,FRA
Danijel Petković,b98cea65,meMNE,GK,Angers,28.0,1993.0,2021-2022,FRA
Léo Pétrot,00638016,frFRA,DF,Lorient,24.0,1997.0,2021-2022,FRA
Romain Philippoteaux,f98b15f0,frFRA,"FW,MF",Brest,33.0,1988.0,2021-2022,FRA
Jérôme Phojo,ff44d058,frFRA,DF,Clermont Foot,28.0,1993.0,2021-2022,FRA
Jérémy Pied,a634b9d2,frFRA,"DF,FW",Lille,32.0,1989.0,2021-2022,FRA
Ronaël Pierre-Gabriel,64ba07c0,frFRA,DF,Brest,23.0,1998.0,2021-2022,FRA
Julian Pollersbeck,d6f6ce93,deGER,GK,Lyon,26.0,1994.0,2021-2022,FRA
Gaëtan Poussin,c252c705,frFRA,GK,Bordeaux,22.0,1999.0,2021-2022,FRA
Sanjin Prcić,51c30111,baBIH,MF,Strasbourg,27.0,1993.0,2021-2022,FRA
Nicolas de Préville,b0547a87,frFRA,"FW,MF",Metz,30.0,1991.0,2021-2022,FRA
Nemanja Radonjić,0630eb63,rsSRB,"FW,MF",Marseille,25.0,1996.0,2021-2022,FRA
Rafinha,0c2ac3cb,brBRA,"FW,MF",Paris Saint-Germain,28.0,1993.0,2021-2022,FRA
Predrag Rajković,58ad9383,rsSRB,GK,Reims,25.0,1995.0,2021-2022,FRA
Adil Rami,8dbff17c,frFRA,DF,Troyes,35.0,1985.0,2021-2022,FRA
Sergio Ramos,08511d65,esESP,DF,Paris Saint-Germain,35.0,1986.0,2021-2022,FRA
Elba Rashani,25749008,xkKVX,"MF,FW",Clermont Foot,28.0,1993.0,2021-2022,FRA
Jeff Reine-Adélaïde,d504b3e1,frFRA,MF,Lyon,23.0,1998.0,2021-2022,FRA
Tiago Ribeiro,507d7569,ptPOR,MF,Monaco,19.0,2002.0,2021-2022,FRA
Sergio Rico,5f0241b2,esESP,GK,Paris Saint-Germain,27.0,1993.0,2021-2022,FRA
Renaud Ripart,beae3a73,frFRA,"MF,FW",Troyes,28.0,1993.0,2021-2022,FRA
Mihailo Ristić,ea0aa7e0,rsSRB,DF,Montpellier,25.0,1995.0,2021-2022,FRA
Maxence Rivera,46a7b605,frFRA,MF,Saint-Étienne,19.0,2002.0,2021-2022,FRA
Patrick Roberts,59d93937,engENG,"FW,MF",Troyes,24.0,1997.0,2021-2022,FRA
Stian Rode Gregersen,5f011e05,noNOR,DF,Bordeaux,26.0,1995.0,2021-2022,FRA
Gerson Rodrigues,3814b753,luLUX,"FW,MF",Troyes,26.0,1995.0,2021-2022,FRA
Valentin Rongier,ed45c4a5,frFRA,"DF,MF",Marseille,26.0,1994.0,2021-2022,FRA
Pablo Rosario,1a6b7ea4,doDOM,MF,Nice,24.0,1997.0,2021-2022,FRA
Roli Pereira de Sa,60f58477,frFRA,MF,Nantes,24.0,1996.0,2021-2022,FRA
Mathys Saban,7d9f3d69,frFRA,MF,Saint-Étienne,19.0,2002.0,2021-2022,FRA
Falaye Sacko,6388e356,mlMLI,DF,Saint-Étienne,26.0,1995.0,2021-2022,FRA
Moïse Sahi Dion,cdc4458b,ciCIV,FW,Strasbourg,19.0,2001.0,2021-2022,FRA
Rafiki Said,c2e5f306,kmCOM,"FW,MF",Brest,21.0,2000.0,2021-2022,FRA
Wesley Saïd,90fcf472,frFRA,"FW,MF",Lens,26.0,1995.0,2021-2022,FRA
Mamadou Sakho,87935cf3,frFRA,DF,Montpellier,31.0,1990.0,2021-2022,FRA
Bakary Sako,381d7d54,mlMLI,FW,Saint-Étienne,33.0,1988.0,2021-2022,FRA
William Saliba,972aeb2a,frFRA,"DF,MF",Marseille,20.0,2001.0,2021-2022,FRA
Romain Salin,74733221,frFRA,GK,Rennes,37.0,1984.0,2021-2022,FRA
Yoann Salmier,c3725db2,gfGUF,DF,Troyes,28.0,1992.0,2021-2022,FRA
Mama Samba Baldé,fb14aa28,gwGNB,"MF,FW",Troyes,25.0,1995.0,2021-2022,FRA
Junior Sambia,24eb7ed6,frFRA,"DF,MF",Montpellier,24.0,1996.0,2021-2022,FRA
Renato Sanches,032f894e,ptPOR,"MF,FW",Lille,23.0,1997.0,2021-2022,FRA
Philippe Sandler,60740e70,nlNED,DF,Troyes,24.0,1997.0,2021-2022,FRA
Baptiste Santamaria,5e22e2a4,frFRA,"MF,DF",Rennes,26.0,1995.0,2021-2022,FRA
Pablo Sarabia,9744ff80,esESP,"FW,MF",Paris Saint-Germain,29.0,1992.0,2021-2022,FRA
Martin Satriano,86383d0e,uyURU,FW,Brest,20.0,2001.0,2021-2022,FRA
Téji Savanier,6bde367b,frFRA,MF,Montpellier,29.0,1991.0,2021-2022,FRA
Morgan Schneiderlin,51b41c5c,frFRA,MF,Nice,31.0,1989.0,2021-2022,FRA
Alidu Seidu,cea59f02,ghGHA,DF,Clermont Foot,21.0,2000.0,2021-2022,FRA
Matz Sels,834b5c4c,beBEL,GK,Strasbourg,29.0,1992.0,2021-2022,FRA
Xherdan Shaqiri,6421ec64,chSUI,MF,Lyon,29.0,1991.0,2021-2022,FRA
Mahame Siby,6d075c67,mlMLI,MF,Strasbourg,25.0,1996.0,2021-2022,FRA
Aboubakar Sidibé,ae5b93a0,frFRA,FW,Clermont Foot,25.0,1996.0,2021-2022,FRA
Djibril Sidibé,4c5b714f,frFRA,DF,Monaco,29.0,1992.0,2021-2022,FRA
Kaj Sierhuis,9c2b1f11,nlNED,FW,Reims,23.0,1998.0,2021-2022,FRA
Caio Henrique Oliveira Silva,30af8b93,brBRA,"DF,MF",Monaco,24.0,1997.0,2021-2022,FRA
Gabriel Silva,4914ed4a,brBRA,"DF,MF",Saint-Étienne,30.0,1991.0,2021-2022,FRA
Moses Simon,5f3eaaf5,ngNGA,"MF,FW",Nantes,26.0,1995.0,2021-2022,FRA
Xavi Simons,da4d670f,nlNED,FW,Paris Saint-Germain,18.0,2003.0,2021-2022,FRA
Issouf Sissokho,792a9d41,mlMLI,MF,Bordeaux,19.0,2002.0,2021-2022,FRA
Ibrahima Sissoko,0f8418aa,mlMLI,"MF,DF",Strasbourg,23.0,1997.0,2021-2022,FRA
Nelson Sissoko,12bd0579,frFRA,DF,Saint-Étienne,24.0,1997.0,2021-2022,FRA
Sambou Sissoko,e4bb1f08,frFRA,MF,Reims,22.0,1999.0,2021-2022,FRA
Islam Slimani,ffec9769,dzALG,FW,Lyon,33.0,1988.0,2021-2022,FRA
Florian Sotoca,7a42d0df,frFRA,"FW,MF",Lens,30.0,1990.0,2021-2022,FRA
Sambou Soumano,7cc00776,snSEN,FW,Lorient,20.0,2001.0,2021-2022,FRA
Arnaud Souquet,4e0afc5d,frFRA,DF,Montpellier,29.0,1992.0,2021-2022,FRA
Saidou Sow,f6b94e8d,gnGUI,DF,Saint-Étienne,19.0,2002.0,2021-2022,FRA
Calvin Stengs,8f7e6783,nlNED,MF,Nice,22.0,1998.0,2021-2022,FRA
Kamaldeen Sulemana,a62f8bf1,ghGHA,"MF,FW",Rennes,19.0,2002.0,2021-2022,FRA
Abdoulaye Sylla,2aeb43f1,gnGUI,DF,Nantes,21.0,2000.0,2021-2022,FRA
Waniss Taibi,95192fe4,frFRA,MF,Angers,19.0,2002.0,2021-2022,FRA
Flavien Tait,a0f9b535,frFRA,MF,Rennes,28.0,1993.0,2021-2022,FRA
Florian Tardieu,ed39121c,frFRA,MF,Troyes,29.0,1992.0,2021-2022,FRA
Oussama Targhalline,abd56820,maMAR,MF,Marseille,19.0,2002.0,2021-2022,FRA
Loum Tchaouna,a3c8b4d3,frFRA,"FW,MF",Rennes,17.0,2003.0,2021-2022,FRA
Enzo Tchato,7f783431,cmCMR,DF,Montpellier,18.0,2002.0,2021-2022,FRA
Warren Tchimbembé,93b8f9f4,cgCGO,MF,Metz,23.0,1998.0,2021-2022,FRA
Aurélien Tchouaméni,4f255115,frFRA,MF,Monaco,21.0,2000.0,2021-2022,FRA
Mathys Tel,829aa60c,frFRA,FW,Rennes,16.0,2005.0,2021-2022,FRA
Jordan Tell,4f093689,gpGLP,FW,Clermont Foot,24.0,1997.0,2021-2022,FRA
Martin Terrier,5148dcc5,frFRA,"FW,MF",Rennes,24.0,1997.0,2021-2022,FRA
Tetê,7120a04d,brBRA,"FW,MF",Lyon,21.0,2000.0,2021-2022,FRA
Sada Thioub,f4bc42b1,snSEN,"FW,MF",Angers,26.0,1995.0,2021-2022,FRA
Sada Thioub,f4bc42b1,snSEN,MF,Saint-Étienne,26.0,1995.0,2021-2022,FRA
Romain Thomas,275e2c51,frFRA,DF,Angers,33.0,1988.0,2021-2022,FRA
Adrien Thomasson,c76b7567,frFRA,MF,Strasbourg,27.0,1993.0,2021-2022,FRA
Matheus Thuler,db23d9fc,brBRA,DF,Montpellier,22.0,1999.0,2021-2022,FRA
Khéphren Thuram,7d9397f8,frFRA,MF,Nice,20.0,2001.0,2021-2022,FRA
Cheikh Tidiane Sabaly,9ddf7fae,snSEN,FW,Metz,22.0,1999.0,2021-2022,FRA
Jean-Clair Todibo,88f130ed,frFRA,DF,Nice,21.0,1999.0,2021-2022,FRA
Karl Toko Ekambi,5ceba7fc,cmCMR,"MF,FW",Lyon,28.0,1992.0,2021-2022,FRA
Yoann Touzghar,4e47507a,tnTUN,FW,Troyes,34.0,1986.0,2021-2022,FRA
Amadou Traore,4eb0686f,frFRA,FW,Bordeaux,19.0,2002.0,2021-2022,FRA
Boubacar Traoré,999ceb5f,mlMLI,MF,Metz,19.0,2001.0,2021-2022,FRA
Charles Traore,de488e56,mlMLI,DF,Nantes,29.0,1992.0,2021-2022,FRA
Hamari Traoré,a4b1028a,mlMLI,DF,Rennes,29.0,1992.0,2021-2022,FRA
Ismaël Traoré,b666421b,ciCIV,DF,Angers,34.0,1986.0,2021-2022,FRA
Miguel Trauco,e4b72e34,pePER,"DF,MF",Saint-Étienne,28.0,1992.0,2021-2022,FRA
Adrien Truffert,5d0e0a1f,frFRA,DF,Rennes,19.0,2001.0,2021-2022,FRA
Matthieu Udol,cc41f558,frFRA,DF,Metz,25.0,1996.0,2021-2022,FRA
Ike Ugbo,8a53d24b,caCAN,FW,Troyes,22.0,1998.0,2021-2022,FRA
Lesley Ugochukwu,1df4a109,frFRA,MF,Rennes,17.0,2004.0,2021-2022,FRA
Hwang Ui-jo,a2d873dd,krKOR,FW,Bordeaux,28.0,1992.0,2021-2022,FRA
Cengiz Ünder,1880614f,trTUR,"FW,MF",Marseille,24.0,1997.0,2021-2022,FRA
Jere Uronen,d75f3980,fiFIN,"DF,MF",Brest,27.0,1994.0,2021-2022,FRA
Vanderson,ee45fd85,brBRA,"MF,DF",Monaco,20.0,2001.0,2021-2022,FRA
Jonathan Varane,4ade359f,mqMTQ,MF,Lens,19.0,2001.0,2021-2022,FRA
Marco Verratti,1467af0d,itITA,MF,Paris Saint-Germain,28.0,1992.0,2021-2022,FRA
Kevin Volland,64f69877,deGER,"MF,FW",Monaco,29.0,1992.0,2021-2022,FRA
Elye Wahi,0d7b6576,frFRA,"FW,MF",Montpellier,18.0,2003.0,2021-2022,FRA
Timothy Weah,8eec784d,usUSA,"MF,FW",Lille,21.0,2000.0,2021-2022,FRA
Georginio Wijnaldum,eb58eef0,nlNED,"MF,FW",Paris Saint-Germain,30.0,1990.0,2021-2022,FRA
Christopher Wooh,b003239d,cmCMR,DF,Lens,19.0,2001.0,2021-2022,FRA
Xeka,f3600c02,ptPOR,MF,Lille,26.0,1994.0,2021-2022,FRA
Sekou Yansané,bce37ac0,frFRA,FW,Paris Saint-Germain,18.0,2003.0,2021-2022,FRA
Yusuf Yazıcı,f5c8b425,trTUR,"MF,FW",Lille,24.0,1997.0,2021-2022,FRA
Burak Yılmaz,165a2e40,trTUR,FW,Lille,36.0,1985.0,2021-2022,FRA
Leny Yoro,6763f716,frFRA,DF,Lille,15.0,2005.0,2021-2022,FRA
Zaydou Youssouf,e2f9bb5f,kmCOM,MF,Saint-Étienne,22.0,1999.0,2021-2022,FRA
Akim Zedadka,0ff630d0,dzALG,DF,Clermont Foot,26.0,1995.0,2021-2022,FRA
Arber Zeneli,095e4199,xkKVX,FW,Reims,26.0,1995.0,2021-2022,FRA
Mehdi Zerkane,53f6306f,dzALG,MF,Bordeaux,22.0,1999.0,2021-2022,FRA
Edon Zhegrova,34a88e3e,xkKVX,MF,Lille,22.0,1999.0,2021-2022,FRA
Tanguy Zoukrou,aefa3050,frFRA,DF,Troyes,18.0,2003.0,2021-2022,FRA
