player,player_id,nationality,position,squad,age,birth_year,season,league
Abner,7f9c5d2d,brBRA,DF,Real Betis,22.0,2000.0,2022-2023,ESP
Álvaro Aceves,be6faae0,esESP,GK,Valladolid,19.0,2003.0,2022-2023,ESP
Marcos Acuña,81442ecb,arARG,DF,Sevilla,30.0,1991.0,2022-2023,ESP
Julen Agirrezabala,a2c1a8d3,esESP,GK,Athletic Club,21.0,2000.0,2022-2023,ESP
Álvaro Aguado,014aa7bd,esESP,MF,Valladolid,26.0,1996.0,2022-2023,ESP
Joseph Aidoo,18abe173,ghGHA,DF,Celta Vigo,26.0,1995.0,2022-2023,ESP
Sergio Akieme,06efa9dc,esESP,DF,Almería,24.0,1997.0,2022-2023,ESP
Babatunde Akinsola,733aab44,ngNGA,MF,Valladolid,19.0,2003.0,2022-2023,ESP
Paul Akouokou,31f5b89b,ciCIV,"MF,DF",Real Betis,24.0,1997.0,2022-2023,ESP
David Alaba,05439de2,atAUT,DF,Real Madrid,30.0,1992.0,2022-2023,ESP
Ángel Alarcón,455c26a4,esESP,FW,Barcelona,18.0,2004.0,2022-2023,ESP
Tomás Alarcón,99ea2ddd,clCHI,MF,Cádiz,23.0,1999.0,2022-2023,ESP
Jordi Alba,4601e194,esESP,DF,Barcelona,33.0,1989.0,2022-2023,ESP
Raúl Albiol,4bd414c1,esESP,DF,Villarreal,36.0,1985.0,2022-2023,ESP
Rubén Alcaraz,036bba5f,esESP,MF,Cádiz,31.0,1991.0,2022-2023,ESP
Omar Alderete,bb08bce9,pyPAR,DF,Getafe,25.0,1996.0,2022-2023,ESP
Iván Alejo,3d7e48ce,esESP,MF,Cádiz,27.0,1995.0,2022-2023,ESP
Carles Aleñá,6c811eb7,esESP,"MF,FW",Getafe,24.0,1998.0,2022-2023,ESP
Alejandro Alfaro,b907d169,esESP,MF,Elche,20.0,2002.0,2022-2023,ESP
Ángel Algobia,acc1aefa,esESP,MF,Getafe,23.0,1999.0,2022-2023,ESP
Mohamed Ali Cho,f8405304,frFRA,"FW,MF",Real Sociedad,18.0,2004.0,2022-2023,ESP
Domingos André Ribeiro Almeida,e6697917,ptPOR,MF,Valencia,22.0,2000.0,2022-2023,ESP
Marcos Alonso,f4290206,esESP,DF,Barcelona,31.0,1990.0,2022-2023,ESP
Carlos Álvarez,56bcaaa0,esESP,MF,Sevilla,18.0,2003.0,2022-2023,ESP
Gastón Álvarez,852ddfb8,uyURU,DF,Getafe,22.0,2000.0,2022-2023,ESP
Yeray Álvarez,3ecc11d8,esESP,DF,Athletic Club,27.0,1995.0,2022-2023,ESP
Selim Amallah,00eba9c9,maMAR,"MF,FW",Valladolid,25.0,1996.0,2022-2023,ESP
Amath,f3b1d9a2,snSEN,"MF,FW",Mallorca,26.0,1996.0,2022-2023,ESP
Jordan Amavi,22721b88,frFRA,DF,Getafe,28.0,1994.0,2022-2023,ESP
Marcos André,ae86d473,brBRA,FW,Valencia,25.0,1996.0,2022-2023,ESP
Fabrizio Angileri,fdd26d71,arARG,DF,Getafe,28.0,1994.0,2022-2023,ESP
Josep Antoni Gayá,4a5f2032,esESP,DF,Mallorca,22.0,2000.0,2022-2023,ESP
José Antonio,62a583ee,esESP,MF,Cádiz,18.0,2004.0,2022-2023,ESP
Anuar,c93231dc,maMAR,"MF,FW",Valladolid,27.0,1995.0,2022-2023,ESP
Mauro Arambarri,58afe001,uyURU,MF,Getafe,26.0,1995.0,2022-2023,ESP
Ronald Araújo,2bef2bca,uyURU,DF,Barcelona,23.0,1999.0,2022-2023,ESP
Adu Ares,a461f098,esESP,MF,Athletic Club,20.0,2001.0,2022-2023,ESP
Sergio Arribas,1e465e70,esESP,MF,Real Madrid,20.0,2001.0,2022-2023,ESP
Roberto Arroyo,6091cf45,esESP,FW,Valladolid,18.0,2003.0,2022-2023,ESP
Ricard Artero,5d133e96,esESP,MF,Girona,19.0,2003.0,2022-2023,ESP
Santiago Arzamendia,759d8dd7,pyPAR,"DF,MF",Cádiz,24.0,1998.0,2022-2023,ESP
Sergio Asenjo,9f0ea33f,esESP,GK,Valladolid,33.0,1989.0,2022-2023,ESP
Marco Asensio,45af8a54,esESP,"FW,MF",Real Madrid,26.0,1996.0,2022-2023,ESP
Iago Aspas,7dcf86f6,esESP,FW,Celta Vigo,34.0,1987.0,2022-2023,ESP
Pierre-Emerick Aubameyang,d5dd5f1f,gaGAB,"FW,MF",Barcelona,33.0,1989.0,2022-2023,ESP
Ludwig Augustinsson,9fec8860,seSWE,DF,Mallorca,28.0,1994.0,2022-2023,ESP
Ezequiel Ávila,253a06b9,arARG,"FW,MF",Osasuna,28.0,1994.0,2022-2023,ESP
Iddrisu Baba,bfd381b3,ghGHA,MF,Mallorca,26.0,1996.0,2022-2023,ESP
Srđan Babić,075fe5a3,rsSRB,DF,Almería,26.0,1996.0,2022-2023,ESP
Loïc Bade,114bbdee,frFRA,DF,Sevilla,22.0,2000.0,2022-2023,ESP
Édgar Badía,e4346678,esESP,GK,Elche,30.0,1992.0,2022-2023,ESP
Alex Baena,518f2234,esESP,"MF,FW",Villarreal,21.0,2001.0,2022-2023,ESP
Alejandro Balde,5ccc9672,esESP,DF,Barcelona,18.0,2003.0,2022-2023,ESP
Mikel Balenziaga,1fe67e86,esESP,DF,Athletic Club,34.0,1988.0,2022-2023,ESP
Iván Balliu,cee88597,alALB,DF,Rayo Vallecano,30.0,1992.0,2022-2023,ESP
Léo Baptistão,35f6db55,brBRA,"FW,MF",Almería,29.0,1992.0,2022-2023,ESP
Keidi Bare,03049c8c,alALB,MF,Espanyol,24.0,1997.0,2022-2023,ESP
Kike Barja,aad53e64,esESP,"FW,MF",Osasuna,25.0,1997.0,2022-2023,ESP
Ander Barrenetxea,200e89e1,esESP,"DF,MF",Real Sociedad,20.0,2001.0,2022-2023,ESP
Pablo Barrios,45736cec,esESP,MF,Atlético Madrid,19.0,2003.0,2022-2023,ESP
Rodrigo Battaglia,d637fc22,arARG,MF,Mallorca,31.0,1991.0,2022-2023,ESP
Bebé,d8712bf9,cvCPV,"FW,MF",Rayo Vallecano,32.0,1990.0,2022-2023,ESP
Héctor Bellerín,f874dd44,esESP,DF,Barcelona,27.0,1995.0,2022-2023,ESP
Fran Beltrán,ed5c5fa3,esESP,MF,Celta Vigo,23.0,1999.0,2022-2023,ESP
Iker Benito,50cbc806,esESP,MF,Osasuna,19.0,2002.0,2022-2023,ESP
Karim Benzema,70d74ece,frFRA,FW,Real Madrid,34.0,1987.0,2022-2023,ESP
Yuri Berchiche,b6e50615,esESP,DF,Athletic Club,32.0,1990.0,2022-2023,ESP
Álex Berenguer,dc1c2fce,esESP,MF,Athletic Club,27.0,1995.0,2022-2023,ESP
Pedro Bigas,697295b1,esESP,DF,Elche,31.0,1990.0,2022-2023,ESP
El Bilal Touré,47c609d5,mlMLI,FW,Almería,20.0,2001.0,2022-2023,ESP
Antonio Blanco,506daeac,esESP,MF,Cádiz,22.0,2000.0,2022-2023,ESP
Lautaro Blanco,1657f448,arARG,"DF,MF",Elche,23.0,1999.0,2022-2023,ESP
Theo Bongonda,0da6a13e,cdCOD,MF,Cádiz,26.0,1995.0,2022-2023,ESP
Yassine Bounou,f6798fc3,maMAR,GK,Sevilla,31.0,1991.0,2022-2023,ESP
Lucas Boyé,d49f3e6b,arARG,FW,Elche,26.0,1996.0,2022-2023,ESP
Martin Braithwaite,fd771f95,dkDEN,"FW,MF",Espanyol,31.0,1991.0,2022-2023,ESP
Darko Brašanac,4accb7e0,rsSRB,MF,Osasuna,30.0,1992.0,2022-2023,ESP
Claudio Bravo,10072610,clCHI,GK,Real Betis,39.0,1983.0,2022-2023,ESP
Ante Budimir,8f3565b3,hrCRO,FW,Osasuna,31.0,1991.0,2022-2023,ESP
Manu Bueno,c5642098,esESP,MF,Sevilla,18.0,2004.0,2022-2023,ESP
Santiago Bueno,edc98fac,uyURU,DF,Girona,23.0,1998.0,2022-2023,ESP
Sergio Busquets,5ab0ea87,esESP,MF,Barcelona,34.0,1988.0,2022-2023,ESP
Leandro Cabrera,69cbc8b6,uyURU,DF,Espanyol,31.0,1991.0,2022-2023,ESP
Cala,fe05804b,esESP,DF,Cádiz,32.0,1989.0,2022-2023,ESP
Fernando Calero,41b3069f,esESP,"DF,MF",Espanyol,26.0,1995.0,2022-2023,ESP
Alexander Callens,af34f10d,pePER,DF,Girona,30.0,1992.0,2022-2023,ESP
Eduardo Camavinga,7b9c2d84,frFRA,"MF,DF",Real Madrid,19.0,2002.0,2022-2023,ESP
Sergio Camello,873619c6,esESP,FW,Rayo Vallecano,21.0,2001.0,2022-2023,ESP
Sergio Canales,a6de370d,esESP,MF,Real Betis,31.0,1991.0,2022-2023,ESP
Ander Capa,37f1cf47,esESP,DF,Athletic Club,30.0,1992.0,2022-2023,ESP
Étienne Capoue,5acc4a10,frFRA,MF,Villarreal,34.0,1988.0,2022-2023,ESP
Isaac Carcelen,c4b888df,esESP,DF,Cádiz,29.0,1993.0,2022-2023,ESP
Juan Carlos,688b96e3,esESP,GK,Girona,34.0,1988.0,2022-2023,ESP
José Carlos Lazo,5b93209a,esESP,MF,Almería,26.0,1996.0,2022-2023,ESP
José Carlos Lazo,5b93209a,esESP,MF,Espanyol,26.0,1996.0,2022-2023,ESP
Carmona,2dce876a,esESP,"MF,DF",Elche,20.0,2002.0,2022-2023,ESP
Carmona,2dce876a,esESP,DF,Sevilla,20.0,2002.0,2022-2023,ESP
Yannick Carrasco,de39485a,beBEL,"DF,MF",Atlético Madrid,28.0,1993.0,2022-2023,ESP
Dani Carvajal,4958bfb2,esESP,DF,Real Madrid,30.0,1992.0,2022-2023,ESP
William Carvalho,dee86451,ptPOR,MF,Real Betis,30.0,1992.0,2022-2023,ESP
Casemiro,4d224fe8,brBRA,MF,Real Madrid,30.0,1992.0,2022-2023,ESP
Valentín Castellanos,da76bab4,arARG,FW,Girona,23.0,1998.0,2022-2023,ESP
Samu Castillejo,130a7a3f,esESP,"FW,MF",Valencia,27.0,1995.0,2022-2023,ESP
Catena,274ab13c,esESP,DF,Rayo Vallecano,27.0,1994.0,2022-2023,ESP
Edinson Cavani,527f063d,uyURU,FW,Valencia,35.0,1987.0,2022-2023,ESP
Dani Ceballos,c0617e2b,esESP,MF,Real Madrid,25.0,1996.0,2022-2023,ESP
Álex Centelles,ae852b7d,esESP,"DF,MF",Almería,24.0,1997.0,2022-2023,ESP
Franco Cervi,5e1028e5,arARG,MF,Celta Vigo,28.0,1994.0,2022-2023,ESP
Pep Chavarría,63c5e56b,esESP,MF,Rayo Vallecano,24.0,1998.0,2022-2023,ESP
Pape Cheikh Diop,873ce3a2,snSEN,MF,Elche,24.0,1997.0,2022-2023,ESP
Andreas Christensen,1cb49278,dkDEN,DF,Barcelona,26.0,1996.0,2022-2023,ESP
Samuel Chukwueze,b8a642fc,ngNGA,"FW,MF",Villarreal,23.0,1999.0,2022-2023,ESP
Chumi,2475cf9b,esESP,DF,Almería,23.0,1999.0,2022-2023,ESP
Víctor Chust,ec1a731e,esESP,DF,Cádiz,22.0,2000.0,2022-2023,ESP
Pathé Ciss,9a0408b6,snSEN,MF,Rayo Vallecano,28.0,1994.0,2022-2023,ESP
Carlos Clerc,33a61a52,esESP,"DF,MF",Elche,30.0,1992.0,2022-2023,ESP
Álex Collado,85dace26,esESP,MF,Elche,23.0,1999.0,2022-2023,ESP
Diego Collado,b3f62bfc,esESP,"FW,MF",Villarreal,21.0,2001.0,2022-2023,ESP
Eray Cömert,15937e17,chSUI,DF,Valencia,24.0,1998.0,2022-2023,ESP
Santi Comesaña,5ae499d0,esESP,MF,Rayo Vallecano,25.0,1996.0,2022-2023,ESP
Copete,0f26ffd7,esESP,DF,Mallorca,22.0,1999.0,2022-2023,ESP
Francis Coquelin,a6951bf8,frFRA,MF,Villarreal,31.0,1991.0,2022-2023,ESP
Jesús Corona,fb938d24,mxMEX,MF,Sevilla,29.0,1993.0,2022-2023,ESP
Ángel Correa,01eb744d,arARG,"FW,MF",Atlético Madrid,27.0,1995.0,2022-2023,ESP
Thierry Correia,c78b352d,ptPOR,DF,Valencia,23.0,1999.0,2022-2023,ESP
Jaume Costa,808d48f3,esESP,DF,Mallorca,34.0,1988.0,2022-2023,ESP
Samu Costa,76c2a023,ptPOR,MF,Almería,21.0,2000.0,2022-2023,ESP
Thibaut Courtois,1840e36d,beBEL,GK,Real Madrid,30.0,1992.0,2022-2023,ESP
Yan Couto,1944818c,brBRA,"MF,DF",Girona,20.0,2002.0,2022-2023,ESP
Juan Cruz Armada,a56da3ba,esESP,DF,Osasuna,30.0,1992.0,2022-2023,ESP
Juan Cruz,cc2dd8a5,esESP,MF,Real Betis,22.0,2000.0,2022-2023,ESP
Jorge Cuenca,0abc51f2,esESP,DF,Villarreal,22.0,1999.0,2022-2023,ESP
Braian Cufré,192c89a6,arARG,"MF,DF",Mallorca,25.0,1996.0,2022-2023,ESP
Matheus Cunha,dc62b55d,brBRA,"MF,FW",Atlético Madrid,23.0,1999.0,2022-2023,ESP
Curro,f9a225f5,esESP,"FW,MF",Almería,26.0,1996.0,2022-2023,ESP
Arnaut Danjuma,f08490a6,nlNED,FW,Villarreal,25.0,1997.0,2022-2023,ESP
Sergi Darder,070a3904,esESP,MF,Espanyol,28.0,1993.0,2022-2023,ESP
Rodrigo De Paul,162efffd,arARG,MF,Atlético Madrid,28.0,1994.0,2022-2023,ESP
Alberto Del Moral,84a85b48,esESP,MF,Villarreal,22.0,2000.0,2022-2023,ESP
Thomas Delaney,fe641c1a,dkDEN,MF,Sevilla,30.0,1991.0,2022-2023,ESP
Fran Delgado,e7d2a50b,esESP,DF,Real Betis,21.0,2001.0,2022-2023,ESP
Ousmane Dembélé,b19db005,frFRA,FW,Barcelona,25.0,1997.0,2022-2023,ESP
Mouctar Diakhaby,d2110326,gnGUI,DF,Valencia,25.0,1996.0,2022-2023,ESP
Mamady Diarra,80211dc5,mlMLI,MF,Cádiz,22.0,2000.0,2022-2023,ESP
Youba Diarra,d61759ec,mlMLI,MF,Cádiz,24.0,1998.0,2022-2023,ESP
Stole Dimitrievski,fc70e345,mkMKD,GK,Rayo Vallecano,28.0,1993.0,2022-2023,ESP
Djené,a4971d84,tgTOG,DF,Getafe,30.0,1991.0,2022-2023,ESP
Marko Dmitrović,ac295d9e,rsSRB,GK,Sevilla,30.0,1992.0,2022-2023,ESP
Matt Doherty,d557d734,ieIRL,"DF,MF",Atlético Madrid,30.0,1992.0,2022-2023,ESP
Kasper Dolberg,cc83b74d,dkDEN,FW,Sevilla,24.0,1997.0,2022-2023,ESP
Carlos Dominguez,3521abfe,esESP,DF,Celta Vigo,21.0,2001.0,2022-2023,ESP
John Donald,5e95c000,esESP,"MF,DF",Elche,21.0,2000.0,2022-2023,ESP
Domingos Duarte,93090f69,ptPOR,DF,Getafe,27.0,1995.0,2022-2023,ESP
Pablo Durán,6db116ec,esESP,FW,Celta Vigo,21.0,2001.0,2022-2023,ESP
Hugo Duro,37e103f8,esESP,FW,Valencia,22.0,1999.0,2022-2023,ESP
Íñigo Eguaras,3e93f8cf,esESP,MF,Almería,30.0,1992.0,2022-2023,ESP
Aritz Elustondo,f7dc2ae5,esESP,DF,Real Sociedad,28.0,1994.0,2022-2023,ESP
Rodrigo Ely,fd47b4f2,brBRA,DF,Almería,28.0,1993.0,2022-2023,ESP
Adri Embarba,db8f0eba,esESP,"FW,MF",Almería,30.0,1992.0,2022-2023,ESP
Adri Embarba,db8f0eba,esESP,"FW,MF",Espanyol,30.0,1992.0,2022-2023,ESP
Youssef En-Nesyri,04e17fd5,maMAR,FW,Sevilla,25.0,1997.0,2022-2023,ESP
Gonzalo Escalante,3f79a1c8,arARG,MF,Cádiz,29.0,1993.0,2022-2023,ESP
Sergio Escudero,b0616e3d,esESP,"DF,MF",Valladolid,32.0,1989.0,2022-2023,ESP
Alfonso Espino,db001fa9,uyURU,DF,Cádiz,30.0,1992.0,2022-2023,ESP
Bernardo Espinosa,4242011c,coCOL,DF,Girona,33.0,1989.0,2022-2023,ESP
Edu Expósito,283c7121,esESP,MF,Espanyol,25.0,1996.0,2022-2023,ESP
Nicolás Ezequiel Fernández,3409de86,arARG,"MF,DF",Elche,22.0,2000.0,2022-2023,ESP
Abde Ezzalzouli,bed68338,maMAR,"FW,MF",Osasuna,20.0,2001.0,2022-2023,ESP
Radamel Falcao,66116290,coCOL,FW,Rayo Vallecano,36.0,1986.0,2022-2023,ESP
Fali,72a84002,esESP,"DF,MF",Cádiz,28.0,1993.0,2022-2023,ESP
Mamadou Fall,805a2a11,snSEN,DF,Villarreal,19.0,2002.0,2022-2023,ESP
Ansu Fati,0ba976e4,esESP,FW,Barcelona,19.0,2002.0,2022-2023,ESP
Zouhair Feddal,89151b16,maMAR,DF,Valladolid,33.0,1989.0,2022-2023,ESP
Nabil Fekir,bece776f,frFRA,MF,Real Betis,29.0,1993.0,2022-2023,ESP
Felipe,51a3c4c8,brBRA,DF,Atlético Madrid,33.0,1989.0,2022-2023,ESP
Luiz Felipe,15d0c248,itITA,DF,Real Betis,25.0,1997.0,2022-2023,ESP
João Félix,8aafd64f,ptPOR,"FW,MF",Atlético Madrid,22.0,1999.0,2022-2023,ESP
Kiko Femenía,e5d01ecf,esESP,DF,Villarreal,31.0,1991.0,2022-2023,ESP
Aitor Fernández,a01c3d54,esESP,GK,Osasuna,31.0,1991.0,2022-2023,ESP
Álex Fernández,aa677a35,esESP,"MF,FW",Cádiz,29.0,1992.0,2022-2023,ESP
Álvaro Fernández,f127d782,esESP,GK,Espanyol,24.0,1998.0,2022-2023,ESP
Carlos Fernández,e08647d6,esESP,FW,Real Sociedad,26.0,1996.0,2022-2023,ESP
Federico Fernández,f25b010f,arARG,DF,Elche,33.0,1989.0,2022-2023,ESP
Joaquín Fernández,b86a64b2,esESP,DF,Valladolid,26.0,1996.0,2022-2023,ESP
Valery Fernández,4acd733a,esESP,"MF,DF",Girona,22.0,1999.0,2022-2023,ESP
Fernando,dabb2827,esESP,GK,Almería,32.0,1990.0,2022-2023,ESP
Fernando,41f32541,brBRA,"MF,DF",Sevilla,35.0,1987.0,2022-2023,ESP
Fidel,eb82b6f1,esESP,"MF,FW",Elche,32.0,1989.0,2022-2023,ESP
Dimitri Foulquier,45e17712,frFRA,DF,Valencia,29.0,1993.0,2022-2023,ESP
Juan Foyth,6c7762c3,arARG,DF,Villarreal,24.0,1998.0,2022-2023,ESP
Iván Fresneda,29d0f2ac,esESP,"DF,MF",Valladolid,17.0,2004.0,2022-2023,ESP
Javi Galán,a4b00319,esESP,DF,Celta Vigo,27.0,1994.0,2022-2023,ESP
Iñigo Ruiz de Galarreta,91f7631f,esESP,MF,Mallorca,28.0,1993.0,2022-2023,ESP
Aleix García,a10361d2,esESP,MF,Girona,25.0,1997.0,2022-2023,ESP
Álvaro García,90bbd822,esESP,MF,Rayo Vallecano,29.0,1992.0,2022-2023,ESP
Borja García,e7f4603c,esESP,"MF,FW",Girona,31.0,1990.0,2022-2023,ESP
Carlos García,661e2822,esESP,DF,Cádiz,22.0,2000.0,2022-2023,ESP
Dani García,240d3a0b,esESP,MF,Athletic Club,32.0,1990.0,2022-2023,ESP
David García,3e42f707,esESP,DF,Osasuna,28.0,1994.0,2022-2023,ESP
Eric García,2bed3eab,esESP,"DF,MF",Barcelona,21.0,2001.0,2022-2023,ESP
Fran Garcia,7226539b,esESP,DF,Rayo Vallecano,22.0,1999.0,2022-2023,ESP
Joan García,87b498b0,esESP,GK,Espanyol,21.0,2001.0,2022-2023,ESP
Raúl García,b418dbd4,esESP,"MF,FW",Athletic Club,36.0,1986.0,2022-2023,ESP
Rubén García,5c96b017,esESP,"MF,FW",Osasuna,29.0,1993.0,2022-2023,ESP
Unai García,4a633cfe,esESP,DF,Osasuna,30.0,1992.0,2022-2023,ESP
Felix Garreta,9a26fa06,esESP,DF,Real Betis,18.0,2004.0,2022-2023,ESP
Aleix Garrido,5757adc3,esESP,MF,Barcelona,18.0,2004.0,2022-2023,ESP
Sékou Gassama,475a738b,snSEN,FW,Valladolid,27.0,1995.0,2022-2023,ESP
Gavi,19cae58d,esESP,"MF,FW",Barcelona,17.0,2004.0,2022-2023,ESP
Paulo Gazzaniga,63d17038,arARG,GK,Girona,30.0,1992.0,2022-2023,ESP
Bryan Gil,7b5ab7f2,esESP,MF,Sevilla,21.0,2001.0,2022-2023,ESP
David Gil,fea23125,esESP,GK,Cádiz,28.0,1994.0,2022-2023,ESP
Óscar Gil,6652cf96,esESP,DF,Espanyol,25.0,1997.0,2022-2023,ESP
Álvaro Giménez,18017beb,esESP,"FW,MF",Cádiz,31.0,1991.0,2022-2023,ESP
Dani Gómez,0e5ddc7c,esESP,FW,Espanyol,24.0,1998.0,2022-2023,ESP
Maxi Gómez,4c2e9442,uyURU,FW,Valencia,25.0,1996.0,2022-2023,ESP
Moi Gómez,5a626448,esESP,MF,Osasuna,28.0,1994.0,2022-2023,ESP
Papu Gómez,6e4df551,arARG,MF,Sevilla,34.0,1988.0,2022-2023,ESP
Sergi Gómez,bc6f5f06,esESP,DF,Espanyol,30.0,1992.0,2022-2023,ESP
Antonio Gomis,f0f4671c,esESP,GK,Atlético Madrid,19.0,2003.0,2022-2023,ESP
Diego González,4ac7608e,esESP,DF,Elche,27.0,1995.0,2022-2023,ESP
Édgar González,49d028db,esESP,DF,Real Betis,25.0,1997.0,2022-2023,ESP
Giovanni González,1fc474ae,uyURU,"DF,MF",Mallorca,27.0,1994.0,2022-2023,ESP
Nicolás González,2c56a792,esESP,MF,Valencia,20.0,2002.0,2022-2023,ESP
Roberto González,56545648,esESP,MF,Real Betis,21.0,2001.0,2022-2023,ESP
Andoni Gorosabel,6f5f82c0,esESP,DF,Real Sociedad,25.0,1996.0,2022-2023,ESP
José Gragera,ee45d138,esESP,"MF,DF",Espanyol,21.0,2000.0,2022-2023,ESP
Ivo Grbić,3f034750,hrCRO,GK,Atlético Madrid,26.0,1996.0,2022-2023,ESP
Dominik Greif,30061f53,skSVK,GK,Mallorca,25.0,1997.0,2022-2023,ESP
Clément Grenier,8b298f56,frFRA,MF,Mallorca,31.0,1991.0,2022-2023,ESP
Antoine Griezmann,df69b544,frFRA,"FW,MF",Atlético Madrid,31.0,1991.0,2022-2023,ESP
Andrés Guardado,ef322658,mxMEX,MF,Real Betis,35.0,1986.0,2022-2023,ESP
Sergi Guardiola,32974271,esESP,FW,Valladolid,31.0,1991.0,2022-2023,ESP
Sergi Guardiola,32974271,esESP,FW,Cádiz,31.0,1991.0,2022-2023,ESP
Nemanja Gudelj,0076ab7f,rsSRB,"DF,MF",Sevilla,30.0,1991.0,2022-2023,ESP
Javier Guerra,3828f130,esESP,MF,Valencia,19.0,2003.0,2022-2023,ESP
Ander Guevara,8e48dc61,esESP,MF,Real Sociedad,25.0,1997.0,2022-2023,ESP
Pape Gueye,7155e3e1,snSEN,MF,Sevilla,23.0,1999.0,2022-2023,ESP
Hugo Guillamón,f7c12fbf,esESP,MF,Valencia,22.0,2000.0,2022-2023,ESP
Gerard Gumbau,ac454a4f,esESP,MF,Elche,27.0,1994.0,2022-2023,ESP
Gorka Guruzeta,6b5ea2f4,esESP,FW,Athletic Club,25.0,1996.0,2022-2023,ESP
Raúl Guti,0b2c8585,esESP,MF,Elche,25.0,1996.0,2022-2023,ESP
Miguel Gutiérrez,7e98cff1,esESP,"DF,MF",Girona,21.0,2001.0,2022-2023,ESP
Munir El Haddadi,8696bc90,maMAR,"MF,FW",Getafe,26.0,1995.0,2022-2023,ESP
Dennis Hadzikadunic,82cfae2a,baBIH,DF,Mallorca,24.0,1998.0,2022-2023,ESP
Haissem Hassan,e0979e74,frFRA,MF,Villarreal,20.0,2002.0,2022-2023,ESP
Eden Hazard,a39bb753,beBEL,FW,Real Madrid,31.0,1991.0,2022-2023,ESP
Luiz Henrique,8059806f,brBRA,MF,Real Betis,21.0,2001.0,2022-2023,ESP
Mario Hermoso,555f3a0b,esESP,DF,Atlético Madrid,27.0,1995.0,2022-2023,ESP
Javi Hernández,9a76c2e9,esESP,DF,Girona,24.0,1998.0,2022-2023,ESP
Aridane Hernández,132ac341,esESP,DF,Osasuna,33.0,1989.0,2022-2023,ESP
Luis Hernández,02d2c436,esESP,DF,Cádiz,33.0,1989.0,2022-2023,ESP
Mario Hernández,90162357,esESP,DF,Rayo Vallecano,23.0,1999.0,2022-2023,ESP
Jorge Herrando,e19c989c,esESP,DF,Osasuna,21.0,2001.0,2022-2023,ESP
Ander Herrera,436a9dd0,esESP,MF,Athletic Club,32.0,1989.0,2022-2023,ESP
Sergio Herrera,a4995f48,esESP,GK,Osasuna,29.0,1993.0,2022-2023,ESP
Yangel Herrera,5083a734,veVEN,MF,Girona,24.0,1998.0,2022-2023,ESP
Omar El Hilali,139560df,maMAR,DF,Espanyol,18.0,2003.0,2022-2023,ESP
Martin Hongla,b85bf253,cmCMR,"DF,MF",Valladolid,24.0,1998.0,2022-2023,ESP
Pablo Ibáñez,3701906c,esESP,MF,Osasuna,23.0,1998.0,2022-2023,ESP
Iglesias,974322dc,esESP,DF,Getafe,24.0,1998.0,2022-2023,ESP
Borja Iglesias,75645f0e,esESP,FW,Real Betis,29.0,1993.0,2022-2023,ESP
Asier Illarramendi,5ce0b5ba,esESP,MF,Real Sociedad,32.0,1990.0,2022-2023,ESP
Alexander Isak,8e92be30,seSWE,FW,Real Sociedad,22.0,1999.0,2022-2023,ESP
Isco,a0b4bb3e,esESP,"MF,FW",Sevilla,30.0,1992.0,2022-2023,ESP
Diego Iturralde,9d33c71a,esESP,DF,Sevilla,19.0,2003.0,2022-2023,ESP
Nicolas Jackson,9c36ed83,snSEN,FW,Villarreal,21.0,2001.0,2022-2023,ESP
Adnan Januzaj,4737cebe,beBEL,MF,Sevilla,27.0,1995.0,2022-2023,ESP
Luis Javier Suárez,eeba07f8,coCOL,FW,Almería,24.0,1997.0,2022-2023,ESP
Joaquín,4c5b14d2,esESP,MF,Real Betis,41.0,1981.0,2022-2023,ESP
Frenkie de Jong,1bacc518,nlNED,MF,Barcelona,25.0,1997.0,2022-2023,ESP
Joan Jordán,2a0c8ba4,esESP,MF,Sevilla,28.0,1994.0,2022-2023,ESP
Josan,5b28b2f6,esESP,"DF,MF",Elche,32.0,1989.0,2022-2023,ESP
Willian José,d87e2cae,brBRA,FW,Real Betis,30.0,1991.0,2022-2023,ESP
Joselu,6265208f,esESP,FW,Espanyol,32.0,1990.0,2022-2023,ESP
Juanmi,84399660,esESP,MF,Real Betis,29.0,1993.0,2022-2023,ESP
Juanpe,1633fc8a,esESP,DF,Girona,31.0,1991.0,2022-2023,ESP
Lago Junior,360d70f8,ciCIV,"FW,MF",Mallorca,31.0,1990.0,2022-2023,ESP
Vinicius Júnior,7111d552,brBRA,FW,Real Madrid,22.0,2000.0,2022-2023,ESP
Filip Jørgensen,0107757e,dkDEN,GK,Villarreal,20.0,2002.0,2022-2023,ESP
Tino Kadewere,7d08063d,zwZIM,"FW,MF",Mallorca,26.0,1996.0,2022-2023,ESP
Kaiky,55634fb8,brBRA,DF,Almería,18.0,2004.0,2022-2023,ESP
Lee Kang-in,8455ad90,krKOR,"MF,FW",Mallorca,21.0,2001.0,2022-2023,ESP
Jon Karrikaburu,211589b8,esESP,FW,Real Sociedad,19.0,2002.0,2022-2023,ESP
Kenedy,5eebbfdf,brBRA,FW,Valladolid,26.0,1996.0,2022-2023,ESP
Franck Kessié,05e19d6a,ciCIV,MF,Barcelona,25.0,1996.0,2022-2023,ESP
Kiké,e897d8ba,esESP,FW,Osasuna,32.0,1989.0,2022-2023,ESP
Justin Kluivert,4c3a6744,nlNED,"FW,MF",Valencia,23.0,1999.0,2022-2023,ESP
Koke,55126f3b,esESP,MF,Atlético Madrid,30.0,1992.0,2022-2023,ESP
Luca Koleosho,fc076f78,itITA,MF,Espanyol,17.0,2004.0,2022-2023,ESP
Geoffrey Kondogbia,cce181df,cfCTA,MF,Atlético Madrid,29.0,1993.0,2022-2023,ESP
Jules Koundé,4d1666ff,frFRA,DF,Barcelona,23.0,1998.0,2022-2023,ESP
Toni Kroos,6ce1f46f,deGER,MF,Real Madrid,32.0,1990.0,2022-2023,ESP
Takefusa Kubo,16aa3654,jpJPN,"FW,MF",Real Sociedad,21.0,2001.0,2022-2023,ESP
César de la Hoz,60abea75,esESP,MF,Almería,30.0,1992.0,2022-2023,ESP
Luca de la Torre,e9241b40,usUSA,MF,Celta Vigo,24.0,1998.0,2022-2023,ESP
Érik Lamela,abe66106,arARG,"MF,FW",Sevilla,30.0,1992.0,2022-2023,ESP
Cyle Larin,e7af9060,caCAN,FW,Valladolid,27.0,1995.0,2022-2023,ESP
Juanmi Latasa,2bea832e,esESP,FW,Getafe,21.0,2001.0,2022-2023,ESP
Toni Lato,8e088e04,esESP,"DF,MF",Valencia,24.0,1997.0,2022-2023,ESP
Lázaro,86ff856b,brBRA,"FW,MF",Almería,20.0,2002.0,2022-2023,ESP
Robin Le Normand,9a64e67e,esESP,DF,Real Sociedad,25.0,1996.0,2022-2023,ESP
Benjamin Lecomte,2fa2a875,frFRA,GK,Espanyol,31.0,1991.0,2022-2023,ESP
Jeremías Ledesma,6c4776b1,arARG,GK,Cádiz,29.0,1993.0,2022-2023,ESP
Florian Lejeune,6eaed4eb,frFRA,DF,Rayo Vallecano,31.0,1991.0,2022-2023,ESP
Iñigo Lekue,59b7d823,esESP,DF,Athletic Club,29.0,1993.0,2022-2023,ESP
Thomas Lemar,4dbd0916,frFRA,MF,Atlético Madrid,26.0,1995.0,2022-2023,ESP
Sergio León,0a0cc13c,esESP,FW,Valladolid,33.0,1989.0,2022-2023,ESP
Robert Lewandowski,8d78e732,plPOL,FW,Barcelona,33.0,1988.0,2022-2023,ESP
Samuel Lino,2a295d33,brBRA,"FW,MF",Valencia,22.0,1999.0,2022-2023,ESP
Pol Lirola,ff800ed8,esESP,DF,Elche,24.0,1997.0,2022-2023,ESP
Javier Llabrés,38b0cf42,esESP,MF,Mallorca,19.0,2002.0,2022-2023,ESP
Marcos Llorente,02c15616,esESP,MF,Atlético Madrid,27.0,1995.0,2022-2023,ESP
Giovani Lo Celso,d7553721,arARG,"MF,FW",Villarreal,26.0,1996.0,2022-2023,ESP
David López,f03f284b,esESP,"DF,MF",Girona,32.0,1989.0,2022-2023,ESP
Diego López,73683fa9,esESP,GK,Rayo Vallecano,40.0,1981.0,2022-2023,ESP
Diego López,c487901c,esESP,MF,Valencia,20.0,2002.0,2022-2023,ESP
Unai López,88050721,esESP,MF,Rayo Vallecano,26.0,1995.0,2022-2023,ESP
Anthony Lozano,38699c72,hnHON,FW,Cádiz,29.0,1993.0,2022-2023,ESP
Pol Lozano,ea610f00,esESP,MF,Espanyol,22.0,1999.0,2022-2023,ESP
José Luis Gayà,b05e2dbd,esESP,DF,Valencia,27.0,1995.0,2022-2023,ESP
José Luis Morales,4a478107,esESP,FW,Villarreal,35.0,1987.0,2022-2023,ESP
Andriy Lunin,3061e1ec,uaUKR,GK,Real Madrid,23.0,1999.0,2022-2023,ESP
Awer Mabil,922da988,auAUS,MF,Cádiz,26.0,1995.0,2022-2023,ESP
Darwin Machís,ed6ea4d9,veVEN,"MF,FW",Valladolid,29.0,1993.0,2022-2023,ESP
Pablo Maffeo,5db04597,esESP,DF,Mallorca,25.0,1997.0,2022-2023,ESP
Lisandro Magallán,01a49bd2,arARG,DF,Elche,28.0,1993.0,2022-2023,ESP
Jon Magunazelaia,d4808594,esESP,MF,Real Sociedad,21.0,2001.0,2022-2023,ESP
Nemanja Maksimović,00b28772,rsSRB,MF,Getafe,27.0,1995.0,2022-2023,ESP
Hugo Mallo,cb574619,esESP,DF,Celta Vigo,31.0,1991.0,2022-2023,ESP
Mickael Malsa,bbc19252,mqMTQ,MF,Valladolid,26.0,1995.0,2022-2023,ESP
Giorgi Mamardashvili,d4b73232,geGEO,GK,Valencia,21.0,2000.0,2022-2023,ESP
Reinildo Mandava,c20bdcd7,mzMOZ,DF,Atlético Madrid,28.0,1994.0,2022-2023,ESP
Aïssa Mandi,fbd6378b,dzALG,DF,Villarreal,30.0,1991.0,2022-2023,ESP
Marcão,133faa84,brBRA,DF,Sevilla,26.0,1996.0,2022-2023,ESP
Agustín Marchesín,853b7c48,arARG,GK,Celta Vigo,34.0,1988.0,2022-2023,ESP
Óscar de Marcos,9f323c71,esESP,DF,Athletic Club,33.0,1989.0,2022-2023,ESP
Alberto Marí,44330c36,esESP,FW,Valencia,21.0,2001.0,2022-2023,ESP
José Mari,6f4c734d,esESP,MF,Cádiz,34.0,1987.0,2022-2023,ESP
José María Giménez,f0da930c,uyURU,DF,Atlético Madrid,27.0,1995.0,2022-2023,ESP
Mariano,5c4dc0ff,doDOM,FW,Real Madrid,28.0,1993.0,2022-2023,ESP
Pablo Marín,a83c19cf,esESP,MF,Real Sociedad,19.0,2003.0,2022-2023,ESP
Diego Mariño,d9235a45,esESP,GK,Almería,32.0,1990.0,2022-2023,ESP
Roger Martí,0ae4e09a,esESP,"FW,MF",Elche,31.0,1991.0,2022-2023,ESP
Roger Martí,0ae4e09a,esESP,FW,Cádiz,31.0,1991.0,2022-2023,ESP
Ander Martin,e1e75690,esESP,MF,Real Sociedad,21.0,2000.0,2022-2023,ESP
Andrés Martín,2ae30661,esESP,MF,Rayo Vallecano,23.0,1999.0,2022-2023,ESP
Carlos Martín,64035864,esESP,"FW,MF",Atlético Madrid,20.0,2002.0,2022-2023,ESP
Iván Martín,ae48c5cb,esESP,MF,Girona,23.0,1999.0,2022-2023,ESP
Arnau Martinez,c3e66ffe,esESP,DF,Girona,19.0,2003.0,2022-2023,ESP
Iñigo Martínez,3fc45c73,esESP,DF,Athletic Club,31.0,1991.0,2022-2023,ESP
Roger Martínez,937c6ae6,esESP,MF,Espanyol,18.0,2004.0,2022-2023,ESP
Omar Mascarell,11fd2b75,gqEQG,"MF,DF",Elche,29.0,1993.0,2022-2023,ESP
Jordi Masip,8fae77ea,esESP,GK,Valladolid,33.0,1989.0,2022-2023,ESP
Jaime Mata,02319ad7,esESP,"FW,MF",Getafe,33.0,1988.0,2022-2023,ESP
Borja Mayoral,64e8ed6d,esESP,FW,Getafe,25.0,1997.0,2022-2023,ESP
Mamadou Mbaye,8aae94b9,snSEN,DF,Cádiz,24.0,1998.0,2022-2023,ESP
Fernando Medrano,d854c9d0,esESP,DF,Celta Vigo,22.0,2000.0,2022-2023,ESP
Gonzalo Melero,3902e91b,esESP,MF,Almería,28.0,1994.0,2022-2023,ESP
Memphis,8f696594,nlNED,FW,Atlético Madrid,28.0,1994.0,2022-2023,ESP
Memphis,8f696594,nlNED,FW,Barcelona,28.0,1994.0,2022-2023,ESP
Houboulang Mendes,1545cf15,gwGNB,DF,Almería,24.0,1998.0,2022-2023,ESP
Brais Méndez,c9e39d91,esESP,MF,Real Sociedad,25.0,1997.0,2022-2023,ESP
Diego Méndez,b151a3f2,esESP,MF,Rayo Vallecano,18.0,2003.0,2022-2023,ESP
Ferland Mendy,3cefcaef,frFRA,DF,Real Madrid,27.0,1995.0,2022-2023,ESP
Jorge Meré,9f979eb2,esESP,DF,Cádiz,25.0,1997.0,2022-2023,ESP
Mikel Merino,d080ed5e,esESP,MF,Real Sociedad,26.0,1996.0,2022-2023,ESP
Roque Mesa,7c4243d4,esESP,MF,Valladolid,33.0,1989.0,2022-2023,ESP
Éder Militão,2784f898,brBRA,DF,Real Madrid,24.0,1998.0,2022-2023,ESP
Luis Milla,19c36442,esESP,MF,Getafe,27.0,1994.0,2022-2023,ESP
Pere Milla,335039a2,esESP,"FW,MF",Elche,29.0,1992.0,2022-2023,ESP
Marko Milovanović,1fda2b14,rsSRB,FW,Almería,18.0,2003.0,2022-2023,ESP
Óscar Mingueza,056269d7,esESP,DF,Celta Vigo,23.0,1999.0,2022-2023,ESP
Rafa Mir,bbf5c11b,esESP,FW,Sevilla,25.0,1997.0,2022-2023,ESP
Juan Miranda,ead61f73,esESP,DF,Real Betis,22.0,2000.0,2022-2023,ESP
Stefan Mitrović,e6777e6b,rsSRB,DF,Getafe,32.0,1990.0,2022-2023,ESP
Luka Modrić,6025fab1,hrCRO,MF,Real Madrid,36.0,1985.0,2022-2023,ESP
Johan Mojica,608f2092,coCOL,DF,Villarreal,29.0,1992.0,2022-2023,ESP
Johan Mojica,608f2092,coCOL,"DF,MF",Elche,29.0,1992.0,2022-2023,ESP
Nahuel Molina,23610943,arARG,DF,Atlético Madrid,24.0,1998.0,2022-2023,ESP
Jon Moncayola,9939e168,esESP,"MF,DF",Osasuna,24.0,1998.0,2022-2023,ESP
Monchu,8ac501f5,esESP,MF,Valladolid,22.0,1999.0,2022-2023,ESP
César Montes,28e957d7,mxMEX,DF,Espanyol,25.0,1997.0,2022-2023,ESP
Gonzalo Montiel,374d5158,arARG,DF,Sevilla,25.0,1997.0,2022-2023,ESP
Martín Montoya,5cec2487,esESP,DF,Real Betis,31.0,1991.0,2022-2023,ESP
Álvaro Morata,129af0db,esESP,FW,Atlético Madrid,29.0,1992.0,2022-2023,ESP
Jon Morcillo,b7d7f3bf,esESP,MF,Athletic Club,23.0,1998.0,2022-2023,ESP
Alberto Moreno,11b9265b,esESP,DF,Villarreal,30.0,1992.0,2022-2023,ESP
Álex Moreno,16e9d0ea,esESP,DF,Real Betis,29.0,1993.0,2022-2023,ESP
Diego Moreno,a21417e2,esESP,DF,Osasuna,21.0,2001.0,2022-2023,ESP
Gerard Moreno,81f0781e,esESP,FW,Villarreal,30.0,1992.0,2022-2023,ESP
Tete Morente,004d185e,esESP,"MF,FW",Elche,25.0,1996.0,2022-2023,ESP
Ilaix Moriba,f4c69aa6,gnGUI,MF,Valencia,19.0,2003.0,2022-2023,ESP
Manu Morlanes,a0255c67,esESP,MF,Villarreal,23.0,1999.0,2022-2023,ESP
Manu Morlanes,a0255c67,esESP,MF,Mallorca,23.0,1999.0,2022-2023,ESP
Loren Morón,3aa4a3be,esESP,FW,Real Betis,28.0,1993.0,2022-2023,ESP
Cristhian Mosquera,dc1ce4f5,esESP,DF,Valencia,18.0,2004.0,2022-2023,ESP
Abdul Mumin,5487adcd,ghGHA,DF,Rayo Vallecano,24.0,1998.0,2022-2023,ESP
Iker Muniain,c05dfb74,esESP,MF,Athletic Club,29.0,1992.0,2022-2023,ESP
Aihen Muñoz,228b0d9d,esESP,DF,Real Sociedad,24.0,1997.0,2022-2023,ESP
Iker Muñoz,175ece4c,esESP,MF,Osasuna,19.0,2002.0,2022-2023,ESP
Pablo Muñoz,44e8521b,esESP,MF,Rayo Vallecano,18.0,2003.0,2022-2023,ESP
Vedat Muriqi,0cadc46d,xkKVX,FW,Mallorca,28.0,1994.0,2022-2023,ESP
Yunus Musah,b51b1b9c,usUSA,MF,Valencia,19.0,2002.0,2022-2023,ESP
Francisco Mwepu,dfe5caa2,zmZAM,FW,Cádiz,22.0,2000.0,2022-2023,ESP
Nacho,2946f9a1,esESP,DF,Real Madrid,32.0,1990.0,2022-2023,ESP
Juanjo Narváez,485e4939,coCOL,MF,Valladolid,27.0,1995.0,2022-2023,ESP
Matija Nastasić,f35430a4,rsSRB,DF,Mallorca,29.0,1993.0,2022-2023,ESP
Roberto Navarro,c997b942,esESP,MF,Real Sociedad,20.0,2002.0,2022-2023,ESP
Jesús Navas,3f10bd22,esESP,"DF,MF",Sevilla,36.0,1985.0,2022-2023,ESP
Álvaro Negredo,63b0ca6b,esESP,FW,Cádiz,36.0,1985.0,2022-2023,ESP
Tanguy Nianzou,5853ac44,frFRA,DF,Sevilla,20.0,2002.0,2022-2023,ESP
Saúl Ñíguez,c14bc029,esESP,"MF,DF",Atlético Madrid,27.0,1994.0,2022-2023,ESP
Fernando Niño,81d5c497,esESP,FW,Villarreal,21.0,2000.0,2022-2023,ESP
Randy Nteka,a6103274,aoANG,"FW,MF",Elche,24.0,1997.0,2022-2023,ESP
Randy Nteka,a6103274,aoANG,"FW,MF",Rayo Vallecano,24.0,1997.0,2022-2023,ESP
Unai Núñez,be170419,esESP,DF,Celta Vigo,25.0,1997.0,2022-2023,ESP
Jan Oblak,ee8508c0,siSVN,GK,Atlético Madrid,29.0,1993.0,2022-2023,ESP
Brian Ocampo,2e3995cd,uyURU,MF,Cádiz,23.0,1999.0,2022-2023,ESP
Lucas Ocampos,a08b974a,arARG,"MF,FW",Sevilla,28.0,1994.0,2022-2023,ESP
Álvaro Odriozola,1d1691ad,esESP,DF,Real Madrid,26.0,1995.0,2022-2023,ESP
Olasagasti,3d99999d,esESP,MF,Real Sociedad,21.0,2000.0,2022-2023,ESP
Lucas Olaza,4cee5954,uyURU,DF,Valladolid,28.0,1994.0,2022-2023,ESP
Brian Oliván,a3e4bf46,esESP,DF,Espanyol,28.0,1994.0,2022-2023,ESP
Lucas Oliveira Rosa,5132b92c,brBRA,"DF,MF",Valladolid,22.0,2000.0,2022-2023,ESP
Aimar Oroz,7c363088,esESP,"MF,FW",Osasuna,20.0,2001.0,2022-2023,ESP
Pedro Ortiz,f9358b61,esESP,MF,Sevilla,21.0,2000.0,2022-2023,ESP
Mikel Oyarzabal,8c3c640c,esESP,"FW,MF",Real Sociedad,25.0,1997.0,2022-2023,ESP
Cenk Özkacar,9a93efc9,trTUR,DF,Valencia,21.0,2000.0,2022-2023,ESP
Fernando Pacheco,97852360,esESP,GK,Almería,30.0,1992.0,2022-2023,ESP
Fernando Pacheco,97852360,esESP,GK,Espanyol,30.0,1992.0,2022-2023,ESP
Jon Pacheco,44150beb,esESP,DF,Real Sociedad,21.0,2001.0,2022-2023,ESP
Gonçalo Paciência,962e54cb,ptPOR,FW,Celta Vigo,27.0,1994.0,2022-2023,ESP
Helibelton Palacios,ac8b2421,coCOL,"DF,MF",Elche,29.0,1993.0,2022-2023,ESP
Isaac Palazón Camacho,49dbab27,esESP,MF,Rayo Vallecano,27.0,1994.0,2022-2023,ESP
Aitor Paredes,b906757a,esESP,DF,Athletic Club,22.0,2000.0,2022-2023,ESP
Daniel Parejo,7460ca0d,esESP,MF,Villarreal,33.0,1989.0,2022-2023,ESP
Moises Parra Gutierrez,e2dcc60e,esESP,MF,Getafe,20.0,2002.0,2022-2023,ESP
Raúl Parra,647d39d2,esESP,DF,Cádiz,22.0,1999.0,2022-2023,ESP
Pascu,a2d9cf74,esESP,FW,Villarreal,19.0,2003.0,2022-2023,ESP
Javier Pastore,881ef58c,arARG,MF,Elche,33.0,1989.0,2022-2023,ESP
Gabriel Paulista,b7ca5c51,brBRA,DF,Valencia,31.0,1990.0,2022-2023,ESP
Alfonso Pedraza,63f04c6c,esESP,DF,Villarreal,26.0,1996.0,2022-2023,ESP
Pedri,0d9b2d31,esESP,MF,Barcelona,19.0,2002.0,2022-2023,ESP
Adrià Pedrosa,112521d1,esESP,DF,Espanyol,24.0,1998.0,2022-2023,ESP
Iñaki Peña,cc1c5035,esESP,GK,Barcelona,23.0,1999.0,2022-2023,ESP
Rubén Peña,1f079188,esESP,"DF,MF",Osasuna,31.0,1991.0,2022-2023,ESP
Alberto Perea,5496cc91,esESP,MF,Cádiz,31.0,1990.0,2022-2023,ESP
Ayoze Pérez,819aa8e7,esESP,"MF,FW",Real Betis,29.0,1993.0,2022-2023,ESP
Carles Pérez,a8f21b9f,esESP,"MF,FW",Celta Vigo,24.0,1998.0,2022-2023,ESP
Francisco Perez,3d79a68c,esESP,MF,Valencia,19.0,2002.0,2022-2023,ESP
Kike Pérez,237a3851,esESP,MF,Valladolid,25.0,1997.0,2022-2023,ESP
Lucas Pérez,a300ac7e,esESP,FW,Cádiz,33.0,1988.0,2022-2023,ESP
Luis Pérez,b7c04927,esESP,"DF,MF",Valladolid,27.0,1995.0,2022-2023,ESP
Germán Pezzella,8c725b43,arARG,DF,Real Betis,31.0,1991.0,2022-2023,ESP
Ronaël Pierre-Gabriel,64ba07c0,frFRA,DF,Espanyol,24.0,1998.0,2022-2023,ESP
Yeremi Pino,540ec57b,esESP,"MF,FW",Villarreal,19.0,2002.0,2022-2023,ESP
Gerard Piqué,adfc9123,esESP,DF,Barcelona,35.0,1987.0,2022-2023,ESP
Óscar Plano,7c388b20,esESP,"MF,FW",Valladolid,31.0,1991.0,2022-2023,ESP
Gonzalo Plata,54bcdeb0,ecECU,"FW,MF",Valladolid,21.0,2000.0,2022-2023,ESP
Ezequiel Ponce,ccbbe661,arARG,"FW,MF",Elche,25.0,1997.0,2022-2023,ESP
Francisco Portillo,8e010ff4,esESP,MF,Almería,32.0,1990.0,2022-2023,ESP
Portu,1bda5842,esESP,"MF,DF",Getafe,30.0,1992.0,2022-2023,ESP
José Pozo,fc8b614b,esESP,MF,Rayo Vallecano,26.0,1996.0,2022-2023,ESP
Manuel Pozo,35440884,esESP,FW,Valladolid,20.0,2001.0,2022-2023,ESP
Alejandro Pozo Pozo,3c16d927,esESP,"DF,MF",Almería,23.0,1999.0,2022-2023,ESP
Abdón Prats,d1b060e2,esESP,FW,Mallorca,29.0,1992.0,2022-2023,ESP
Javi Puado,2683eda7,esESP,"MF,FW",Espanyol,24.0,1998.0,2022-2023,ESP
Arnau Puigmal,39352da2,esESP,MF,Almería,21.0,2001.0,2022-2023,ESP
Domingos Quina,41fb0f4e,ptPOR,MF,Elche,22.0,1999.0,2022-2023,ESP
Rubén Quintanilla,2f456b86,esESP,MF,Mallorca,20.0,2002.0,2022-2023,ESP
Antonio Raillo,b857bd29,esESP,DF,Mallorca,30.0,1991.0,2022-2023,ESP
Predrag Rajković,58ad9383,rsSRB,GK,Mallorca,26.0,1995.0,2022-2023,ESP
Ivan Rakitić,89f951b5,hrCRO,MF,Sevilla,34.0,1988.0,2022-2023,ESP
Largie Ramazani,cc9256ef,beBEL,"FW,MF",Almería,21.0,2001.0,2022-2023,ESP
Chris Ramos,44e07fac,esESP,FW,Cádiz,25.0,1997.0,2022-2023,ESP
Raphinha,3423f250,brBRA,FW,Barcelona,25.0,1996.0,2022-2023,ESP
Sergio Reguilón,3353737a,esESP,DF,Atlético Madrid,25.0,1996.0,2022-2023,ESP
Pepe Reina,e358587b,esESP,GK,Villarreal,39.0,1982.0,2022-2023,ESP
Reinier,6b21b7b5,brBRA,"MF,FW",Girona,20.0,2002.0,2022-2023,ESP
Karim Rekik,3376a776,nlNED,DF,Sevilla,27.0,1994.0,2022-2023,ESP
Álex Remiro,374ee424,esESP,GK,Real Sociedad,27.0,1995.0,2022-2023,ESP
Alejandro Revuelta Montero,14d5b7ac,esESP,DF,Getafe,22.0,2000.0,2022-2023,ESP
Chadi Riad,b3b9b8b8,maMAR,DF,Barcelona,19.0,2003.0,2022-2023,ESP
Nico Ribaudo,ce8039aa,esESP,"MF,FW",Espanyol,21.0,2001.0,2022-2023,ESP
Diego Rico,d9ba39fc,esESP,DF,Real Sociedad,29.0,1993.0,2022-2023,ESP
Rodrigo Riquelme,65154df0,esESP,"MF,FW",Girona,22.0,2000.0,2022-2023,ESP
Sergi Roberto,335fa267,esESP,"DF,MF",Barcelona,30.0,1992.0,2022-2023,ESP
Lucas Robertone,a8981944,arARG,MF,Almería,25.0,1997.0,2022-2023,ESP
Joel Roca,5f21b94c,esESP,FW,Girona,17.0,2005.0,2022-2023,ESP
Enzo Roco,37f827ec,clCHI,DF,Elche,29.0,1992.0,2022-2023,ESP
Rodri,85bed4ee,esESP,MF,Real Betis,22.0,2000.0,2022-2023,ESP
Álvaro Rodríguez,49a6ecbb,uyURU,FW,Real Madrid,18.0,2004.0,2022-2023,ESP
Ángel Rodríguez,8cfc2f69,esESP,FW,Mallorca,35.0,1987.0,2022-2023,ESP
Óscar Rodríguez Arnaiz,19709006,esESP,MF,Celta Vigo,24.0,1998.0,2022-2023,ESP
Dani Rodríguez,70f8e0bd,esESP,MF,Mallorca,34.0,1988.0,2022-2023,ESP
Guido Rodríguez,34e393f2,arARG,MF,Real Betis,28.0,1994.0,2022-2023,ESP
Miguel Rodríguez,958d67bb,esESP,"FW,MF",Celta Vigo,19.0,2003.0,2022-2023,ESP
Rodrygo,8f5e92a6,brBRA,FW,Real Madrid,21.0,2001.0,2022-2023,ESP
Leo Román,924ff27e,esESP,GK,Mallorca,22.0,2000.0,2022-2023,ESP
Iván Romero,2fbe6af0,esESP,FW,Sevilla,21.0,2001.0,2022-2023,ESP
Oriol Romeu,4b511457,esESP,MF,Girona,30.0,1991.0,2022-2023,ESP
Rubén,35d4f151,esESP,"MF,DF",Espanyol,21.0,2001.0,2022-2023,ESP
Antonio Rüdiger,18b896d6,deGER,DF,Real Madrid,29.0,1993.0,2022-2023,ESP
Aitor Ruibal,a55d8df5,esESP,"DF,MF",Real Betis,26.0,1996.0,2022-2023,ESP
Víctor Ruiz,b3dc6eca,esESP,DF,Real Betis,33.0,1989.0,2022-2023,ESP
Gerónimo Rulli,625c144a,arARG,GK,Villarreal,30.0,1992.0,2022-2023,ESP
Franco Russo,b75ac54b,arARG,DF,Mallorca,27.0,1994.0,2022-2023,ESP
Youssouf Sabaly,fbbb9269,snSEN,DF,Real Betis,29.0,1993.0,2022-2023,ESP
Umar Sadiq,686cbe7d,ngNGA,FW,Almería,25.0,1997.0,2022-2023,ESP
Umar Sadiq,686cbe7d,ngNGA,FW,Real Sociedad,25.0,1997.0,2022-2023,ESP
Samuel Sáiz,13e0eb29,esESP,MF,Girona,31.0,1991.0,2022-2023,ESP
Kike Salas,0a69de7b,esESP,DF,Sevilla,20.0,2002.0,2022-2023,ESP
Salvi,405f267a,esESP,MF,Rayo Vallecano,31.0,1991.0,2022-2023,ESP
Fede San Emeterio,efecd633,esESP,MF,Cádiz,25.0,1997.0,2022-2023,ESP
Oihan Sancet,bdb624a3,esESP,MF,Athletic Club,22.0,2000.0,2022-2023,ESP
Antonio Sánchez,a254bbe0,esESP,"MF,DF",Mallorca,25.0,1997.0,2022-2023,ESP
Iván Sánchez,70107d4d,esESP,"MF,FW",Valladolid,29.0,1992.0,2022-2023,ESP
Javi Sánchez,60359288,esESP,DF,Valladolid,25.0,1997.0,2022-2023,ESP
Manu Sánchez,ffacd3d5,esESP,DF,Osasuna,21.0,2000.0,2022-2023,ESP
Esteban Saveljich,79f2a5f5,meMNE,DF,Rayo Vallecano,31.0,1991.0,2022-2023,ESP
Stefan Savić,f6ac68c1,meMNE,DF,Atlético Madrid,31.0,1991.0,2022-2023,ESP
Haris Seferović,a45eac1f,chSUI,FW,Celta Vigo,30.0,1992.0,2022-2023,ESP
Jaime Seoane,a62b4888,esESP,MF,Getafe,25.0,1997.0,2022-2023,ESP
David Silva,e2716bd0,esESP,"MF,FW",Real Sociedad,36.0,1986.0,2022-2023,ESP
Rui Silva,ea83bfa6,ptPOR,GK,Real Betis,28.0,1994.0,2022-2023,ESP
Simo,7f271d74,esESP,DF,Espanyol,17.0,2005.0,2022-2023,ESP
Unai Simón,5dcf3e90,esESP,GK,Athletic Club,25.0,1997.0,2022-2023,ESP
Rubén Sobrino,19b776e9,esESP,"MF,FW",Cádiz,30.0,1992.0,2022-2023,ESP
Alex Sola,5fa714d5,esESP,DF,Real Sociedad,23.0,1999.0,2022-2023,ESP
Augusto Solari,3ca6106c,arARG,MF,Celta Vigo,30.0,1992.0,2022-2023,ESP
Carlos Soler,fed17f5a,esESP,MF,Valencia,25.0,1997.0,2022-2023,ESP
David Soria,8f8c6934,esESP,GK,Getafe,29.0,1993.0,2022-2023,ESP
Hugo Sotelo,3aa74860,esESP,MF,Celta Vigo,18.0,2003.0,2022-2023,ESP
Dyego Sousa,e4738e91,ptPOR,FW,Almería,32.0,1989.0,2022-2023,ESP
Vinicius Souza,6a8a7af8,brBRA,MF,Espanyol,23.0,1999.0,2022-2023,ESP
Jørgen Strand Larsen,f553b2b3,noNOR,FW,Celta Vigo,22.0,2000.0,2022-2023,ESP
Cristhian Stuani,220c11f1,uyURU,FW,Girona,35.0,1986.0,2022-2023,ESP
Damián Suárez,ba5004e1,uyURU,"DF,MF",Getafe,34.0,1988.0,2022-2023,ESP
Denis Suárez,12c50af5,esESP,MF,Espanyol,28.0,1994.0,2022-2023,ESP
Mario Suárez,7106f0a0,esESP,MF,Rayo Vallecano,35.0,1987.0,2022-2023,ESP
Suso,4e219ad2,esESP,"MF,FW",Sevilla,28.0,1993.0,2022-2023,ESP
Williot Swedberg,184fe4b2,seSWE,"FW,MF",Celta Vigo,18.0,2004.0,2022-2023,ESP
Alexander Sørloth,e92cd3f7,noNOR,FW,Real Sociedad,26.0,1995.0,2022-2023,ESP
Renato Tapia,34269bdf,pePER,"MF,DF",Celta Vigo,27.0,1995.0,2022-2023,ESP
Aurélien Tchouaméni,4f255115,frFRA,MF,Real Madrid,22.0,2000.0,2022-2023,ESP
Alex Telles,e73c9bb2,brBRA,"DF,MF",Sevilla,29.0,1992.0,2022-2023,ESP
Marc-André ter Stegen,6f51e382,deGER,GK,Barcelona,30.0,1992.0,2022-2023,ESP
Ramón Terrats,f36016a5,esESP,MF,Villarreal,21.0,2000.0,2022-2023,ESP
Ramón Terrats,f36016a5,esESP,MF,Girona,21.0,2000.0,2022-2023,ESP
Raúl de Tomás,02ef8778,esESP,FW,Rayo Vallecano,27.0,1994.0,2022-2023,ESP
Pablo Torre,04e531b6,esESP,FW,Barcelona,19.0,2003.0,2022-2023,ESP
David Torres,381dbcfc,esESP,DF,Valladolid,19.0,2003.0,2022-2023,ESP
Ferrán Torres,9e1035f8,esESP,FW,Barcelona,22.0,2000.0,2022-2023,ESP
Óliver Torres,58a9a4d9,esESP,MF,Sevilla,27.0,1994.0,2022-2023,ESP
Pau Torres,532e1e4f,esESP,DF,Villarreal,25.0,1997.0,2022-2023,ESP
Roberto Torres,d733aa38,esESP,MF,Osasuna,33.0,1989.0,2022-2023,ESP
Lucas Torró,0e4fef6e,esESP,MF,Osasuna,28.0,1994.0,2022-2023,ESP
Nabil Touaizi,e96b2583,maMAR,FW,Espanyol,21.0,2001.0,2022-2023,ESP
Óscar Trejo,fc647b34,arARG,"MF,FW",Rayo Vallecano,34.0,1988.0,2022-2023,ESP
Manu Trigueros,963829d0,esESP,MF,Villarreal,30.0,1991.0,2022-2023,ESP
Viktor Tsyhankov,f7e87032,uaUKR,MF,Girona,24.0,1997.0,2022-2023,ESP
Beñat Turrientes,068f4dec,esESP,MF,Real Sociedad,20.0,2002.0,2022-2023,ESP
Enes Ünal,f8eca1b6,trTUR,FW,Getafe,25.0,1997.0,2022-2023,ESP
Oscar Ureña,2dd7e29d,doDOM,MF,Girona,19.0,2003.0,2022-2023,ESP
Óscar Valentín,592f3158,esESP,MF,Rayo Vallecano,27.0,1994.0,2022-2023,ESP
Martin Valjent,f2c6ac01,skSVK,DF,Mallorca,26.0,1995.0,2022-2023,ESP
Jesús Vallejo,c2111b45,esESP,DF,Real Madrid,25.0,1997.0,2022-2023,ESP
Manu Vallejo,0bc4e720,esESP,"MF,FW",Girona,25.0,1997.0,2022-2023,ESP
Federico Valverde,0959c2a2,uyURU,"MF,FW",Real Madrid,24.0,1998.0,2022-2023,ESP
Jesus Vazquez,106c142c,esESP,DF,Valencia,19.0,2003.0,2022-2023,ESP
Kevin Vázquez,ee923664,esESP,"DF,MF",Celta Vigo,29.0,1993.0,2022-2023,ESP
Lucas Vázquez,fd51b456,esESP,DF,Real Madrid,31.0,1991.0,2022-2023,ESP
Gabriel Veiga,35a6e5c7,esESP,MF,Celta Vigo,20.0,2002.0,2022-2023,ESP
Unai Vencedor Paris,4112ace5,esESP,MF,Athletic Club,21.0,2000.0,2022-2023,ESP
Gonzalo Verdú,1c2c55fc,esESP,DF,Elche,33.0,1988.0,2022-2023,ESP
Mikel Vesga,b0fce72c,esESP,MF,Athletic Club,29.0,1993.0,2022-2023,ESP
Aleix Vidal,04965583,esESP,"MF,FW",Espanyol,32.0,1989.0,2022-2023,ESP
Nacho Vidal,3a9c4b7b,esESP,DF,Osasuna,27.0,1995.0,2022-2023,ESP
Toni Villa,636eae97,esESP,MF,Valladolid,27.0,1995.0,2022-2023,ESP
Toni Villa,636eae97,esESP,MF,Girona,27.0,1995.0,2022-2023,ESP
Asier Villalibre,57be54ec,esESP,FW,Athletic Club,24.0,1997.0,2022-2023,ESP
Gonzalo Villar,bdc74a8f,esESP,MF,Getafe,24.0,1998.0,2022-2023,ESP
Iván Villar,cde52ef5,esESP,GK,Celta Vigo,25.0,1997.0,2022-2023,ESP
Daniel Vivian,ab7bf91d,esESP,DF,Athletic Club,23.0,1999.0,2022-2023,ESP
Shon Weissman,379dc075,ilISR,FW,Valladolid,26.0,1996.0,2022-2023,ESP
Axel Werner,c0b1a6da,arARG,GK,Elche,26.0,1996.0,2022-2023,ESP
Iñaki Williams,6a99e0b1,ghGHA,"FW,MF",Athletic Club,28.0,1994.0,2022-2023,ESP
Nico Williams,afdc14d7,esESP,MF,Athletic Club,20.0,2002.0,2022-2023,ESP
Axel Witsel,5dfc6ad5,beBEL,"DF,MF",Atlético Madrid,33.0,1989.0,2022-2023,ESP
Lamine Yamal,82ec26c1,esESP,"FW,MF",Barcelona,15.0,2007.0,2022-2023,ESP
Jawad El Yamiq,f6f6b6e8,maMAR,DF,Valladolid,30.0,1992.0,2022-2023,ESP
Joseba Zaldúa,5ca20b7a,esESP,DF,Cádiz,30.0,1992.0,2022-2023,ESP
Oier Zarraga,968a1c2f,esESP,MF,Athletic Club,23.0,1999.0,2022-2023,ESP
Igor Zubeldia,5c7845f6,esESP,DF,Real Sociedad,25.0,1997.0,2022-2023,ESP
Martín Zubimendi,3ee0dd59,esESP,MF,Real Sociedad,23.0,1999.0,2022-2023,ESP
Brenden Aaronson,5bc43860,usUSA,MF,Leeds United,21.0,2000.0,2022-2023,EPL
George Abbott,56628958,engENG,MF,Tottenham Hotspur,16.0,2005.0,2022-2023,EPL
Che Adams,f2bf1b0f,sctSCO,FW,Southampton,26.0,1996.0,2022-2023,EPL
Tyler Adams,2b09d998,usUSA,MF,Leeds United,23.0,1999.0,2022-2023,EPL
Tosin Adarabioyo,c81d773d,engENG,DF,Fulham,24.0,1997.0,2022-2023,EPL
Nayef Aguerd,288e1e13,maMAR,DF,West Ham United,26.0,1996.0,2022-2023,EPL
Naouirou Ahamada,a6c58494,frFRA,MF,Crystal Palace,20.0,2002.0,2022-2023,EPL
Rayan Aït-Nouri,9b398aea,dzALG,"DF,MF",Wolves,21.0,2001.0,2022-2023,EPL
Kristoffer Ajer,a8c0acb7,noNOR,DF,Brentford,24.0,1998.0,2022-2023,EPL
Manuel Akanji,89ac64a6,chSUI,"DF,MF",Manchester City,27.0,1995.0,2022-2023,EPL
Nathan Aké,eaeca114,nlNED,DF,Manchester City,27.0,1995.0,2022-2023,EPL
Marc Albrighton,b827d5b3,engENG,MF,Leicester City,32.0,1989.0,2022-2023,EPL
Thiago Alcántara,77e84962,esESP,MF,Liverpool,31.0,1991.0,2022-2023,EPL
Carlos Alcaraz,4abac767,arARG,"MF,FW",Southampton,19.0,2002.0,2022-2023,EPL
Trent Alexander-Arnold,cd1acf9d,engENG,DF,Liverpool,23.0,1998.0,2022-2023,EPL
Alisson,7a2e46a8,brBRA,GK,Liverpool,29.0,1992.0,2022-2023,EPL
Dele Alli,cea4ee8f,engENG,"FW,MF",Everton,26.0,1996.0,2022-2023,EPL
Miguel Almirón,862a1c15,pyPAR,FW,Newcastle United,28.0,1994.0,2022-2023,EPL
Julián Álvarez,15ab5a2b,arARG,"MF,FW",Manchester City,22.0,2000.0,2022-2023,EPL
Daniel Amartey,1a4ef233,ghGHA,DF,Leicester City,27.0,1994.0,2022-2023,EPL
Samuel Amo-Ameyaw,9eedf0e0,engENG,"FW,MF",Southampton,16.0,2006.0,2022-2023,EPL
Joachim Andersen,e34fc66d,dkDEN,DF,Crystal Palace,26.0,1996.0,2022-2023,EPL
Elliot Anderson,de31038e,engENG,MF,Newcastle United,19.0,2002.0,2022-2023,EPL
Jaidon Anthony,e4238fb1,engENG,MF,Bournemouth,22.0,1999.0,2022-2023,EPL
Michail Antonio,ac05f970,jmJAM,FW,West Ham United,32.0,1990.0,2022-2023,EPL
Antony,99127249,brBRA,MF,Manchester Utd,22.0,2000.0,2022-2023,EPL
Cameron Archer,05e8ca6d,engENG,FW,Aston Villa,21.0,2001.0,2022-2023,EPL
Alphonse Areola,2f965a72,frFRA,GK,West Ham United,29.0,1993.0,2022-2023,EPL
Joe Aribo,328f7d51,ngNGA,"MF,FW",Southampton,26.0,1996.0,2022-2023,EPL
Adam Armstrong,68c720b5,engENG,"MF,FW",Southampton,25.0,1997.0,2022-2023,EPL
Stuart Armstrong,97333cf5,sctSCO,MF,Southampton,30.0,1992.0,2022-2023,EPL
Kepa Arrizabalaga,28d596a0,esESP,GK,Chelsea,27.0,1994.0,2022-2023,EPL
Pierre-Emerick Aubameyang,d5dd5f1f,gaGAB,FW,Chelsea,33.0,1989.0,2022-2023,EPL
Ludwig Augustinsson,9fec8860,seSWE,DF,Aston Villa,28.0,1994.0,2022-2023,EPL
Serge Aurier,5c2b4f07,ciCIV,"DF,MF",Nottingham Forest,29.0,1992.0,2022-2023,EPL
Taiwo Awoniyi,e5478b87,ngNGA,FW,Nottingham Forest,24.0,1997.0,2022-2023,EPL
Yasin Ayari,f173303a,seSWE,MF,Brighton,18.0,2003.0,2022-2023,EPL
André Ayew,5dbefa9d,ghGHA,FW,Nottingham Forest,32.0,1989.0,2022-2023,EPL
Jordan Ayew,da052c14,ghGHA,"FW,MF",Crystal Palace,30.0,1991.0,2022-2023,EPL
Luke Ayling,420d7c7d,engENG,DF,Leeds United,30.0,1991.0,2022-2023,EPL
César Azpilicueta,53cad200,esESP,"DF,MF",Chelsea,32.0,1989.0,2022-2023,EPL
Benoît Badiashile,06df8256,frFRA,DF,Chelsea,21.0,2001.0,2022-2023,EPL
Leon Bailey,3a233281,jmJAM,"FW,MF",Aston Villa,24.0,1997.0,2022-2023,EPL
Stefan Bajcetic,32e8417f,esESP,MF,Liverpool,17.0,2004.0,2022-2023,EPL
Dominic Ballard,ed8d597c,engENG,FW,Southampton,17.0,2005.0,2022-2023,EPL
Patrick Bamford,93feac6e,engENG,FW,Leeds United,28.0,1993.0,2022-2023,EPL
Shandon Baptiste,2886c9b5,gdGRN,MF,Brentford,24.0,1998.0,2022-2023,EPL
Harvey Barnes,3ea50f67,engENG,"MF,FW",Leicester City,24.0,1997.0,2022-2023,EPL
Gavin Bazunu,c91441dc,ieIRL,GK,Southampton,20.0,2002.0,2022-2023,EPL
Mads Bech Sørensen,30db8574,dkDEN,DF,Brentford,23.0,1999.0,2022-2023,EPL
Jan Bednarek,4115ce4e,plPOL,DF,Southampton,26.0,1996.0,2022-2023,EPL
Jan Bednarek,4115ce4e,plPOL,DF,Aston Villa,26.0,1996.0,2022-2023,EPL
Donny van de Beek,50dc94ce,nlNED,MF,Manchester Utd,25.0,1997.0,2022-2023,EPL
Asmir Begović,7b4de647,baBIH,GK,Everton,35.0,1987.0,2022-2023,EPL
Armel Bella Kotchap,a39d11bc,deGER,DF,Southampton,20.0,2001.0,2022-2023,EPL
Saïd Benrahma,5a04fd92,dzALG,"MF,FW",West Ham United,26.0,1995.0,2022-2023,EPL
Rodrigo Bentancur,3b8674e6,uyURU,MF,Tottenham Hotspur,25.0,1997.0,2022-2023,EPL
Daniel Bentley,68db6358,engENG,GK,Wolves,29.0,1993.0,2022-2023,EPL
Victor Bernth Kristiansen,505486d6,dkDEN,DF,Leicester City,19.0,2002.0,2022-2023,EPL
Owen Bevan,87966294,wlsWAL,DF,Bournemouth,18.0,2003.0,2022-2023,EPL
Giulian Biancone,de40e38c,frFRA,"DF,MF",Nottingham Forest,22.0,2000.0,2022-2023,EPL
Philip Billing,d328a254,dkDEN,"MF,FW",Bournemouth,26.0,1996.0,2022-2023,EPL
Yves Bissouma,6c203af0,mlMLI,MF,Tottenham Hotspur,25.0,1996.0,2022-2023,EPL
Willy Boly,a4ac4b8f,ciCIV,DF,Nottingham Forest,31.0,1991.0,2022-2023,EPL
Sven Botman,ccce7025,nlNED,DF,Newcastle United,22.0,2000.0,2022-2023,EPL
Jarrod Bowen,79c84d1c,engENG,"MF,FW",West Ham United,25.0,1996.0,2022-2023,EPL
James Bree,c07b7c5c,engENG,DF,Southampton,24.0,1997.0,2022-2023,EPL
Armando Broja,97220da2,alALB,FW,Chelsea,20.0,2001.0,2022-2023,EPL
David Brooks,dc4cae05,wlsWAL,MF,Bournemouth,25.0,1997.0,2022-2023,EPL
Lewis Brunt,a2081c6b,engENG,"DF,MF",Leicester City,21.0,2000.0,2022-2023,EPL
Emi Buendía,66b76d44,arARG,"MF,FW",Aston Villa,25.0,1996.0,2022-2023,EPL
Hugo Bueno,bfc3b3a0,esESP,DF,Wolves,19.0,2002.0,2022-2023,EPL
Facundo Buonanotte,468a7a91,arARG,MF,Brighton,17.0,2004.0,2022-2023,EPL
Dan Burn,b2d31e83,engENG,DF,Newcastle United,30.0,1992.0,2022-2023,EPL
Cafú,85322440,ptPOR,MF,Nottingham Forest,29.0,1993.0,2022-2023,EPL
Moisés Caicedo,16264a81,ecECU,MF,Brighton,20.0,2001.0,2022-2023,EPL
Tom Cairney,a8748947,sctSCO,MF,Fulham,31.0,1991.0,2022-2023,EPL
Duje Ćaleta-Car,94f8d10c,hrCRO,DF,Southampton,25.0,1996.0,2022-2023,EPL
Dominic Calvert-Lewin,59e6e5bf,engENG,FW,Everton,25.0,1997.0,2022-2023,EPL
Chem Campbell,6f711f67,wlsWAL,"FW,MF",Wolves,19.0,2002.0,2022-2023,EPL
João Cancelo,bd6351cd,ptPOR,DF,Manchester City,28.0,1994.0,2022-2023,EPL
Thomas Cannon,4506aec5,ieIRL,FW,Everton,19.0,2002.0,2022-2023,EPL
Sergi Canós,1137759d,esESP,"FW,MF",Brentford,25.0,1997.0,2022-2023,EPL
Diego Carlos,b4a014b1,brBRA,DF,Aston Villa,29.0,1993.0,2022-2023,EPL
Fabio Carvalho,966e28d0,ptPOR,"MF,FW",Liverpool,19.0,2002.0,2022-2023,EPL
Casemiro,4d224fe8,brBRA,MF,Manchester Utd,30.0,1992.0,2022-2023,EPL
Matty Cash,2389cdc2,plPOL,DF,Aston Villa,24.0,1997.0,2022-2023,EPL
Timothy Castagne,197640fd,beBEL,"DF,MF",Leicester City,26.0,1995.0,2022-2023,EPL
Jonny Castro,e28868f3,esESP,DF,Wolves,28.0,1994.0,2022-2023,EPL
Nathaniel Chalobah,422862ea,engENG,MF,Fulham,27.0,1994.0,2022-2023,EPL
Trevoh Chalobah,5515376c,engENG,DF,Chelsea,23.0,1999.0,2022-2023,EPL
Calum Chambers,dc6f5bdd,engENG,DF,Aston Villa,27.0,1995.0,2022-2023,EPL
Shea Charles,5cc3ce65,nirNIR,"DF,MF",Manchester City,18.0,2003.0,2022-2023,EPL
Ben Chilwell,d2424d1b,engENG,"MF,DF",Chelsea,25.0,1996.0,2022-2023,EPL
Ryan Christie,26ce2263,sctSCO,MF,Bournemouth,27.0,1995.0,2022-2023,EPL
Carney Chukwuemeka,b2f9c73e,engENG,MF,Chelsea,18.0,2003.0,2022-2023,EPL
Bobby Clark,73341ace,engENG,MF,Liverpool,17.0,2005.0,2022-2023,EPL
Nathaniel Clyne,0442183b,engENG,DF,Crystal Palace,31.0,1991.0,2022-2023,EPL
Conor Coady,2928dca2,engENG,DF,Everton,29.0,1993.0,2022-2023,EPL
Jack Colback,963a9201,engENG,MF,Nottingham Forest,32.0,1989.0,2022-2023,EPL
Séamus Coleman,0420d84f,ieIRL,"DF,MF",Everton,33.0,1988.0,2022-2023,EPL
Nathan Collins,a8c19eb8,ieIRL,DF,Wolves,21.0,2001.0,2022-2023,EPL
Levi Colwill,700783e7,engENG,DF,Brighton,19.0,2003.0,2022-2023,EPL
Lewis Cook,2afc7272,engENG,MF,Bournemouth,25.0,1997.0,2022-2023,EPL
Steve Cook,3e5e4e63,engENG,DF,Nottingham Forest,31.0,1991.0,2022-2023,EPL
Liam Cooper,dc64b8b3,sctSCO,DF,Leeds United,30.0,1991.0,2022-2023,EPL
Maxwel Cornet,beb391dd,ciCIV,MF,West Ham United,25.0,1996.0,2022-2023,EPL
Diego Costa,a190d597,esESP,FW,Wolves,33.0,1988.0,2022-2023,EPL
Vladimír Coufal,fdf3cb77,czCZE,"DF,MF",West Ham United,29.0,1992.0,2022-2023,EPL
Philippe Coutinho,0ef89a37,brBRA,"FW,MF",Aston Villa,30.0,1992.0,2022-2023,EPL
Conor Coventry,a5ca9127,ieIRL,MF,West Ham United,22.0,2000.0,2022-2023,EPL
Matthew Craig,bc914523,sctSCO,MF,Tottenham Hotspur,19.0,2003.0,2022-2023,EPL
Aaron Cresswell,4f974391,engENG,DF,West Ham United,32.0,1989.0,2022-2023,EPL
Marc Cucurella,1daec722,esESP,"DF,MF",Chelsea,24.0,1998.0,2022-2023,EPL
Matheus Cunha,dc62b55d,brBRA,FW,Wolves,23.0,1999.0,2022-2023,EPL
Patson Daka,ca45605e,zmZAM,FW,Leicester City,23.0,1998.0,2022-2023,EPL
Diogo Dalot,d9565625,ptPOR,DF,Manchester Utd,23.0,1999.0,2022-2023,EPL
Mikkel Damsgaard,215f3907,dkDEN,"MF,FW",Brentford,22.0,2000.0,2022-2023,EPL
Danilo,a816dbfb,brBRA,MF,Nottingham Forest,21.0,2001.0,2022-2023,EPL
Arnaut Danjuma,f08490a6,nlNED,MF,Tottenham Hotspur,25.0,1997.0,2022-2023,EPL
Josh Dasilva,60344e4f,engENG,MF,Brentford,23.0,1998.0,2022-2023,EPL
David Datro Fofana,e82900ef,ciCIV,FW,Chelsea,19.0,2002.0,2022-2023,EPL
Ben Davies,44781702,wlsWAL,"DF,MF",Tottenham Hotspur,29.0,1993.0,2022-2023,EPL
Tom Davies,9228b07c,engENG,MF,Everton,24.0,1998.0,2022-2023,EPL
Craig Dawson,3e9e06cb,engENG,DF,West Ham United,32.0,1990.0,2022-2023,EPL
Craig Dawson,3e9e06cb,engENG,DF,Wolves,32.0,1990.0,2022-2023,EPL
Kevin De Bruyne,e46012d4,beBEL,MF,Manchester City,31.0,1991.0,2022-2023,EPL
Bobby De Cordova-Reid,0f7533cd,jmJAM,"MF,DF",Fulham,29.0,1993.0,2022-2023,EPL
Siriki Dembélé,11f54bd5,ciCIV,"FW,MF",Bournemouth,25.0,1996.0,2022-2023,EPL
Leander Dendoncker,5a7301ae,beBEL,MF,Aston Villa,27.0,1995.0,2022-2023,EPL
Leander Dendoncker,5a7301ae,beBEL,MF,Wolves,27.0,1995.0,2022-2023,EPL
Emmanuel Dennis,2c44a35d,ngNGA,"MF,FW",Nottingham Forest,24.0,1997.0,2022-2023,EPL
Halil Dervişoğlu,9d8cf204,trTUR,FW,Brentford,22.0,1999.0,2022-2023,EPL
Kiernan Dewsbury-Hall,5c74c0f5,engENG,MF,Leicester City,23.0,1998.0,2022-2023,EPL
Ibrahima Diallo,11ff3d56,frFRA,MF,Southampton,23.0,1999.0,2022-2023,EPL
Rúben Dias,31c69ef1,ptPOR,"DF,MF",Manchester City,25.0,1997.0,2022-2023,EPL
Luis Díaz,4a1a9578,coCOL,FW,Liverpool,25.0,1997.0,2022-2023,EPL
Eric Dier,ac861941,engENG,DF,Tottenham Hotspur,28.0,1994.0,2022-2023,EPL
Lucas Digne,1b84dbe1,frFRA,DF,Aston Villa,29.0,1993.0,2022-2023,EPL
Issa Diop,a712ca2b,frFRA,DF,Fulham,25.0,1997.0,2022-2023,EPL
Moussa Djenepo,254147d4,mlMLI,"DF,MF",Southampton,24.0,1998.0,2022-2023,EPL
Matt Doherty,d557d734,ieIRL,MF,Tottenham Hotspur,30.0,1992.0,2022-2023,EPL
Abdoulaye Doucouré,02b29014,mlMLI,MF,Everton,29.0,1993.0,2022-2023,EPL
Cheick Doucouré,ce4f40c7,mlMLI,MF,Crystal Palace,22.0,2000.0,2022-2023,EPL
Flynn Downes,69fdb896,engENG,MF,West Ham United,23.0,1999.0,2022-2023,EPL
Kami Doyle,65983e4d,engENG,MF,Southampton,16.0,2005.0,2022-2023,EPL
Cody Drameh,e0d1510a,engENG,DF,Leeds United,20.0,2001.0,2022-2023,EPL
Martin Dúbravka,3a949a25,skSVK,GK,Newcastle United,33.0,1989.0,2022-2023,EPL
Shane Duffy,7314bba4,ieIRL,"DF,MF",Fulham,30.0,1992.0,2022-2023,EPL
Lewis Dunk,282f75f3,engENG,DF,Brighton,30.0,1991.0,2022-2023,EPL
Jáder Durán,414184f7,coCOL,FW,Aston Villa,18.0,2003.0,2022-2023,EPL
Malcolm Ebiowei,fa9fa773,engENG,MF,Crystal Palace,18.0,2003.0,2022-2023,EPL
Ederson,3bb7b8b4,brBRA,GK,Manchester City,28.0,1993.0,2022-2023,EPL
Odsonne Édouard,0562b7f1,frFRA,FW,Crystal Palace,24.0,1998.0,2022-2023,EPL
Samuel Edozie,007414dd,engENG,"MF,FW",Southampton,19.0,2003.0,2022-2023,EPL
Anthony Elanga,2fba6108,seSWE,MF,Manchester Utd,20.0,2002.0,2022-2023,EPL
Harvey Elliott,b9e1436c,engENG,MF,Liverpool,19.0,2003.0,2022-2023,EPL
Mohamed Elneny,47a34c4f,egEGY,MF,Arsenal,30.0,1992.0,2022-2023,EPL
Mohamed Elyounoussi,68dc0dac,noNOR,MF,Southampton,27.0,1994.0,2022-2023,EPL
Emerson,df8b52a5,brBRA,"MF,DF",Tottenham Hotspur,23.0,1999.0,2022-2023,EPL
Julio Enciso,9cfbad36,pyPAR,"MF,FW",Brighton,18.0,2004.0,2022-2023,EPL
Christian Eriksen,980522ec,dkDEN,MF,Manchester Utd,30.0,1992.0,2022-2023,EPL
Pervis Estupiñán,d38fdf53,ecECU,"DF,MF",Brighton,24.0,1998.0,2022-2023,EPL
Jonny Evans,f8fcd2a5,nirNIR,DF,Leicester City,34.0,1988.0,2022-2023,EPL
Eberechi Eze,ae4fc6a4,engENG,"MF,FW",Crystal Palace,24.0,1998.0,2022-2023,EPL
Łukasz Fabiański,9328b835,plPOL,GK,West Ham United,37.0,1985.0,2022-2023,EPL
Fabinho,7f3b388c,brBRA,MF,Liverpool,28.0,1993.0,2022-2023,EPL
Wout Faes,9c221d14,beBEL,DF,Leicester City,24.0,1998.0,2022-2023,EPL
Felipe,51a3c4c8,brBRA,DF,Nottingham Forest,33.0,1989.0,2022-2023,EPL
João Félix,8aafd64f,ptPOR,"FW,MF",Chelsea,22.0,1999.0,2022-2023,EPL
Evan Ferguson,4596da74,ieIRL,FW,Brighton,17.0,2004.0,2022-2023,EPL
Bruno Fernandes,507c7bdf,ptPOR,MF,Manchester Utd,27.0,1994.0,2022-2023,EPL
Enzo Fernández,5ff4ab71,arARG,MF,Chelsea,21.0,2001.0,2022-2023,EPL
Roberto Firmino,4c370d81,brBRA,FW,Liverpool,30.0,1991.0,2022-2023,EPL
Junior Firpo,24f59bb2,doDOM,DF,Leeds United,25.0,1996.0,2022-2023,EPL
Phil Foden,ed1e53f3,engENG,"FW,MF",Manchester City,22.0,2000.0,2022-2023,EPL
Wesley Fofana,132a82f1,frFRA,DF,Leicester City,21.0,2000.0,2022-2023,EPL
Wesley Fofana,132a82f1,frFRA,DF,Chelsea,21.0,2000.0,2022-2023,EPL
Pablo Fornals,82927de4,esESP,MF,West Ham United,26.0,1996.0,2022-2023,EPL
Adam Forshaw,9f1938ab,engENG,MF,Leeds United,30.0,1991.0,2022-2023,EPL
Fraser Forster,c3e39f12,engENG,GK,Tottenham Hotspur,34.0,1988.0,2022-2023,EPL
Tyrese Francois,6722d4f0,auAUS,MF,Fulham,22.0,2000.0,2022-2023,EPL
Ryan Fraser,d56543a0,sctSCO,FW,Newcastle United,28.0,1994.0,2022-2023,EPL
Fred,b853e0ad,brBRA,MF,Manchester Utd,29.0,1993.0,2022-2023,EPL
Ryan Fredericks,c067631c,engENG,DF,Bournemouth,29.0,1992.0,2022-2023,EPL
Remo Freuler,98d2c2c4,chSUI,MF,Nottingham Forest,30.0,1992.0,2022-2023,EPL
Cody Gakpo,1971591f,nlNED,FW,Liverpool,23.0,1999.0,2022-2023,EPL
Conor Gallagher,c2731c10,engENG,MF,Chelsea,22.0,2000.0,2022-2023,EPL
Idrissa Gana Gueye,72c812f3,snSEN,MF,Everton,32.0,1989.0,2022-2023,EPL
Ben Gannon-Doak,733f1a7d,sctSCO,MF,Liverpool,16.0,2005.0,2022-2023,EPL
Alejandro Garnacho,7aa8adfe,arARG,MF,Manchester Utd,18.0,2004.0,2022-2023,EPL
James Garner,4e015693,engENG,MF,Everton,21.0,2001.0,2022-2023,EPL
David de Gea,7ba6d84e,esESP,GK,Manchester Utd,31.0,1990.0,2022-2023,EPL
Joe Gelhardt,01962d0d,engENG,FW,Leeds United,20.0,2002.0,2022-2023,EPL
Saman Ghoddos,f7b1d4e0,irIRN,"FW,MF",Brentford,28.0,1993.0,2022-2023,EPL
Morgan Gibbs-White,32f60ed8,engENG,MF,Wolves,22.0,2000.0,2022-2023,EPL
Morgan Gibbs-White,32f60ed8,engENG,"MF,FW",Nottingham Forest,22.0,2000.0,2022-2023,EPL
Bryan Gil,7b5ab7f2,esESP,"MF,FW",Tottenham Hotspur,21.0,2001.0,2022-2023,EPL
Billy Gilmour,df10e27c,sctSCO,MF,Brighton,21.0,2001.0,2022-2023,EPL
Wilfried Gnonto,75fdd638,itITA,"MF,FW",Leeds United,18.0,2003.0,2022-2023,EPL
Ben Godfrey,9f7c837d,engENG,DF,Everton,24.0,1998.0,2022-2023,EPL
João Gomes,8b57ad2c,brBRA,MF,Wolves,21.0,2001.0,2022-2023,EPL
Toti Gomes,f0caab96,ptPOR,DF,Wolves,23.0,1999.0,2022-2023,EPL
Joe Gomez,7a11550b,engENG,DF,Liverpool,25.0,1997.0,2022-2023,EPL
Sergio Gómez,01e5f06e,esESP,"MF,FW",Manchester City,21.0,2000.0,2022-2023,EPL
Anthony Gordon,2bd83368,engENG,"FW,MF",Newcastle United,21.0,2001.0,2022-2023,EPL
Anthony Gordon,2bd83368,engENG,"FW,MF",Everton,21.0,2001.0,2022-2023,EPL
Demarai Gray,4468ec10,jmJAM,"FW,MF",Everton,26.0,1996.0,2022-2023,EPL
Jack Grealish,b0b4fd3e,engENG,"FW,MF",Manchester City,26.0,1995.0,2022-2023,EPL
Sam Greenwood,f3354c07,engENG,MF,Leeds United,20.0,2002.0,2022-2023,EPL
Pascal Groß,8aec0537,deGER,"MF,DF",Brighton,31.0,1991.0,2022-2023,EPL
Vicente Guaita,ab13a5aa,esESP,GK,Crystal Palace,35.0,1987.0,2022-2023,EPL
Gonçalo Guedes,e6bc67d7,ptPOR,"FW,MF",Wolves,25.0,1996.0,2022-2023,EPL
Marc Guéhi,d0706b27,engENG,DF,Crystal Palace,22.0,2000.0,2022-2023,EPL
Bruno Guimarães,82518f62,brBRA,MF,Newcastle United,24.0,1997.0,2022-2023,EPL
İlkay Gündoğan,819b3158,deGER,MF,Manchester City,31.0,1990.0,2022-2023,EPL
Darko Gyabi,56d838f7,engENG,MF,Leeds United,18.0,2004.0,2022-2023,EPL
Erling Haaland,1f44ac21,noNOR,"FW,MF",Manchester City,22.0,2000.0,2022-2023,EPL
Lewis Hall,da011f18,engENG,"MF,DF",Chelsea,17.0,2004.0,2022-2023,EPL
Luke Harris,8c3078cd,wlsWAL,MF,Fulham,17.0,2005.0,2022-2023,EPL
Jack Harrison,aa849a12,engENG,MF,Leeds United,25.0,1996.0,2022-2023,EPL
Kai Havertz,fed7cb61,deGER,"FW,MF",Chelsea,23.0,1999.0,2022-2023,EPL
Jan Paul van Hecke,4fd08daa,nlNED,DF,Brighton,22.0,2000.0,2022-2023,EPL
Hwang Hee-chan,169fd162,krKOR,"FW,MF",Wolves,26.0,1996.0,2022-2023,EPL
Dean Henderson,e5a76dfe,engENG,GK,Nottingham Forest,25.0,1997.0,2022-2023,EPL
Jordan Henderson,935e6b8f,engENG,MF,Liverpool,32.0,1990.0,2022-2023,EPL
Wayne Hennessey,76eca7e2,wlsWAL,GK,Nottingham Forest,35.0,1987.0,2022-2023,EPL
Rico Henry,8a3c1dc7,jmJAM,"DF,MF",Brentford,25.0,1997.0,2022-2023,EPL
Son Heung-min,92e7e919,krKOR,"MF,FW",Tottenham Hotspur,30.0,1992.0,2022-2023,EPL
Aaron Hickey,1780bb4a,sctSCO,DF,Brentford,20.0,2002.0,2022-2023,EPL
Jack Hinshelwood,e98211e7,engENG,"DF,MF",Brighton,17.0,2005.0,2022-2023,EPL
Joseph Hodge,bd8a5d95,ieIRL,MF,Wolves,19.0,2002.0,2022-2023,EPL
Rob Holding,d79a8c87,engENG,DF,Arsenal,26.0,1995.0,2022-2023,EPL
Mason Holgate,d0042ab9,jmJAM,DF,Everton,25.0,1996.0,2022-2023,EPL
Will Hughes,a0666d3e,engENG,MF,Crystal Palace,27.0,1995.0,2022-2023,EPL
Omari Hutchinson,bd9553e6,engENG,MF,Chelsea,18.0,2003.0,2022-2023,EPL
Pierre Højbjerg,8b04d6c1,dkDEN,MF,Tottenham Hotspur,26.0,1995.0,2022-2023,EPL
Kelechi Iheanacho,c92e1a31,ngNGA,FW,Leicester City,25.0,1996.0,2022-2023,EPL
Danny Ings,07802f7f,engENG,FW,West Ham United,30.0,1992.0,2022-2023,EPL
Danny Ings,07802f7f,engENG,FW,Aston Villa,30.0,1992.0,2022-2023,EPL
Alexander Isak,8e92be30,seSWE,FW,Newcastle United,22.0,1999.0,2022-2023,EPL
Daniel Iversen,10d221cd,dkDEN,GK,Leicester City,25.0,1997.0,2022-2023,EPL
Alex Iwobi,6ca5ec4b,ngNGA,MF,Everton,26.0,1996.0,2022-2023,EPL
Daniel James,c931d9f9,wlsWAL,MF,Leeds United,24.0,1997.0,2022-2023,EPL
Daniel James,c931d9f9,wlsWAL,"MF,FW",Fulham,24.0,1997.0,2022-2023,EPL
Reece James,1265a93a,engENG,"DF,MF",Chelsea,22.0,1999.0,2022-2023,EPL
Vitaly Janelt,8449d35e,deGER,MF,Brentford,24.0,1998.0,2022-2023,EPL
Pontus Jansson,172e52d8,seSWE,DF,Brentford,31.0,1991.0,2022-2023,EPL
Mathias Jensen,0f134faf,dkDEN,MF,Brentford,26.0,1996.0,2022-2023,EPL
Gabriel Jesus,b66315ae,brBRA,FW,Arsenal,25.0,1997.0,2022-2023,EPL
Raúl Jiménez,b561db50,mxMEX,FW,Wolves,31.0,1991.0,2022-2023,EPL
Joelinton,c17bfb65,brBRA,"MF,FW",Newcastle United,25.0,1996.0,2022-2023,EPL
Ben Johnson,9319781b,engENG,"DF,MF",West Ham United,22.0,2000.0,2022-2023,EPL
Brennan Johnson,0cd31129,wlsWAL,"FW,MF",Nottingham Forest,21.0,2001.0,2022-2023,EPL
Sam Johnstone,9e5708be,engENG,GK,Crystal Palace,29.0,1993.0,2022-2023,EPL
Curtis Jones,4fb9c88f,engENG,MF,Liverpool,21.0,2001.0,2022-2023,EPL
Jorginho,45db685d,itITA,MF,Arsenal,30.0,1991.0,2022-2023,EPL
Jorginho,45db685d,itITA,MF,Chelsea,30.0,1991.0,2022-2023,EPL
Mateo Joseph,6ad43f9a,esESP,FW,Leeds United,18.0,2003.0,2022-2023,EPL
Diogo Jota,178ae8f8,ptPOR,"FW,MF",Liverpool,25.0,1996.0,2022-2023,EPL
Hamed Junior Traorè,570bb4b9,ciCIV,MF,Bournemouth,22.0,2000.0,2022-2023,EPL
James Justin,fb614c44,engENG,"DF,MF",Leicester City,24.0,1998.0,2022-2023,EPL
Mathias Jørgensen,0db5d2c8,dkDEN,DF,Brentford,32.0,1990.0,2022-2023,EPL
Sasa Kalajdzic,15f24fe7,atAUT,FW,Wolves,25.0,1997.0,2022-2023,EPL
Boubacar Kamara,cc77354e,frFRA,MF,Aston Villa,22.0,1999.0,2022-2023,EPL
Harry Kane,21a66f6a,engENG,FW,Tottenham Hotspur,29.0,1993.0,2022-2023,EPL
N'Golo Kanté,b9fbae28,frFRA,MF,Chelsea,31.0,1991.0,2022-2023,EPL
Michael Keane,c5b7c315,engENG,DF,Everton,29.0,1993.0,2022-2023,EPL
Neeskens Kebano,18b999f4,cdCOD,MF,Fulham,30.0,1992.0,2022-2023,EPL
Thilo Kehrer,51dbeea9,deGER,DF,West Ham United,25.0,1996.0,2022-2023,EPL
Naby Keïta,f25c8e3a,gnGUI,MF,Liverpool,27.0,1995.0,2022-2023,EPL
Caoimhín Kelleher,62d7ef38,ieIRL,GK,Liverpool,23.0,1998.0,2022-2023,EPL
Lloyd Kelly,f31def1e,engENG,DF,Bournemouth,23.0,1998.0,2022-2023,EPL
Max Kilman,d0f72bf1,engENG,DF,Wolves,25.0,1997.0,2022-2023,EPL
Jakub Kiwior,dc3e663e,plPOL,DF,Arsenal,22.0,2000.0,2022-2023,EPL
Mateusz Klich,282679b4,plPOL,MF,Leeds United,32.0,1990.0,2022-2023,EPL
Robin Koch,ea6bc03a,deGER,DF,Leeds United,26.0,1996.0,2022-2023,EPL
Ibrahima Konaté,5ed9b537,frFRA,DF,Liverpool,23.0,1999.0,2022-2023,EPL
Ezri Konsa,0313a347,engENG,DF,Aston Villa,24.0,1997.0,2022-2023,EPL
Kalidou Koulibaly,da974c7b,snSEN,DF,Chelsea,31.0,1991.0,2022-2023,EPL
Cheikhou Kouyaté,8d3c902d,snSEN,"MF,DF",Nottingham Forest,32.0,1989.0,2022-2023,EPL
Mateo Kovačić,79c0821a,hrCRO,MF,Chelsea,28.0,1994.0,2022-2023,EPL
Emil Krafth,77cf6852,seSWE,DF,Newcastle United,27.0,1994.0,2022-2023,EPL
Rasmus Kristensen,39769cff,dkDEN,DF,Leeds United,25.0,1997.0,2022-2023,EPL
Dejan Kulusevski,df3cda47,seSWE,"MF,FW",Tottenham Hotspur,22.0,2000.0,2022-2023,EPL
Layvin Kurzawa,41e7ef1c,frFRA,DF,Fulham,29.0,1992.0,2022-2023,EPL
Adam Lallana,99813635,engENG,MF,Brighton,34.0,1988.0,2022-2023,EPL
Tariq Lamptey,f4e433d4,ghGHA,"DF,MF",Brighton,21.0,2000.0,2022-2023,EPL
Manuel Lanzini,26f6dca8,arARG,MF,West Ham United,29.0,1993.0,2022-2023,EPL
Aymeric Laporte,119b9a8e,esESP,"DF,MF",Manchester City,28.0,1994.0,2022-2023,EPL
Juan Larios,cf7fb13a,esESP,DF,Southampton,18.0,2004.0,2022-2023,EPL
Jamaal Lascelles,450ab6fc,engENG,DF,Newcastle United,28.0,1993.0,2022-2023,EPL
Roméo Lavia,ecad9aa5,beBEL,MF,Southampton,18.0,2004.0,2022-2023,EPL
Dexter Lembikisa,0bdda685,jmJAM,"DF,MF",Wolves,18.0,2003.0,2022-2023,EPL
Mario Lemina,2b471f99,gaGAB,MF,Wolves,28.0,1993.0,2022-2023,EPL
Clément Lenglet,4f28a6ff,frFRA,DF,Tottenham Hotspur,27.0,1995.0,2022-2023,EPL
Bernd Leno,2628fd2b,deGER,GK,Fulham,30.0,1992.0,2022-2023,EPL
Jefferson Lerma,9b5ce51a,coCOL,MF,Bournemouth,27.0,1994.0,2022-2023,EPL
Jamal Lewis,efb9215a,nirNIR,"DF,MF",Newcastle United,24.0,1998.0,2022-2023,EPL
Rico Lewis,b57e066e,engENG,"DF,MF",Manchester City,17.0,2004.0,2022-2023,EPL
Keane Lewis-Potter,41f08ac8,engENG,FW,Brentford,21.0,2001.0,2022-2023,EPL
Victor Lindelöf,f5deef4c,seSWE,DF,Manchester Utd,28.0,1994.0,2022-2023,EPL
Jesse Lingard,810e3c74,engENG,"MF,FW",Nottingham Forest,29.0,1992.0,2022-2023,EPL
Valentino Livramento,afed6722,engENG,"DF,MF",Southampton,19.0,2002.0,2022-2023,EPL
Diego Llorente,bba30585,esESP,DF,Leeds United,28.0,1993.0,2022-2023,EPL
Hugo Lloris,8f62b6ee,frFRA,GK,Tottenham Hotspur,35.0,1986.0,2022-2023,EPL
Renan Lodi,ed9f7cfe,brBRA,"DF,MF",Nottingham Forest,24.0,1998.0,2022-2023,EPL
Ruben Loftus-Cheek,e97fd090,engENG,MF,Chelsea,26.0,1996.0,2022-2023,EPL
Sean Longstaff,a2b105e0,engENG,MF,Newcastle United,24.0,1997.0,2022-2023,EPL
Jamal Lowe,b2856bc0,jmJAM,"FW,MF",Bournemouth,28.0,1994.0,2022-2023,EPL
Douglas Luiz,6f7d826d,brBRA,MF,Aston Villa,24.0,1998.0,2022-2023,EPL
Saša Lukić,c6e8cf1f,rsSRB,MF,Fulham,25.0,1996.0,2022-2023,EPL
Lyanco,b5bf1770,brBRA,DF,Southampton,25.0,1997.0,2022-2023,EPL
Alexis Mac Allister,83d074ff,arARG,MF,Brighton,23.0,1998.0,2022-2023,EPL
James Maddison,ee38d9c5,engENG,"MF,FW",Leicester City,25.0,1996.0,2022-2023,EPL
Noni Madueke,bf34eebd,engENG,"FW,MF",Chelsea,20.0,2002.0,2022-2023,EPL
Gabriel Magalhães,67ac5bb8,brBRA,DF,Arsenal,24.0,1997.0,2022-2023,EPL
Harry Maguire,d8931174,engENG,DF,Manchester Utd,29.0,1993.0,2022-2023,EPL
Riyad Mahrez,892d5bb1,dzALG,"MF,FW",Manchester City,31.0,1991.0,2022-2023,EPL
Kobbie Mainoo,c6220452,engENG,MF,Manchester Utd,17.0,2005.0,2022-2023,EPL
Ainsley Maitland-Niles,e3a5814e,engENG,"DF,MF",Southampton,24.0,1997.0,2022-2023,EPL
Tyrell Malacia,6b6c793c,nlNED,DF,Manchester Utd,22.0,1999.0,2022-2023,EPL
Orel Mangala,a572e291,beBEL,MF,Nottingham Forest,24.0,1998.0,2022-2023,EPL
Javier Manquillo,758dd7f0,esESP,DF,Newcastle United,28.0,1994.0,2022-2023,EPL
Sekou Mara,3544641e,frFRA,FW,Southampton,20.0,2002.0,2022-2023,EPL
Solly March,bb5fbd2b,engENG,MF,Brighton,28.0,1994.0,2022-2023,EPL
Emiliano Marcondes,4d960fc3,dkDEN,"FW,MF",Bournemouth,27.0,1995.0,2022-2023,EPL
Marquinhos,59878425,brBRA,MF,Arsenal,19.0,2003.0,2022-2023,EPL
Anthony Martial,8b788c01,frFRA,FW,Manchester Utd,26.0,1995.0,2022-2023,EPL
Gabriel Martinelli,48a5a5d6,brBRA,"FW,MF",Arsenal,21.0,2001.0,2022-2023,EPL
Emiliano Martínez,7956236f,arARG,GK,Aston Villa,29.0,1992.0,2022-2023,EPL
Lisandro Martínez,bac46a10,arARG,DF,Manchester Utd,24.0,1998.0,2022-2023,EPL
Pape Matar Sarr,feb5d972,snSEN,MF,Tottenham Hotspur,19.0,2002.0,2022-2023,EPL
Jean-Philippe Mateta,50e6dc35,frFRA,FW,Crystal Palace,25.0,1997.0,2022-2023,EPL
Joël Matip,b217ef29,cmCMR,DF,Liverpool,30.0,1991.0,2022-2023,EPL
Neal Maupay,4bcf39f6,frFRA,FW,Everton,25.0,1996.0,2022-2023,EPL
Kevin Mbabu,493924a7,chSUI,DF,Fulham,27.0,1995.0,2022-2023,EPL
Bryan Mbeumo,6afaebf2,cmCMR,FW,Brentford,22.0,1999.0,2022-2023,EPL
James McArthur,cee31595,sctSCO,MF,Crystal Palace,34.0,1987.0,2022-2023,EPL
Alex McCarthy,36c2ca73,engENG,GK,Southampton,32.0,1989.0,2022-2023,EPL
John McGinn,90f91999,sctSCO,MF,Aston Villa,27.0,1994.0,2022-2023,EPL
Scott McKenna,4e5a4cbc,sctSCO,DF,Nottingham Forest,25.0,1996.0,2022-2023,EPL
Weston McKennie,01c3aff5,usUSA,MF,Leeds United,23.0,1998.0,2022-2023,EPL
Dwight McNeil,fc15fb84,engENG,"MF,FW",Everton,22.0,1999.0,2022-2023,EPL
Scott McTominay,d93c2511,sctSCO,MF,Manchester Utd,25.0,1996.0,2022-2023,EPL
Ben Mee,8df7a2fb,engENG,DF,Brentford,32.0,1989.0,2022-2023,EPL
Edouard Mendy,33887998,snSEN,GK,Chelsea,30.0,1992.0,2022-2023,EPL
Nampalys Mendy,1598599e,snSEN,MF,Leicester City,30.0,1992.0,2022-2023,EPL
Chris Mepham,fed96827,wlsWAL,DF,Bournemouth,24.0,1997.0,2022-2023,EPL
Illan Meslier,6b625ac2,frFRA,GK,Leeds United,22.0,2000.0,2022-2023,EPL
Alex Mighten,10ec4169,engENG,"FW,MF",Nottingham Forest,20.0,2002.0,2022-2023,EPL
Lewis Miley,2c6835e5,engENG,MF,Newcastle United,16.0,2006.0,2022-2023,EPL
Luka Milivojević,2ce2508a,rsSRB,MF,Crystal Palace,31.0,1991.0,2022-2023,EPL
James Milner,2f90f6b8,engENG,"MF,DF",Liverpool,36.0,1986.0,2022-2023,EPL
Yerry Mina,6d5701f2,coCOL,DF,Everton,27.0,1994.0,2022-2023,EPL
Tyrone Mings,8397a50c,engENG,DF,Aston Villa,29.0,1993.0,2022-2023,EPL
Tyrick Mitchell,5cbd1eb0,engENG,DF,Crystal Palace,22.0,1999.0,2022-2023,EPL
Kaoru Mitoma,74618572,jpJPN,MF,Brighton,25.0,1997.0,2022-2023,EPL
Aleksandar Mitrović,3925dbd6,rsSRB,FW,Fulham,27.0,1994.0,2022-2023,EPL
Kieffer Moore,01ce9e70,wlsWAL,FW,Bournemouth,29.0,1992.0,2022-2023,EPL
Andrew Moran,c4720845,ieIRL,MF,Brighton,18.0,2003.0,2022-2023,EPL
Álex Moreno,16e9d0ea,esESP,DF,Aston Villa,29.0,1993.0,2022-2023,EPL
Mason Mount,9674002f,engENG,MF,Chelsea,23.0,1999.0,2022-2023,EPL
Lucas Moura,2b622f01,brBRA,"FW,MF",Tottenham Hotspur,29.0,1992.0,2022-2023,EPL
João Moutinho,f5a00fa4,ptPOR,MF,Wolves,35.0,1986.0,2022-2023,EPL
Divin Mubama,92868cb5,engENG,FW,West Ham United,17.0,2004.0,2022-2023,EPL
Mykhailo Mudryk,049a888d,uaUKR,"FW,MF",Chelsea,21.0,2001.0,2022-2023,EPL
Jacob Murphy,de112b84,engENG,FW,Newcastle United,27.0,1995.0,2022-2023,EPL
Enock Mwepu,1d5cab82,zmZAM,"MF,FW",Brighton,24.0,1998.0,2022-2023,EPL
Vitaliy Mykolenko,30d4a2e5,uaUKR,"DF,MF",Everton,23.0,1999.0,2022-2023,EPL
Keylor Navas,ecada4fc,crCRC,GK,Nottingham Forest,35.0,1986.0,2022-2023,EPL
Wilfred Ndidi,6b47c5db,ngNGA,"MF,DF",Leicester City,25.0,1996.0,2022-2023,EPL
Reiss Nelson,c5bdb6e3,engENG,"FW,MF",Arsenal,22.0,1999.0,2022-2023,EPL
Neto,a9dc785c,brBRA,GK,Bournemouth,33.0,1989.0,2022-2023,EPL
Pedro Neto,7ba2eaa9,ptPOR,"MF,FW",Wolves,22.0,2000.0,2022-2023,EPL
Rúben Neves,44bfb6c5,ptPOR,MF,Wolves,25.0,1997.0,2022-2023,EPL
Moussa Niakhate,00242715,snSEN,DF,Nottingham Forest,26.0,1996.0,2022-2023,EPL
Eddie Nketiah,a53649b7,engENG,FW,Arsenal,23.0,1999.0,2022-2023,EPL
Matheus Nunes,e6af02e0,ptPOR,MF,Wolves,23.0,1998.0,2022-2023,EPL
Darwin Núñez,4d77b365,uyURU,FW,Liverpool,23.0,1999.0,2022-2023,EPL
Ethan Nwaneri,7f94982c,engENG,MF,Arsenal,15.0,2007.0,2022-2023,EPL
Christian Nørgaard,df0a4c90,dkDEN,MF,Brentford,28.0,1994.0,2022-2023,EPL
Lewis O'Brien,089667a5,engENG,MF,Nottingham Forest,23.0,1998.0,2022-2023,EPL
Odeluga Offiah,65c3efa2,engENG,DF,Brighton,19.0,2002.0,2022-2023,EPL
Angelo Ogbonna,74b2cd7e,itITA,DF,West Ham United,34.0,1988.0,2022-2023,EPL
Michael Olise,c4486bac,frFRA,"MF,FW",Crystal Palace,20.0,2001.0,2022-2023,EPL
Robin Olsen,e7ee38c3,seSWE,GK,Aston Villa,32.0,1990.0,2022-2023,EPL
Amadou Onana,828657ff,beBEL,MF,Everton,20.0,2001.0,2022-2023,EPL
Josh Onomah,6612cd8c,engENG,"FW,MF",Fulham,25.0,1997.0,2022-2023,EPL
Paul Onuachu,c06d1086,ngNGA,FW,Southampton,28.0,1994.0,2022-2023,EPL
Frank Onyeka,2944f86f,ngNGA,MF,Brentford,24.0,1998.0,2022-2023,EPL
Mislav Oršić,ee950928,hrCRO,"FW,MF",Southampton,29.0,1992.0,2022-2023,EPL
Stefan Ortega,c1242d4e,deGER,GK,Manchester City,29.0,1992.0,2022-2023,EPL
Dango Ouattara,2f9e4435,bfBFA,MF,Bournemouth,20.0,2002.0,2022-2023,EPL
Alex Oxlade-Chamberlain,38c7feef,engENG,FW,Liverpool,28.0,1993.0,2022-2023,EPL
David Ozoh,d00d45ab,engENG,MF,Crystal Palace,17.0,2005.0,2022-2023,EPL
João Palhinha,a78ff07f,ptPOR,MF,Fulham,27.0,1995.0,2022-2023,EPL
Cole Palmer,dc7f8a28,engENG,"MF,FW",Manchester City,20.0,2002.0,2022-2023,EPL
Emerson Palmieri,e0bc6fdc,itITA,"MF,DF",West Ham United,27.0,1994.0,2022-2023,EPL
Lucas Paquetá,9b6f7fd5,brBRA,MF,West Ham United,24.0,1997.0,2022-2023,EPL
Thomas Partey,529f49ab,ghGHA,MF,Arsenal,29.0,1993.0,2022-2023,EPL
Nathan Patterson,230f0471,sctSCO,"DF,MF",Everton,20.0,2001.0,2022-2023,EPL
Ben Pearson,a6b461e7,engENG,MF,Bournemouth,27.0,1995.0,2022-2023,EPL
Facundo Pellistri,ac7e7b1c,uyURU,"FW,MF",Manchester Utd,20.0,2001.0,2022-2023,EPL
Andreas Pereira,6639e500,brBRA,MF,Fulham,26.0,1996.0,2022-2023,EPL
Ricardo Pereira,75a72a99,ptPOR,"DF,MF",Leicester City,28.0,1993.0,2022-2023,EPL
Ayoze Pérez,819aa8e7,esESP,MF,Leicester City,29.0,1993.0,2022-2023,EPL
Ivan Perišić,6fe90922,hrCRO,MF,Tottenham Hotspur,33.0,1989.0,2022-2023,EPL
Romain Perraud,6dfd8f05,frFRA,DF,Southampton,24.0,1997.0,2022-2023,EPL
Máximo Perrone,53552942,arARG,MF,Manchester City,19.0,2003.0,2022-2023,EPL
Cameron Peupion,0bdeb013,auAUS,MF,Brighton,19.0,2002.0,2022-2023,EPL
Kalvin Phillips,4f565d77,engENG,"MF,DF",Manchester City,26.0,1995.0,2022-2023,EPL
Nathaniel Phillips,515ebe8d,engENG,DF,Liverpool,25.0,1997.0,2022-2023,EPL
Jordan Pickford,4806ec67,engENG,GK,Everton,28.0,1994.0,2022-2023,EPL
Ethan Pinnock,e541326e,jmJAM,DF,Brentford,29.0,1993.0,2022-2023,EPL
Daniel Podence,7fcc71d8,ptPOR,"MF,FW",Wolves,26.0,1995.0,2022-2023,EPL
Nick Pope,4b40d9ca,engENG,GK,Newcastle United,30.0,1992.0,2022-2023,EPL
Pedro Porro,27d0a506,esESP,MF,Tottenham Hotspur,22.0,1999.0,2022-2023,EPL
Dennis Praet,86695068,beBEL,MF,Leicester City,28.0,1994.0,2022-2023,EPL
Isaac Price,b9403c99,nirNIR,MF,Everton,18.0,2003.0,2022-2023,EPL
Christian Pulisic,1bf33a9a,usUSA,"MF,FW",Chelsea,23.0,1998.0,2022-2023,EPL
Aaron Ramsdale,466fb2c5,engENG,GK,Arsenal,24.0,1998.0,2022-2023,EPL
Jacob Ramsey,1544f145,engENG,MF,Aston Villa,21.0,2001.0,2022-2023,EPL
Marcus Rashford,a1d5bd30,engENG,"FW,MF",Manchester Utd,24.0,1997.0,2022-2023,EPL
David Raya,98ea5115,esESP,GK,Brentford,26.0,1995.0,2022-2023,EPL
Tim Ream,28b40c9c,usUSA,DF,Fulham,34.0,1987.0,2022-2023,EPL
Nathan Redmond,ab651565,engENG,"FW,MF",Southampton,28.0,1994.0,2022-2023,EPL
Harrison Reed,803ae100,engENG,MF,Fulham,27.0,1995.0,2022-2023,EPL
Declan Rice,1c7012b8,engENG,MF,West Ham United,23.0,1999.0,2022-2023,EPL
Chris Richards,0a3d6d2b,usUSA,DF,Crystal Palace,22.0,2000.0,2022-2023,EPL
Richarlison,fa031b34,brBRA,"MF,FW",Tottenham Hotspur,25.0,1997.0,2022-2023,EPL
Jaïro Riedewald,7a1f2c08,nlNED,"DF,MF",Crystal Palace,25.0,1996.0,2022-2023,EPL
Matt Ritchie,71ef519e,sctSCO,"DF,MF",Newcastle United,32.0,1989.0,2022-2023,EPL
Andrew Robertson,2e4f5f03,sctSCO,DF,Liverpool,28.0,1994.0,2022-2023,EPL
Antonee Robinson,289601e6,usUSA,DF,Fulham,24.0,1997.0,2022-2023,EPL
Joel Robles,cda0b317,esESP,GK,Leeds United,32.0,1990.0,2022-2023,EPL
Marc Roca,da27e268,esESP,MF,Leeds United,25.0,1996.0,2022-2023,EPL
Marek Rodák,17acc2ed,skSVK,GK,Fulham,25.0,1996.0,2022-2023,EPL
Rodri,6434f10d,esESP,"MF,DF",Manchester City,26.0,1996.0,2022-2023,EPL
Rodrigo,1fb1c435,esESP,"FW,MF",Leeds United,31.0,1991.0,2022-2023,EPL
Mads Roerslev,57c94db2,dkDEN,"MF,DF",Brentford,23.0,1999.0,2022-2023,EPL
Cristian Romero,a3d94a58,arARG,DF,Tottenham Hotspur,24.0,1998.0,2022-2023,EPL
Oriol Romeu,4b511457,esESP,MF,Southampton,30.0,1991.0,2022-2023,EPL
Cristiano Ronaldo,dea698d9,ptPOR,FW,Manchester Utd,37.0,1985.0,2022-2023,EPL
Connor Ronan,1b804500,ieIRL,MF,Wolves,24.0,1998.0,2022-2023,EPL
Salomón Rondón,b318a643,veVEN,FW,Everton,32.0,1989.0,2022-2023,EPL
Joe Rothwell,10a10454,engENG,MF,Bournemouth,27.0,1995.0,2022-2023,EPL
Georginio Rutter,c64c01fc,frFRA,FW,Leeds United,20.0,2002.0,2022-2023,EPL
José Sá,903b6e8b,ptPOR,GK,Wolves,29.0,1993.0,2022-2023,EPL
Marcel Sabitzer,e280527c,atAUT,MF,Manchester Utd,28.0,1994.0,2022-2023,EPL
Allan Saint-Maximin,2b16cb1a,frFRA,FW,Newcastle United,25.0,1997.0,2022-2023,EPL
Bukayo Saka,bc7dc64d,engENG,"FW,MF",Arsenal,20.0,2001.0,2022-2023,EPL
Mohamed Salah,e342ad68,egEGY,FW,Liverpool,30.0,1992.0,2022-2023,EPL
William Saliba,972aeb2a,frFRA,DF,Arsenal,21.0,2001.0,2022-2023,EPL
Mohammed Salisu,0b33f6ad,ghGHA,DF,Southampton,23.0,1999.0,2022-2023,EPL
Albert Sambi Lokonga,1b4f1169,beBEL,MF,Arsenal,22.0,1999.0,2022-2023,EPL
Albert Sambi Lokonga,1b4f1169,beBEL,MF,Crystal Palace,22.0,1999.0,2022-2023,EPL
Davinson Sánchez,da7b447d,coCOL,DF,Tottenham Hotspur,26.0,1996.0,2022-2023,EPL
Robert Sánchez,6a713852,esESP,GK,Brighton,24.0,1997.0,2022-2023,EPL
Jadon Sancho,dbf053da,engENG,MF,Manchester Utd,22.0,2000.0,2022-2023,EPL
Morgan Sanson,6e7f1353,frFRA,MF,Aston Villa,27.0,1994.0,2022-2023,EPL
Pablo Sarabia,9744ff80,esESP,"MF,FW",Wolves,30.0,1992.0,2022-2023,EPL
Jeremy Sarmiento,ac0d576d,ecECU,MF,Brighton,20.0,2002.0,2022-2023,EPL
Gianluca Scamacca,8790f988,itITA,FW,West Ham United,23.0,1999.0,2022-2023,EPL
Gustavo Scarpa,2964fd20,brBRA,MF,Nottingham Forest,28.0,1994.0,2022-2023,EPL
Kevin Schade,52afb588,deGER,FW,Brentford,20.0,2001.0,2022-2023,EPL
Fabian Schär,c8aa95da,chSUI,DF,Newcastle United,30.0,1991.0,2022-2023,EPL
Jeffrey Schlupp,3312f911,ghGHA,MF,Crystal Palace,29.0,1992.0,2022-2023,EPL
Nélson Semedo,d04b94db,ptPOR,DF,Wolves,28.0,1993.0,2022-2023,EPL
Antoine Semenyo,efd2ec23,ghGHA,"MF,FW",Bournemouth,22.0,2000.0,2022-2023,EPL
Marcos Senesi,35141f4c,arARG,DF,Bournemouth,25.0,1997.0,2022-2023,EPL
Ryan Sessegnon,6aa3e78b,engENG,"MF,DF",Tottenham Hotspur,22.0,2000.0,2022-2023,EPL
Luke Shaw,9c94165b,engENG,DF,Manchester Utd,27.0,1995.0,2022-2023,EPL
Jonjo Shelvey,3727dd3c,engENG,MF,Newcastle United,30.0,1992.0,2022-2023,EPL
Jonjo Shelvey,3727dd3c,engENG,MF,Nottingham Forest,30.0,1992.0,2022-2023,EPL
Bernardo Silva,3eb22ec9,ptPOR,"MF,FW",Manchester City,27.0,1994.0,2022-2023,EPL
Thiago Silva,86e7deaf,brBRA,DF,Chelsea,37.0,1984.0,2022-2023,EPL
Ellis Simms,26d3b5be,engENG,FW,Everton,21.0,2001.0,2022-2023,EPL
Luis Sinisterra,8e16dd48,coCOL,MF,Leeds United,23.0,1999.0,2022-2023,EPL
Oliver Skipp,6250083a,engENG,MF,Tottenham Hotspur,21.0,2000.0,2022-2023,EPL
Adam Smith,20b104bc,engENG,DF,Bournemouth,31.0,1991.0,2022-2023,EPL
Emile Smith Rowe,17695062,engENG,MF,Arsenal,22.0,2000.0,2022-2023,EPL
Cédric Soares,839c14e1,ptPOR,"DF,MF",Arsenal,30.0,1991.0,2022-2023,EPL
Cédric Soares,839c14e1,ptPOR,DF,Fulham,30.0,1991.0,2022-2023,EPL
Dominic Solanke,e77dc3b2,engENG,FW,Bournemouth,24.0,1997.0,2022-2023,EPL
Manor Solomon,886f9aac,ilISR,MF,Fulham,23.0,1999.0,2022-2023,EPL
Tomáš Souček,6613c819,czCZE,MF,West Ham United,27.0,1995.0,2022-2023,EPL
Boubakary Soumaré,ae59b359,frFRA,MF,Leicester City,23.0,1999.0,2022-2023,EPL
Harry Souttar,0a6cb1b1,auAUS,DF,Leicester City,23.0,1998.0,2022-2023,EPL
Çağlar Söyüncü,21166ff4,trTUR,DF,Leicester City,26.0,1996.0,2022-2023,EPL
Djed Spence,9bc9a519,engENG,"DF,MF",Tottenham Hotspur,21.0,2000.0,2022-2023,EPL
Jack Stacey,558807c0,engENG,"DF,MF",Bournemouth,26.0,1996.0,2022-2023,EPL
Junior Stanislas,6992791d,engENG,MF,Bournemouth,32.0,1989.0,2022-2023,EPL
Jay Stansfield,b2626673,engENG,MF,Fulham,19.0,2002.0,2022-2023,EPL
Jason Steele,28300a16,engENG,GK,Brighton,31.0,1990.0,2022-2023,EPL
Jack Stephens,6adbc307,engENG,DF,Southampton,28.0,1994.0,2022-2023,EPL
Jack Stephens,6adbc307,engENG,DF,Bournemouth,28.0,1994.0,2022-2023,EPL
Raheem Sterling,b400bde0,engENG,"FW,MF",Chelsea,27.0,1994.0,2022-2023,EPL
John Stones,5eecec3d,engENG,"DF,MF",Manchester City,28.0,1994.0,2022-2023,EPL
Pascal Struijk,f4d296e4,nlNED,DF,Leeds United,22.0,1999.0,2022-2023,EPL
Kamaldeen Sulemana,a62f8bf1,ghGHA,"FW,MF",Southampton,20.0,2002.0,2022-2023,EPL
Crysencio Summerville,df04eb4b,nlNED,"MF,FW",Leeds United,20.0,2001.0,2022-2023,EPL
Sam Surridge,b017b770,engENG,FW,Nottingham Forest,24.0,1998.0,2022-2023,EPL
Japhet Tanganga,e9971f2d,engENG,DF,Tottenham Hotspur,23.0,1999.0,2022-2023,EPL
Matt Targett,e514ab62,engENG,DF,Newcastle United,26.0,1995.0,2022-2023,EPL
James Tarkowski,15ea812b,engENG,DF,Everton,29.0,1992.0,2022-2023,EPL
Marcus Tavernier,5c0da4a4,engENG,MF,Bournemouth,23.0,1999.0,2022-2023,EPL
Tetê,7120a04d,brBRA,"MF,FW",Leicester City,22.0,2000.0,2022-2023,EPL
Kenny Tete,77d7c96f,nlNED,DF,Fulham,26.0,1995.0,2022-2023,EPL
Luke Thomas,fc027d02,engENG,DF,Leicester City,21.0,2001.0,2022-2023,EPL
Youri Tielemans,56f7a928,beBEL,MF,Leicester City,25.0,1997.0,2022-2023,EPL
Kieran Tierney,fce2302c,sctSCO,DF,Arsenal,25.0,1997.0,2022-2023,EPL
Harry Toffolo,a105d46a,engENG,"DF,MF",Nottingham Forest,26.0,1995.0,2022-2023,EPL
Takehiro Tomiyasu,b3af9be1,jpJPN,DF,Arsenal,23.0,1998.0,2022-2023,EPL
James Tomkins,e7ca0439,engENG,DF,Crystal Palace,33.0,1989.0,2022-2023,EPL
Ivan Toney,e09f279b,engENG,FW,Brentford,26.0,1996.0,2022-2023,EPL
Adama Traoré,9a28eba4,esESP,"MF,FW",Wolves,26.0,1996.0,2022-2023,EPL
Bertrand Traoré,c47541e0,bfBFA,MF,Aston Villa,26.0,1995.0,2022-2023,EPL
Boubacar Traoré,999ceb5f,mlMLI,MF,Wolves,20.0,2001.0,2022-2023,EPL
Mark Travers,fe558029,ieIRL,GK,Bournemouth,23.0,1999.0,2022-2023,EPL
Kieran Trippier,21512407,engENG,DF,Newcastle United,31.0,1990.0,2022-2023,EPL
Leandro Trossard,38ceb24a,beBEL,FW,Arsenal,27.0,1994.0,2022-2023,EPL
Leandro Trossard,38ceb24a,beBEL,"MF,FW",Brighton,27.0,1994.0,2022-2023,EPL
Kostas Tsimikas,f315ca93,grGRE,DF,Liverpool,26.0,1996.0,2022-2023,EPL
Deniz Undav,dd549382,deGER,"MF,FW",Brighton,26.0,1996.0,2022-2023,EPL
Yan Valery,531a4aa8,tnTUN,DF,Southampton,23.0,1999.0,2022-2023,EPL
Virgil van Dijk,e06683ca,nlNED,DF,Liverpool,31.0,1991.0,2022-2023,EPL
Raphaël Varane,9f8e9423,frFRA,DF,Manchester Utd,29.0,1993.0,2022-2023,EPL
Jamie Vardy,45963054,engENG,FW,Leicester City,35.0,1987.0,2022-2023,EPL
Joël Veltman,dad4b285,nlNED,DF,Brighton,30.0,1992.0,2022-2023,EPL
Fabio Vieira,6412cc03,ptPOR,MF,Arsenal,22.0,2000.0,2022-2023,EPL
Matías Viña,08eb3b58,uyURU,"DF,MF",Bournemouth,24.0,1997.0,2022-2023,EPL
Rúben Vinagre,b937e490,ptPOR,"DF,MF",Everton,23.0,1999.0,2022-2023,EPL
Carlos Vinícius,8b529245,brBRA,FW,Fulham,27.0,1995.0,2022-2023,EPL
Theo Walcott,1ecb65be,engENG,"MF,FW",Southampton,33.0,1989.0,2022-2023,EPL
Kyle Walker,86dd77d1,engENG,"DF,MF",Manchester City,32.0,1990.0,2022-2023,EPL
Kyle Walker-Peters,984a5a64,engENG,"DF,MF",Southampton,25.0,1997.0,2022-2023,EPL
Aaron Wan-Bissaka,9e525177,cdCOD,DF,Manchester Utd,24.0,1997.0,2022-2023,EPL
Danny Ward,d3ce0e89,wlsWAL,GK,Leicester City,29.0,1993.0,2022-2023,EPL
Joel Ward,8a7ff278,engENG,DF,Crystal Palace,32.0,1989.0,2022-2023,EPL
James Ward-Prowse,3515d404,engENG,MF,Southampton,27.0,1994.0,2022-2023,EPL
Ollie Watkins,aed3a70f,engENG,FW,Aston Villa,26.0,1995.0,2022-2023,EPL
Adam Webster,c40b6180,engENG,DF,Brighton,27.0,1995.0,2022-2023,EPL
Wout Weghorst,c4e87b8b,nlNED,"FW,MF",Manchester Utd,29.0,1992.0,2022-2023,EPL
Danny Welbeck,ce5143da,engENG,FW,Brighton,31.0,1990.0,2022-2023,EPL
Ben White,35e413f1,engENG,DF,Arsenal,24.0,1997.0,2022-2023,EPL
Harvey White,4d90ce8c,engENG,MF,Tottenham Hotspur,20.0,2001.0,2022-2023,EPL
Joseph Whitworth,3f847d95,engENG,GK,Crystal Palace,18.0,2004.0,2022-2023,EPL
Neco Williams,dd323728,wlsWAL,"DF,MF",Nottingham Forest,21.0,2001.0,2022-2023,EPL
Willian,8b9ebd03,brBRA,MF,Fulham,33.0,1988.0,2022-2023,EPL
Joe Willock,a3b03921,engENG,MF,Newcastle United,22.0,1999.0,2022-2023,EPL
Callum Wilson,c596fcb0,engENG,FW,Newcastle United,30.0,1992.0,2022-2023,EPL
Harry Wilson,c6dc9ecd,wlsWAL,MF,Fulham,25.0,1997.0,2022-2023,EPL
Yoane Wissa,2500cef9,cdCOD,FW,Brentford,25.0,1996.0,2022-2023,EPL
Maximilian Wöber,4b803b3c,atAUT,DF,Leeds United,24.0,1998.0,2022-2023,EPL
Chris Wood,4e9a0555,nzNZL,FW,Newcastle United,30.0,1991.0,2022-2023,EPL
Chris Wood,4e9a0555,nzNZL,FW,Nottingham Forest,30.0,1991.0,2022-2023,EPL
Joe Worrall,a5212312,engENG,DF,Nottingham Forest,25.0,1997.0,2022-2023,EPL
Granit Xhaka,e61b8aee,chSUI,MF,Arsenal,29.0,1992.0,2022-2023,EPL
Ryan Yates,c1fe2a48,engENG,MF,Nottingham Forest,24.0,1997.0,2022-2023,EPL
Ashley Young,be927d03,engENG,DF,Aston Villa,37.0,1985.0,2022-2023,EPL
Illia Zabarnyi,88968486,uaUKR,DF,Bournemouth,19.0,2002.0,2022-2023,EPL
Wilfried Zaha,b2bc3b1f,ciCIV,"FW,MF",Crystal Palace,29.0,1992.0,2022-2023,EPL
Denis Zakaria,384d58d9,chSUI,MF,Chelsea,25.0,1996.0,2022-2023,EPL
Jordan Zemura,e8271ad9,zwZIM,"DF,MF",Bournemouth,22.0,1999.0,2022-2023,EPL
Oleksandr Zinchenko,51cf8561,uaUKR,DF,Arsenal,25.0,1996.0,2022-2023,EPL
Hakim Ziyech,6622454d,maMAR,"MF,FW",Chelsea,29.0,1993.0,2022-2023,EPL
Kurt Zouma,ce4246f5,frFRA,DF,West Ham United,27.0,1994.0,2022-2023,EPL
Martin Ødegaard,79300479,noNOR,MF,Arsenal,23.0,1998.0,2022-2023,EPL
James Abankwah,4b7a9fcc,ieIRL,DF,Udinese,18.0,2004.0,2022-2023,ITA
Oliver Abildgaard,8f5cdf66,dkDEN,MF,Hellas Verona,26.0,1996.0,2022-2023,ITA
Tammy Abraham,f586779e,engENG,FW,Roma,24.0,1997.0,2022-2023,ITA
Christian Acella,771a2cfe,itITA,MF,Cremonese,20.0,2002.0,2022-2023,ITA
Francesco Acerbi,b96b595c,itITA,DF,Inter,34.0,1988.0,2022-2023,ITA
Yacine Adli,26777636,frFRA,MF,Milan,22.0,2000.0,2022-2023,ITA
Michel Aebischer,f9c927de,chSUI,"MF,FW",Bologna,25.0,1997.0,2022-2023,ITA
Felix Afena-Gyan,0154d290,ghGHA,"FW,MF",Cremonese,19.0,2003.0,2022-2023,ITA
Kevin Agudelo,46fa7204,coCOL,"MF,FW",Spezia,23.0,1998.0,2022-2023,ITA
Ola Aina,246d153b,ngNGA,MF,Torino,25.0,1996.0,2022-2023,ITA
Emanuel Aiwum,d810c13b,atAUT,DF,Cremonese,21.0,2000.0,2022-2023,ITA
Jean-Daniel Akpa-Akpro,fdf4b948,ciCIV,MF,Empoli,29.0,1992.0,2022-2023,ITA
Luis Alberto,5294a83f,esESP,MF,Lazio,29.0,1992.0,2022-2023,ITA
Agustín Álvarez,ab472696,uyURU,FW,Sassuolo,21.0,2001.0,2022-2023,ITA
Kelvin Amian,bcc81786,frFRA,"DF,MF",Spezia,24.0,1998.0,2022-2023,ITA
Bruno Amione,2df7cc43,arARG,DF,Hellas Verona,20.0,2002.0,2022-2023,ITA
Bruno Amione,2df7cc43,arARG,DF,Sampdoria,20.0,2002.0,2022-2023,ITA
Ethan Ampadu,10b9fa99,wlsWAL,"DF,MF",Spezia,21.0,2000.0,2022-2023,ITA
Sofyan Amrabat,5a2cb25d,maMAR,MF,Fiorentina,25.0,1996.0,2022-2023,ITA
Felipe Anderson,9f1893b9,brBRA,FW,Lazio,29.0,1993.0,2022-2023,ITA
Janis Antiste,38d9ce53,frFRA,"FW,MF",Sassuolo,19.0,2002.0,2022-2023,ITA
Marcos Antônio,108fe016,brBRA,MF,Lazio,22.0,2000.0,2022-2023,ITA
Valentin Antov,8f68aa41,bgBUL,DF,Monza,21.0,2000.0,2022-2023,ITA
Marko Arnautović,00459419,atAUT,FW,Bologna,33.0,1989.0,2022-2023,ITA
Tolgay Arslan,963a328b,deGER,MF,Udinese,31.0,1990.0,2022-2023,ITA
Santiago Ascacíbar,e26fcca3,arARG,MF,Cremonese,25.0,1997.0,2022-2023,ITA
Kristoffer Askildsen,a69cc629,noNOR,MF,Lecce,21.0,2001.0,2022-2023,ITA
Kristjan Asllani,0fdcef0e,alALB,MF,Inter,20.0,2002.0,2022-2023,ITA
Emil Audero,649b01d8,idIDN,GK,Sampdoria,25.0,1997.0,2022-2023,ITA
Tommaso Augello,3cd3b384,itITA,"MF,DF",Sampdoria,27.0,1994.0,2022-2023,ITA
Carlos Augusto,8d3cd59d,brBRA,MF,Monza,23.0,1999.0,2022-2023,ITA
Kaan Ayhan,2200181e,trTUR,DF,Sassuolo,27.0,1994.0,2022-2023,ITA
Jaime Báez,dfd24c07,uyURU,MF,Cremonese,27.0,1995.0,2022-2023,ITA
Nedim Bajrami,f42d6c13,alALB,"MF,FW",Empoli,23.0,1999.0,2022-2023,ITA
Nedim Bajrami,f42d6c13,alALB,FW,Sassuolo,23.0,1999.0,2022-2023,ITA
Tiemoué Bakayoko,59bf127b,frFRA,MF,Milan,27.0,1994.0,2022-2023,ITA
Tommaso Baldanzi,102e2599,itITA,MF,Empoli,19.0,2003.0,2022-2023,ITA
Fodé Ballo-Touré,f449640d,snSEN,"DF,MF",Milan,25.0,1997.0,2022-2023,ITA
Lameck Banda,8a6de8c7,zmZAM,"FW,MF",Lecce,21.0,2001.0,2022-2023,ITA
Filippo Bandinelli,d44360be,itITA,MF,Empoli,27.0,1995.0,2022-2023,ITA
Antonín Barák,01efac19,czCZE,MF,Hellas Verona,27.0,1994.0,2022-2023,ITA
Antonín Barák,01efac19,czCZE,MF,Fiorentina,27.0,1994.0,2022-2023,ITA
Andrea Barberis,32ebfe1e,itITA,MF,Monza,28.0,1993.0,2022-2023,ITA
Tommaso Barbieri,6f1d7aa8,itITA,MF,Juventus,19.0,2002.0,2022-2023,ITA
Francesco Bardi,0acda699,itITA,GK,Bologna,30.0,1992.0,2022-2023,ITA
Nicolò Barella,6928979a,itITA,MF,Inter,25.0,1997.0,2022-2023,ITA
Enzo Barrenechea,6caffe81,arARG,MF,Juventus,21.0,2001.0,2022-2023,ITA
Musa Barrow,e5bf73f3,gmGAM,"MF,FW",Bologna,23.0,1998.0,2022-2023,ITA
Federico Baschirotto,5a08ee41,itITA,DF,Lecce,25.0,1996.0,2022-2023,ITA
Toma Bašić,80556f08,hrCRO,MF,Lazio,25.0,1996.0,2022-2023,ITA
Alberto Basso,2ce215f2,itITA,FW,Cremonese,18.0,2004.0,2022-2023,ITA
Alessandro Bastoni,75b86fb3,itITA,DF,Inter,23.0,1999.0,2022-2023,ITA
Simone Bastoni,1ac232b8,itITA,"MF,DF",Spezia,25.0,1996.0,2022-2023,ITA
Brian Bayeye,78e6bf2c,cdCOD,MF,Torino,22.0,2000.0,2022-2023,ITA
Rodrigo Becão,19e4eab9,brBRA,DF,Udinese,26.0,1996.0,2022-2023,ITA
Julius Beck,e892c325,dkDEN,MF,Spezia,17.0,2005.0,2022-2023,ITA
Raoul Bellanova,e3756e72,itITA,MF,Inter,22.0,2000.0,2022-2023,ITA
Andrea Belotti,d705ba44,itITA,FW,Roma,28.0,1993.0,2022-2023,ITA
Marco Benassi,0000acda,itITA,DF,Fiorentina,27.0,1994.0,2022-2023,ITA
Marco Benassi,0000acda,itITA,MF,Cremonese,27.0,1994.0,2022-2023,ITA
Ismaël Bennacer,db092d3b,dzALG,MF,Milan,24.0,1997.0,2022-2023,ITA
Domenico Berardi,53a0e358,itITA,"FW,MF",Sassuolo,27.0,1994.0,2022-2023,ITA
Bartosz Bereszyński,61b3978f,plPOL,"DF,MF",Sampdoria,30.0,1992.0,2022-2023,ITA
Bartosz Bereszyński,61b3978f,plPOL,DF,Napoli,30.0,1992.0,2022-2023,ITA
Marco Bertini,4b520f96,itITA,MF,Lazio,19.0,2002.0,2022-2023,ITA
Beto,ed5c0319,gwGNB,FW,Udinese,24.0,1998.0,2022-2023,ITA
Matteo Bianchetti,b3a20f18,itITA,DF,Cremonese,29.0,1993.0,2022-2023,ITA
Alessandro Bianco,d65cf468,itITA,MF,Fiorentina,19.0,2002.0,2022-2023,ITA
Jaka Bijol,6fdac234,siSVN,DF,Udinese,23.0,1999.0,2022-2023,ITA
Cristiano Biraghi,9e1577aa,itITA,DF,Fiorentina,29.0,1992.0,2022-2023,ITA
Samuele Birindelli,204ac005,itITA,MF,Monza,23.0,1999.0,2022-2023,ITA
Kristijan Bistrović,79370f8c,hrCRO,MF,Lecce,24.0,1998.0,2022-2023,ITA
Alexis Blin,c69ef855,frFRA,MF,Lecce,25.0,1996.0,2022-2023,ITA
Jeremie Boga,fe012aca,ciCIV,"MF,FW",Atalanta,25.0,1997.0,2022-2023,ITA
Emil Bohinen,c83c203f,noNOR,MF,Salernitana,23.0,1999.0,2022-2023,ITA
Giacomo Bonaventura,d995ed27,itITA,MF,Fiorentina,32.0,1989.0,2022-2023,ITA
Federico Bonazzoli,bf57eaab,itITA,FW,Salernitana,25.0,1997.0,2022-2023,ITA
Warren Bondo,0def2376,frFRA,MF,Monza,18.0,2003.0,2022-2023,ITA
Kevin Bonifazi,fb77bfef,itITA,DF,Bologna,26.0,1996.0,2022-2023,ITA
Leonardo Bonucci,52ec54d0,itITA,DF,Juventus,35.0,1987.0,2022-2023,ITA
Erik Botheim,3d13d9e4,noNOR,"MF,FW",Salernitana,22.0,2000.0,2022-2023,ITA
Mehdi Bourabia,0d077b88,maMAR,MF,Spezia,30.0,1991.0,2022-2023,ITA
Edoardo Bove,ae94a6c5,itITA,"MF,DF",Roma,20.0,2002.0,2022-2023,ITA
Jayden Braaf,c609e90e,nlNED,MF,Hellas Verona,19.0,2002.0,2022-2023,ITA
Domagoj Bradarić,8bbe2df5,hrCRO,"MF,DF",Salernitana,22.0,1999.0,2022-2023,ITA
Josip Brekalo,d4a2533d,hrCRO,MF,Fiorentina,24.0,1998.0,2022-2023,ITA
Gleison Bremer,5fd5ed86,brBRA,DF,Juventus,25.0,1997.0,2022-2023,ITA
Dylan Bronn,edd81e2a,tnTUN,DF,Salernitana,27.0,1995.0,2022-2023,ITA
Marcelo Brozović,33b8d077,hrCRO,MF,Inter,29.0,1992.0,2022-2023,ITA
Cristian Buonaiuto,f3a9fa26,itITA,"MF,FW",Cremonese,29.0,1992.0,2022-2023,ITA
Alessandro Buongiorno,4ae67f27,itITA,DF,Torino,23.0,1999.0,2022-2023,ITA
Leonardo Buta,dee3d535,ptPOR,DF,Udinese,20.0,2002.0,2022-2023,ITA
Arthur Cabral,a820e429,brBRA,FW,Fiorentina,24.0,1998.0,2022-2023,ITA
Liberato Cacace,dd86e8e4,nzNZL,DF,Empoli,21.0,2000.0,2022-2023,ITA
Davide Calabria,2146785a,itITA,DF,Milan,25.0,1996.0,2022-2023,ITA
Mattia Caldara,ac7e640b,itITA,DF,Spezia,28.0,1994.0,2022-2023,ITA
Luca Caldirola,226008f1,itITA,DF,Monza,31.0,1991.0,2022-2023,ITA
Hakan Çalhanoğlu,cd0fa27b,trTUR,MF,Inter,28.0,1994.0,2022-2023,ITA
Mohamed Camara,13ea2544,gnGUI,MF,Roma,25.0,1997.0,2022-2023,ITA
Nicolò Cambiaghi,91ff775f,itITA,"FW,MF",Empoli,21.0,2000.0,2022-2023,ITA
Andrea Cambiaso,247ed022,itITA,"DF,MF",Bologna,22.0,2000.0,2022-2023,ITA
Matteo Cancellieri,b6a1cdf9,itITA,FW,Lazio,20.0,2002.0,2022-2023,ITA
Antonio Candreva,356c9002,itITA,MF,Salernitana,35.0,1987.0,2022-2023,ITA
Gianluca Caprari,54e53b7e,itITA,"MF,FW",Monza,29.0,1993.0,2022-2023,ITA
Francesco Caputo,5bd72174,itITA,FW,Sampdoria,34.0,1987.0,2022-2023,ITA
Francesco Caputo,5bd72174,itITA,FW,Empoli,34.0,1987.0,2022-2023,ITA
Andrea Carboni,f7e2af2c,itITA,DF,Monza,21.0,2001.0,2022-2023,ITA
Franco Carboni,b033f803,itITA,MF,Monza,19.0,2003.0,2022-2023,ITA
Valentin Carboni,707b98f1,arARG,MF,Inter,17.0,2005.0,2022-2023,ITA
Marco Carnesecchi,8ec56e62,itITA,GK,Cremonese,22.0,2000.0,2022-2023,ITA
Nicolò Casale,3f5f38fb,itITA,DF,Lazio,24.0,1998.0,2022-2023,ITA
Tommaso Cassandro,6c4307ee,itITA,"DF,MF",Lecce,22.0,2000.0,2022-2023,ITA
Michele Castagnetti,ad92526f,itITA,MF,Cremonese,32.0,1989.0,2022-2023,ITA
Gaetano Castrovilli,0728bebe,itITA,MF,Fiorentina,25.0,1997.0,2022-2023,ITA
Danilo Cataldi,ba3d3bea,itITA,MF,Lazio,27.0,1994.0,2022-2023,ITA
Pietro Ceccaroni,4d1efb48,itITA,DF,Lecce,26.0,1995.0,2022-2023,ITA
Federico Ceccherini,d9624b51,itITA,DF,Hellas Verona,30.0,1992.0,2022-2023,ITA
Assan Ceesay,07f8bcc8,gmGAM,FW,Lecce,28.0,1994.0,2022-2023,ITA
Emil Ceide,98a84572,noNOR,FW,Sassuolo,20.0,2001.0,2022-2023,ITA
Zeki Çelik,31a62dc7,trTUR,"MF,DF",Roma,25.0,1997.0,2022-2023,ITA
Michele Cerofolini,efdeaff3,itITA,GK,Fiorentina,23.0,1999.0,2022-2023,ITA
Federico Chiesa,b0f7e36c,itITA,"MF,FW",Juventus,24.0,1997.0,2022-2023,ITA
Vlad Chiricheș,c316607a,roROU,DF,Cremonese,32.0,1989.0,2022-2023,ITA
Daniel Ciofani,b09a3ecc,itITA,FW,Cremonese,37.0,1985.0,2022-2023,ITA
Tio Cipot,039a4fb6,siSVN,MF,Spezia,19.0,2003.0,2022-2023,ITA
Patrick Ciurria,5de3866c,itITA,MF,Monza,27.0,1995.0,2022-2023,ITA
Nicolò Cocetta,1faa06d5,itITA,DF,Udinese,18.0,2003.0,2022-2023,ITA
Omar Colley,8b95acda,gmGAM,DF,Sampdoria,29.0,1992.0,2022-2023,ITA
Lorenzo Colombo,04df29a5,itITA,FW,Lecce,20.0,2002.0,2022-2023,ITA
Andrea Colpani,6499048c,itITA,MF,Monza,23.0,1999.0,2022-2023,ITA
Andrea Consigli,8cabdc1e,itITA,GK,Sassuolo,35.0,1987.0,2022-2023,ITA
Andrea Conti,8fef5412,itITA,"DF,MF",Sampdoria,28.0,1994.0,2022-2023,ITA
Diego Coppola,22ae86f9,itITA,DF,Hellas Verona,18.0,2003.0,2022-2023,ITA
Alex Cordaz,e66ebabb,itITA,GK,Inter,39.0,1983.0,2022-2023,ITA
Joaquín Correa,45b9b619,arARG,FW,Inter,27.0,1994.0,2022-2023,ITA
Alessandro Cortinovis,bfc359ed,itITA,MF,Hellas Verona,21.0,2001.0,2022-2023,ITA
Lassana Coulibaly,85a44ecc,mlMLI,MF,Salernitana,26.0,1996.0,2022-2023,ITA
Alessio Cragno,f554e29b,itITA,GK,Monza,28.0,1994.0,2022-2023,ITA
Bryan Cristante,16657b95,itITA,MF,Roma,27.0,1995.0,2022-2023,ITA
Domen Črnigoj,22cd43d2,siSVN,MF,Salernitana,26.0,1995.0,2022-2023,ITA
Juan Cuadrado,0ab1f153,coCOL,"MF,DF",Juventus,34.0,1988.0,2022-2023,ITA
Mickaël Cuisance,5722eced,frFRA,MF,Sampdoria,22.0,1999.0,2022-2023,ITA
Marco D'Alessandro,060606ec,itITA,MF,Monza,31.0,1991.0,2022-2023,ITA
Danilo D'Ambrosio,44eb9093,itITA,DF,Inter,33.0,1988.0,2022-2023,ITA
Luca D'Andrea,f778fe3f,itITA,FW,Sassuolo,17.0,2004.0,2022-2023,ITA
Flavius Daniliuc,7ef972c3,atAUT,DF,Salernitana,21.0,2001.0,2022-2023,ITA
Danilo,94b2001f,brBRA,DF,Juventus,31.0,1991.0,2022-2023,ITA
Matteo Darmian,96e0490d,itITA,"MF,DF",Inter,32.0,1989.0,2022-2023,ITA
Juan David Cabal,ef6eef89,coCOL,DF,Hellas Verona,21.0,2001.0,2022-2023,ITA
Paweł Dawidowicz,16bb656a,plPOL,DF,Hellas Verona,27.0,1995.0,2022-2023,ITA
Charles De Ketelaere,2ef7c612,beBEL,MF,Milan,21.0,2001.0,2022-2023,ITA
Manuel De Luca,60e3603d,itITA,FW,Sampdoria,24.0,1998.0,2022-2023,ITA
Tommaso De Nipoti,7f9d956a,itITA,FW,Atalanta,19.0,2003.0,2022-2023,ITA
Mattia De Sciglio,ae4e2852,itITA,"MF,DF",Juventus,29.0,1992.0,2022-2023,ITA
Lorenzo De Silvestri,e74f0e59,itITA,"DF,MF",Bologna,34.0,1988.0,2022-2023,ITA
Koni De Winter,f4797849,beBEL,DF,Empoli,20.0,2002.0,2022-2023,ITA
Grégoire Defrel,854ee61a,mqMTQ,FW,Sassuolo,31.0,1991.0,2022-2023,ITA
Duccio Degl'Innocenti,0e0d6c53,itITA,MF,Empoli,19.0,2003.0,2022-2023,ITA
Merih Demiral,e3cceee6,trTUR,DF,Atalanta,24.0,1998.0,2022-2023,ITA
Diego Demme,dc3fa3b5,deGER,MF,Napoli,30.0,1991.0,2022-2023,ITA
Fabio Depaoli,d97f2e8d,itITA,MF,Hellas Verona,25.0,1997.0,2022-2023,ITA
Fabio Depaoli,d97f2e8d,itITA,DF,Sampdoria,25.0,1997.0,2022-2023,ITA
Kastriot Dermaku,2990c466,alALB,DF,Lecce,30.0,1992.0,2022-2023,ITA
Cyriel Dessers,dcb38abe,ngNGA,FW,Cremonese,27.0,1994.0,2022-2023,ITA
Sergiño Dest,5976f83e,usUSA,DF,Milan,21.0,2000.0,2022-2023,ITA
Mattia Destro,d7d32194,itITA,FW,Empoli,31.0,1991.0,2022-2023,ITA
Gerard Deulofeu,39583cfd,esESP,FW,Udinese,28.0,1994.0,2022-2023,ITA
Samuel Di Carmine,ef94dc2f,itITA,FW,Cremonese,33.0,1988.0,2022-2023,ITA
Federico Di Francesco,1fca9171,itITA,"FW,MF",Lecce,28.0,1994.0,2022-2023,ITA
Michele Di Gregorio,4e0c8d66,itITA,GK,Monza,25.0,1997.0,2022-2023,ITA
Giovanni Di Lorenzo,230a2fac,itITA,DF,Napoli,28.0,1993.0,2022-2023,ITA
Ángel Di María,19cda00b,arARG,"FW,MF",Juventus,34.0,1988.0,2022-2023,ITA
Boulaye Dia,244bc2c8,snSEN,"FW,MF",Salernitana,25.0,1996.0,2022-2023,ITA
Brahim Díaz,407feb71,maMAR,MF,Milan,22.0,1999.0,2022-2023,ITA
Federico Dimarco,970b8574,itITA,"MF,DF",Inter,24.0,1997.0,2022-2023,ITA
Koffi Djidji,933d3b51,ciCIV,DF,Torino,29.0,1992.0,2022-2023,ITA
Berat Djimsiti,6eee05f1,alALB,DF,Atalanta,29.0,1993.0,2022-2023,ITA
Dodô,b5f7d10b,brBRA,DF,Fiorentina,23.0,1998.0,2022-2023,ITA
Josh Doig,2f69d881,sctSCO,MF,Hellas Verona,20.0,2002.0,2022-2023,ITA
Nicolás Domínguez,20b3a502,arARG,MF,Bologna,24.0,1998.0,2022-2023,ITA
Giulio Donati,22051fbe,itITA,"DF,MF",Monza,32.0,1990.0,2022-2023,ITA
Bartłomiej Drągowski,085e71a7,plPOL,GK,Spezia,24.0,1997.0,2022-2023,ITA
Ondrej Duda,79ca3e23,skSVK,MF,Hellas Verona,27.0,1994.0,2022-2023,ITA
Denzel Dumfries,481c9ece,nlNED,MF,Inter,26.0,1996.0,2022-2023,ITA
Alfred Duncan,528492ea,ghGHA,MF,Fiorentina,29.0,1993.0,2022-2023,ITA
Paulo Dybala,e0921a4f,arARG,"MF,FW",Roma,28.0,1993.0,2022-2023,ITA
Edin Džeko,3bb7f478,baBIH,FW,Inter,36.0,1986.0,2022-2023,ITA
Festy Ebosele,dbfa4f16,ieIRL,MF,Udinese,19.0,2002.0,2022-2023,ITA
Enzo Ebosse,9ba7b4fa,cmCMR,"DF,MF",Udinese,23.0,1999.0,2022-2023,ITA
Tyronne Ebuehi,6af30900,ngNGA,DF,Empoli,26.0,1995.0,2022-2023,ITA
Éderson,a9202def,brBRA,MF,Atalanta,23.0,1999.0,2022-2023,ITA
Kingsley Ehizibue,76b2817e,nlNED,MF,Udinese,27.0,1995.0,2022-2023,ITA
Albin Ekdal,f503ea63,seSWE,MF,Spezia,33.0,1989.0,2022-2023,ITA
Emmanuel Ekong,c20892ee,seSWE,FW,Empoli,20.0,2002.0,2022-2023,ITA
Mikael Ellertsson,c55967eb,isISL,MF,Spezia,20.0,2002.0,2022-2023,ITA
Elif Elmas,cf007308,mkMKD,"MF,FW",Napoli,22.0,1999.0,2022-2023,ITA
Martin Erlic,0fee6bda,hrCRO,DF,Sassuolo,24.0,1998.0,2022-2023,ITA
Gonzalo Escalante,3f79a1c8,arARG,MF,Cremonese,29.0,1993.0,2022-2023,ITA
Salvatore Esposito,5cf5c9ad,itITA,MF,Spezia,21.0,2000.0,2022-2023,ITA
Nicolò Fagioli,366be751,itITA,MF,Juventus,21.0,2001.0,2022-2023,ITA
Wladimiro Falcone,9f5a610b,itITA,GK,Lecce,27.0,1995.0,2022-2023,ITA
Davide Faraoni,aae9d04a,itITA,"MF,DF",Hellas Verona,30.0,1991.0,2022-2023,ITA
Federico Fazio,4e358a2d,arARG,DF,Salernitana,35.0,1987.0,2022-2023,ITA
Jacopo Fazzini,06b08c45,itITA,MF,Empoli,19.0,2003.0,2022-2023,ITA
Lewis Ferguson,ee64a822,sctSCO,MF,Bologna,22.0,1999.0,2022-2023,ITA
Alex Ferrari,d0dbca9f,itITA,DF,Sampdoria,28.0,1994.0,2022-2023,ITA
Alex Ferrari,d0dbca9f,itITA,DF,Cremonese,28.0,1994.0,2022-2023,ITA
Salvador Ferrer,eb76987d,esESP,MF,Spezia,24.0,1998.0,2022-2023,ITA
Vincenzo Fiorillo,a2565f79,itITA,GK,Salernitana,32.0,1990.0,2022-2023,ITA
Alessandro Florenzi,e288d4b3,itITA,DF,Milan,31.0,1991.0,2022-2023,ITA
Davide Frattesi,2a7d27c1,itITA,MF,Sassuolo,22.0,1999.0,2022-2023,ITA
Matteo Gabbia,c235e803,itITA,DF,Milan,22.0,1999.0,2022-2023,ITA
Manolo Gabbiadini,8f866fe8,itITA,"FW,MF",Sampdoria,30.0,1991.0,2022-2023,ITA
Gianluca Gaetano,3b387cc7,itITA,MF,Napoli,22.0,2000.0,2022-2023,ITA
Roberto Gagliardini,ce30bfc8,itITA,MF,Inter,28.0,1994.0,2022-2023,ITA
Adolfo Gaich,8dfed6e9,arARG,FW,Hellas Verona,23.0,1999.0,2022-2023,ITA
Pablo Galdames Millán,dd403465,clCHI,MF,Cremonese,25.0,1996.0,2022-2023,ITA
Antonino Gallo,c74d63ac,itITA,DF,Lecce,22.0,2000.0,2022-2023,ITA
Federico Gatti,18dd3219,itITA,DF,Juventus,24.0,1998.0,2022-2023,ITA
Valentin Gendrey,822ed0ec,frFRA,DF,Lecce,22.0,2000.0,2022-2023,ITA
Paolo Ghiglione,71dc23da,itITA,MF,Cremonese,25.0,1997.0,2022-2023,ITA
Mario Gila,9c435456,esESP,DF,Lazio,21.0,2000.0,2022-2023,ITA
Gvidas Gineitis,548bd0de,ltLTU,MF,Torino,18.0,2004.0,2022-2023,ITA
Olivier Giroud,16ceb862,frFRA,FW,Milan,35.0,1986.0,2022-2023,ITA
Pierluigi Gollini,f0f7f62f,itITA,GK,Fiorentina,27.0,1995.0,2022-2023,ITA
Pierluigi Gollini,f0f7f62f,itITA,GK,Napoli,27.0,1995.0,2022-2023,ITA
Joan Gonzàlez,f025eade,esESP,MF,Lecce,20.0,2002.0,2022-2023,ITA
Nicolás González,2374aaca,arARG,"FW,MF",Fiorentina,24.0,1998.0,2022-2023,ITA
Robin Gosens,2d970560,deGER,MF,Inter,28.0,1994.0,2022-2023,ITA
Alberto Grassi,6cc97b6a,itITA,MF,Empoli,27.0,1995.0,2022-2023,ITA
Andrew Gravillon,49136c42,gpGLP,DF,Torino,24.0,1998.0,2022-2023,ITA
Axel Guessand,e04dca4a,frFRA,DF,Udinese,17.0,2004.0,2022-2023,ITA
Koray Günter,f1f1f238,deGER,DF,Hellas Verona,27.0,1994.0,2022-2023,ITA
Koray Günter,f1f1f238,deGER,DF,Sampdoria,27.0,1994.0,2022-2023,ITA
Emmanuel Gyasi,f9758dae,ghGHA,"FW,MF",Spezia,28.0,1994.0,2022-2023,ITA
Norbert Gyömbér,0be276c6,skSVK,DF,Salernitana,30.0,1992.0,2022-2023,ITA
Christian Gytkjær,9250bcff,dkDEN,FW,Monza,32.0,1990.0,2022-2023,ITA
Nicolas Haas,fa449bba,chSUI,MF,Empoli,26.0,1996.0,2022-2023,ITA
Samir Handanović,74419746,siSVN,GK,Inter,38.0,1984.0,2022-2023,ITA
Abdou Harroui,65fd099c,nlNED,MF,Sassuolo,24.0,1998.0,2022-2023,ITA
Hans Hateboer,3b333ac3,nlNED,"MF,DF",Atalanta,28.0,1994.0,2022-2023,ITA
Liam Henderson,d7918b13,sctSCO,MF,Empoli,26.0,1996.0,2022-2023,ITA
Jack Hendry,ffed43e3,sctSCO,DF,Cremonese,27.0,1995.0,2022-2023,ITA
Matheus Henrique,a2d9f138,brBRA,MF,Sassuolo,24.0,1997.0,2022-2023,ITA
Thomas Henry,9ef42479,frFRA,FW,Hellas Verona,27.0,1994.0,2022-2023,ITA
Theo Hernández,d4c9725f,frFRA,"DF,MF",Milan,24.0,1997.0,2022-2023,ITA
Isak Hien,12806697,seSWE,DF,Hellas Verona,23.0,1999.0,2022-2023,ITA
Morten Hjulmand,d4456fb3,dkDEN,MF,Lecce,23.0,1999.0,2022-2023,ITA
Emil Holm,c2357b65,seSWE,MF,Spezia,22.0,2000.0,2022-2023,ITA
Martin Hongla,b85bf253,cmCMR,MF,Hellas Verona,24.0,1998.0,2022-2023,ITA
Petko Hristov,d8800a46,bgBUL,DF,Spezia,23.0,1999.0,2022-2023,ITA
Ajdin Hrustic,1f2d714c,auAUS,MF,Hellas Verona,26.0,1996.0,2022-2023,ITA
Elseid Hysaj,2f3452eb,alALB,DF,Lazio,28.0,1994.0,2022-2023,ITA
Rasmus Højlund,491a433d,dkDEN,FW,Atalanta,19.0,2003.0,2022-2023,ITA
Roger Ibanez,82efe6fa,brBRA,DF,Roma,23.0,1998.0,2022-2023,ITA
Zlatan Ibrahimović,4cde5509,seSWE,FW,Milan,40.0,1981.0,2022-2023,ITA
Antonio Iervolino,daa4c94c,itITA,MF,Salernitana,19.0,2003.0,2022-2023,ITA
Igor,a4e85758,brBRA,DF,Fiorentina,24.0,1998.0,2022-2023,ITA
Jonathan Ikone,42eaa028,frFRA,"MF,FW",Fiorentina,24.0,1998.0,2022-2023,ITA
Ivan Ilić,bb376bed,rsSRB,MF,Hellas Verona,21.0,2001.0,2022-2023,ITA
Ivan Ilić,bb376bed,rsSRB,MF,Torino,21.0,2001.0,2022-2023,ITA
Samuel Iling-Junior,ba492306,engENG,MF,Juventus,18.0,2003.0,2022-2023,ITA
Emirhan İlkhan,a47c6309,trTUR,MF,Torino,18.0,2004.0,2022-2023,ITA
Emirhan İlkhan,a47c6309,trTUR,MF,Sampdoria,18.0,2004.0,2022-2023,ITA
Ciro Immobile,4431aed2,itITA,FW,Lazio,32.0,1990.0,2022-2023,ITA
Ardian Ismajli,6b635f5c,alALB,DF,Empoli,25.0,1996.0,2022-2023,ITA
Mihailo Ivanović,71c620d7,rsSRB,FW,Sampdoria,17.0,2004.0,2022-2023,ITA
Armando Izzo,89976232,itITA,DF,Monza,30.0,1992.0,2022-2023,ITA
Mato Jajalo,8c65eb5f,baBIH,MF,Udinese,34.0,1988.0,2022-2023,ITA
Jesé,4a537185,esESP,FW,Sampdoria,29.0,1993.0,2022-2023,ITA
Juan Jesus,79083382,brBRA,DF,Napoli,31.0,1991.0,2022-2023,ITA
Þórir Jóhann Helgason,dc765618,isISL,MF,Lecce,21.0,2000.0,2022-2023,ITA
Luka Jović,4d8cd038,rsSRB,FW,Fiorentina,24.0,1997.0,2022-2023,ITA
Hamed Junior Traorè,570bb4b9,ciCIV,"MF,FW",Sassuolo,22.0,2000.0,2022-2023,ITA
Yayah Kallon,f95f49d2,slSLE,MF,Hellas Verona,21.0,2001.0,2022-2023,ITA
Pierre Kalulu,85f7d1be,frFRA,DF,Milan,22.0,2000.0,2022-2023,ITA
Yann Karamoh,8b66d9cc,frFRA,MF,Torino,24.0,1998.0,2022-2023,ITA
Rick Karsdorp,9f84febe,nlNED,MF,Roma,27.0,1995.0,2022-2023,ITA
Denso Kasius,7ae36711,nlNED,MF,Bologna,19.0,2002.0,2022-2023,ITA
Grigoris Kastanos,2a82aa85,cyCYP,MF,Salernitana,24.0,1998.0,2022-2023,ITA
Moise Kean,3d50bcdb,itITA,FW,Juventus,22.0,2000.0,2022-2023,ITA
Jakub Kiwior,dc3e663e,plPOL,"DF,MF",Spezia,22.0,2000.0,2022-2023,ITA
Simon Kjær,8b8a56ce,dkDEN,DF,Milan,33.0,1989.0,2022-2023,ITA
Teun Koopmeiners,a26fb8aa,nlNED,MF,Atalanta,24.0,1998.0,2022-2023,ITA
Filip Kostić,b1cd37e6,rsSRB,"MF,FW",Juventus,29.0,1992.0,2022-2023,ITA
Christian Kouamé,58e933d2,ciCIV,"FW,MF",Fiorentina,24.0,1997.0,2022-2023,ITA
Viktor Kovalenko,9d60028d,uaUKR,MF,Spezia,26.0,1996.0,2022-2023,ITA
Julian Kristoffersen,b804c280,noNOR,FW,Salernitana,25.0,1997.0,2022-2023,ITA
Raimonds Krollis,b4101c2e,lvLVA,FW,Spezia,20.0,2001.0,2022-2023,ITA
Rade Krunić,817c6964,baBIH,MF,Milan,28.0,1993.0,2022-2023,ITA
Marash Kumbulla,a40819d9,alALB,DF,Roma,22.0,2000.0,2022-2023,ITA
Khvicha Kvaratskhelia,dea88efd,geGEO,FW,Napoli,21.0,2001.0,2022-2023,ITA
Giorgos Kyriakopoulos,0a483542,grGRE,"DF,MF",Bologna,26.0,1996.0,2022-2023,ITA
Giorgos Kyriakopoulos,0a483542,grGRE,"FW,DF",Sassuolo,26.0,1996.0,2022-2023,ITA
Sam Lammers,c283ddef,nlNED,FW,Sampdoria,25.0,1997.0,2022-2023,ITA
Sam Lammers,c283ddef,nlNED,FW,Empoli,25.0,1997.0,2022-2023,ITA
Kevin Lasagna,09538fdb,itITA,"FW,MF",Hellas Verona,29.0,1992.0,2022-2023,ITA
Armand Lauriente,2d22cea7,frFRA,"FW,MF",Sassuolo,23.0,1998.0,2022-2023,ITA
Valentino Lazaro,016ff750,atAUT,MF,Torino,26.0,1996.0,2022-2023,ITA
Marko Lazetić,93088fbb,rsSRB,FW,Milan,18.0,2004.0,2022-2023,ITA
Darko Lazović,5128bde4,rsSRB,MF,Hellas Verona,31.0,1990.0,2022-2023,ITA
Manuel Lazzari,02caf6e0,itITA,DF,Lazio,28.0,1993.0,2022-2023,ITA
Rafael Leão,20730eae,ptPOR,MF,Milan,23.0,1999.0,2022-2023,ITA
Mehdi Léris,7d3cbc67,dzALG,MF,Sampdoria,24.0,1998.0,2022-2023,ITA
Karol Linetty,d023d70f,plPOL,MF,Torino,27.0,1995.0,2022-2023,ITA
Marcin Listkowski,a3695ac2,plPOL,"FW,MF",Lecce,24.0,1998.0,2022-2023,ITA
Diego Llorente,bba30585,esESP,DF,Roma,28.0,1993.0,2022-2023,ITA
Stanislav Lobotka,e1cbb531,skSVK,MF,Napoli,27.0,1994.0,2022-2023,ITA
Manuel Locatelli,a8a874f1,itITA,MF,Juventus,24.0,1998.0,2022-2023,ITA
Luka Lochoshvili,c8ad0857,geGEO,DF,Cremonese,24.0,1998.0,2022-2023,ITA
Ademola Lookman,7c104bb7,ngNGA,"FW,MF",Atalanta,24.0,1997.0,2022-2023,ITA
Maxime Lopez,20094685,frFRA,MF,Sassuolo,24.0,1997.0,2022-2023,ITA
Matteo Lovato,5fa57166,itITA,DF,Salernitana,22.0,2000.0,2022-2023,ITA
Sandi Lovrić,966eea58,siSVN,MF,Udinese,24.0,1998.0,2022-2023,ITA
Hirving Lozano,a69e4806,mxMEX,"FW,MF",Napoli,27.0,1995.0,2022-2023,ITA
Jhon Lucumí,80490d7f,coCOL,DF,Bologna,24.0,1998.0,2022-2023,ITA
José Luis Palomino,921f6058,arARG,DF,Atalanta,32.0,1990.0,2022-2023,ITA
Romelu Lukaku,5eae500a,beBEL,FW,Inter,29.0,1993.0,2022-2023,ITA
Saša Lukić,c6e8cf1f,rsSRB,MF,Torino,25.0,1996.0,2022-2023,ITA
Sebastiano Luperto,997fff07,itITA,DF,Empoli,25.0,1996.0,2022-2023,ITA
Charalampos Lykogiannis,5efc5389,grGRE,DF,Bologna,28.0,1993.0,2022-2023,ITA
Giulio Maggiore,957e4c87,itITA,MF,Salernitana,24.0,1998.0,2022-2023,ITA
Giangiacomo Magnani,cce9f582,itITA,DF,Hellas Verona,26.0,1995.0,2022-2023,ITA
Mike Maignan,fcb38f57,frFRA,GK,Milan,27.0,1995.0,2022-2023,ITA
Jordan Majchrzak,2e7dafe5,plPOL,FW,Roma,17.0,2004.0,2022-2023,ITA
Jean-Victor Makengo,22bfb57e,frFRA,MF,Udinese,24.0,1998.0,2022-2023,ITA
Lorenzo Malagrida,2bffcbf2,itITA,MF,Sampdoria,18.0,2003.0,2022-2023,ITA
Daniel Maldini,801831fe,itITA,"FW,MF",Spezia,20.0,2001.0,2022-2023,ITA
Youssef Maleh,4c8845f7,maMAR,MF,Fiorentina,23.0,1998.0,2022-2023,ITA
Youssef Maleh,4c8845f7,maMAR,MF,Lecce,23.0,1998.0,2022-2023,ITA
Ruslan Malinovskyi,48d5bd33,uaUKR,MF,Atalanta,29.0,1993.0,2022-2023,ITA
Gianluca Mancini,5aa53281,itITA,DF,Roma,26.0,1996.0,2022-2023,ITA
Rolando Mandragora,c7259b83,itITA,MF,Fiorentina,25.0,1997.0,2022-2023,ITA
Federico Marchetti,f794b426,itITA,GK,Spezia,39.0,1983.0,2022-2023,ITA
Riccardo Marchizza,91d0fabf,itITA,DF,Sassuolo,24.0,1998.0,2022-2023,ITA
Gian Marco Ferrari,8650af85,itITA,DF,Sassuolo,30.0,1992.0,2022-2023,ITA
Pablo Marí,aa54ec6f,esESP,DF,Monza,28.0,1993.0,2022-2023,ITA
Răzvan Marin,7fac99d4,roROU,MF,Empoli,26.0,1996.0,2022-2023,ITA
Marlon,cdf65d12,brBRA,DF,Monza,26.0,1995.0,2022-2023,ITA
Luca Marrone,ea468ea8,itITA,DF,Monza,32.0,1990.0,2022-2023,ITA
Lautaro Martínez,f7036e1c,arARG,FW,Inter,24.0,1997.0,2022-2023,ITA
Lucas Martínez Quarta,3ec3c1c9,arARG,DF,Fiorentina,26.0,1996.0,2022-2023,ITA
Adam Marušić,d4535821,meMNE,DF,Lazio,29.0,1992.0,2022-2023,ITA
Adam Masina,de0f152c,maMAR,"DF,MF",Udinese,28.0,1994.0,2022-2023,ITA
Nemanja Matić,eb7822d7,rsSRB,MF,Roma,33.0,1988.0,2022-2023,ITA
Luís Maximiano,3318286e,ptPOR,GK,Lazio,23.0,1999.0,2022-2023,ITA
Pasquale Mazzocchi,eb0ec070,itITA,MF,Salernitana,27.0,1995.0,2022-2023,ITA
Weston McKennie,01c3aff5,usUSA,MF,Juventus,23.0,1998.0,2022-2023,ITA
Gary Medel,563a68ad,clCHI,"MF,DF",Bologna,34.0,1987.0,2022-2023,ITA
Soualiho Meïté,5cec2c74,frFRA,MF,Cremonese,28.0,1994.0,2022-2023,ITA
Alex Meret,9413b19f,itITA,GK,Napoli,25.0,1997.0,2022-2023,ITA
Yıldırım Mert Çetin,c730da00,trTUR,DF,Lecce,25.0,1997.0,2022-2023,ITA
Junior Messias,f49c4ae9,brBRA,MF,Milan,31.0,1991.0,2022-2023,ITA
Tommaso Milanese,b2561711,itITA,MF,Cremonese,20.0,2002.0,2022-2023,ITA
Nikola Milenković,bee704fc,rsSRB,DF,Fiorentina,24.0,1997.0,2022-2023,ITA
Arkadiusz Milik,85613cf0,plPOL,FW,Juventus,28.0,1994.0,2022-2023,ITA
Sergej Milinković-Savić,4e6dbac4,rsSRB,MF,Lazio,27.0,1995.0,2022-2023,ITA
Vanja Milinković-Savić,9fa26bc2,rsSRB,GK,Torino,25.0,1997.0,2022-2023,ITA
Kim Min-jae,e0f8151c,krKOR,DF,Napoli,25.0,1996.0,2022-2023,ITA
Aleksei Miranchuk,a9aa0d1d,ruRUS,MF,Torino,26.0,1995.0,2022-2023,ITA
Antonio Mirante,30223b33,itITA,GK,Milan,39.0,1983.0,2022-2023,ITA
Fabio Miretti,34693494,itITA,"MF,FW",Juventus,18.0,2003.0,2022-2023,ITA
Filippo Missori,2d3d7c0d,itITA,"MF,DF",Roma,18.0,2004.0,2022-2023,ITA
Henrikh Mkhitaryan,dd0daf32,amARM,MF,Inter,33.0,1989.0,2022-2023,ITA
Salvatore Molina,54ab971f,itITA,MF,Monza,30.0,1992.0,2022-2023,ITA
Daniele Montevago,ca73910d,itITA,FW,Sampdoria,19.0,2003.0,2022-2023,ITA
Lorenzo Montipò,c1d95617,itITA,GK,Hellas Verona,26.0,1996.0,2022-2023,ITA
Nikola Moro,ff579c7e,hrCRO,MF,Bologna,24.0,1998.0,2022-2023,ITA
Dany Mota,efc9e31f,ptPOR,"FW,MF",Monza,24.0,1998.0,2022-2023,ITA
João Moutinho,a0aee24e,ptPOR,DF,Spezia,24.0,1998.0,2022-2023,ITA
Mert Müldür,1295552e,trTUR,DF,Sassuolo,23.0,1999.0,2022-2023,ITA
Luis Muriel,eb2fe5b6,coCOL,"FW,MF",Atalanta,31.0,1991.0,2022-2023,ITA
Jeison Murillo,b233e8e4,coCOL,DF,Sampdoria,30.0,1992.0,2022-2023,ITA
Nicola Murru,d183e9d6,itITA,DF,Sampdoria,27.0,1994.0,2022-2023,ITA
Juan Musso,a111cf41,arARG,GK,Atalanta,28.0,1994.0,2022-2023,ITA
Joakim Mæhle,c459a650,dkDEN,MF,Atalanta,25.0,1997.0,2022-2023,ITA
Herculano Nabian,c39babc1,ptPOR,FW,Empoli,18.0,2004.0,2022-2023,ITA
Michel Ndary Adopo,599d91d0,frFRA,"MF,DF",Torino,22.0,2000.0,2022-2023,ITA
Tanguy Ndombele,5cdddffa,frFRA,MF,Napoli,25.0,1996.0,2022-2023,ITA
Ilija Nestorovski,b1236c63,mkMKD,FW,Udinese,32.0,1990.0,2022-2023,ITA
Cyril Ngonge,2b8360f1,beBEL,"MF,FW",Hellas Verona,22.0,2000.0,2022-2023,ITA
Hans Nicolussi Caviglia,b136c945,itITA,MF,Salernitana,22.0,2000.0,2022-2023,ITA
Dimitris Nikolaou,cf961d8d,grGRE,DF,Spezia,23.0,1998.0,2022-2023,ITA
Samuel Ntanda,48329ff8,cdCOD,FW,Sampdoria,17.0,2005.0,2022-2023,ITA
Bram Nuytinck,e33f36d5,nlNED,DF,Udinese,32.0,1990.0,2022-2023,ITA
Bram Nuytinck,e33f36d5,nlNED,DF,Sampdoria,32.0,1990.0,2022-2023,ITA
M'Bala Nzola,a4948e67,aoANG,FW,Spezia,25.0,1996.0,2022-2023,ITA
Pedro Obiang,ba1e04b3,gqEQG,MF,Sassuolo,30.0,1992.0,2022-2023,ITA
Guillermo Ochoa,1e9bde92,mxMEX,GK,Salernitana,37.0,1985.0,2022-2023,ITA
Marios Oikonomou,3b9858f5,grGRE,DF,Sampdoria,29.0,1992.0,2022-2023,ITA
David Okereke,d125f22f,ngNGA,"FW,MF",Cremonese,24.0,1997.0,2022-2023,ITA
Caleb Okoli,8ec109e6,itITA,DF,Atalanta,21.0,2001.0,2022-2023,ITA
Mathías Olivera,41c12f75,uyURU,DF,Napoli,24.0,1997.0,2022-2023,ITA
André Onana,e9c0c1b2,cmCMR,GK,Inter,26.0,1996.0,2022-2023,ITA
Divock Origi,43a166b4,beBEL,"FW,MF",Milan,27.0,1995.0,2022-2023,ITA
Riccardo Orsolini,e14ec482,itITA,"MF,FW",Bologna,25.0,1997.0,2022-2023,ITA
Victor Osimhen,8c90fd7a,ngNGA,FW,Napoli,23.0,1998.0,2022-2023,ITA
Remi Oudin,ea02beaf,frFRA,"MF,FW",Lecce,25.0,1996.0,2022-2023,ITA
Adam Ounas,ed90babd,dzALG,"FW,MF",Napoli,25.0,1996.0,2022-2023,ITA
Simone Pafundi,8daee720,itITA,FW,Udinese,16.0,2006.0,2022-2023,ITA
Flavio Paoletti,3d6cee81,itITA,MF,Sampdoria,19.0,2003.0,2022-2023,ITA
Leandro Paredes,dff153a4,arARG,MF,Juventus,28.0,1994.0,2022-2023,ITA
Fabiano Parisi,0967845b,itITA,DF,Empoli,21.0,2000.0,2022-2023,ITA
Mario Pašalić,e599253a,hrCRO,MF,Atalanta,27.0,1995.0,2022-2023,ITA
Patric,f7223718,esESP,DF,Lazio,29.0,1993.0,2022-2023,ITA
Rui Patrício,79b0d6a0,ptPOR,GK,Roma,34.0,1988.0,2022-2023,ITA
Pedro,3ca7254a,esESP,FW,Lazio,35.0,1987.0,2022-2023,ITA
Gianluca Pegolo,f058ed1f,itITA,GK,Sassuolo,41.0,1981.0,2022-2023,ITA
Pietro Pellegri,a44d3a3c,itITA,FW,Torino,21.0,2001.0,2022-2023,ITA
Lorenzo Pellegrini,4a5a45c7,itITA,MF,Roma,26.0,1996.0,2022-2023,ITA
Luca Pellegrini,3b61c9ec,itITA,DF,Lazio,23.0,1999.0,2022-2023,ITA
Pepín,7afb1573,gqEQG,MF,Monza,25.0,1996.0,2022-2023,ITA
Roberto Pereyra,75f2c59f,arARG,"MF,FW",Udinese,31.0,1991.0,2022-2023,ITA
Nehuén Pérez,f7c491f1,arARG,DF,Udinese,22.0,2000.0,2022-2023,ITA
Simone Perilli,b9e11c1d,itITA,GK,Hellas Verona,27.0,1995.0,2022-2023,ITA
Mattia Perin,4c62d0c8,itITA,GK,Juventus,29.0,1992.0,2022-2023,ITA
Samuele Perisan,00a17eba,itITA,GK,Empoli,24.0,1997.0,2022-2023,ITA
Matteo Pessina,780e3631,itITA,MF,Monza,25.0,1997.0,2022-2023,ITA
Andrea Petagna,03f946ed,itITA,FW,Monza,27.0,1995.0,2022-2023,ITA
Giuseppe Pezzella,149c5f5d,itITA,DF,Lecce,24.0,1997.0,2022-2023,ITA
Krzysztof Piątek,17f3620a,plPOL,FW,Salernitana,27.0,1995.0,2022-2023,ITA
Roberto Piccoli,1cadaf34,itITA,FW,Hellas Verona,21.0,2001.0,2022-2023,ITA
Roberto Piccoli,1cadaf34,itITA,FW,Empoli,21.0,2001.0,2022-2023,ITA
Charles Pickel,f71ad8cb,cdCOD,MF,Cremonese,25.0,1997.0,2022-2023,ITA
Andrea Pinamonti,08aa9cd1,itITA,FW,Sassuolo,23.0,1999.0,2022-2023,ITA
Lorenzo Pirola,caec77da,itITA,DF,Salernitana,20.0,2002.0,2022-2023,ITA
Niccolò Pisilli,c84dcc88,itITA,MF,Roma,17.0,2004.0,2022-2023,ITA
Marko Pjaca,2c38b327,hrCRO,"MF,FW",Empoli,27.0,1995.0,2022-2023,ITA
Tommaso Pobega,55a1cac2,itITA,MF,Milan,23.0,1999.0,2022-2023,ITA
Paul Pogba,867239d3,frFRA,FW,Juventus,29.0,1993.0,2022-2023,ITA
Matteo Politano,5e861944,itITA,FW,Napoli,28.0,1993.0,2022-2023,ITA
Marin Pongračić,2a6cd437,hrCRO,DF,Lecce,24.0,1997.0,2022-2023,ITA
Stefan Posch,7f609bfc,atAUT,DF,Bologna,25.0,1997.0,2022-2023,ITA
Ivan Provedel,277da414,itITA,GK,Lazio,28.0,1994.0,2022-2023,ITA
Ignacio Pussetto,62437b4f,arARG,MF,Sampdoria,26.0,1995.0,2022-2023,ITA
Niklas Pyyhtiä,88f53b75,fiFIN,MF,Bologna,18.0,2003.0,2022-2023,ITA
Fabio Quagliarella,ee4f2f3b,itITA,FW,Sampdoria,39.0,1983.0,2022-2023,ITA
Giacomo Quagliata,1b9c7401,itITA,"MF,DF",Cremonese,22.0,2000.0,2022-2023,ITA
Adrien Rabiot,8794e251,frFRA,MF,Juventus,27.0,1995.0,2022-2023,ITA
Nemanja Radonjić,0630eb63,rsSRB,"MF,FW",Torino,26.0,1996.0,2022-2023,ITA
Ivan Radovanović,023937a9,rsSRB,"MF,DF",Salernitana,33.0,1988.0,2022-2023,ITA
Ionuț Radu,67f649be,roROU,GK,Cremonese,25.0,1997.0,2022-2023,ITA
Ștefan Radu,53de807a,roROU,DF,Lazio,35.0,1986.0,2022-2023,ITA
Antonio Raimondo,ce1a6c7e,itITA,FW,Bologna,18.0,2004.0,2022-2023,ITA
Luca Ranieri,8c63fae5,itITA,DF,Fiorentina,23.0,1999.0,2022-2023,ITA
Andrea Ranocchia,539230cf,itITA,DF,Monza,34.0,1988.0,2022-2023,ITA
Filippo Ranocchia,d9ebed1c,itITA,"MF,FW",Monza,21.0,2001.0,2022-2023,ITA
Giacomo Raspadori,6e058f06,itITA,"FW,MF",Napoli,22.0,2000.0,2022-2023,ITA
Giacomo Raspadori,6e058f06,itITA,"FW,MF",Sassuolo,22.0,2000.0,2022-2023,ITA
Nicola Ravaglia,d7a35008,itITA,GK,Sampdoria,33.0,1988.0,2022-2023,ITA
Ante Rebić,536cebe5,hrCRO,"MF,FW",Milan,28.0,1993.0,2022-2023,ITA
Arkadiusz Reca,6213fd82,plPOL,"MF,DF",Spezia,27.0,1995.0,2022-2023,ITA
Panagiotis Retsos,4bd00a50,grGRE,DF,Hellas Verona,23.0,1998.0,2022-2023,ITA
Franck Ribéry,f61c7c4e,frFRA,"FW,MF",Salernitana,39.0,1983.0,2022-2023,ITA
Samuele Ricci,9823be92,itITA,MF,Torino,20.0,2001.0,2022-2023,ITA
Tomás Rincón,f1cfc209,veVEN,MF,Sampdoria,34.0,1988.0,2022-2023,ITA
Pablo Rodríguez,1d4e63b6,esESP,"FW,MF",Lecce,20.0,2001.0,2022-2023,ITA
Ricardo Rodríguez,7f78ad23,chSUI,"DF,MF",Torino,29.0,1992.0,2022-2023,ITA
Rogério,10e7f486,brBRA,DF,Sassuolo,24.0,1998.0,2022-2023,ITA
Filippo Romagna,84594618,itITA,DF,Sassuolo,25.0,1997.0,2022-2023,ITA
Alessio Romagnoli,3ead85f9,itITA,DF,Lazio,27.0,1995.0,2022-2023,ITA
Simone Romagnoli,09899de8,itITA,DF,Lecce,32.0,1990.0,2022-2023,ITA
Luka Romero,ca6edaa0,arARG,FW,Lazio,17.0,2004.0,2022-2023,ITA
Marten de Roon,2a1beb34,nlNED,MF,Atalanta,31.0,1991.0,2022-2023,ITA
Francesco Rossi,7b5f516f,itITA,GK,Atalanta,31.0,1991.0,2022-2023,ITA
Nicolò Rovella,e58cbfd5,itITA,MF,Monza,20.0,2001.0,2022-2023,ITA
Nicolò Rovella,e58cbfd5,itITA,MF,Juventus,20.0,2001.0,2022-2023,ITA
Amir Rrahmani,4b3e1a38,xkKVX,DF,Napoli,28.0,1994.0,2022-2023,ITA
Ruan,a378a02a,brBRA,DF,Sassuolo,23.0,1999.0,2022-2023,ITA
Daniele Rugani,14b8fcdf,itITA,DF,Juventus,28.0,1994.0,2022-2023,ITA
Matteo Ruggeri,ae9898c5,itITA,"MF,DF",Atalanta,20.0,2002.0,2022-2023,ITA
Mário Rui,0b5a292a,ptPOR,DF,Napoli,31.0,1991.0,2022-2023,ITA
Alessandro Russo,3945ac70,itITA,GK,Sassuolo,21.0,2001.0,2022-2023,ITA
Abdelhamid Sabiri,4830e0af,maMAR,MF,Sampdoria,25.0,1996.0,2022-2023,ITA
Alexis Saelemaekers,ee251371,beBEL,MF,Milan,23.0,1999.0,2022-2023,ITA
Jacopo Sala,da5a981b,itITA,MF,Spezia,30.0,1991.0,2022-2023,ITA
Lazar Samardzic,217c93a1,rsSRB,"MF,FW",Udinese,20.0,2002.0,2022-2023,ITA
Junior Sambia,24eb7ed6,frFRA,"MF,DF",Salernitana,25.0,1996.0,2022-2023,ITA
Antonio Sanabria,0a447501,pyPAR,FW,Torino,26.0,1996.0,2022-2023,ITA
Leandro Sanca,4295f19c,gwGNB,FW,Spezia,22.0,2000.0,2022-2023,ITA
Alex Sandro,0d82903c,brBRA,DF,Juventus,31.0,1991.0,2022-2023,ITA
Nicola Sansone,7eb97a8e,itITA,"FW,MF",Bologna,30.0,1991.0,2022-2023,ITA
Riccardo Saponara,3bb7af3b,itITA,"MF,FW",Fiorentina,30.0,1991.0,2022-2023,ITA
Mouhamadou Sarr,b959a0d1,snSEN,GK,Cremonese,25.0,1997.0,2022-2023,ITA
Martin Satriano,86383d0e,uyURU,FW,Empoli,21.0,2001.0,2022-2023,ITA
Giorgio Scalvini,1e9aa637,itITA,DF,Atalanta,18.0,2003.0,2022-2023,ITA
Jerdy Schouten,2cfae697,nlNED,MF,Bologna,25.0,1997.0,2022-2023,ITA
Perr Schuurs,e613313c,nlNED,DF,Torino,22.0,1999.0,2022-2023,ITA
Demba Seck,16463a79,snSEN,"MF,FW",Torino,21.0,2001.0,2022-2023,ITA
Telasco Segovia,9142b22f,veVEN,MF,Sampdoria,19.0,2003.0,2022-2023,ITA
Jacopo Segre,3cb132e6,itITA,MF,Torino,25.0,1997.0,2022-2023,ITA
Vivaldo Semedo,b6baba31,ptPOR,FW,Udinese,17.0,2005.0,2022-2023,ITA
Stefano Sensi,b70bde8f,itITA,MF,Monza,26.0,1995.0,2022-2023,ITA
Luigi Sepe,343f753a,itITA,GK,Salernitana,31.0,1991.0,2022-2023,ITA
Leonardo Sernicola,dd7febd8,itITA,"MF,DF",Cremonese,25.0,1997.0,2022-2023,ITA
Stephan El Shaarawy,d3aaad90,itITA,MF,Roma,29.0,1992.0,2022-2023,ITA
Eldor Shomurodov,57469b2d,uzUZB,FW,Spezia,27.0,1995.0,2022-2023,ITA
Eldor Shomurodov,57469b2d,uzUZB,FW,Roma,27.0,1995.0,2022-2023,ITA
Marco Silvestri,0d422df7,itITA,GK,Udinese,31.0,1991.0,2022-2023,ITA
Giovanni Simeone,343c0d52,arARG,FW,Napoli,27.0,1995.0,2022-2023,ITA
Wilfried Singo,8b609c34,ciCIV,MF,Torino,21.0,2000.0,2022-2023,ITA
Salvatore Sirigu,10dc46f0,itITA,GK,Fiorentina,35.0,1987.0,2022-2023,ITA
Leo Skiri Østigård,b35a7399,noNOR,DF,Napoli,22.0,1999.0,2022-2023,ITA
Łukasz Skorupski,ab4449d6,plPOL,GK,Bologna,31.0,1991.0,2022-2023,ITA
Milan Škriniar,30f5ffa9,skSVK,DF,Inter,27.0,1995.0,2022-2023,ITA
Chris Smalling,b6964eb6,engENG,DF,Roma,32.0,1989.0,2022-2023,ITA
Ola Solbakken,78f13530,noNOR,"MF,FW",Roma,23.0,1998.0,2022-2023,ITA
Brandon Soppy,28f66c2e,frFRA,MF,Udinese,20.0,2002.0,2022-2023,ITA
Brandon Soppy,28f66c2e,frFRA,MF,Atalanta,20.0,2002.0,2022-2023,ITA
Roberto Soriano,9d4c45d6,itITA,MF,Bologna,31.0,1991.0,2022-2023,ITA
Joaquin Sosa,50841bef,uyURU,DF,Bologna,20.0,2002.0,2022-2023,ITA
Riccardo Sottil,94816803,itITA,"MF,FW",Fiorentina,23.0,1999.0,2022-2023,ITA
Matìas Soulé,c13ddd3e,arARG,"MF,FW",Juventus,19.0,2003.0,2022-2023,ITA
Adama Soumaoro,7b075c75,frFRA,DF,Bologna,30.0,1992.0,2022-2023,ITA
Leonardo Spinazzola,3626daea,itITA,MF,Roma,29.0,1993.0,2022-2023,ITA
Marco Sportiello,ac4003af,itITA,GK,Atalanta,30.0,1992.0,2022-2023,ITA
Petar Stojanović,13b44b02,siSVN,DF,Empoli,26.0,1995.0,2022-2023,ITA
Gabriel Strefezza,ac4a4508,brBRA,"FW,MF",Lecce,25.0,1997.0,2022-2023,ITA
Dávid Strelec,2cb9486d,skSVK,FW,Spezia,21.0,2001.0,2022-2023,ITA
Isaac Success,f573a8bf,ngNGA,FW,Udinese,26.0,1996.0,2022-2023,ITA
Ibrahim Sulemana,230c3f3a,ghGHA,MF,Hellas Verona,19.0,2003.0,2022-2023,ITA
Mile Svilar,bcf5058a,rsSRB,GK,Roma,22.0,1999.0,2022-2023,ITA
Wojciech Szczęsny,01b8a2b2,plPOL,GK,Juventus,32.0,1990.0,2022-2023,ITA
Benjamin Tahirovic,eb3022c3,baBIH,MF,Roma,19.0,2003.0,2022-2023,ITA
Adrien Tameze,8da74c05,cmCMR,MF,Hellas Verona,28.0,1994.0,2022-2023,ITA
Ciprian Tătărușanu,b056e3da,roROU,GK,Milan,36.0,1986.0,2022-2023,ITA
Filippo Terracciano,5cbb5ad6,itITA,MF,Hellas Verona,19.0,2003.0,2022-2023,ITA
Pietro Terracciano,e1b0a70d,itITA,GK,Fiorentina,32.0,1990.0,2022-2023,ITA
Aleksa Terzić,3ef0a2d7,rsSRB,DF,Fiorentina,22.0,1999.0,2022-2023,ITA
Florian Thauvin,2b9fdeea,frFRA,"FW,MF",Udinese,29.0,1993.0,2022-2023,ITA
Malick Thiaw,ff5ea0bf,deGER,DF,Milan,20.0,2001.0,2022-2023,ITA
Kristian Thorstvedt,76ff8d0d,noNOR,MF,Sassuolo,23.0,1999.0,2022-2023,ITA
Jeremy Toljan,a96e5dc0,deGER,DF,Sassuolo,27.0,1994.0,2022-2023,ITA
Rafael Tolói,c56dc39e,itITA,DF,Atalanta,31.0,1990.0,2022-2023,ITA
Fikayo Tomori,7edfbb8a,engENG,DF,Milan,24.0,1997.0,2022-2023,ITA
Sandro Tonali,0db169ae,itITA,MF,Milan,22.0,2000.0,2022-2023,ITA
Lorenzo Tonelli,8cc29864,itITA,DF,Empoli,32.0,1990.0,2022-2023,ITA
William Troost-Ekong,7ed4921e,ngNGA,DF,Salernitana,28.0,1993.0,2022-2023,ITA
Frank Tsadjout,0588a092,itITA,FW,Cremonese,23.0,1999.0,2022-2023,ITA
Alessandro Tuia,26c54058,itITA,DF,Lecce,32.0,1990.0,2022-2023,ITA
Martin Turk,14ae023f,siSVN,GK,Sampdoria,18.0,2003.0,2022-2023,ITA
Destiny Udogie,7cd520e8,itITA,MF,Udinese,19.0,2002.0,2022-2023,ITA
Samir Ujkani,96640846,xkKVX,GK,Empoli,34.0,1988.0,2022-2023,ITA
Samuel Umtiti,3eed9821,frFRA,DF,Lecce,28.0,1993.0,2022-2023,ITA
Diego Valencia,71005acd,clCHI,"FW,MF",Salernitana,22.0,2000.0,2022-2023,ITA
Emanuele Valeri,ec52b661,itITA,"MF,DF",Cremonese,23.0,1998.0,2022-2023,ITA
Mattia Valoti,c414df9d,itITA,"MF,FW",Monza,28.0,1993.0,2022-2023,ITA
Johan Vásquez,5eaed77a,mxMEX,DF,Cremonese,23.0,1998.0,2022-2023,ITA
Matías Vecino,44ac04e9,uyURU,MF,Lazio,30.0,1991.0,2022-2023,ITA
Miguel Veloso,ab1ca213,ptPOR,MF,Hellas Verona,36.0,1986.0,2022-2023,ITA
Lorenzo Venuti,983ff2c7,itITA,DF,Fiorentina,27.0,1995.0,2022-2023,ITA
Daniele Verde,d3298c99,itITA,"FW,MF",Spezia,26.0,1996.0,2022-2023,ITA
Simone Verdi,0375723e,itITA,"MF,FW",Hellas Verona,30.0,1992.0,2022-2023,ITA
Valerio Verre,33ecf462,itITA,MF,Sampdoria,28.0,1994.0,2022-2023,ITA
Guglielmo Vicario,77d6fd4d,itITA,GK,Empoli,25.0,1996.0,2022-2023,ITA
Ronaldo Vieira,75e60d75,gwGNB,MF,Torino,24.0,1998.0,2022-2023,ITA
Ronaldo Vieira,75e60d75,gwGNB,MF,Sampdoria,24.0,1998.0,2022-2023,ITA
Emanuel Vignato,ec5dae45,itITA,MF,Bologna,21.0,2000.0,2022-2023,ITA
Emanuel Vignato,ec5dae45,itITA,MF,Empoli,21.0,2000.0,2022-2023,ITA
Samuele Vignato,a14d0ab0,itITA,MF,Monza,18.0,2004.0,2022-2023,ITA
Tonny Vilhena,c7069d87,nlNED,MF,Salernitana,27.0,1995.0,2022-2023,ITA
Gonzalo Villar,bdc74a8f,esESP,MF,Sampdoria,24.0,1998.0,2022-2023,ITA
Matías Viña,08eb3b58,uyURU,MF,Roma,24.0,1997.0,2022-2023,ITA
Dušan Vlahović,79443529,rsSRB,FW,Juventus,22.0,2000.0,2022-2023,ITA
Nikola Vlašić,aa8e289e,hrCRO,"MF,FW",Torino,24.0,1997.0,2022-2023,ITA
Joel Voelkerling Persson,b3ef6517,seSWE,FW,Lecce,19.0,2003.0,2022-2023,ITA
Mërgim Vojvoda,be2706c0,xkKVX,MF,Torino,27.0,1995.0,2022-2023,ITA
Cristian Volpato,72f87f25,itITA,MF,Roma,18.0,2003.0,2022-2023,ITA
Lukáš Vorlický,f052fb01,czCZE,FW,Atalanta,20.0,2002.0,2022-2023,ITA
Aster Vranckx,f86cd5df,beBEL,MF,Milan,19.0,2002.0,2022-2023,ITA
Stefan de Vrij,d0d8dd44,nlNED,DF,Inter,30.0,1992.0,2022-2023,ITA
Walace,26db8853,brBRA,MF,Udinese,27.0,1995.0,2022-2023,ITA
Sebastian Walukiewicz,217875a4,plPOL,DF,Empoli,22.0,2000.0,2022-2023,ITA
Georginio Wijnaldum,eb58eef0,nlNED,MF,Roma,31.0,1990.0,2022-2023,ITA
Harry Winks,2f7acede,engENG,MF,Sampdoria,26.0,1996.0,2022-2023,ITA
Przemysław Wiśniewski,1bfe5ac9,plPOL,DF,Spezia,24.0,1998.0,2022-2023,ITA
Gerard Yepes,ee9040b4,esESP,MF,Sampdoria,19.0,2002.0,2022-2023,ITA
Mattia Zaccagni,d85c238b,itITA,FW,Lazio,27.0,1995.0,2022-2023,ITA
Denis Zakaria,384d58d9,chSUI,MF,Juventus,25.0,1996.0,2022-2023,ITA
Nicola Zalewski,45191c29,plPOL,"MF,DF",Roma,20.0,2002.0,2022-2023,ITA
Andre-Frank Zambo Anguissa,6bb2c084,cmCMR,MF,Napoli,26.0,1995.0,2022-2023,ITA
Luca Zanimacchia,5e834dce,itITA,MF,Cremonese,24.0,1998.0,2022-2023,ITA
Nicolò Zaniolo,9907b1c8,itITA,"MF,FW",Roma,23.0,1999.0,2022-2023,ITA
Alessandro Zanoli,3b12b11f,itITA,"MF,DF",Sampdoria,21.0,2000.0,2022-2023,ITA
Alessandro Zanoli,3b12b11f,itITA,MF,Napoli,21.0,2000.0,2022-2023,ITA
Mattia Zanotti,875d65d1,itITA,DF,Inter,19.0,2003.0,2022-2023,ITA
Duván Zapata,d3de9af0,coCOL,FW,Atalanta,31.0,1991.0,2022-2023,ITA
Davide Zappacosta,7fe90ccd,itITA,MF,Atalanta,30.0,1992.0,2022-2023,ITA
Karim Zedadka,2f45300d,frFRA,MF,Napoli,22.0,2000.0,2022-2023,ITA
Deyovaisio Zeefuik,58a2e9f6,nlNED,"DF,MF",Hellas Verona,24.0,1998.0,2022-2023,ITA
Marvin Zeegelaar,8abd0c03,nlNED,"MF,DF",Udinese,31.0,1990.0,2022-2023,ITA
Alessio Zerbin,d19ef4ef,itITA,"MF,FW",Napoli,23.0,1999.0,2022-2023,ITA
Piotr Zieliński,a5296e55,plPOL,MF,Napoli,28.0,1994.0,2022-2023,ITA
David Zima,acf7e795,czCZE,DF,Torino,21.0,2000.0,2022-2023,ITA
Joshua Zirkzee,028e70b9,nlNED,FW,Bologna,21.0,2001.0,2022-2023,ITA
Jeroen Zoet,cc1a0c57,nlNED,GK,Spezia,31.0,1991.0,2022-2023,ITA
Nadir Zortea,82598b71,itITA,MF,Atalanta,23.0,1999.0,2022-2023,ITA
Nadir Zortea,82598b71,itITA,DF,Sassuolo,23.0,1999.0,2022-2023,ITA
Petar Zovko,54f6afe3,baBIH,GK,Spezia,20.0,2002.0,2022-2023,ITA
Szymon Żurkowski,4e1d5e59,plPOL,MF,Fiorentina,24.0,1997.0,2022-2023,ITA
Szymon Żurkowski,4e1d5e59,plPOL,MF,Spezia,24.0,1997.0,2022-2023,ITA
Milan Đurić,405f6586,baBIH,FW,Hellas Verona,32.0,1990.0,2022-2023,ITA
Filip Đuričić,eccbe56a,rsSRB,MF,Sampdoria,30.0,1992.0,2022-2023,ITA
Paxten Aaronson,4cd41883,usUSA,MF,Eintracht Frankfurt,18.0,2003.0,2022-2023,GER
Sargis Adamyan,22919e97,amARM,FW,Köln,29.0,1993.0,2022-2023,GER
Karim Adeyemi,501055d8,deGER,"MF,FW",Dortmund,20.0,2002.0,2022-2023,GER
Amine Adli,dcfb17f4,maMAR,"FW,MF",Leverkusen,22.0,2000.0,2022-2023,GER
Felix Agu,cb6d81b3,ngNGA,"DF,MF",Werder Bremen,22.0,1999.0,2022-2023,GER
Naouirou Ahamada,a6c58494,frFRA,MF,Stuttgart,20.0,2002.0,2022-2023,GER
Ludovic Ajorque,462475ed,frFRA,"FW,MF",Mainz 05,28.0,1994.0,2022-2023,GER
Kevin Akpoguma,6ec6fde0,ngNGA,DF,Hoffenheim,27.0,1995.0,2022-2023,GER
Lucas Alario,834d0be5,arARG,FW,Eintracht Frankfurt,29.0,1992.0,2022-2023,GER
Faride Alidou,00f518d8,deGER,FW,Eintracht Frankfurt,21.0,2001.0,2022-2023,GER
Éder Álvarez Balanta,8ce30c57,coCOL,MF,Schalke 04,29.0,1993.0,2022-2023,GER
Lukáš Ambros,cd682b6b,czCZE,MF,Wolfsburg,18.0,2004.0,2022-2023,GER
Nadiem Amiri,555d5edd,deGER,"MF,FW",Leverkusen,25.0,1996.0,2022-2023,GER
Robert Andrich,e0b113a7,deGER,MF,Leverkusen,27.0,1994.0,2022-2023,GER
Angeliño,30941e96,esESP,MF,Hoffenheim,25.0,1997.0,2022-2023,GER
Waldemar Anton,5e66fa06,deGER,DF,Stuttgart,26.0,1996.0,2022-2023,GER
Christopher Antwi-Adjei,0a3f6cde,ghGHA,"FW,MF",Bochum,28.0,1994.0,2022-2023,GER
Charles Aránguiz,56413b1f,clCHI,MF,Leverkusen,33.0,1989.0,2022-2023,GER
Maximilian Arnold,86e119e0,deGER,MF,Wolfsburg,28.0,1994.0,2022-2023,GER
Takuma Asano,13ddc856,jpJPN,"MF,FW",Bochum,27.0,1994.0,2022-2023,GER
Fisnik Asllani,35f67a30,xkKVX,FW,Hoffenheim,19.0,2002.0,2022-2023,GER
Mehmet Aydin,fe46e261,deGER,"MF,DF",Schalke 04,20.0,2002.0,2022-2023,GER
Ayman Azhil,ce81d82d,maMAR,MF,Leverkusen,21.0,2001.0,2022-2023,GER
Sardar Azmoun,10549b49,irIRN,"FW,MF",Leverkusen,27.0,1995.0,2022-2023,GER
Sanoussy Ba,f582d5c1,deGER,FW,RB Leipzig,18.0,2004.0,2022-2023,GER
Mitchel Bakker,a8567629,nlNED,"MF,DF",Leverkusen,22.0,2000.0,2022-2023,GER
Ridle Baku,442b56fa,deGER,"DF,MF",Wolfsburg,24.0,1998.0,2022-2023,GER
Aymen Barkok,a2a85828,maMAR,MF,Mainz 05,24.0,1998.0,2022-2023,GER
Leandro Barreiro Martins,00242b75,luLUX,MF,Mainz 05,22.0,2000.0,2022-2023,GER
Gil Bastião Dias,e61bdd69,ptPOR,FW,Stuttgart,25.0,1996.0,2022-2023,GER
Maximilian Bauer,44a20f0c,deGER,DF,Augsburg,22.0,2000.0,2022-2023,GER
Oliver Baumann,47064058,deGER,GK,Hoffenheim,32.0,1990.0,2022-2023,GER
Timo Baumgartl,bd7d2e6d,deGER,DF,Union Berlin,26.0,1996.0,2022-2023,GER
Julian Baumgartlinger,69374ff5,atAUT,MF,Augsburg,34.0,1988.0,2022-2023,GER
Christoph Baumgartner,437f2b00,atAUT,"MF,FW",Hoffenheim,22.0,1999.0,2022-2023,GER
Noah Joel Sarenren Bazee,fbbc8e15,ngNGA,"FW,MF",Augsburg,25.0,1996.0,2022-2023,GER
Ihlas Bebou,a53b661f,tgTOG,"FW,MF",Hoffenheim,28.0,1994.0,2022-2023,GER
Sheraldo Becker,8eb55dbb,srSUR,FW,Union Berlin,27.0,1995.0,2022-2023,GER
Kevin Behrens,30ae134d,deGER,FW,Union Berlin,31.0,1991.0,2022-2023,GER
Stefan Bell,857a5abe,deGER,DF,Mainz 05,30.0,1991.0,2022-2023,GER
Karim Bellarabi,bee0bab1,deGER,MF,Leverkusen,32.0,1990.0,2022-2023,GER
Jude Bellingham,57d88cf9,engENG,MF,Dortmund,19.0,2003.0,2022-2023,GER
Ramy Bensebaini,378825c7,dzALG,DF,Gladbach,27.0,1995.0,2022-2023,GER
Mergim Berisha,eb6e14be,deGER,FW,Augsburg,24.0,1998.0,2022-2023,GER
Ermin Bičakčić,7aac47fe,baBIH,DF,Hoffenheim,32.0,1990.0,2022-2023,GER
Tom Bischof,07d3bfec,deGER,MF,Hoffenheim,17.0,2005.0,2022-2023,GER
Leonardo Bittencourt,dc62fbee,deGER,MF,Werder Bremen,28.0,1993.0,2022-2023,GER
Janis Blaswich,663e080e,deGER,GK,RB Leipzig,31.0,1991.0,2022-2023,GER
Daley Blind,691bef82,nlNED,DF,Bayern Munich,32.0,1990.0,2022-2023,GER
Kevin-Prince Boateng,f4ec4fd0,ghGHA,MF,Hertha BSC,35.0,1987.0,2022-2023,GER
Jean-Paul Boëtius,635f2732,srSUR,MF,Hertha BSC,28.0,1994.0,2022-2023,GER
Yvandro Borges Sanches,36578017,luLUX,MF,Gladbach,18.0,2004.0,2022-2023,GER
Sebastiaan Bornauw,01834aa0,beBEL,DF,Wolfsburg,23.0,1999.0,2022-2023,GER
Rafael Borré,c68da769,coCOL,"MF,FW",Eintracht Frankfurt,26.0,1995.0,2022-2023,GER
Julian Brandt,a167537f,deGER,MF,Dortmund,26.0,1996.0,2022-2023,GER
Fabian Bredlow,d28339cb,deGER,GK,Stuttgart,27.0,1995.0,2022-2023,GER
Josip Brekalo,d4a2533d,hrCRO,"MF,FW",Wolfsburg,24.0,1998.0,2022-2023,GER
John Brooks,e27da244,usUSA,DF,Hoffenheim,29.0,1993.0,2022-2023,GER
Moritz Broschinski,bbd79358,deGER,FW,Bochum,21.0,2000.0,2022-2023,GER
Cédric Brunner,f0a37d36,chSUI,DF,Schalke 04,28.0,1994.0,2022-2023,GER
Jacob Bruun Larsen,4e204552,dkDEN,FW,Hoffenheim,23.0,1998.0,2022-2023,GER
Lee Buchanan,45e95f21,engENG,MF,Werder Bremen,21.0,2001.0,2022-2023,GER
Marius Bülter,ab5b7dc1,deGER,"MF,FW",Schalke 04,29.0,1993.0,2022-2023,GER
Delano Burgzorg,05e2d5ea,srSUR,"FW,MF",Mainz 05,23.0,1998.0,2022-2023,GER
Jonathan Burkardt,05f99a4a,deGER,"MF,FW",Mainz 05,22.0,2000.0,2022-2023,GER
Oliver Burke,f631c17f,sctSCO,FW,Werder Bremen,25.0,1997.0,2022-2023,GER
Aurélio Buta,b4705807,ptPOR,MF,Eintracht Frankfurt,25.0,1997.0,2022-2023,GER
Anthony Caci,0118c54c,frFRA,"MF,DF",Mainz 05,25.0,1997.0,2022-2023,GER
Kerim Calhanoglu,d1db4b83,deGER,DF,Schalke 04,19.0,2002.0,2022-2023,GER
Daniel Caligiuri,d1273f09,itITA,MF,Augsburg,34.0,1988.0,2022-2023,GER
Emre Can,a65ce836,deGER,MF,Dortmund,28.0,1994.0,2022-2023,GER
João Cancelo,bd6351cd,ptPOR,"DF,MF",Bayern Munich,28.0,1994.0,2022-2023,GER
Irvin Cardona,5e080f73,mtMLT,"FW,MF",Augsburg,24.0,1997.0,2022-2023,GER
Koen Casteels,db401046,beBEL,GK,Wolfsburg,30.0,1992.0,2022-2023,GER
Julian Chabot,ae7058f9,deGER,DF,Köln,24.0,1998.0,2022-2023,GER
Timothy Chandler,b3b7f5a6,usUSA,"DF,MF",Eintracht Frankfurt,32.0,1990.0,2022-2023,GER
Fabio Chiarodia,48780156,itITA,DF,Werder Bremen,17.0,2005.0,2022-2023,GER
Oliver Christensen,af104654,dkDEN,GK,Hertha BSC,23.0,1999.0,2022-2023,GER
Darko Churlinov,c6608135,mkMKD,"FW,MF",Stuttgart,22.0,2000.0,2022-2023,GER
Tolga Ciğerci,6e17c802,trTUR,MF,Hertha BSC,30.0,1992.0,2022-2023,GER
David Čolina,dd5bbe0d,hrCRO,"DF,MF",Augsburg,22.0,2000.0,2022-2023,GER
Kingsley Coman,042e8a49,frFRA,MF,Bayern Munich,26.0,1996.0,2022-2023,GER
Danny da Costa,5ddb8f9f,deGER,MF,Mainz 05,29.0,1993.0,2022-2023,GER
Soumaïla Coulibaly,9dff291c,frFRA,DF,Dortmund,18.0,2003.0,2022-2023,GER
Tanguy Coulibaly,05ba9d7c,frFRA,MF,Stuttgart,21.0,2001.0,2022-2023,GER
Nicolas Cozza,8f325097,frFRA,DF,Wolfsburg,23.0,1999.0,2022-2023,GER
Moanes Dabbur,eac044ad,ilISR,FW,Hoffenheim,30.0,1992.0,2022-2023,GER
Finn Dahmen,dee3013b,deGER,GK,Mainz 05,24.0,1998.0,2022-2023,GER
Mahmoud Dahoud,db4ed67b,deGER,MF,Dortmund,26.0,1996.0,2022-2023,GER
Muhammed Damar,d3d77413,deGER,MF,Hoffenheim,18.0,2004.0,2022-2023,GER
Márton Dárdai,41bff4fa,huHUN,"DF,MF",Hertha BSC,20.0,2002.0,2022-2023,GER
Vladimír Darida,3eb0f2df,czCZE,MF,Hertha BSC,31.0,1990.0,2022-2023,GER
Alphonso Davies,d781d855,caCAN,"DF,MF",Bayern Munich,21.0,2000.0,2022-2023,GER
Thomas Delaney,fe641c1a,dkDEN,MF,Hoffenheim,30.0,1991.0,2022-2023,GER
Kerem Demirbay,54b4dc4e,deGER,MF,Leverkusen,29.0,1993.0,2022-2023,GER
Ermedin Demirović,ed79b7d3,baBIH,"FW,MF",Augsburg,24.0,1998.0,2022-2023,GER
Sepp van den Berg,7bf9400b,nlNED,DF,Schalke 04,20.0,2001.0,2022-2023,GER
Moussa Diaby,aeed5c06,frFRA,"FW,MF",Leverkusen,23.0,1999.0,2022-2023,GER
Abdou Diallo,fc62f087,snSEN,"DF,MF",RB Leipzig,26.0,1996.0,2022-2023,GER
Justin Diehl,d82a310a,deGER,MF,Köln,17.0,2004.0,2022-2023,GER
Florian Dietz,8779ddf8,deGER,FW,Köln,23.0,1998.0,2022-2023,GER
Junior Dina Ebimbe,95bb6ddc,cmCMR,MF,Eintracht Frankfurt,21.0,2000.0,2022-2023,GER
Eren Dinkçi,4ccd8957,deGER,MF,Werder Bremen,20.0,2001.0,2022-2023,GER
Ritsu Doan,d01bbb6f,jpJPN,"MF,FW",Freiburg,24.0,1998.0,2022-2023,GER
Danilho Doekhi,f67c9d29,nlNED,DF,Union Berlin,24.0,1998.0,2022-2023,GER
Kasper Dolberg,cc83b74d,dkDEN,FW,Hoffenheim,24.0,1997.0,2022-2023,GER
Niklas Dorsch,7f73bdf4,deGER,MF,Augsburg,24.0,1998.0,2022-2023,GER
Dion Drena Beljo,9a2e3a23,hrCRO,FW,Augsburg,20.0,2002.0,2022-2023,GER
Dominick Drexler,809940aa,deGER,MF,Schalke 04,32.0,1990.0,2022-2023,GER
Marvin Ducksch,638a4d71,deGER,FW,Werder Bremen,28.0,1994.0,2022-2023,GER
Ondrej Duda,79ca3e23,skSVK,MF,Köln,27.0,1994.0,2022-2023,GER
Julien Duranville,b06a7ae9,beBEL,FW,Dortmund,16.0,2006.0,2022-2023,GER
Maximilian Eggestein,beb882a8,deGER,MF,Freiburg,25.0,1996.0,2022-2023,GER
Lilian Egloff,2f7fec15,deGER,"MF,FW",Stuttgart,19.0,2002.0,2022-2023,GER
Kingsley Ehizibue,76b2817e,nlNED,DF,Köln,27.0,1995.0,2022-2023,GER
Julian Eitschberger,943b9602,deGER,"DF,MF",Hertha BSC,18.0,2004.0,2022-2023,GER
Chidera Ejuke,e7f3e8a7,ngNGA,"FW,MF",Hertha BSC,24.0,1998.0,2022-2023,GER
Nico Elvedi,48035304,chSUI,DF,Gladbach,25.0,1996.0,2022-2023,GER
Wataru Endo,c149016b,jpJPN,MF,Stuttgart,29.0,1993.0,2022-2023,GER
Arne Engels,554bcc91,beBEL,MF,Augsburg,18.0,2003.0,2022-2023,GER
Tjark Ernst,3f6c3ae0,deGER,GK,Hertha BSC,19.0,2003.0,2022-2023,GER
Kimberly Ezekwem,56e6a1c9,deGER,DF,Freiburg,21.0,2001.0,2022-2023,GER
Ralf Fährmann,1e43fad8,deGER,GK,Schalke 04,33.0,1988.0,2022-2023,GER
Ohis Felix Uduokhai,677da306,deGER,DF,Augsburg,24.0,1997.0,2022-2023,GER
Edimilson Fernandes,3bb625ac,chSUI,DF,Mainz 05,26.0,1996.0,2022-2023,GER
Kilian Fischer,79f7302a,deGER,DF,Wolfsburg,21.0,2000.0,2022-2023,GER
Mark Flekken,a92ab7be,nlNED,GK,Freiburg,29.0,1993.0,2022-2023,GER
Florian Flick,9642c929,deGER,MF,Schalke 04,22.0,2000.0,2022-2023,GER
Emil Forsberg,9a2e0ccc,seSWE,"MF,FW",RB Leipzig,30.0,1991.0,2022-2023,GER
Philipp Förster,76fa965f,deGER,MF,Bochum,27.0,1995.0,2022-2023,GER
Timothy Fosu-Mensah,a9142dc3,nlNED,MF,Leverkusen,24.0,1998.0,2022-2023,GER
Raphael Framberger,626fab5f,deGER,"MF,DF",Augsburg,26.0,1995.0,2022-2023,GER
Bartol Franjić,697dc00a,hrCRO,MF,Wolfsburg,22.0,2000.0,2022-2023,GER
Oscar Fraulo,458e3479,dkDEN,MF,Gladbach,18.0,2003.0,2022-2023,GER
Michael Frey,33182cb8,chSUI,FW,Schalke 04,28.0,1994.0,2022-2023,GER
Marco Friedl,f86ad3f5,atAUT,DF,Werder Bremen,24.0,1998.0,2022-2023,GER
Marvin Friedrich,b77f44a4,deGER,DF,Gladbach,26.0,1995.0,2022-2023,GER
Jeremie Frimpong,74f2e748,nlNED,"MF,DF",Leverkusen,21.0,2000.0,2022-2023,GER
Chris Führich,0cf778df,deGER,"MF,FW",Stuttgart,24.0,1998.0,2022-2023,GER
Angelo Fulgini,4b96c347,frFRA,MF,Mainz 05,25.0,1996.0,2022-2023,GER
Niclas Füllkrug,4f16405e,deGER,FW,Werder Bremen,29.0,1993.0,2022-2023,GER
Cristian Gamboa,f27680d9,crCRC,DF,Bochum,32.0,1989.0,2022-2023,GER
Silvère Ganvoula M'Boussy,6c731625,cgCGO,FW,Bochum,26.0,1996.0,2022-2023,GER
Dario Gebuhr,277be51d,deGER,DF,Eintracht Frankfurt,19.0,2003.0,2022-2023,GER
Dennis Geiger,37f606f0,deGER,MF,Hoffenheim,24.0,1998.0,2022-2023,GER
Yannick Gerhardt,62ab9184,deGER,MF,Wolfsburg,28.0,1994.0,2022-2023,GER
Niko Gießelmann,7242b495,deGER,MF,Union Berlin,30.0,1991.0,2022-2023,GER
Rafał Gikiewicz,17376543,plPOL,GK,Augsburg,34.0,1987.0,2022-2023,GER
Matthias Ginter,f521b80a,deGER,DF,Freiburg,28.0,1994.0,2022-2023,GER
Jamie Gittens,10745192,engENG,"MF,FW",Dortmund,17.0,2004.0,2022-2023,GER
Serge Gnabry,88e357ef,deGER,"MF,FW",Bayern Munich,27.0,1995.0,2022-2023,GER
Jacek Góralski,83b9c48f,plPOL,MF,Bochum,29.0,1992.0,2022-2023,GER
Leon Goretzka,cc86b9a3,deGER,MF,Bayern Munich,27.0,1995.0,2022-2023,GER
Mario Götze,9efa1d25,deGER,MF,Eintracht Frankfurt,30.0,1992.0,2022-2023,GER
Jeffrey Gouweleeuw,1025db8e,nlNED,DF,Augsburg,31.0,1991.0,2022-2023,GER
Ryan Gravenberch,b8e740fb,nlNED,MF,Bayern Munich,20.0,2002.0,2022-2023,GER
Michael Gregoritsch,8e235926,atAUT,FW,Freiburg,28.0,1994.0,2022-2023,GER
Leo Greiml,f9dfb7ae,atAUT,DF,Schalke 04,21.0,2001.0,2022-2023,GER
Vincenzo Grifo,54e4866f,itITA,"MF,FW",Freiburg,29.0,1993.0,2022-2023,GER
Lennart Grill,37998008,deGER,GK,Union Berlin,23.0,1999.0,2022-2023,GER
Christian Groß,14a7af33,deGER,MF,Werder Bremen,33.0,1989.0,2022-2023,GER
Brajan Gruda,ae9b998d,deGER,MF,Mainz 05,18.0,2004.0,2022-2023,GER
Ilia Gruev,1fc4f3d1,bgBUL,MF,Werder Bremen,22.0,2000.0,2022-2023,GER
Carlos Gruezo,f2dd9a21,ecECU,MF,Augsburg,27.0,1995.0,2022-2023,GER
Raphaël Guerreiro,048a1cbc,ptPOR,"DF,MF",Dortmund,28.0,1993.0,2022-2023,GER
Josuha Guilavogui,e6c43eec,frFRA,"DF,MF",Wolfsburg,31.0,1990.0,2022-2023,GER
Serhou Guirassy,923f4dda,gnGUI,FW,Stuttgart,26.0,1996.0,2022-2023,GER
Péter Gulácsi,bcb2ccd8,huHUN,GK,RB Leipzig,32.0,1990.0,2022-2023,GER
Manuel Gulde,25ab9c9c,deGER,DF,Freiburg,31.0,1991.0,2022-2023,GER
Robert Gumny,1df0c0b9,plPOL,DF,Augsburg,24.0,1998.0,2022-2023,GER
Christian Günter,8593f88c,deGER,"DF,MF",Freiburg,29.0,1993.0,2022-2023,GER
Joško Gvardiol,5ad50391,hrCRO,DF,RB Leipzig,20.0,2002.0,2022-2023,GER
Janik Haberer,70dcf94d,deGER,MF,Union Berlin,28.0,1994.0,2022-2023,GER
Alexander Hack,a5ec3ede,deGER,DF,Mainz 05,28.0,1993.0,2022-2023,GER
André Hahn,cd82452e,deGER,"MF,FW",Augsburg,31.0,1990.0,2022-2023,GER
Amadou Haidara,92432bc6,mlMLI,MF,RB Leipzig,24.0,1998.0,2022-2023,GER
Sébastien Haller,ba115a40,ciCIV,FW,Dortmund,28.0,1994.0,2022-2023,GER
Marcel Halstenberg,8ff2354e,deGER,"DF,MF",RB Leipzig,30.0,1991.0,2022-2023,GER
Andreas Hanche-Olsen,2e77d607,noNOR,DF,Mainz 05,25.0,1997.0,2022-2023,GER
Genki Haraguchi,f24ea523,jpJPN,MF,Stuttgart,31.0,1991.0,2022-2023,GER
Genki Haraguchi,f24ea523,jpJPN,MF,Union Berlin,31.0,1991.0,2022-2023,GER
Makoto Hasebe,9ab16552,jpJPN,DF,Eintracht Frankfurt,38.0,1984.0,2022-2023,GER
Thorgan Hazard,50871bcc,beBEL,"MF,DF",Dortmund,29.0,1993.0,2022-2023,GER
Jonas Hector,c2009df3,deGER,DF,Köln,32.0,1990.0,2022-2023,GER
Dominique Heintz,699fb8db,deGER,DF,Bochum,28.0,1993.0,2022-2023,GER
Benjamin Henrichs,0a89e877,deGER,"DF,MF",RB Leipzig,25.0,1997.0,2022-2023,GER
Lucas Hernández,c3ee18ef,frFRA,DF,Bayern Munich,26.0,1996.0,2022-2023,GER
Patrick Herrmann,dfb6490a,deGER,"FW,MF",Gladbach,31.0,1991.0,2022-2023,GER
Piero Hincapié,0c7a48f8,ecECU,"DF,MF",Leverkusen,20.0,2002.0,2022-2023,GER
Adam Hložek,5521f419,czCZE,"FW,MF",Leverkusen,20.0,2002.0,2022-2023,GER
Nicolas Höfler,5d8e331f,deGER,MF,Freiburg,32.0,1990.0,2022-2023,GER
Jonas Hofmann,2903a856,deGER,MF,Gladbach,30.0,1992.0,2022-2023,GER
Philipp Hofmann,877bc844,deGER,FW,Bochum,29.0,1993.0,2022-2023,GER
Lucas Höler,ca618d23,deGER,"FW,MF",Freiburg,28.0,1994.0,2022-2023,GER
Gerrit Holtmann,2979c05a,phPHI,"MF,FW",Bochum,27.0,1995.0,2022-2023,GER
Jannes Horn,2b83fa49,deGER,DF,Bochum,25.0,1997.0,2022-2023,GER
Lukáš Hrádecký,ad3389d5,fiFIN,GK,Leverkusen,32.0,1989.0,2022-2023,GER
Timo Hübers,94302c52,deGER,DF,Köln,26.0,1996.0,2022-2023,GER
Callum Hudson-Odoi,15f3ec41,engENG,"MF,FW",Leverkusen,21.0,2000.0,2022-2023,GER
Mats Hummels,05d548d8,deGER,DF,Dortmund,33.0,1988.0,2022-2023,GER
Denis Huseinbasic,b116c6e3,baBIH,"MF,FW",Köln,21.0,2001.0,2022-2023,GER
Iago,054849d2,brBRA,"DF,MF",Augsburg,25.0,1997.0,2022-2023,GER
Arijon Ibrahimović,f5c4fd91,deGER,MF,Bayern Munich,16.0,2005.0,2022-2023,GER
Marcus Ingvartsen,271b8617,dkDEN,"MF,FW",Mainz 05,26.0,1996.0,2022-2023,GER
Ko Itakura,97d545ae,jpJPN,DF,Gladbach,25.0,1997.0,2022-2023,GER
Hiroki Ito,204dded0,jpJPN,DF,Stuttgart,23.0,1999.0,2022-2023,GER
Andreas Ivan,8bf58a80,roROU,MF,Schalke 04,27.0,1995.0,2022-2023,GER
Lee Jae-sung,34b0387f,krKOR,MF,Mainz 05,29.0,1992.0,2022-2023,GER
Paul Jaeckel,a93b6f4e,deGER,DF,Union Berlin,24.0,1998.0,2022-2023,GER
Kristijan Jakić,a8ee54ad,hrCRO,"DF,MF",Eintracht Frankfurt,25.0,1997.0,2022-2023,GER
Saidy Janko,689c9cf4,gmGAM,DF,Bochum,26.0,1995.0,2022-2023,GER
Tony Jantschke,34b54da7,deGER,DF,Gladbach,32.0,1990.0,2022-2023,GER
Fredrik Jensen,3eeb80e0,fiFIN,"FW,MF",Augsburg,24.0,1997.0,2022-2023,GER
Moritz Jenz,ee644761,deGER,DF,Schalke 04,23.0,1999.0,2022-2023,GER
Stevan Jovetić,f36c432f,meMNE,FW,Hertha BSC,32.0,1989.0,2022-2023,GER
Anthony Jung,de838f86,deGER,MF,Werder Bremen,30.0,1991.0,2022-2023,GER
Josip Juranović,0a084b35,hrCRO,MF,Union Berlin,26.0,1995.0,2022-2023,GER
Ozan Kabak,2d61d13a,trTUR,DF,Hoffenheim,22.0,2000.0,2022-2023,GER
Pavel Kadeřábek,79c90e45,czCZE,MF,Hoffenheim,30.0,1992.0,2022-2023,GER
Florian Kainz,94c18565,atAUT,MF,Köln,29.0,1992.0,2022-2023,GER
Sasa Kalajdzic,15f24fe7,atAUT,FW,Stuttgart,25.0,1997.0,2022-2023,GER
Daichi Kamada,15b287da,jpJPN,MF,Eintracht Frankfurt,25.0,1996.0,2022-2023,GER
Jakub Kamiński,202b3b68,plPOL,"MF,FW",Wolfsburg,20.0,2002.0,2022-2023,GER
Marcin Kamiński,463503e2,plPOL,DF,Schalke 04,30.0,1992.0,2022-2023,GER
Kevin Kampl,b825a650,siSVN,MF,RB Leipzig,31.0,1990.0,2022-2023,GER
Wilfried Kanga,b4c816a9,ciCIV,FW,Hertha BSC,24.0,1998.0,2022-2023,GER
Kenan Karaman,8f0f2230,trTUR,"MF,FW",Schalke 04,28.0,1994.0,2022-2023,GER
Atakan Karazor,5762be5c,trTUR,MF,Stuttgart,25.0,1996.0,2022-2023,GER
Thomas Kastanaras,778ccc44,grGRE,MF,Stuttgart,19.0,2003.0,2022-2023,GER
Silas Katompa,de4cac2d,cdCOD,"FW,MF",Stuttgart,23.0,1998.0,2022-2023,GER
Yannik Keitel,d2c580ce,deGER,MF,Freiburg,22.0,2000.0,2022-2023,GER
Marc-Oliver Kempf,815c314f,deGER,DF,Hertha BSC,27.0,1995.0,2022-2023,GER
Jonjoe Kenny,099e666f,engENG,DF,Hertha BSC,25.0,1997.0,2022-2023,GER
Rani Khedira,59e4b92e,deGER,MF,Union Berlin,28.0,1994.0,2022-2023,GER
Luca Kilian,610aa1e9,deGER,DF,Köln,22.0,1999.0,2022-2023,GER
Joshua Kimmich,49296448,deGER,MF,Bayern Munich,27.0,1995.0,2022-2023,GER
Pascal Klemens,90d88154,deGER,DF,Hertha BSC,17.0,2005.0,2022-2023,GER
Lukas Klostermann,ca8033cb,deGER,DF,RB Leipzig,26.0,1996.0,2022-2023,GER
Ansgar Knauff,19a967ab,deGER,MF,Eintracht Frankfurt,20.0,2002.0,2022-2023,GER
Robin Knoche,6bd5cd5d,deGER,DF,Union Berlin,30.0,1992.0,2022-2023,GER
Gregor Kobel,cd59b9df,chSUI,GK,Dortmund,24.0,1997.0,2022-2023,GER
Dominik Kohr,0fbecd11,deGER,MF,Mainz 05,28.0,1994.0,2022-2023,GER
Randal Kolo Muani,c0b3669f,frFRA,FW,Eintracht Frankfurt,23.0,1998.0,2022-2023,GER
Timothée Kolodziejczak,ab096c6f,frFRA,DF,Schalke 04,30.0,1991.0,2022-2023,GER
Manu Koné,86574238,frFRA,MF,Gladbach,21.0,2001.0,2022-2023,GER
Odilon Kossounou,1f3afdcb,ciCIV,DF,Leverkusen,21.0,2001.0,2022-2023,GER
Filip Kostić,b1cd37e6,rsSRB,MF,Eintracht Frankfurt,29.0,1992.0,2022-2023,GER
Tomáš Koubek,dc366c36,czCZE,GK,Augsburg,29.0,1992.0,2022-2023,GER
Soichiro Kozuki,f1e855eb,jpJPN,MF,Schalke 04,21.0,2000.0,2022-2023,GER
Alex Král,e717705a,czCZE,MF,Schalke 04,24.0,1998.0,2022-2023,GER
Andrej Kramarić,603cb947,hrCRO,"MF,FW",Hoffenheim,31.0,1991.0,2022-2023,GER
Christoph Kramer,496aeede,deGER,MF,Gladbach,31.0,1991.0,2022-2023,GER
Tom Krauß,9f77012e,deGER,MF,Schalke 04,21.0,2001.0,2022-2023,GER
Max Kruse,f9446dcd,deGER,MF,Wolfsburg,34.0,1988.0,2022-2023,GER
Lukas Kübler,2a29eb9b,deGER,"DF,MF",Freiburg,29.0,1992.0,2022-2023,GER
Pierre Kunde,9ceb7642,cmCMR,MF,Bochum,27.0,1995.0,2022-2023,GER
Alou Kuol,f1bc3876,auAUS,FW,Stuttgart,21.0,2000.0,2022-2023,GER
Daniel Kyereh,2770726a,ghGHA,"MF,FW",Freiburg,26.0,1996.0,2022-2023,GER
Maxence Lacroix,277c49ed,frFRA,DF,Wolfsburg,22.0,2000.0,2022-2023,GER
Aïssa Laïdouni,22798128,tnTUN,MF,Union Berlin,25.0,1996.0,2022-2023,GER
Konrad Laimer,c1b7847c,atAUT,MF,RB Leipzig,25.0,1997.0,2022-2023,GER
Stefan Lainer,4aea5077,atAUT,"DF,MF",Gladbach,29.0,1992.0,2022-2023,GER
Vassilis Lambropoulos,591477c9,grGRE,DF,Bochum,32.0,1990.0,2022-2023,GER
Jordan Larsson,72984eee,seSWE,MF,Schalke 04,25.0,1997.0,2022-2023,GER
Danny Latza,33b554b7,deGER,MF,Schalke 04,32.0,1989.0,2022-2023,GER
Diogo Leite,c4987edc,ptPOR,DF,Union Berlin,23.0,1999.0,2022-2023,GER
Maxim Leitsch,7e12a98d,deGER,DF,Mainz 05,24.0,1998.0,2022-2023,GER
Tim Lemperle,792ffa71,deGER,FW,Köln,20.0,2002.0,2022-2023,GER
Christopher Lenz,bbd86530,deGER,"MF,DF",Eintracht Frankfurt,27.0,1994.0,2022-2023,GER
Jamie Leweling,13fe7b69,deGER,"FW,MF",Union Berlin,21.0,2001.0,2022-2023,GER
Philipp Lienhart,302527b2,atAUT,DF,Freiburg,26.0,1996.0,2022-2023,GER
Matthijs de Ligt,d6e53a3a,nlNED,DF,Bayern Munich,22.0,1999.0,2022-2023,GER
Dimitris Limnios,62c7067a,grGRE,"FW,MF",Köln,24.0,1998.0,2022-2023,GER
Jesper Lindstrøm,37dc1a48,dkDEN,MF,Eintracht Frankfurt,22.0,2000.0,2022-2023,GER
Dejan Ljubicic,c455a2b2,atAUT,MF,Köln,24.0,1997.0,2022-2023,GER
Anthony Losilla,07c7eb0c,frFRA,MF,Bochum,36.0,1986.0,2022-2023,GER
Dodi Lukebakio,0c61c77c,beBEL,"FW,MF",Hertha BSC,24.0,1997.0,2022-2023,GER
Andrey Lunyov,8a6ab963,ruRUS,GK,Leverkusen,30.0,1991.0,2022-2023,GER
Arne Maier,ab700320,deGER,MF,Augsburg,23.0,1999.0,2022-2023,GER
Linton Maina,e5d85da8,deGER,"MF,FW",Köln,23.0,1999.0,2022-2023,GER
Donyell Malen,116c35df,nlNED,"MF,FW",Dortmund,23.0,1999.0,2022-2023,GER
Sadio Mané,c691bfe2,snSEN,"MF,FW",Bayern Munich,30.0,1992.0,2022-2023,GER
Myziane Maolida,706a60e1,kmCOM,FW,Hertha BSC,23.0,1999.0,2022-2023,GER
Omar Marmoush,0e0102eb,egEGY,"FW,MF",Wolfsburg,23.0,1999.0,2022-2023,GER
Eric Martel,92a16062,deGER,MF,Köln,20.0,2002.0,2022-2023,GER
Aarón Martín,2f3e911a,esESP,"MF,DF",Mainz 05,25.0,1997.0,2022-2023,GER
Erhan Mašović,a396fb61,rsSRB,"DF,MF",Bochum,23.0,1998.0,2022-2023,GER
Henning Matriciani,ab3f1bdf,deGER,DF,Schalke 04,22.0,2000.0,2022-2023,GER
Konstantinos Mavropanos,00963611,grGRE,DF,Stuttgart,24.0,1997.0,2022-2023,GER
Philipp Max,826e8b63,deGER,MF,Eintracht Frankfurt,28.0,1993.0,2022-2023,GER
Eric Maxim Choupo-Moting,0e6bc38c,cmCMR,FW,Bayern Munich,33.0,1989.0,2022-2023,GER
Ibrahim Maza,89b3bc5e,dzALG,MF,Hertha BSC,16.0,2005.0,2022-2023,GER
Noussair Mazraoui,b74277a0,maMAR,DF,Bayern Munich,24.0,1997.0,2022-2023,GER
Noah Mbamba,e75129bd,beBEL,MF,Leverkusen,17.0,2005.0,2022-2023,GER
Jean-Manuel Mbom,1a5d7cb9,deGER,"DF,MF",Werder Bremen,22.0,2000.0,2022-2023,GER
Nathanael Mbuku,46750e9c,cdCOD,MF,Augsburg,20.0,2002.0,2022-2023,GER
Thomas Meunier,e162b013,beBEL,"DF,MF",Dortmund,30.0,1991.0,2022-2023,GER
Alexander Meyer,b56dd813,deGER,GK,Dortmund,31.0,1991.0,2022-2023,GER
Sven Michel,1e274a0a,deGER,FW,Union Berlin,32.0,1990.0,2022-2023,GER
Enzo Millot,f76022e7,frFRA,MF,Stuttgart,20.0,2002.0,2022-2023,GER
Maximilian Mittelstädt,88d4144a,deGER,"DF,MF",Hertha BSC,25.0,1997.0,2022-2023,GER
Anthony Modeste,34e4343c,frFRA,FW,Dortmund,34.0,1988.0,2022-2023,GER
Tobias Mohr,9ec9c8b6,deGER,"DF,MF",Schalke 04,26.0,1995.0,2022-2023,GER
Clinton Mola,29ddfb9c,engENG,DF,Stuttgart,21.0,2001.0,2022-2023,GER
Florent Mollet,7e82a78f,frFRA,MF,Schalke 04,30.0,1991.0,2022-2023,GER
Youssoufa Moukoko,6ce43701,deGER,FW,Dortmund,17.0,2004.0,2022-2023,GER
Florian Müller,cbac6ec9,deGER,GK,Stuttgart,24.0,1997.0,2022-2023,GER
Thomas Müller,3c6089ab,deGER,"MF,FW",Bayern Munich,32.0,1989.0,2022-2023,GER
Jamal Musiala,2c0558b8,deGER,MF,Bayern Munich,19.0,2003.0,2022-2023,GER
Marlon Mustapha,9ff8ec4a,atAUT,FW,Mainz 05,21.0,2001.0,2022-2023,GER
Obite N'Dicka,441197b8,ciCIV,DF,Eintracht Frankfurt,22.0,1999.0,2022-2023,GER
Nathan N'Goumou,e110ea4b,cmCMR,"MF,FW",Gladbach,22.0,2000.0,2022-2023,GER
Stanley N'Soki,61590953,frFRA,DF,Hoffenheim,23.0,1999.0,2022-2023,GER
Nikolas Nartey,30261ba1,dkDEN,"DF,MF",Stuttgart,22.0,2000.0,2022-2023,GER
Luca Netz,e79269bd,deGER,"DF,MF",Gladbach,19.0,2003.0,2022-2023,GER
Manuel Neuer,8778c910,deGER,GK,Bayern Munich,36.0,1986.0,2022-2023,GER
Florian Neuhaus,36a59ba4,deGER,MF,Gladbach,25.0,1997.0,2022-2023,GER
Jessic Ngankam,bc249af8,deGER,"FW,MF",Hertha BSC,22.0,2000.0,2022-2023,GER
Florian Niederlechner,d6862409,deGER,"FW,MF",Augsburg,31.0,1990.0,2022-2023,GER
Florian Niederlechner,d6862409,deGER,FW,Hertha BSC,31.0,1990.0,2022-2023,GER
Justin Njinmah,a45241d5,deGER,"FW,MF",Dortmund,21.0,2000.0,2022-2023,GER
Christopher Nkunku,7c56da38,frFRA,"FW,MF",RB Leipzig,24.0,1997.0,2022-2023,GER
Felix Nmecha,091c86e2,deGER,MF,Wolfsburg,21.0,2000.0,2022-2023,GER
Lukas Nmecha,0cc5f4a5,deGER,FW,Wolfsburg,23.0,1998.0,2022-2023,GER
Hugo Novoa,5458f670,esESP,MF,RB Leipzig,19.0,2003.0,2022-2023,GER
Ørjan Nyland,bdedffac,noNOR,GK,RB Leipzig,31.0,1990.0,2022-2023,GER
Tim Oermann,57ec75bf,deGER,DF,Bochum,18.0,2003.0,2022-2023,GER
Finn Ole Becker,dd2e62da,deGER,MF,Hoffenheim,22.0,2000.0,2022-2023,GER
Mathias Olesen,86adbcc7,luLUX,"MF,FW",Köln,21.0,2001.0,2022-2023,GER
Dani Olmo,ae44e8e2,esESP,MF,RB Leipzig,24.0,1998.0,2022-2023,GER
Jan Olschowsky,fa4cabd1,deGER,GK,Gladbach,20.0,2001.0,2022-2023,GER
Jonas Omlin,c631f952,chSUI,GK,Gladbach,28.0,1994.0,2022-2023,GER
Karim Onisiwo,f26834c7,atAUT,"FW,MF",Mainz 05,30.0,1992.0,2022-2023,GER
Willi Orban,20030c06,huHUN,DF,RB Leipzig,29.0,1992.0,2022-2023,GER
Ivan Ordets,86c75897,uaUKR,DF,Bochum,30.0,1992.0,2022-2023,GER
Jordi Osei-Tutu,0a16eb36,engENG,"MF,DF",Bochum,23.0,1998.0,2022-2023,GER
Patrick Osterhage,9662c9ec,deGER,MF,Bochum,22.0,2000.0,2022-2023,GER
Paulo Otávio,1cbe4984,brBRA,DF,Wolfsburg,27.0,1994.0,2022-2023,GER
Thomas Ouwejan,36d9dabe,nlNED,"DF,MF",Schalke 04,25.0,1996.0,2022-2023,GER
Reece Oxford,8b6e0db2,engENG,DF,Augsburg,23.0,1998.0,2022-2023,GER
Salih Özcan,15413fa5,trTUR,MF,Dortmund,24.0,1998.0,2022-2023,GER
Levin Öztunalı,66385c46,deGER,"FW,MF",Union Berlin,26.0,1996.0,2022-2023,GER
Exequiel Palacios,e82adcab,arARG,MF,Leverkusen,23.0,1998.0,2022-2023,GER
Miloš Pantović,5dc15574,rsSRB,"FW,MF",Union Berlin,26.0,1996.0,2022-2023,GER
Antonios Papadopoulos,13d23b29,deGER,"DF,MF",Dortmund,22.0,1999.0,2022-2023,GER
Kevin Paredes,5c50fdbc,usUSA,MF,Wolfsburg,19.0,2003.0,2022-2023,GER
Marco Pašalić,1866b0f1,hrCRO,MF,Dortmund,21.0,2000.0,2022-2023,GER
Felix Passlack,5c899683,deGER,"DF,MF",Dortmund,24.0,1998.0,2022-2023,GER
Paulinho,53070b63,brBRA,FW,Leverkusen,22.0,2000.0,2022-2023,GER
Benjamin Pavard,45a03961,frFRA,DF,Bayern Munich,26.0,1996.0,2022-2023,GER
Jiří Pavlenka,0a1cb833,czCZE,GK,Werder Bremen,30.0,1992.0,2022-2023,GER
Kristian Pedersen,5154b2ba,dkDEN,DF,Köln,27.0,1994.0,2022-2023,GER
Mads Pedersen,582a5247,dkDEN,"DF,MF",Augsburg,25.0,1996.0,2022-2023,GER
Jordan Pefok,b684a484,usUSA,FW,Union Berlin,26.0,1996.0,2022-2023,GER
Dženan Pejčinović,80f252f6,deGER,DF,Wolfsburg,17.0,2005.0,2022-2023,GER
Peter Pekarík,c18d22f5,skSVK,DF,Hertha BSC,35.0,1986.0,2022-2023,GER
Luca Pellegrini,3b61c9ec,itITA,"DF,MF",Eintracht Frankfurt,23.0,1999.0,2022-2023,GER
Ricardo Pepi,a2b1ed42,usUSA,FW,Augsburg,19.0,2003.0,2022-2023,GER
Juan Perea,ff3d391c,coCOL,FW,Stuttgart,22.0,2000.0,2022-2023,GER
Nils Petersen,f93e6e94,deGER,FW,Freiburg,33.0,1988.0,2022-2023,GER
Lukas Petkov,f503ef6e,bgBUL,"FW,MF",Augsburg,21.0,2000.0,2022-2023,GER
Luca Pfeiffer,83e1f40e,deGER,FW,Stuttgart,25.0,1996.0,2022-2023,GER
Maximilian Philipp,061e8e23,deGER,MF,Wolfsburg,28.0,1994.0,2022-2023,GER
Maximilian Philipp,061e8e23,deGER,FW,Werder Bremen,28.0,1994.0,2022-2023,GER
Amos Pieper,526ea7cc,deGER,DF,Werder Bremen,24.0,1998.0,2022-2023,GER
Marvin Plattenhardt,f7aa75bd,deGER,"DF,MF",Hertha BSC,30.0,1992.0,2022-2023,GER
Alassane Pléa,bc6bd723,frFRA,"MF,FW",Gladbach,29.0,1993.0,2022-2023,GER
Joel Pohjanpalo,ea003d07,fiFIN,FW,Leverkusen,27.0,1994.0,2022-2023,GER
Sebastian Polter,3745e8bd,deGER,FW,Schalke 04,31.0,1991.0,2022-2023,GER
Stefan Posch,7f609bfc,atAUT,DF,Hoffenheim,25.0,1997.0,2022-2023,GER
Yussuf Poulsen,d2416c2e,dkDEN,FW,RB Leipzig,28.0,1994.0,2022-2023,GER
Grischa Prömel,924f9191,deGER,MF,Hoffenheim,27.0,1995.0,2022-2023,GER
Tymoteusz Puchacz,c68b1b13,plPOL,MF,Union Berlin,23.0,1999.0,2022-2023,GER
Eduardo Quaresma,7ec723b7,ptPOR,DF,Hoffenheim,20.0,2002.0,2022-2023,GER
Joshua Quarshie,3c200e05,deGER,DF,Hoffenheim,18.0,2004.0,2022-2023,GER
Diant Ramaj,b90c4a43,deGER,GK,Eintracht Frankfurt,20.0,2001.0,2022-2023,GER
Nicolai Rapp,c8b3a472,deGER,"DF,MF",Werder Bremen,25.0,1996.0,2022-2023,GER
David Raum,7d450ed3,deGER,"MF,DF",RB Leipzig,24.0,1998.0,2022-2023,GER
Rocco Reitz,cc971106,deGER,MF,Gladbach,20.0,2002.0,2022-2023,GER
Marco Reus,36a3ff67,deGER,MF,Dortmund,33.0,1989.0,2022-2023,GER
Elvis Rexhbeçaj,1ae836b1,xkKVX,MF,Augsburg,24.0,1997.0,2022-2023,GER
Gio Reyna,7fa4e703,usUSA,MF,Dortmund,19.0,2002.0,2022-2023,GER
Marco Richter,f972644c,deGER,"MF,FW",Hertha BSC,24.0,1997.0,2022-2023,GER
Manuel Riemann,9f941969,deGER,GK,Bochum,33.0,1988.0,2022-2023,GER
Sebastian Rode,e12b0b5b,deGER,MF,Eintracht Frankfurt,31.0,1990.0,2022-2023,GER
Agustín Rogel,ea42c03f,uyURU,DF,Hertha BSC,24.0,1997.0,2022-2023,GER
Merlin Röhl,1f2c7b55,deGER,MF,Freiburg,20.0,2002.0,2022-2023,GER
Tony Rölke,779aa25c,deGER,FW,Hertha BSC,19.0,2003.0,2022-2023,GER
Tom Rothe,90c1f9a4,deGER,MF,Dortmund,17.0,2004.0,2022-2023,GER
Jérôme Roussillon,13203c45,frFRA,"DF,MF",Wolfsburg,29.0,1993.0,2022-2023,GER
Jérôme Roussillon,13203c45,frFRA,MF,Union Berlin,29.0,1993.0,2022-2023,GER
Sebastian Rudy,80f36c88,deGER,MF,Hoffenheim,32.0,1990.0,2022-2023,GER
Georginio Rutter,c64c01fc,frFRA,FW,Hoffenheim,20.0,2002.0,2022-2023,GER
Julian Ryerson,009a4f60,noNOR,MF,Union Berlin,24.0,1997.0,2022-2023,GER
Julian Ryerson,009a4f60,noNOR,DF,Dortmund,24.0,1997.0,2022-2023,GER
Frederik Rønnow,a70b8345,dkDEN,GK,Union Berlin,29.0,1992.0,2022-2023,GER
Marcel Sabitzer,e280527c,atAUT,MF,Bayern Munich,28.0,1994.0,2022-2023,GER
Dikeni-Rafid Salifou,e1830c52,tgTOG,MF,Werder Bremen,19.0,2003.0,2022-2023,GER
Roland Sallai,bf075f6b,huHUN,"MF,FW",Freiburg,25.0,1997.0,2022-2023,GER
Diadie Samassékou,08593525,mlMLI,MF,Hoffenheim,26.0,1996.0,2022-2023,GER
Leroy Sané,2b114be3,deGER,MF,Bayern Munich,26.0,1996.0,2022-2023,GER
Sidi Sané,6a52a6c6,deGER,MF,Schalke 04,19.0,2003.0,2022-2023,GER
Bouna Sarr,1a4b9094,snSEN,"DF,MF",Bayern Munich,30.0,1992.0,2022-2023,GER
Joe Scally,236f02cd,usUSA,DF,Gladbach,19.0,2002.0,2022-2023,GER
Kevin Schade,52afb588,deGER,MF,Freiburg,20.0,2001.0,2022-2023,GER
András Schäfer,049751d7,huHUN,MF,Union Berlin,23.0,1999.0,2022-2023,GER
Derry Scherhant,93cba339,deGER,MF,Hertha BSC,19.0,2002.0,2022-2023,GER
Patrik Schick,5d4f7d61,czCZE,FW,Leverkusen,26.0,1996.0,2022-2023,GER
Kingsley Schindler,bd527260,ghGHA,"MF,DF",Köln,29.0,1993.0,2022-2023,GER
Xaver Schlager,8f056768,atAUT,MF,RB Leipzig,24.0,1997.0,2022-2023,GER
Keven Schlotterbeck,f6bdc830,deGER,DF,Freiburg,25.0,1997.0,2022-2023,GER
Keven Schlotterbeck,f6bdc830,deGER,DF,Bochum,25.0,1997.0,2022-2023,GER
Nico Schlotterbeck,34e12499,deGER,DF,Dortmund,22.0,1999.0,2022-2023,GER
Jonathan Schmid,088ca1bd,frFRA,"DF,MF",Freiburg,32.0,1990.0,2022-2023,GER
Romano Schmid,220ace7e,atAUT,"MF,FW",Werder Bremen,22.0,2000.0,2022-2023,GER
Kenneth Schmidt,7d31f1cb,deGER,DF,Freiburg,20.0,2002.0,2022-2023,GER
Niklas Schmidt,b9ae8560,deGER,MF,Werder Bremen,24.0,1998.0,2022-2023,GER
Benno Schmitz,ad00b1a8,deGER,DF,Köln,27.0,1994.0,2022-2023,GER
Marvin Schwäbe,87436846,deGER,GK,Köln,27.0,1995.0,2022-2023,GER
Alexander Schwolow,0d55d942,deGER,GK,Schalke 04,30.0,1992.0,2022-2023,GER
Paul Seguin,8872ed17,deGER,MF,Union Berlin,27.0,1995.0,2022-2023,GER
Davie Selke,1238a3f9,deGER,FW,Hertha BSC,27.0,1995.0,2022-2023,GER
Davie Selke,1238a3f9,deGER,FW,Köln,27.0,1995.0,2022-2023,GER
Suat Serdar,b3325a30,deGER,MF,Hertha BSC,25.0,1997.0,2022-2023,GER
Eniss Shabani,0c88efca,alALB,MF,Mainz 05,19.0,2003.0,2022-2023,GER
Kiliann Sildillia,313254a3,frFRA,"DF,MF",Freiburg,20.0,2002.0,2022-2023,GER
André Silva,3effaa34,ptPOR,FW,RB Leipzig,26.0,1995.0,2022-2023,GER
Mohamed Simakan,fcb27134,frFRA,DF,RB Leipzig,22.0,2000.0,2022-2023,GER
Daley Sinkgraven,73000a79,nlNED,"MF,DF",Leverkusen,27.0,1995.0,2022-2023,GER
Tobias Sippel,0d8a37c2,deGER,GK,Gladbach,34.0,1988.0,2022-2023,GER
Hugo Siquet,c6cf860f,beBEL,"DF,MF",Freiburg,20.0,2002.0,2022-2023,GER
Tim Skarke,65857fdf,deGER,"FW,MF",Union Berlin,25.0,1996.0,2022-2023,GER
Tim Skarke,65857fdf,deGER,MF,Schalke 04,25.0,1996.0,2022-2023,GER
Ellyes Skhiri,c2211709,tnTUN,MF,Köln,27.0,1995.0,2022-2023,GER
Robert Skov,ff98492b,dkDEN,MF,Hoffenheim,26.0,1996.0,2022-2023,GER
Hrvoje Smolčić,c967f6b8,hrCRO,DF,Eintracht Frankfurt,21.0,2000.0,2022-2023,GER
Danilo Soares,c05f2f8c,brBRA,DF,Bochum,30.0,1991.0,2022-2023,GER
Nikola Soldo,4f627629,hrCRO,DF,Köln,21.0,2001.0,2022-2023,GER
Yann Sommer,420c18a1,chSUI,GK,Bayern Munich,33.0,1988.0,2022-2023,GER
Yann Sommer,420c18a1,chSUI,GK,Gladbach,33.0,1988.0,2022-2023,GER
Borna Sosa,af0d79a9,hrCRO,"MF,DF",Stuttgart,24.0,1998.0,2022-2023,GER
Djibril Sow,4c6facae,chSUI,MF,Eintracht Frankfurt,25.0,1997.0,2022-2023,GER
Anton Stach,0f59a7bf,deGER,MF,Mainz 05,23.0,1998.0,2022-2023,GER
Kostas Stafylidis,861e0116,grGRE,"DF,MF",Bochum,28.0,1993.0,2022-2023,GER
Jens Stage,1fffae99,dkDEN,MF,Werder Bremen,25.0,1996.0,2022-2023,GER
Veit Stange,e52d33d0,deGER,MF,Hertha BSC,18.0,2004.0,2022-2023,GER
Josip Stanišić,7ed08d5c,hrCRO,DF,Bayern Munich,22.0,2000.0,2022-2023,GER
Niklas Stark,aad48be9,deGER,DF,Werder Bremen,27.0,1995.0,2022-2023,GER
Pascal Stenzel,99f7e9aa,deGER,DF,Stuttgart,26.0,1996.0,2022-2023,GER
Angelo Stiller,3b1ed320,deGER,MF,Hoffenheim,21.0,2001.0,2022-2023,GER
Lars Stindl,7cd6badb,deGER,MF,Gladbach,33.0,1988.0,2022-2023,GER
Kevin Stöger,e5649a78,atAUT,MF,Bochum,28.0,1993.0,2022-2023,GER
Niklas Süle,e33c06cf,deGER,DF,Dortmund,26.0,1995.0,2022-2023,GER
Ivan Šunjić,e18098de,baBIH,MF,Hertha BSC,25.0,1996.0,2022-2023,GER
Mattias Svanberg,92d83c27,seSWE,MF,Wolfsburg,23.0,1999.0,2022-2023,GER
Dominik Szoboszlai,934e1968,huHUN,"MF,FW",RB Leipzig,21.0,2000.0,2022-2023,GER
Alexander Sørloth,e92cd3f7,noNOR,FW,RB Leipzig,26.0,1995.0,2022-2023,GER
Jonathan Tah,bd142efb,deGER,DF,Leverkusen,26.0,1996.0,2022-2023,GER
Edmond Tapsoba,a73c8f95,bfBFA,DF,Leverkusen,23.0,1999.0,2022-2023,GER
Niklas Tauer,27270af4,deGER,FW,Mainz 05,21.0,2001.0,2022-2023,GER
Mathys Tel,829aa60c,frFRA,MF,Bayern Munich,17.0,2005.0,2022-2023,GER
Semir Telalovic,0b45a8d7,deGER,FW,Gladbach,22.0,1999.0,2022-2023,GER
Simon Terodde,863ff1ee,deGER,FW,Schalke 04,34.0,1988.0,2022-2023,GER
Malick Thiaw,ff5ea0bf,deGER,DF,Schalke 04,20.0,2001.0,2022-2023,GER
Jan Thielmann,fd53759d,deGER,"MF,FW",Köln,20.0,2002.0,2022-2023,GER
Morten Thorsby,d1b49282,noNOR,MF,Union Berlin,26.0,1996.0,2022-2023,GER
Marcus Thuram,6f8cd6d0,frFRA,FW,Gladbach,24.0,1997.0,2022-2023,GER
Steffen Tigges,6b8887c2,deGER,FW,Köln,24.0,1998.0,2022-2023,GER
Umut Tohumcu,e547d3cf,deGER,MF,Hoffenheim,17.0,2004.0,2022-2023,GER
Tiago Tomás,b492126a,ptPOR,"FW,MF",Stuttgart,20.0,2002.0,2022-2023,GER
Keke Topp,ebb32f3a,deGER,FW,Schalke 04,18.0,2004.0,2022-2023,GER
Almamy Touré,c8c60119,mlMLI,DF,Eintracht Frankfurt,26.0,1996.0,2022-2023,GER
Lucas Tousart,71ec39ef,frFRA,MF,Hertha BSC,25.0,1997.0,2022-2023,GER
Kevin Trapp,ce17b5eb,deGER,GK,Eintracht Frankfurt,32.0,1990.0,2022-2023,GER
Christopher Trimmel,056d2d95,atAUT,MF,Union Berlin,35.0,1987.0,2022-2023,GER
Tuta,35d64857,brBRA,DF,Eintracht Frankfurt,23.0,1999.0,2022-2023,GER
Sven Ulreich,7d3e7da6,deGER,GK,Bayern Munich,33.0,1988.0,2022-2023,GER
Lauren Ulrich,cd61c7af,deGER,MF,Stuttgart,17.0,2005.0,2022-2023,GER
Dayot Upamecano,d248cd8f,frFRA,DF,Bayern Munich,23.0,1998.0,2022-2023,GER
Filip Uremović,af842091,hrCRO,DF,Hertha BSC,25.0,1997.0,2022-2023,GER
Jere Uronen,d75f3980,fiFIN,DF,Schalke 04,28.0,1994.0,2022-2023,GER
Mark Uth,a3ddb1b9,deGER,"FW,MF",Köln,30.0,1991.0,2022-2023,GER
Josha Vagnoman,fb377d11,deGER,"MF,DF",Stuttgart,21.0,2000.0,2022-2023,GER
Ruben Vargas,6ecbddf6,chSUI,MF,Augsburg,23.0,1998.0,2022-2023,GER
Renato Veiga,fc8fcbd1,ptPOR,DF,Augsburg,19.0,2003.0,2022-2023,GER
Miloš Veljković,a5ae8f8e,rsSRB,DF,Werder Bremen,26.0,1995.0,2022-2023,GER
Micky van de Ven,8fe2a392,nlNED,DF,Wolfsburg,21.0,2001.0,2022-2023,GER
Gabriel Vidovic,5360a956,hrCRO,MF,Bayern Munich,18.0,2003.0,2022-2023,GER
Kevin Vogt,1d8e9add,deGER,DF,Hoffenheim,30.0,1991.0,2022-2023,GER
Aster Vranckx,f86cd5df,beBEL,MF,Wolfsburg,19.0,2002.0,2022-2023,GER
Robert Wagner,e3d3fbeb,deGER,MF,Freiburg,19.0,2003.0,2022-2023,GER
Luca Waldschmidt,e5a35ae9,deGER,"FW,MF",Wolfsburg,26.0,1996.0,2022-2023,GER
Paul Wanner,cb64672e,deGER,MF,Bayern Munich,16.0,2005.0,2022-2023,GER
Julian Weigl,346d51d9,deGER,MF,Gladbach,26.0,1995.0,2022-2023,GER
Nelson Weiper,231c67ff,deGER,FW,Mainz 05,17.0,2005.0,2022-2023,GER
Mitchell Weiser,30c220c3,deGER,MF,Werder Bremen,28.0,1994.0,2022-2023,GER
Noah Weißhaupt,dd676a97,deGER,MF,Freiburg,20.0,2001.0,2022-2023,GER
Marcel Wenig,1c86aa16,deGER,MF,Eintracht Frankfurt,18.0,2004.0,2022-2023,GER
Timo Werner,49fe9070,deGER,"FW,MF",RB Leipzig,26.0,1996.0,2022-2023,GER
Silvan Widmer,f68b64fc,chSUI,"MF,DF",Mainz 05,29.0,1993.0,2022-2023,GER
Patrick Wimmer,cb11b429,atAUT,"MF,FW",Wolfsburg,21.0,2001.0,2022-2023,GER
Jonas Wind,2077ae86,dkDEN,FW,Wolfsburg,23.0,1999.0,2022-2023,GER
Frederik Winther,a1257b5e,dkDEN,DF,Augsburg,21.0,2001.0,2022-2023,GER
Florian Wirtz,e7fcf289,deGER,"FW,MF",Leverkusen,19.0,2003.0,2022-2023,GER
Hannes Wolf,be42a291,atAUT,MF,Gladbach,23.0,1999.0,2022-2023,GER
Marius Wolf,fa661778,deGER,DF,Dortmund,27.0,1995.0,2022-2023,GER
Jeong Woo-yeong,6190474d,krKOR,"MF,FW",Freiburg,22.0,1999.0,2022-2023,GER
Kelvin Yeboah,ea0893d6,itITA,FW,Augsburg,22.0,2000.0,2022-2023,GER
Maya Yoshida,caffaf5a,jpJPN,DF,Schalke 04,33.0,1988.0,2022-2023,GER
Dan-Axel Zagadou,a4effc55,frFRA,DF,Stuttgart,23.0,1999.0,2022-2023,GER
Rodrigo Zalazar,fc3697dd,uyURU,"MF,FW",Schalke 04,22.0,1999.0,2022-2023,GER
Aaron Zehnter,65bf7e2b,deGER,MF,Augsburg,17.0,2004.0,2022-2023,GER
Robin Zentner,5c4bf6ba,deGER,GK,Mainz 05,27.0,1994.0,2022-2023,GER
Michael Zetterer,9b688ae1,deGER,GK,Werder Bremen,27.0,1995.0,2022-2023,GER
Simon Zoller,29f7cfd9,deGER,"FW,MF",Bochum,31.0,1991.0,2022-2023,GER
Yunis Abdelhamid,32c2d95f,maMAR,DF,Reims,34.0,1987.0,2022-2023,FRA
Himad Abdelli,7978cbf0,dzALG,"MF,FW",Angers,22.0,1999.0,2022-2023,FRA
Salis Abdul Samed,82464ce3,ghGHA,MF,Lens,22.0,2000.0,2022-2023,FRA
Laurent Abergel,31626657,frFRA,MF,Lorient,29.0,1993.0,2022-2023,FRA
Matthis Abline,0e46fa2f,frFRA,FW,Auxerre,19.0,2003.0,2022-2023,FRA
Matthis Abline,0e46fa2f,frFRA,FW,Rennes,19.0,2003.0,2022-2023,FRA
Zakaria Aboukhlal,c2a6033c,maMAR,"MF,FW",Toulouse,22.0,2000.0,2022-2023,FRA
Mohamed Achi,1e93fc5d,frFRA,MF,Nantes,20.0,2002.0,2022-2023,FRA
Martin Adeline,7587446d,frFRA,MF,Reims,18.0,2003.0,2022-2023,FRA
Emmanuel Agbadou,75f1ed80,ciCIV,DF,Reims,25.0,1997.0,2022-2023,FRA
Lucien Agoume,8bc8829a,frFRA,MF,Troyes,20.0,2002.0,2022-2023,FRA
Ruben Aguilar,3dd738a1,frFRA,DF,Monaco,29.0,1993.0,2022-2023,FRA
Amar Ahmed,22396615,seSWE,MF,Troyes,18.0,2004.0,2022-2023,FRA
Jean-Eudes Aholou,48b28bfd,ciCIV,MF,Strasbourg,28.0,1994.0,2022-2023,FRA
Ludovic Ajorque,462475ed,frFRA,FW,Strasbourg,28.0,1994.0,2022-2023,FRA
Maghnes Akliouche,b625b241,frFRA,"MF,FW",Monaco,20.0,2002.0,2022-2023,FRA
Doğan Alemdar,9e17ccff,trTUR,GK,Rennes,19.0,2002.0,2022-2023,FRA
Jim Allevinah,1956b948,gaGAB,MF,Clermont Foot,27.0,1995.0,2022-2023,FRA
Mickaël Alphonse,0a63446f,gpGLP,DF,Ajaccio,33.0,1989.0,2022-2023,FRA
Ibrahim Amadou,9260926b,frFRA,DF,Angers,29.0,1993.0,2022-2023,FRA
Ayoub Amraoui,ae11ba3d,maMAR,DF,Nice,18.0,2004.0,2022-2023,FRA
Benjamin André,ef9c1c95,frFRA,MF,Lille,31.0,1990.0,2022-2023,FRA
Komnen Andrić,af3ddb2e,rsSRB,FW,Clermont Foot,27.0,1995.0,2022-2023,FRA
Houssem Aouar,a5db0bec,dzALG,"MF,FW",Lyon,24.0,1998.0,2022-2023,FRA
Adil Aouchiche,b94b8be1,frFRA,MF,Lorient,20.0,2002.0,2022-2023,FRA
Dennis Appiah,feb5d3ab,frFRA,"DF,MF",Nantes,30.0,1992.0,2022-2023,FRA
Stredair Appuah,42f0113f,frFRA,FW,Nantes,18.0,2004.0,2022-2023,FRA
Taïryk Arconte,c5e6c017,frFRA,FW,Brest,18.0,2003.0,2022-2023,FRA
Mohamed El Arouch,508a9011,frFRA,MF,Lyon,18.0,2004.0,2022-2023,FRA
Lorenz Assignon,b026bbf6,tgTOG,DF,Rennes,22.0,2000.0,2022-2023,FRA
Youcef Atal,6a827d8e,dzALG,"DF,MF",Nice,26.0,1996.0,2022-2023,FRA
Valentin Atangana Edoa,6b5edd5d,frFRA,MF,Reims,16.0,2005.0,2022-2023,FRA
Mathias Autret,7dfbba27,frFRA,MF,Auxerre,31.0,1991.0,2022-2023,FRA
Cédric Avinel,a94d93be,gpGLP,DF,Ajaccio,35.0,1986.0,2022-2023,FRA
Loïc Bade,114bbdee,frFRA,DF,Rennes,22.0,2000.0,2022-2023,FRA
Benoît Badiashile,06df8256,frFRA,DF,Monaco,21.0,2001.0,2022-2023,FRA
Eric Bailly,a1232f4e,ciCIV,DF,Marseille,28.0,1994.0,2022-2023,FRA
Dénys Bain,5065d67d,frFRA,DF,Auxerre,29.0,1993.0,2022-2023,FRA
Brandon Baiye,7e3e825e,beBEL,MF,Clermont Foot,21.0,2000.0,2022-2023,FRA
Cédric Bakambu,0af4dcf0,cdCOD,FW,Marseille,31.0,1991.0,2022-2023,FRA
Thierno Balde,3975195f,frFRA,"MF,DF",Troyes,20.0,2002.0,2022-2023,FRA
Carlos Baleba,a1390d2f,cmCMR,"MF,FW",Lille,18.0,2004.0,2022-2023,FRA
Leonardo Balerdi,7c3ed041,arARG,DF,Marseille,23.0,1999.0,2022-2023,FRA
Folarin Balogun,31822f8c,usUSA,FW,Reims,21.0,2001.0,2022-2023,FRA
Abdoulaye Bamba,7fecbcdb,ciCIV,DF,Angers,32.0,1990.0,2022-2023,FRA
Jonathan Bamba,b2bd0f6c,ciCIV,MF,Lille,26.0,1996.0,2022-2023,FRA
Bradley Barcola,a0d55a09,frFRA,"FW,MF",Lyon,19.0,2002.0,2022-2023,FRA
Melvin Bard,1ddbc7ca,frFRA,"DF,MF",Nice,21.0,2000.0,2022-2023,FRA
Ross Barkley,3a24769f,engENG,"MF,FW",Nice,28.0,1993.0,2022-2023,FRA
Mickaël Barreto,e3844ecb,frFRA,MF,Ajaccio,31.0,1991.0,2022-2023,FRA
Cyrille Bayala,20e0dd86,bfBFA,MF,Ajaccio,26.0,1996.0,2022-2023,FRA
Yanis Begraoui,5e6355f8,maMAR,MF,Toulouse,21.0,2001.0,2022-2023,FRA
Alexis Beka Beka,4a5e83ad,frFRA,MF,Nice,21.0,2001.0,2022-2023,FRA
Jérémie Bela,5680bf3f,aoANG,MF,Clermont Foot,29.0,1993.0,2022-2023,FRA
Reda Belahyane,705a1642,maMAR,MF,Nice,18.0,2004.0,2022-2023,FRA
Youcef Belaïli,1a248246,dzALG,"MF,FW",Ajaccio,30.0,1992.0,2022-2023,FRA
Youcef Belaïli,1a248246,dzALG,"MF,FW",Brest,30.0,1992.0,2022-2023,FRA
Haris Belkebla,2b1bed19,dzALG,MF,Brest,28.0,1994.0,2022-2023,FRA
Jean-Ricner Bellegarde,10f0fdd3,htHAI,"MF,FW",Strasbourg,24.0,1998.0,2022-2023,FRA
Jeanuël Belocian,c678ddd7,frFRA,DF,Rennes,17.0,2005.0,2022-2023,FRA
Eliesse Ben Seghir,3bd65247,maMAR,"FW,MF",Monaco,17.0,2005.0,2022-2023,FRA
Salim Ben Seghir,1f6298f2,frFRA,FW,Marseille,19.0,2003.0,2022-2023,FRA
Wissam Ben Yedder,942b4f90,frFRA,FW,Monaco,31.0,1990.0,2022-2023,FRA
Nabil Bentaleb,3189f61a,dzALG,MF,Angers,27.0,1994.0,2022-2023,FRA
Patrick Berg,e4114f5d,noNOR,"DF,MF",Lens,24.0,1997.0,2022-2023,FRA
Mitchell van Bergen,0b2c9aec,nlNED,"MF,FW",Reims,22.0,1999.0,2022-2023,FRA
Quentin Bernard,3916b09c,frFRA,DF,Auxerre,33.0,1989.0,2022-2023,FRA
Paul Bernardoni,28dabd43,frFRA,GK,Angers,25.0,1997.0,2022-2023,FRA
Juan Bernat,433dc9a2,esESP,"MF,DF",Paris Saint-Germain,29.0,1993.0,2022-2023,FRA
Jason Berthomier,03e91055,frFRA,MF,Clermont Foot,32.0,1990.0,2022-2023,FRA
El Bilal Touré,47c609d5,mlMLI,FW,Reims,20.0,2001.0,2022-2023,FRA
Jean-Claude Billong,a3e1d20d,cmCMR,DF,Clermont Foot,28.0,1993.0,2022-2023,FRA
Veljko Birmančević,636247ca,rsSRB,"MF,FW",Toulouse,24.0,1998.0,2022-2023,FRA
Marco Bizot,3d214e5f,nlNED,GK,Brest,31.0,1991.0,2022-2023,FRA
Rubén Blanco,967f34d3,esESP,GK,Marseille,27.0,1995.0,2022-2023,FRA
Ludovic Blas,6191093d,frFRA,"MF,FW",Nantes,24.0,1997.0,2022-2023,FRA
Miha Blažič,3cdfc63e,siSVN,DF,Angers,29.0,1993.0,2022-2023,FRA
Joaquín Blázquez,6a9e4913,arARG,GK,Brest,21.0,2001.0,2022-2023,FRA
Myron Boadu,5b479568,nlNED,FW,Monaco,21.0,2001.0,2022-2023,FRA
Jérôme Boateng,2db2fd7b,deGER,DF,Lyon,33.0,1988.0,2022-2023,FRA
Antonin Bobichon,7d937aa1,frFRA,"FW,MF",Angers,26.0,1995.0,2022-2023,FRA
Quentin Boisgard,f6496133,frFRA,MF,Lorient,25.0,1997.0,2022-2023,FRA
Neto Borges,9f936061,brBRA,"MF,DF",Clermont Foot,25.0,1996.0,2022-2023,FRA
Kenji-Van Boto,c03b7266,mgMAD,"MF,DF",Auxerre,26.0,1996.0,2022-2023,FRA
Kouamé Botué,65fcf987,bfBFA,FW,Ajaccio,19.0,2002.0,2022-2023,FRA
Badredine Bouanani,0400dd2f,dzALG,"FW,MF",Nice,17.0,2004.0,2022-2023,FRA
Hicham Boudaoui,f9d5908e,dzALG,MF,Nice,22.0,1999.0,2022-2023,FRA
Franci Bouebari,4fb18ca4,frFRA,MF,Strasbourg,18.0,2003.0,2022-2023,FRA
Sofiane Boufal,b0c71810,maMAR,"MF,FW",Angers,28.0,1993.0,2022-2023,FRA
Ismaël Boura,62e02107,kmCOM,DF,Lens,21.0,2000.0,2022-2023,FRA
Benjamin Bourigeaud,20e73fac,frFRA,"MF,FW",Rennes,28.0,1994.0,2022-2023,FRA
Bilal Brahimi,02bcaf8e,dzALG,"FW,MF",Nice,22.0,2000.0,2022-2023,FRA
Lilian Brassier,5b146df3,frFRA,DF,Brest,22.0,1999.0,2022-2023,FRA
Andreas Bruus,b088d5d3,dkDEN,"MF,DF",Troyes,23.0,1999.0,2022-2023,FRA
Joe Bryan,af69e7f0,engENG,MF,Nice,28.0,1993.0,2022-2023,FRA
Adam Buksa,3b676989,plPOL,FW,Lens,26.0,1996.0,2022-2023,FRA
Maxime Busi,7b082ec2,beBEL,"MF,DF",Reims,22.0,1999.0,2022-2023,FRA
Marcin Bułka,db87a2c4,plPOL,GK,Nice,22.0,1999.0,2022-2023,FRA
Rémy Cabella,148e136f,frFRA,MF,Lille,32.0,1990.0,2022-2023,FRA
Jimmy Cabot,46359159,frFRA,MF,Lens,28.0,1994.0,2022-2023,FRA
Jens Cajuste,928a4a61,seSWE,MF,Reims,22.0,1999.0,2022-2023,FRA
Duje Ćaleta-Car,94f8d10c,hrCRO,DF,Marseille,25.0,1996.0,2022-2023,FRA
Mahdi Camara,8577e60a,frFRA,MF,Brest,24.0,1998.0,2022-2023,FRA
Mohamed Camara,489e80e3,mlMLI,MF,Monaco,22.0,2000.0,2022-2023,FRA
Ousmane Camara,5a6b06cd,gnGUI,FW,Auxerre,20.0,2001.0,2022-2023,FRA
Ousmane Camara,7d3dfdfd,mlMLI,DF,Angers,19.0,2003.0,2022-2023,FRA
Axel Camblan,9f4a940f,frFRA,FW,Brest,18.0,2003.0,2022-2023,FRA
Pierrick Capelle,79b2399c,frFRA,"MF,DF",Angers,35.0,1987.0,2022-2023,FRA
Maxence Caqueret,f81ef10d,frFRA,MF,Lyon,22.0,2000.0,2022-2023,FRA
Irvin Cardona,5e080f73,mtMLT,FW,Brest,24.0,1997.0,2022-2023,FRA
Igor Carioca,e3e32fbb,brBRA,"DF,MF",Lorient,25.0,1996.0,2022-2023,FRA
Matis Carvalho,8608f269,ptPOR,GK,Montpellier,23.0,1999.0,2022-2023,FRA
Jean-Charles Castelletto,e0f3a1f6,cmCMR,DF,Nantes,27.0,1995.0,2022-2023,FRA
Yoann Cathline,4db5915d,frFRA,MF,Lorient,20.0,2002.0,2022-2023,FRA
Maximiliano Caufriez,c92c24f0,beBEL,DF,Clermont Foot,25.0,1997.0,2022-2023,FRA
Fabien Centonze,3c6bbbab,frFRA,"DF,MF",Nantes,26.0,1996.0,2022-2023,FRA
Florian Chabrolle,5d9577aa,frFRA,MF,Ajaccio,24.0,1998.0,2022-2023,FRA
El Chadaille Bitshiabu,2180c761,frFRA,DF,Paris Saint-Germain,17.0,2005.0,2022-2023,FRA
Fares Chaïbi,357103bd,dzALG,"MF,FW",Toulouse,19.0,2002.0,2022-2023,FRA
Muhammed Cham,f527a32c,atAUT,MF,Clermont Foot,21.0,2000.0,2022-2023,FRA
Gaëtan Charbonnier,18ebca4b,frFRA,FW,Auxerre,33.0,1988.0,2022-2023,FRA
Brendan Chardonnet,16aa7d4c,frFRA,DF,Brest,27.0,1994.0,2022-2023,FRA
Xavier Chavalerin,279ddf6a,frFRA,MF,Troyes,31.0,1991.0,2022-2023,FRA
Ivane Chegra,1237c049,frFRA,MF,Ajaccio,18.0,2004.0,2022-2023,FRA
Rayan Cherki,b34c63a5,frFRA,"MF,FW",Lyon,18.0,2003.0,2022-2023,FRA
Ilyes Cheti,9d498560,dzALG,DF,Angers,27.0,1995.0,2022-2023,FRA
Lucas Chevalier,b3d76d84,frFRA,GK,Lille,20.0,2001.0,2022-2023,FRA
Pedro Chirivella,68a26d51,esESP,MF,Nantes,25.0,1997.0,2022-2023,FRA
Joris Chotard,7909ffa4,frFRA,MF,Montpellier,20.0,2001.0,2022-2023,FRA
Yanis Cimignani,7495aba7,frFRA,MF,Ajaccio,20.0,2002.0,2022-2023,FRA
Souleymane Cissé,ff4d0258,frFRA,DF,Clermont Foot,19.0,2002.0,2022-2023,FRA
Alexis Claude-Maurice,741418c3,frFRA,MF,Nice,24.0,1998.0,2022-2023,FRA
Alexis Claude-Maurice,741418c3,frFRA,"MF,FW",Lens,24.0,1998.0,2022-2023,FRA
Jonathan Clauss,5219ab4a,frFRA,MF,Marseille,29.0,1992.0,2022-2023,FRA
Marcus Coco,3010aefb,frFRA,"MF,FW",Nantes,26.0,1996.0,2022-2023,FRA
Alexandre Coeff,c4065f40,frFRA,DF,Auxerre,30.0,1992.0,2022-2023,FRA
Abdu Conté,cfa49cc1,ptPOR,"DF,MF",Troyes,24.0,1998.0,2022-2023,FRA
Sébastien Corchia,0e7ccfc4,frFRA,"DF,MF",Nantes,31.0,1990.0,2022-2023,FRA
David Costa,59948ef7,ptPOR,"MF,FW",Lens,21.0,2001.0,2022-2023,FRA
Logan Costa,bfb2056e,cvCPV,DF,Toulouse,21.0,2001.0,2022-2023,FRA
Nuno da Costa,909222de,cvCPV,"FW,MF",Auxerre,31.0,1991.0,2022-2023,FRA
Benoît Costil,2434f24a,frFRA,GK,Auxerre,35.0,1987.0,2022-2023,FRA
Mathieu Coutadeur,ef8ae23b,frFRA,MF,Ajaccio,36.0,1986.0,2022-2023,FRA
Nicolas Cozza,8f325097,frFRA,DF,Montpellier,23.0,1999.0,2022-2023,FRA
Damien Da Silva,1ec7e1c5,frFRA,DF,Lyon,34.0,1988.0,2022-2023,FRA
Andréa Dacourt,4a021593,frFRA,MF,Nice,17.0,2005.0,2022-2023,FRA
Colin Dagba,29c02c9f,frFRA,"MF,DF",Strasbourg,23.0,1998.0,2022-2023,FRA
Thijs Dallinga,b70afb45,nlNED,FW,Toulouse,21.0,2000.0,2022-2023,FRA
Flavius Daniliuc,7ef972c3,atAUT,DF,Nice,21.0,2001.0,2022-2023,FRA
Kévin Danois,e76f6fbe,frFRA,MF,Auxerre,18.0,2004.0,2022-2023,FRA
Kevin Danso,6e33125f,atAUT,DF,Lens,23.0,1998.0,2022-2023,FRA
Dante,fd2bc67d,brBRA,DF,Nice,38.0,1983.0,2022-2023,FRA
Achraf Dari,5069b796,maMAR,DF,Brest,23.0,1999.0,2022-2023,FRA
Jonathan David,ce50fd99,caCAN,"FW,MF",Lille,22.0,2000.0,2022-2023,FRA
Thibault De Smet,5fdcb075,beBEL,DF,Reims,24.0,1998.0,2022-2023,FRA
Brecht Dejaegere,4ca4f601,beBEL,MF,Toulouse,31.0,1991.0,2022-2023,FRA
Romain Del Castillo,0be95d34,frFRA,"MF,FW",Brest,26.0,1996.0,2022-2023,FRA
Thomas Delaine,8332db56,frFRA,MF,Strasbourg,30.0,1992.0,2022-2023,FRA
Sacha Delaye,e4448c8c,frFRA,MF,Montpellier,20.0,2002.0,2022-2023,FRA
Andy Delort,d33c706e,dzALG,FW,Nice,30.0,1991.0,2022-2023,FRA
Andy Delort,d33c706e,dzALG,FW,Nantes,30.0,1991.0,2022-2023,FRA
Karamoko Dembélé,7304f3b1,engENG,"FW,MF",Brest,19.0,2003.0,2022-2023,FRA
Moussa Dembélé,e7986081,frFRA,FW,Lyon,26.0,1996.0,2022-2023,FRA
Siriki Dembélé,11f54bd5,ciCIV,MF,Auxerre,25.0,1996.0,2022-2023,FRA
Branco van den Boomen,99d660b2,nlNED,MF,Toulouse,27.0,1995.0,2022-2023,FRA
Rémy Descamps,477e50ce,frFRA,GK,Nantes,26.0,1996.0,2022-2023,FRA
Mikkel Desler,1d5c96f8,dkDEN,DF,Toulouse,27.0,1995.0,2022-2023,FRA
Mamadou Diakhon,331c5a98,frFRA,FW,Reims,16.0,2005.0,2022-2023,FRA
Bafodé Diakité,1bfb6fef,frFRA,DF,Lille,21.0,2001.0,2022-2023,FRA
Ibrahim Diakité,d8c19a60,gnGUI,DF,Reims,18.0,2003.0,2022-2023,FRA
Baila Diallo,fb55f63a,frFRA,DF,Clermont Foot,21.0,2001.0,2022-2023,FRA
Habib Diallo,6605d143,snSEN,FW,Strasbourg,27.0,1995.0,2022-2023,FRA
Ismael Diallo,b3244eeb,ciCIV,DF,Ajaccio,25.0,1997.0,2022-2023,FRA
Habib Diarra,6d0fe035,snSEN,"MF,FW",Strasbourg,18.0,2004.0,2022-2023,FRA
Moussa Diarra,698f11e3,mlMLI,DF,Toulouse,21.0,2000.0,2022-2023,FRA
Stéphane Diarra,29939a1d,frFRA,"MF,FW",Lorient,23.0,1998.0,2022-2023,FRA
Krépin Diatta,8104e41e,snSEN,MF,Monaco,23.0,1999.0,2022-2023,FRA
Mory Diaw,f41a69e6,snSEN,GK,Clermont Foot,29.0,1993.0,2022-2023,FRA
Bamba Dieng,40774c6b,snSEN,FW,Marseille,22.0,2000.0,2022-2023,FRA
Bamba Dieng,40774c6b,snSEN,"FW,MF",Lorient,22.0,2000.0,2022-2023,FRA
Tristan Dingomé,92b56413,cmCMR,"DF,MF",Troyes,31.0,1991.0,2022-2023,FRA
Sinaly Diomande,6de23ab0,ciCIV,DF,Lyon,21.0,2001.0,2022-2023,FRA
Lois Diony,4be0b467,frFRA,FW,Angers,29.0,1992.0,2022-2023,FRA
Edan Diop,37143438,frFRA,MF,Monaco,17.0,2004.0,2022-2023,FRA
Sofiane Diop,19053e31,maMAR,"MF,FW",Nice,22.0,2000.0,2022-2023,FRA
Sofiane Diop,19053e31,maMAR,MF,Monaco,22.0,2000.0,2022-2023,FRA
Yehvann Diouf,eedea60b,snSEN,GK,Reims,22.0,1999.0,2022-2023,FRA
Axel Disasi,ad82197c,frFRA,DF,Monaco,24.0,1998.0,2022-2023,FRA
Tiago Djaló,b2336681,ptPOR,DF,Lille,22.0,2000.0,2022-2023,FRA
Alexander Djiku,43e7a164,ghGHA,DF,Strasbourg,27.0,1994.0,2022-2023,FRA
Moussa Djitte,627b570a,snSEN,FW,Ajaccio,22.0,1999.0,2022-2023,FRA
Ouparine Djoco,62124972,gwGNB,GK,Clermont Foot,24.0,1998.0,2022-2023,FRA
Alan Do Marcolino,1bd5bdc4,gaGAB,FW,Rennes,20.0,2002.0,2022-2023,FRA
Jeremy Doku,fffea3e5,beBEL,"MF,FW",Rennes,20.0,2002.0,2022-2023,FRA
Kyliane Dong,836dc4a8,frFRA,"MF,FW",Troyes,17.0,2004.0,2022-2023,FRA
Jordan Dongmo,1b5b32d2,cmCMR,MF,Troyes,21.0,2001.0,2022-2023,FRA
Gianluigi Donnarumma,08f5afaa,itITA,GK,Paris Saint-Germain,23.0,1999.0,2022-2023,FRA
Jodel Dossou,a1dbfcb1,bjBEN,MF,Clermont Foot,30.0,1992.0,2022-2023,FRA
Lohann Doucet,dff0c299,frFRA,MF,Nantes,19.0,2002.0,2022-2023,FRA
Siriné Doucouré,92d90c8f,mlMLI,FW,Lorient,20.0,2002.0,2022-2023,FRA
Désiré Doué,9e7483ff,frFRA,"MF,FW",Rennes,17.0,2005.0,2022-2023,FRA
Guela Doué,b4ef3fb5,ciCIV,DF,Rennes,19.0,2002.0,2022-2023,FRA
Ismaël Doukouré,0512a60a,frFRA,"DF,MF",Strasbourg,19.0,2003.0,2022-2023,FRA
Kamory Doumbia,9226aa22,mlMLI,MF,Reims,19.0,2003.0,2022-2023,FRA
Souleyman Doumbia,9daeac61,ciCIV,"DF,MF",Angers,25.0,1996.0,2022-2023,FRA
Rémy Dugimont,6d7ede84,frFRA,"FW,MF",Auxerre,36.0,1986.0,2022-2023,FRA
Maxime Dupé,0e12089d,frFRA,GK,Toulouse,29.0,1993.0,2022-2023,FRA
Jean-Kevin Duverne,0cbc8baa,htHAI,DF,Brest,25.0,1997.0,2022-2023,FRA
Hugo Ekitike,5b92d896,frFRA,FW,Paris Saint-Germain,20.0,2002.0,2022-2023,FRA
Alberth Elis,104b4ad3,hnHON,MF,Brest,26.0,1996.0,2022-2023,FRA
Breel Embolo,0b4f388a,chSUI,FW,Monaco,25.0,1997.0,2022-2023,FRA
Maxime Estève,1a066e69,frFRA,DF,Montpellier,20.0,2002.0,2022-2023,FRA
Fábio,bc7b4580,brBRA,"DF,MF",Nantes,32.0,1990.0,2022-2023,FRA
Noah Fadiga,83f03b07,snSEN,DF,Brest,22.0,1999.0,2022-2023,FRA
Wout Faes,9c221d14,beBEL,DF,Reims,24.0,1998.0,2022-2023,FRA
Romain Faivre,745ca0a3,frFRA,MF,Lorient,24.0,1998.0,2022-2023,FRA
Romain Faivre,745ca0a3,frFRA,MF,Lyon,24.0,1998.0,2022-2023,FRA
Fallou Fall,2c8a91b9,snSEN,DF,Reims,18.0,2004.0,2022-2023,FRA
Khalil Fayad,faf00ab8,frFRA,MF,Montpellier,18.0,2004.0,2022-2023,FRA
Cheikh Faye,4b792f35,snSEN,DF,Montpellier,23.0,1999.0,2022-2023,FRA
Jordan Ferri,375622c5,frFRA,MF,Montpellier,30.0,1992.0,2022-2023,FRA
Karol Fila,50ac8941,plPOL,DF,Strasbourg,24.0,1998.0,2022-2023,FRA
Alexis Flips,caef7840,frFRA,"MF,DF",Reims,22.0,2000.0,2022-2023,FRA
Seko Fofana,5313ed43,ciCIV,MF,Lens,27.0,1995.0,2022-2023,FRA
Yahia Fofana,9d420dad,ciCIV,GK,Angers,21.0,2000.0,2022-2023,FRA
Youssouf Fofana,822d51d7,frFRA,MF,Monaco,23.0,1999.0,2022-2023,FRA
Thomas Foket,90eb507d,beBEL,DF,Reims,27.0,1994.0,2022-2023,FRA
José Fonte,90f87966,ptPOR,DF,Lille,38.0,1983.0,2022-2023,FRA
Steven Fortes,574aa9ec,cvCPV,DF,Lens,30.0,1992.0,2022-2023,FRA
Przemysław Frankowski,00a8d210,plPOL,MF,Lens,27.0,1995.0,2022-2023,FRA
Angelo Fulgini,4b96c347,frFRA,"MF,FW",Lens,25.0,1996.0,2022-2023,FRA
Gauthier Gallon,db3164e1,frFRA,GK,Troyes,29.0,1993.0,2022-2023,FRA
Kévin Gameiro,42276181,frFRA,FW,Strasbourg,35.0,1987.0,2022-2023,FRA
Ignatius Ganago,23c63b7f,cmCMR,"FW,MF",Nantes,23.0,1999.0,2022-2023,FRA
Ignatius Ganago,23c63b7f,cmCMR,"FW,MF",Lens,23.0,1999.0,2022-2023,FRA
Johan Gastien,868eaba0,frFRA,MF,Clermont Foot,34.0,1988.0,2022-2023,FRA
Denis Genreau,badcdcae,auAUS,MF,Toulouse,23.0,1999.0,2022-2023,FRA
Valère Germain,ea0ff634,frFRA,"FW,MF",Montpellier,32.0,1990.0,2022-2023,FRA
Gerson,8827bf46,brBRA,MF,Marseille,25.0,1997.0,2022-2023,FRA
Ismaël Gharbi,5b3cfa12,tnTUN,MF,Paris Saint-Germain,18.0,2004.0,2022-2023,FRA
Faouzi Ghoulam,c5adc293,dzALG,DF,Angers,31.0,1991.0,2022-2023,FRA
Samuel Gigot,41eebdf5,frFRA,DF,Marseille,28.0,1993.0,2022-2023,FRA
Andrei Girotto,3befc2b6,brBRA,"DF,MF",Nantes,30.0,1992.0,2022-2023,FRA
Aleksandr Golovin,3708e9fa,ruRUS,MF,Monaco,26.0,1996.0,2022-2023,FRA
André Gomes,1961b2aa,ptPOR,MF,Lille,29.0,1993.0,2022-2023,FRA
Angel Gomes,645a3363,engENG,MF,Lille,21.0,2000.0,2022-2023,FRA
Maxime Gonalons,b8c1de25,frFRA,MF,Clermont Foot,33.0,1989.0,2022-2023,FRA
Oumar Gonzalez,a9d4c241,cmCMR,DF,Ajaccio,24.0,1998.0,2022-2023,FRA
Amine Gouiri,aad56ca3,dzALG,"MF,FW",Nice,22.0,2000.0,2022-2023,FRA
Amine Gouiri,aad56ca3,dzALG,"FW,MF",Rennes,22.0,2000.0,2022-2023,FRA
Jonathan Gradit,06c48679,frFRA,DF,Lens,29.0,1992.0,2022-2023,FRA
Andrew Gravillon,49136c42,gpGLP,DF,Reims,24.0,1998.0,2022-2023,FRA
Adrian Grbić,4a987ffa,atAUT,"FW,MF",Lorient,25.0,1996.0,2022-2023,FRA
Gabriel Gudmundsson,d5d22a58,seSWE,"DF,MF",Lille,23.0,1999.0,2022-2023,FRA
Axel Gueguin,f6857b4f,frFRA,FW,Montpellier,17.0,2005.0,2022-2023,FRA
Mattéo Guendouzi,5ea8ef20,frFRA,MF,Marseille,23.0,1999.0,2022-2023,FRA
Evann Guessand,b73f17f8,ciCIV,"MF,FW",Nantes,21.0,2001.0,2022-2023,FRA
Pape Gueye,7155e3e1,snSEN,MF,Marseille,23.0,1999.0,2022-2023,FRA
Frederic Guilbert,5d8d7454,frFRA,"MF,DF",Strasbourg,27.0,1994.0,2022-2023,FRA
Serhou Guirassy,923f4dda,gnGUI,FW,Rennes,26.0,1996.0,2022-2023,FRA
Rafik Guitane,7091324a,frFRA,"FW,MF",Reims,23.0,1999.0,2022-2023,FRA
Malo Gusto,d56b9520,frFRA,"DF,MF",Lyon,19.0,2003.0,2022-2023,FRA
Jaouen Hadjam,576817b7,dzALG,"DF,MF",Nantes,19.0,2003.0,2022-2023,FRA
Massadio Haïdara,5167c97e,mlMLI,"DF,MF",Lens,29.0,1992.0,2022-2023,FRA
Achraf Hakimi,e42d61c7,maMAR,"MF,DF",Paris Saint-Germain,23.0,1998.0,2022-2023,FRA
Mathis Hamdi,a94571f6,frFRA,DF,Troyes,18.0,2003.0,2022-2023,FRA
Ben Hamed Touré,c7eebddf,ciCIV,FW,Ajaccio,18.0,2003.0,2022-2023,FRA
Romain Hamouma,0b4d8274,frFRA,FW,Ajaccio,35.0,1987.0,2022-2023,FRA
Saïd Hamulic,52cd0e88,baBIH,FW,Toulouse,21.0,2000.0,2022-2023,FRA
Amine Harit,e7d59f4f,maMAR,"MF,FW",Marseille,25.0,1997.0,2022-2023,FRA
Rhys Healey,07ace8c3,wlsWAL,FW,Toulouse,27.0,1994.0,2022-2023,FRA
Gauthier Hein,563fcd6b,frFRA,MF,Auxerre,25.0,1996.0,2022-2023,FRA
Henrique,f28474a4,brBRA,"DF,MF",Lyon,28.0,1994.0,2022-2023,FRA
Christophe Hérelle,3681cfff,mqMTQ,DF,Brest,29.0,1992.0,2022-2023,FRA
Noah Holm,61b77d0a,noNOR,FW,Reims,21.0,2001.0,2022-2023,FRA
Franck Honorat,db7849ca,frFRA,"MF,FW",Brest,25.0,1996.0,2022-2023,FRA
Cédric Hountondji,00891164,bjBEN,DF,Angers,28.0,1994.0,2022-2023,FRA
Ilyes Housni,910e3cad,frFRA,FW,Paris Saint-Germain,17.0,2005.0,2022-2023,FRA
Adrien Hunou,d14229f3,frFRA,"MF,FW",Angers,28.0,1994.0,2022-2023,FRA
Mounaim El Idrissy,fb0ee44e,frFRA,FW,Ajaccio,23.0,1999.0,2022-2023,FRA
Rareş Ilie,c9f49454,roROU,MF,Nice,19.0,2003.0,2022-2023,FRA
Bonke Innocent,546bb36e,ngNGA,MF,Lorient,26.0,1996.0,2022-2023,FRA
Ismaily,cf182add,brBRA,"DF,MF",Lille,32.0,1990.0,2022-2023,FRA
Junya Ito,dbd3a428,jpJPN,"MF,FW",Reims,29.0,1993.0,2022-2023,FRA
Ismail Jakobs,a0415710,snSEN,"MF,DF",Monaco,22.0,1999.0,2022-2023,FRA
Marin Jakoliš,96f4ebc0,hrCRO,"FW,MF",Angers,25.0,1996.0,2022-2023,FRA
Léo Jardim,f5dfc256,brBRA,GK,Lille,27.0,1995.0,2022-2023,FRA
Luis Javier Suárez,eeba07f8,coCOL,FW,Marseille,24.0,1997.0,2022-2023,FRA
Dany Jean,300ec91c,htHAI,MF,Strasbourg,19.0,2002.0,2022-2023,FRA
Julian Jeanvier,5cb215fc,gnGUI,DF,Auxerre,30.0,1992.0,2022-2023,FRA
Jeffinho,45cce300,brBRA,"MF,FW",Lyon,22.0,1999.0,2022-2023,FRA
Paul Joly,5b4bc323,frFRA,DF,Auxerre,22.0,2000.0,2022-2023,FRA
Jubal,56ae428b,brBRA,DF,Auxerre,28.0,1993.0,2022-2023,FRA
Christopher Jullien,f323d995,frFRA,DF,Montpellier,29.0,1993.0,2022-2023,FRA
Eli Junior Kroupi,b2fe86e5,frFRA,FW,Lorient,16.0,2006.0,2022-2023,FRA
Issa Kaboré,c066d1a5,bfBFA,MF,Marseille,21.0,2001.0,2022-2023,FRA
Abdoul Kader Bamba,32f3d97e,frFRA,MF,Nantes,28.0,1994.0,2022-2023,FRA
Gaël Kakuta,5b1bf5e3,cdCOD,"FW,MF",Lens,31.0,1991.0,2022-2023,FRA
Arnaud Kalimuendo,bf4c41f9,frFRA,FW,Rennes,20.0,2002.0,2022-2023,FRA
Gedeon Kalulu,dd211559,cdCOD,"DF,MF",Lorient,24.0,1997.0,2022-2023,FRA
Justin-Noël Kalumba,32e2163d,frFRA,DF,Angers,17.0,2004.0,2022-2023,FRA
Warren Kamanzi,a426a912,noNOR,"DF,MF",Toulouse,21.0,2000.0,2022-2023,FRA
Bingourou Kamara,3814120d,snSEN,GK,Montpellier,25.0,1996.0,2022-2023,FRA
Nordine Kandil,c5908bc4,frFRA,MF,Strasbourg,20.0,2001.0,2022-2023,FRA
Ayman Kari,0e8d7b6c,frFRA,MF,Lorient,17.0,2004.0,2022-2023,FRA
Kévin Keben Biakolo,c43a8336,cmCMR,"DF,MF",Toulouse,18.0,2004.0,2022-2023,FRA
Check Keita,c9f2f83a,frFRA,DF,Reims,19.0,2003.0,2022-2023,FRA
Saîf-Eddine Khaoui,796b1c41,tnTUN,MF,Clermont Foot,27.0,1995.0,2022-2023,FRA
Wahbi Khazri,2677a1de,tnTUN,"MF,FW",Montpellier,31.0,1991.0,2022-2023,FRA
Anthony Khelifa,3670aa71,dzALG,DF,Ajaccio,16.0,2005.0,2022-2023,FRA
Presnel Kimpembe,aef6e670,frFRA,DF,Paris Saint-Germain,26.0,1995.0,2022-2023,FRA
Samuel Koeberlé,6751b938,frFRA,MF,Reims,17.0,2004.0,2022-2023,FRA
Rudy Kohon,9cd28348,frFRA,DF,Troyes,18.0,2004.0,2022-2023,FRA
Sead Kolašinac,3935e52e,baBIH,"DF,MF",Marseille,29.0,1993.0,2022-2023,FRA
Cheick Konaté,6ce2cdf0,mlMLI,DF,Clermont Foot,18.0,2004.0,2022-2023,FRA
Ibrahima Koné,04bb2b06,mlMLI,FW,Lorient,23.0,1999.0,2022-2023,FRA
Youssouf Koné,e6eadfb8,mlMLI,DF,Ajaccio,27.0,1995.0,2022-2023,FRA
Rominigue Kouamé,86a2ba20,mlMLI,MF,Troyes,25.0,1996.0,2022-2023,FRA
Boubakar Kouyaté,562a4799,mlMLI,DF,Montpellier,25.0,1997.0,2022-2023,FRA
Sael Kumbedi,c385bf49,frFRA,"DF,MF",Lyon,17.0,2005.0,2022-2023,FRA
Grejohn Kyei,397ba086,frFRA,FW,Clermont Foot,26.0,1995.0,2022-2023,FRA
Rémy Labeau Lascary,c90f380c,gpGLP,MF,Lens,19.0,2003.0,2022-2023,FRA
Gaëtan Laborde,7cdda3bf,frFRA,FW,Nice,28.0,1994.0,2022-2023,FRA
Gaëtan Laborde,7cdda3bf,frFRA,FW,Rennes,28.0,1994.0,2022-2023,FRA
Alexandre Lacazette,9dbb75ca,frFRA,FW,Lyon,31.0,1991.0,2022-2023,FRA
Qazim Laçi,eb0db257,alALB,MF,Ajaccio,26.0,1996.0,2022-2023,FRA
Alban Lafont,4e7db402,ciCIV,GK,Nantes,23.0,1999.0,2022-2023,FRA
Kenny Lala,770d7eb8,mgMAD,DF,Brest,30.0,1991.0,2022-2023,FRA
Mohamed Lamine Bayo,01870104,gnGUI,FW,Lille,24.0,1998.0,2022-2023,FRA
Julien Laporte,f066022d,frFRA,DF,Lorient,28.0,1993.0,2022-2023,FRA
Yasser Larouci,0ed063d6,dzALG,"MF,DF",Troyes,21.0,2001.0,2022-2023,FRA
Armand Lauriente,2d22cea7,frFRA,"MF,FW",Lorient,23.0,1998.0,2022-2023,FRA
Théo Le Bris,afe39ca8,frFRA,"MF,DF",Lorient,19.0,2002.0,2022-2023,FRA
Julien Le Cardinal,547a72ad,frFRA,"MF,DF",Lens,24.0,1997.0,2022-2023,FRA
Jérémy Le Douaron,88c4d190,frFRA,"MF,FW",Brest,24.0,1998.0,2022-2023,FRA
Enzo Le Fée,6f806d99,frFRA,MF,Lorient,22.0,2000.0,2022-2023,FRA
Vincent Le Goff,2321ea6e,frFRA,DF,Lorient,32.0,1989.0,2022-2023,FRA
Maxime Le Marchand,321a71a7,frFRA,DF,Strasbourg,32.0,1989.0,2022-2023,FRA
Paolo Lebas,5bf26efc,frFRA,MF,Ajaccio,19.0,2003.0,2022-2023,FRA
Jean-Louis Leca,edbe46dc,frFRA,GK,Lens,36.0,1985.0,2022-2023,FRA
Benjamin Lecomte,2fa2a875,frFRA,GK,Montpellier,31.0,1991.0,2022-2023,FRA
Pierre Lees-Melou,f5044e54,frFRA,MF,Brest,29.0,1993.0,2022-2023,FRA
Félix Lemaréchal,8ca9415f,frFRA,MF,Brest,18.0,2003.0,2022-2023,FRA
Mario Lemina,2b471f99,gaGAB,MF,Nice,28.0,1993.0,2022-2023,FRA
Donovan Léon,51c83a90,gfGUF,GK,Auxerre,29.0,1992.0,2022-2023,FRA
Johann Lepenant,1e52971c,frFRA,MF,Lyon,19.0,2002.0,2022-2023,FRA
Benjamin Leroy,1e7aea56,frFRA,GK,Ajaccio,33.0,1989.0,2022-2023,FRA
Léo Leroy,fcc84a07,frFRA,MF,Montpellier,22.0,2000.0,2022-2023,FRA
Alexandre Letellier,96fcd380,frFRA,GK,Paris Saint-Germain,31.0,1990.0,2022-2023,FRA
Ruan Levine,17e25e72,brBRA,FW,Ajaccio,23.0,1999.0,2022-2023,FRA
Dimitri Liénard,f7691f63,frFRA,"MF,DF",Strasbourg,34.0,1988.0,2022-2023,FRA
Mateusz Lis,fd78b105,plPOL,GK,Troyes,25.0,1997.0,2022-2023,FRA
Bradley Locko,40221fa7,frFRA,"MF,DF",Reims,20.0,2002.0,2022-2023,FRA
Bradley Locko,40221fa7,frFRA,DF,Brest,20.0,2002.0,2022-2023,FRA
Anthony Lopes,f00de885,ptPOR,GK,Lyon,31.0,1990.0,2022-2023,FRA
Rony Lopes,7c2965bb,ptPOR,"MF,FW",Troyes,26.0,1995.0,2022-2023,FRA
Pau López,20b9f052,esESP,GK,Marseille,27.0,1994.0,2022-2023,FRA
Dion Lopy,64c14d49,snSEN,MF,Reims,20.0,2002.0,2022-2023,FRA
Jordan Lotomba,fc4cf6a7,chSUI,"DF,MF",Nice,23.0,1998.0,2022-2023,FRA
Dejan Lovren,1a2935f6,hrCRO,DF,Lyon,33.0,1989.0,2022-2023,FRA
Jean Lucas,a99138af,brBRA,MF,Monaco,24.0,1998.0,2022-2023,FRA
Castello Lukeba,5b9512c5,frFRA,DF,Lyon,19.0,2002.0,2022-2023,FRA
Youssouf M'Changama,e05082d1,kmCOM,MF,Auxerre,31.0,1990.0,2022-2023,FRA
Deiver Machado,b3f8bdef,coCOL,MF,Lens,28.0,1993.0,2022-2023,FRA
Soungoutou Magassa,dfc5d4fa,frFRA,MF,Monaco,18.0,2003.0,2022-2023,FRA
Hugo Magnetti,d4d35152,frFRA,MF,Brest,24.0,1998.0,2022-2023,FRA
Yohann Magnin,caa7aaea,frFRA,MF,Clermont Foot,25.0,1997.0,2022-2023,FRA
Lovro Majer,fc46aab1,hrCRO,MF,Rennes,24.0,1998.0,2022-2023,FRA
Jean-Victor Makengo,22bfb57e,frFRA,MF,Lorient,24.0,1998.0,2022-2023,FRA
Béni Makouana,654f49ca,cgCGO,MF,Montpellier,19.0,2002.0,2022-2023,FRA
Ruslan Malinovskyi,48d5bd33,uaUKR,"MF,FW",Marseille,29.0,1993.0,2022-2023,FRA
Hianga Mananga Mbock,0f86995c,frFRA,MF,Brest,22.0,1999.0,2022-2023,FRA
Steve Mandanda,1d2d5cc8,frFRA,GK,Rennes,37.0,1985.0,2022-2023,FRA
Thomas Mangani,c801616a,frFRA,MF,Ajaccio,35.0,1987.0,2022-2023,FRA
Vito Mannone,c4173f1a,itITA,GK,Lorient,34.0,1988.0,2022-2023,FRA
Myziane Maolida,706a60e1,kmCOM,MF,Reims,23.0,1999.0,2022-2023,FRA
Faitout Maouassa,e54a9890,frFRA,"MF,DF",Montpellier,24.0,1998.0,2022-2023,FRA
Vincent Marchetti,740f00ac,frFRA,MF,Ajaccio,25.0,1997.0,2022-2023,FRA
Guillermo Maripán,d9764034,clCHI,DF,Monaco,28.0,1994.0,2022-2023,FRA
Marquinhos,d5f2f82b,brBRA,DF,Paris Saint-Germain,28.0,1994.0,2022-2023,FRA
Jonas Martin,468fdbad,frFRA,MF,Lille,32.0,1990.0,2022-2023,FRA
Gelson Martins,3ef0fa48,ptPOR,MF,Monaco,27.0,1995.0,2022-2023,FRA
Han-Noah Massengo,eba1e557,frFRA,MF,Auxerre,21.0,2001.0,2022-2023,FRA
Yanis Massolin,6ea05ca7,frFRA,MF,Clermont Foot,19.0,2002.0,2022-2023,FRA
Eliot Matazo,15944afd,beBEL,MF,Monaco,20.0,2002.0,2022-2023,FRA
Chrislain Matsima,cf1ef7ec,frFRA,DF,Lorient,20.0,2002.0,2022-2023,FRA
Chrislain Matsima,cf1ef7ec,frFRA,DF,Monaco,20.0,2002.0,2022-2023,FRA
Jean Mattéo Bahoya,70d4c949,frFRA,FW,Angers,17.0,2005.0,2022-2023,FRA
Azor Matusiwa,a17a94d6,nlNED,MF,Reims,24.0,1998.0,2022-2023,FRA
Aïman Maurer,87d31635,maMAR,MF,Clermont Foot,17.0,2004.0,2022-2023,FRA
Stephy Mavididi,30144daa,engENG,"MF,FW",Montpellier,24.0,1998.0,2022-2023,FRA
Christian Mawissa,2c70d915,frFRA,DF,Toulouse,17.0,2005.0,2022-2023,FRA
Fernand Mayembo,b20cc590,cgCGO,DF,Ajaccio,26.0,1996.0,2022-2023,FRA
Derek Mazou-Sacko,810edef9,frFRA,MF,Troyes,17.0,2004.0,2022-2023,FRA
Kylian Mbappé,42fd9c7f,frFRA,FW,Paris Saint-Germain,23.0,1998.0,2022-2023,FRA
Chancel Mbemba,e76cb9cc,cdCOD,DF,Marseille,27.0,1994.0,2022-2023,FRA
Jason Mbock,890bc029,frFRA,FW,Angers,22.0,1999.0,2022-2023,FRA
Nathanael Mbuku,46750e9c,cdCOD,MF,Reims,20.0,2002.0,2022-2023,FRA
Facundo Medina,6f5ec8bb,arARG,DF,Lens,23.0,1999.0,2022-2023,FRA
Bamo Meïté,04ac78d2,ciCIV,DF,Lorient,20.0,2001.0,2022-2023,FRA
Farid El Melali,d21e361a,dzALG,"DF,MF",Angers,25.0,1997.0,2022-2023,FRA
Birger Meling,70c52749,noNOR,DF,Rennes,27.0,1994.0,2022-2023,FRA
Nuno Mendes,f20e4cc9,ptPOR,"MF,DF",Paris Saint-Germain,20.0,2002.0,2022-2023,FRA
Pedro Mendes,6690ef25,ptPOR,DF,Montpellier,31.0,1990.0,2022-2023,FRA
Thiago Mendes,c6e5d20f,brBRA,"MF,DF",Lyon,30.0,1992.0,2022-2023,FRA
Antoine Mendy,3322e296,snSEN,"DF,MF",Nice,18.0,2004.0,2022-2023,FRA
Arial Mendy,9f0f4b49,snSEN,MF,Clermont Foot,27.0,1994.0,2022-2023,FRA
Batista Mendy,e472a6f6,frFRA,"MF,DF",Angers,22.0,2000.0,2022-2023,FRA
Gideon Mensah,9bdd8118,ghGHA,"DF,MF",Auxerre,24.0,1998.0,2022-2023,FRA
Quentin Merlin,0bfca6a1,frFRA,"DF,MF",Nantes,20.0,2002.0,2022-2023,FRA
Lionel Messi,d70ce98e,arARG,"FW,MF",Paris Saint-Germain,35.0,1987.0,2022-2023,FRA
Amine Messoussa,f29131b5,dzALG,FW,Lille,17.0,2004.0,2022-2023,FRA
Arkadiusz Milik,85613cf0,plPOL,FW,Marseille,28.0,1994.0,2022-2023,FRA
Takumi Minamino,f833a830,jpJPN,"MF,FW",Monaco,27.0,1995.0,2022-2023,FRA
Terem Moffi,065dc209,ngNGA,FW,Nice,23.0,1999.0,2022-2023,FRA
Terem Moffi,065dc209,ngNGA,FW,Lorient,23.0,1999.0,2022-2023,FRA
Mostafa Mohamed,595e6f3e,egEGY,FW,Nantes,24.0,1997.0,2022-2023,FRA
Florent Mollet,7e82a78f,frFRA,MF,Nantes,30.0,1991.0,2022-2023,FRA
Marlos Moreno,8499c713,coCOL,"FW,MF",Troyes,25.0,1996.0,2022-2023,FRA
Lebo Mothiba,3eaf8817,zaRSA,FW,Strasbourg,26.0,1996.0,2022-2023,FRA
Steve Mounié,19ba6c6d,bjBEN,FW,Brest,27.0,1994.0,2022-2023,FRA
Bevic Moussiti-Oko,71d10572,cgCGO,FW,Ajaccio,27.0,1995.0,2022-2023,FRA
Samuel Moutoussamy,af0c835b,cdCOD,MF,Nantes,25.0,1996.0,2022-2023,FRA
François Mughe,7af655fe,cmCMR,FW,Marseille,18.0,2004.0,2022-2023,FRA
Nordi Mukiele,ac73ec79,frFRA,"MF,DF",Paris Saint-Germain,24.0,1997.0,2022-2023,FRA
Marshall Munetsi,2acf0cd7,zwZIM,MF,Reims,26.0,1996.0,2022-2023,FRA
Yvon Mvogo,dc29b608,chSUI,GK,Lorient,28.0,1994.0,2022-2023,FRA
Nathan N'Goumou,e110ea4b,cmCMR,MF,Toulouse,22.0,2000.0,2022-2023,FRA
Youssouf Ndayishimiye,65c55288,biBDI,"DF,MF",Nice,23.0,1998.0,2022-2023,FRA
Papa Ndiaga Yade,87e9c7cd,mrMTN,"MF,DF",Troyes,22.0,2000.0,2022-2023,FRA
Neymar,69384e5d,brBRA,"MF,FW",Paris Saint-Germain,30.0,1992.0,2022-2023,FRA
Ibrahima Niane,46faabfa,snSEN,FW,Angers,23.0,1999.0,2022-2023,FRA
M'Baye Niang,2054d037,snSEN,FW,Auxerre,27.0,1994.0,2022-2023,FRA
Rasmus Nicolaisen,3f319bb9,dkDEN,DF,Toulouse,25.0,1997.0,2022-2023,FRA
Arnaud Nordin,7b9a9e25,frFRA,"MF,FW",Montpellier,24.0,1998.0,2022-2023,FRA
Riad Nouri,374fbf7d,frFRA,MF,Ajaccio,37.0,1985.0,2022-2023,FRA
Alexander Nübel,afb0c500,deGER,GK,Monaco,25.0,1996.0,2022-2023,FRA
Gerzino Nyamsi,6043997c,cmCMR,DF,Strasbourg,25.0,1997.0,2022-2023,FRA
Wilson Odobert,35516eac,frFRA,MF,Troyes,17.0,2004.0,2022-2023,FRA
Florent Ogier,6993927b,frFRA,DF,Clermont Foot,33.0,1989.0,2022-2023,FRA
Warmed Omari,4534a352,kmCOM,DF,Rennes,22.0,2000.0,2022-2023,FRA
Jonas Omlin,c631f952,chSUI,GK,Montpellier,28.0,1994.0,2022-2023,FRA
Ado Onaiwu,ff4df82e,jpJPN,"FW,MF",Toulouse,26.0,1995.0,2022-2023,FRA
Jean Onana,b5bb8188,cmCMR,"MF,DF",Lens,22.0,2000.0,2022-2023,FRA
Loïs Openda,8652a85c,beBEL,FW,Lens,22.0,2000.0,2022-2023,FRA
Dango Ouattara,2f9e4435,bfBFA,"MF,FW",Lorient,20.0,2002.0,2022-2023,FRA
Zinédine Ould Khaled,6b4436ba,frFRA,MF,Angers,22.0,2000.0,2022-2023,FRA
Azzedine Ounahi,83299cc0,maMAR,MF,Marseille,22.0,2000.0,2022-2023,FRA
Azzedine Ounahi,83299cc0,maMAR,MF,Angers,22.0,2000.0,2022-2023,FRA
Adam Ounas,ed90babd,dzALG,MF,Lille,25.0,1996.0,2022-2023,FRA
Ante Palaversa,cd9b37a3,hrCRO,MF,Troyes,22.0,2000.0,2022-2023,FRA
Nicolas Pallois,779847d6,frFRA,DF,Nantes,34.0,1987.0,2022-2023,FRA
Erik Palmer-Brown,e5c1e0ca,usUSA,DF,Troyes,25.0,1997.0,2022-2023,FRA
Lucas Paquetá,9b6f7fd5,brBRA,MF,Lyon,24.0,1997.0,2022-2023,FRA
Leandro Paredes,dff153a4,arARG,MF,Paris Saint-Germain,28.0,1994.0,2022-2023,FRA
Dimitri Payet,58ae47b2,frFRA,MF,Marseille,35.0,1987.0,2022-2023,FRA
Théo Pellenard,97fb4608,frFRA,DF,Auxerre,28.0,1994.0,2022-2023,FRA
Timothee Pembele,f8ce97ca,frFRA,"MF,DF",Paris Saint-Germain,19.0,2002.0,2022-2023,FRA
Patrick Pentz,0810b6df,atAUT,GK,Reims,25.0,1997.0,2022-2023,FRA
Nicolas Pépé,57e3f0c7,ciCIV,"FW,MF",Nice,27.0,1995.0,2022-2023,FRA
Brayann Pereira,5c42e7ce,frFRA,DF,Auxerre,19.0,2003.0,2022-2023,FRA
Danilo Pereira,8fd9996f,ptPOR,"DF,MF",Paris Saint-Germain,30.0,1991.0,2022-2023,FRA
Mathias Pereira Lage,8846a40f,ptPOR,"MF,FW",Brest,25.0,1996.0,2022-2023,FRA
Gaëtan Perrin,10dd88f9,frFRA,"MF,FW",Auxerre,26.0,1996.0,2022-2023,FRA
Lucas Perrin,49070d66,frFRA,DF,Strasbourg,23.0,1998.0,2022-2023,FRA
Ronaël Pierre-Gabriel,64ba07c0,frFRA,"MF,DF",Strasbourg,24.0,1998.0,2022-2023,FRA
Julien Ponceau,e546b2e3,frFRA,MF,Lorient,21.0,2000.0,2022-2023,FRA
Łukasz Poręba,be98f358,plPOL,MF,Lens,22.0,2000.0,2022-2023,FRA
Jackson Porozo,7d704e92,ecECU,DF,Troyes,21.0,2000.0,2022-2023,FRA
Sanjin Prcić,51c30111,baBIH,MF,Strasbourg,28.0,1993.0,2022-2023,FRA
Mehdi Puch-Herrantz,7be7c08b,frFRA,MF,Ajaccio,18.0,2004.0,2022-2023,FRA
Ghjuvanni Quilichini,1b729a98,frFRA,GK,Ajaccio,19.0,2002.0,2022-2023,FRA
Ionuț Radu,67f649be,roROU,GK,Auxerre,25.0,1997.0,2022-2023,FRA
Simon Ramet,ed8cecc9,frFRA,MF,Lille,19.0,2003.0,2022-2023,FRA
Adil Rami,8dbff17c,frFRA,DF,Troyes,36.0,1985.0,2022-2023,FRA
Sergio Ramos,08511d65,esESP,DF,Paris Saint-Germain,36.0,1986.0,2022-2023,FRA
Aaron Ramsey,ef619b0b,wlsWAL,MF,Nice,31.0,1990.0,2022-2023,FRA
Lilian Raolisoa,79a793b7,frFRA,"DF,MF",Angers,22.0,2000.0,2022-2023,FRA
Elba Rashani,25749008,xkKVX,MF,Clermont Foot,29.0,1993.0,2022-2023,FRA
Rafael Ratão,40ef7347,brBRA,"FW,MF",Toulouse,26.0,1995.0,2022-2023,FRA
Rayan Raveloson,fb3236a7,mgMAD,"DF,MF",Auxerre,25.0,1997.0,2022-2023,FRA
Jeff Reine-Adélaïde,d504b3e1,frFRA,MF,Troyes,24.0,1998.0,2022-2023,FRA
Jeff Reine-Adélaïde,d504b3e1,frFRA,MF,Lyon,24.0,1998.0,2022-2023,FRA
Alexsandro Ribeiro,102c9665,brBRA,DF,Lille,22.0,1999.0,2022-2023,FRA
Rémy Riou,7f41ee30,frFRA,GK,Lyon,34.0,1987.0,2022-2023,FRA
Renaud Ripart,beae3a73,frFRA,"FW,MF",Troyes,29.0,1993.0,2022-2023,FRA
Joe Rodon,8d62d31a,wlsWAL,DF,Rennes,24.0,1997.0,2022-2023,FRA
Valentin Rongier,ed45c4a5,frFRA,MF,Marseille,27.0,1994.0,2022-2023,FRA
Pablo Rosario,1a6b7ea4,doDOM,"MF,DF",Nice,25.0,1997.0,2022-2023,FRA
Anthony Rouault,9b545925,frFRA,DF,Toulouse,21.0,2001.0,2022-2023,FRA
Kays Ruiz,90a9cc01,frFRA,MF,Auxerre,19.0,2002.0,2022-2023,FRA
Fabián Ruiz Peña,c0c7ff58,esESP,MF,Paris Saint-Germain,26.0,1996.0,2022-2023,FRA
Halid Šabanović,8299e363,baBIH,"DF,MF",Angers,22.0,1999.0,2022-2023,FRA
Falaye Sacko,6388e356,mlMLI,DF,Montpellier,27.0,1995.0,2022-2023,FRA
Wesley Saïd,90fcf472,frFRA,FW,Lens,27.0,1995.0,2022-2023,FRA
Théo Sainte-Luce,93c942fb,frFRA,DF,Montpellier,23.0,1998.0,2022-2023,FRA
Hamza Sakhi,c9151d66,frFRA,MF,Auxerre,26.0,1996.0,2022-2023,FRA
Mamadou Sakho,87935cf3,frFRA,DF,Montpellier,32.0,1990.0,2022-2023,FRA
Ibrahim Salah,cad3fd4d,maMAR,FW,Rennes,20.0,2001.0,2022-2023,FRA
Amine Salama,bc7cc472,frFRA,"FW,MF",Angers,22.0,2000.0,2022-2023,FRA
Yoann Salmier,c3725db2,gfGUF,DF,Troyes,29.0,1992.0,2022-2023,FRA
Mama Samba Baldé,fb14aa28,gwGNB,"FW,MF",Troyes,26.0,1995.0,2022-2023,FRA
Brice Samba,60d90c55,frFRA,GK,Lens,28.0,1994.0,2022-2023,FRA
Renato Sanches,032f894e,ptPOR,MF,Paris Saint-Germain,24.0,1997.0,2022-2023,FRA
Alexis Sánchez,2c0f8e9e,clCHI,"FW,MF",Marseille,33.0,1988.0,2022-2023,FRA
Morgan Sanson,6e7f1353,frFRA,MF,Strasbourg,27.0,1994.0,2022-2023,FRA
Baptiste Santamaria,5e22e2a4,frFRA,MF,Rennes,27.0,1995.0,2022-2023,FRA
Pablo Sarabia,9744ff80,esESP,"FW,MF",Paris Saint-Germain,30.0,1992.0,2022-2023,FRA
Amin Sarr,d5326924,seSWE,FW,Lyon,21.0,2001.0,2022-2023,FRA
Malang Sarr,4315f30d,frFRA,DF,Monaco,23.0,1999.0,2022-2023,FRA
Mamadou Sarr,61f80c89,snSEN,DF,Lyon,16.0,2005.0,2022-2023,FRA
Téji Savanier,6bde367b,frFRA,MF,Montpellier,30.0,1991.0,2022-2023,FRA
Kasper Schmeichel,53af52f3,dkDEN,GK,Nice,35.0,1986.0,2022-2023,FRA
Alidu Seidu,cea59f02,ghGHA,DF,Clermont Foot,22.0,2000.0,2022-2023,FRA
Matz Sels,834b5c4c,beBEL,GK,Strasbourg,30.0,1992.0,2022-2023,FRA
Marvin Senaya,1d383c10,tgTOG,"DF,MF",Strasbourg,21.0,2001.0,2022-2023,FRA
Kaj Sierhuis,9c2b1f11,nlNED,FW,Reims,24.0,1998.0,2022-2023,FRA
Vincent Sierro,92ffb8f9,chSUI,MF,Toulouse,26.0,1995.0,2022-2023,FRA
Caio Henrique Oliveira Silva,30af8b93,brBRA,DF,Monaco,25.0,1997.0,2022-2023,FRA
Abdallah Sima,fdbde523,snSEN,FW,Angers,21.0,2001.0,2022-2023,FRA
Moses Simon,5f3eaaf5,ngNGA,"MF,FW",Nantes,27.0,1995.0,2022-2023,FRA
Lassine Sinayoko,5e5249c8,mlMLI,"MF,FW",Auxerre,22.0,1999.0,2022-2023,FRA
Ibrahima Sissoko,0f8418aa,mlMLI,MF,Strasbourg,24.0,1997.0,2022-2023,FRA
Moussa Sissoko,2acd49b9,frFRA,MF,Nantes,32.0,1989.0,2022-2023,FRA
Naatan Skyttä,d7547531,fiFIN,MF,Toulouse,20.0,2002.0,2022-2023,FRA
Islam Slimani,ffec9769,dzALG,FW,Brest,34.0,1988.0,2022-2023,FRA
Eduard Sobol,2ccd89a3,uaUKR,"MF,DF",Strasbourg,27.0,1995.0,2022-2023,FRA
Carlos Soler,fed17f5a,esESP,MF,Paris Saint-Germain,25.0,1997.0,2022-2023,FRA
François-Joseph Sollacaro,f19f32b1,frFRA,GK,Ajaccio,28.0,1994.0,2022-2023,FRA
Florian Sotoca,7a42d0df,frFRA,"MF,FW",Lens,31.0,1990.0,2022-2023,FRA
Moussa Soumano,86a49468,frFRA,FW,Ajaccio,17.0,2005.0,2022-2023,FRA
Arnaud Souquet,4e0afc5d,frFRA,DF,Montpellier,30.0,1992.0,2022-2023,FRA
Kevin Spadanuda,a45a5d95,chSUI,MF,Ajaccio,25.0,1997.0,2022-2023,FRA
Djed Spence,9bc9a519,engENG,DF,Rennes,21.0,2000.0,2022-2023,FRA
Stijn Spierings,a08985b8,nlNED,MF,Toulouse,26.0,1996.0,2022-2023,FRA
Calvin Stengs,8f7e6783,nlNED,"MF,FW",Nice,23.0,1998.0,2022-2023,FRA
Tony Strata,4ca4f263,roROU,MF,Ajaccio,17.0,2004.0,2022-2023,FRA
Gabriel Suazo,39b326ed,clCHI,DF,Toulouse,24.0,1997.0,2022-2023,FRA
Kamaldeen Sulemana,a62f8bf1,ghGHA,"MF,FW",Rennes,20.0,2002.0,2022-2023,FRA
Yuito Suzuki,c25a7a2a,jpJPN,"FW,MF",Strasbourg,20.0,2001.0,2022-2023,FRA
Issiaga Sylla,b99bec05,gnGUI,DF,Montpellier,28.0,1994.0,2022-2023,FRA
Issiaga Sylla,b99bec05,gnGUI,DF,Toulouse,28.0,1994.0,2022-2023,FRA
Nicolás Tagliafico,f0661424,arARG,"DF,MF",Lyon,29.0,1992.0,2022-2023,FRA
Waniss Taibi,95192fe4,frFRA,MF,Angers,20.0,2002.0,2022-2023,FRA
Flavien Tait,a0f9b535,frFRA,MF,Rennes,29.0,1993.0,2022-2023,FRA
Montassar Talbi,a4a44eb0,tnTUN,DF,Lorient,24.0,1998.0,2022-2023,FRA
Thibault Tamas,4a0c6555,frFRA,DF,Montpellier,21.0,2001.0,2022-2023,FRA
Florian Tardieu,ed39121c,frFRA,MF,Troyes,30.0,1992.0,2022-2023,FRA
Nuno Tavares,a65c844b,ptPOR,MF,Marseille,22.0,2000.0,2022-2023,FRA
Enzo Tchato,7f783431,cmCMR,DF,Montpellier,19.0,2002.0,2022-2023,FRA
Martin Terrier,5148dcc5,frFRA,"MF,FW",Rennes,25.0,1997.0,2022-2023,FRA
Tetê,7120a04d,brBRA,"FW,MF",Lyon,22.0,2000.0,2022-2023,FRA
Arthur Theate,df8d6029,beBEL,DF,Rennes,22.0,2000.0,2022-2023,FRA
Sada Thioub,f4bc42b1,snSEN,"DF,MF",Angers,27.0,1995.0,2022-2023,FRA
Adrien Thomasson,c76b7567,frFRA,"MF,FW",Strasbourg,28.0,1993.0,2022-2023,FRA
Adrien Thomasson,c76b7567,frFRA,"MF,FW",Lens,28.0,1993.0,2022-2023,FRA
Khéphren Thuram,7d9397f8,frFRA,MF,Nice,21.0,2001.0,2022-2023,FRA
Alexis Tibidi,ca6f4846,frFRA,MF,Troyes,18.0,2003.0,2022-2023,FRA
Jean-Clair Todibo,88f130ed,frFRA,DF,Nice,22.0,1999.0,2022-2023,FRA
Karl Toko Ekambi,5ceba7fc,cmCMR,"MF,FW",Rennes,29.0,1992.0,2022-2023,FRA
Karl Toko Ekambi,5ceba7fc,cmCMR,"FW,MF",Lyon,29.0,1992.0,2022-2023,FRA
Corentin Tolisso,652d4c37,frFRA,MF,Lyon,27.0,1994.0,2022-2023,FRA
Birama Touré,a4b798a9,mlMLI,MF,Auxerre,30.0,1992.0,2022-2023,FRA
Mo Touré,8ac64b4e,auAUS,FW,Reims,18.0,2004.0,2022-2023,FRA
Souleymane Touré,01fd01e8,frFRA,DF,Marseille,19.0,2003.0,2022-2023,FRA
Souleymane Touré,01fd01e8,frFRA,DF,Auxerre,19.0,2003.0,2022-2023,FRA
Yoann Touzghar,4e47507a,tnTUN,FW,Ajaccio,35.0,1986.0,2022-2023,FRA
Charles Traore,de488e56,mlMLI,DF,Nantes,30.0,1992.0,2022-2023,FRA
Hamari Traoré,a4b1028a,mlMLI,DF,Rennes,30.0,1992.0,2022-2023,FRA
Théo Trinker,7a3f8712,frFRA,MF,Nice,21.0,2001.0,2022-2023,FRA
Adrien Truffert,5d0e0a1f,frFRA,DF,Rennes,20.0,2001.0,2022-2023,FRA
Theocharis Tsingaras,906baf89,grGRE,MF,Toulouse,21.0,2000.0,2022-2023,FRA
Ike Ugbo,8a53d24b,caCAN,"FW,MF",Troyes,23.0,1998.0,2022-2023,FRA
Lesley Ugochukwu,1df4a109,frFRA,MF,Rennes,18.0,2004.0,2022-2023,FRA
Cengiz Ünder,1880614f,trTUR,MF,Marseille,25.0,1997.0,2022-2023,FRA
Jere Uronen,d75f3980,fiFIN,DF,Brest,28.0,1994.0,2022-2023,FRA
Yan Valery,531a4aa8,tnTUN,DF,Angers,23.0,1999.0,2022-2023,FRA
Vanderson,ee45fd85,brBRA,"DF,MF",Monaco,21.0,2001.0,2022-2023,FRA
Jordan Veretout,4a56052c,frFRA,MF,Marseille,29.0,1993.0,2022-2023,FRA
Marco Verratti,1467af0d,itITA,MF,Paris Saint-Germain,29.0,1992.0,2022-2023,FRA
João Victor,d60cf08d,brBRA,DF,Nantes,24.0,1998.0,2022-2023,FRA
Clément Vidal,b2791a55,frFRA,DF,Ajaccio,22.0,2000.0,2022-2023,FRA
Alan Virginius,01becd60,frFRA,FW,Lille,19.0,2003.0,2022-2023,FRA
Mattia Viti,75438a9a,itITA,DF,Nice,20.0,2002.0,2022-2023,FRA
Vitinha,74d4cec6,ptPOR,FW,Marseille,22.0,2000.0,2022-2023,FRA
Vitinha,3b029691,ptPOR,MF,Paris Saint-Germain,22.0,2000.0,2022-2023,FRA
Kevin Volland,64f69877,deGER,"FW,MF",Monaco,30.0,1992.0,2022-2023,FRA
Elye Wahi,0d7b6576,frFRA,FW,Montpellier,19.0,2003.0,2022-2023,FRA
Timothy Weah,8eec784d,usUSA,"DF,MF",Lille,22.0,2000.0,2022-2023,FRA
Mateusz Wieteska,3ecc8c5f,plPOL,DF,Clermont Foot,25.0,1997.0,2022-2023,FRA
Christopher Wooh,b003239d,cmCMR,DF,Rennes,20.0,2001.0,2022-2023,FRA
Christopher Wooh,b003239d,cmCMR,DF,Lens,20.0,2001.0,2022-2023,FRA
Xeka,f3600c02,ptPOR,MF,Rennes,27.0,1994.0,2022-2023,FRA
Yusuf Yazıcı,f5c8b425,trTUR,MF,Lille,25.0,1997.0,2022-2023,FRA
Darlin Yongwa,061266cd,cmCMR,"MF,DF",Lorient,21.0,2000.0,2022-2023,FRA
Leny Yoro,6763f716,frFRA,"DF,MF",Lille,16.0,2005.0,2022-2023,FRA
Mohamed Youssouf,1a85bcdb,kmCOM,DF,Ajaccio,34.0,1988.0,2022-2023,FRA
Warren Zaïre-Emery,6b9960cf,frFRA,MF,Paris Saint-Germain,16.0,2006.0,2022-2023,FRA
Oliver Zandén,72d4922b,seSWE,MF,Toulouse,20.0,2001.0,2022-2023,FRA
Akim Zedadka,0ff630d0,dzALG,"MF,DF",Auxerre,27.0,1995.0,2022-2023,FRA
Akim Zedadka,0ff630d0,dzALG,"DF,MF",Lille,27.0,1995.0,2022-2023,FRA
Mehdi Zeffane,c8c02ac7,dzALG,"MF,DF",Clermont Foot,30.0,1992.0,2022-2023,FRA
Arber Zeneli,095e4199,xkKVX,"MF,FW",Reims,27.0,1995.0,2022-2023,FRA
Nathan Zeze,fb4c5b6e,frFRA,DF,Nantes,17.0,2005.0,2022-2023,FRA
Edon Zhegrova,34a88e3e,xkKVX,MF,Lille,23.0,1999.0,2022-2023,FRA
Tanguy Zoukrou,aefa3050,frFRA,DF,Troyes,19.0,2003.0,2022-2023,FRA
