player,player_id,nationality,position,squad,age,birth_year,season,league
Antonio Adán,65d62814,esESP,GK,Atlético Madrid,31.0,1987.0,2018-2019,ESP
Aday,5890cef1,esESP,"MF,DF",Girona,30.0,1987.0,2018-2019,ESP
Aritz Aduriz,293211e1,esESP,FW,Athletic Club,37.0,1981.0,2018-2019,ESP
Luis Advíncula,cacadf4f,pePER,"DF,MF",Rayo Vallecano,28.0,1990.0,2018-2019,ESP
Martin Agirregabiria,355c883a,esESP,"DF,MF",Alavés,22.0,1996.0,2018-2019,ESP
Juan Aguilera,18dc8533,esESP,MF,Huesca,32.0,1985.0,2018-2019,ESP
Carlos Akapo,f2a68b97,gqEQG,"DF,MF",Huesca,25.0,1993.0,2018-2019,ESP
Sergio Akieme,06efa9dc,esESP,DF,Rayo Vallecano,20.0,1997.0,2018-2019,ESP
Jordi Alba,4601e194,esESP,DF,Barcelona,29.0,1989.0,2018-2019,ESP
Pedro Alcalá,ba71d071,esESP,DF,Girona,29.0,1989.0,2018-2019,ESP
Rubén Alcaraz,036bba5f,esESP,MF,Valladolid,27.0,1991.0,2018-2019,ESP
Álex Alegría,46166b49,esESP,FW,Rayo Vallecano,25.0,1992.0,2018-2019,ESP
Iván Alejo,3d7e48ce,esESP,MF,Getafe,23.0,1995.0,2018-2019,ESP
Carles Aleñá,6c811eb7,esESP,MF,Barcelona,20.0,1998.0,2018-2019,ESP
Alexander,3e1858af,arARG,MF,Leganés,29.0,1988.0,2018-2019,ESP
Júnior Alonso,b18a3023,pyPAR,"MF,DF",Celta Vigo,25.0,1993.0,2018-2019,ESP
Sergio Álvarez,88d91621,esESP,"MF,DF",Eibar,26.0,1992.0,2018-2019,ESP
Sergio Álvarez,8875b8c9,esESP,GK,Celta Vigo,31.0,1986.0,2018-2019,ESP
Yeray Álvarez,3ecc11d8,esESP,DF,Athletic Club,23.0,1995.0,2018-2019,ESP
Ibrahim Amadou,9260926b,frFRA,"MF,DF",Sevilla,25.0,1993.0,2018-2019,ESP
Jordi Amat,d70a2141,idIDN,DF,Rayo Vallecano,26.0,1992.0,2018-2019,ESP
Amath,f3b1d9a2,snSEN,MF,Getafe,22.0,1996.0,2018-2019,ESP
José Ángel,3024e383,esESP,DF,Eibar,28.0,1989.0,2018-2019,ESP
Miguel Ángel Moyá,011d8c56,esESP,GK,Real Sociedad,34.0,1984.0,2018-2019,ESP
Antoñito,dbe519cf,esESP,"DF,MF",Valladolid,30.0,1987.0,2018-2019,ESP
Vitorino Antunes,3e4f735d,ptPOR,"DF,MF",Getafe,31.0,1987.0,2018-2019,ESP
Anuar,c93231dc,maMAR,MF,Valladolid,23.0,1995.0,2018-2019,ESP
Emmanuel Apeh,a230ebcc,ngNGA,FW,Celta Vigo,21.0,1996.0,2018-2019,ESP
Mauro Arambarri,58afe001,uyURU,MF,Getafe,22.0,1995.0,2018-2019,ESP
Guilherme Arana,2b15a82a,brBRA,MF,Sevilla,21.0,1997.0,2018-2019,ESP
Néstor Araujo,27a013f7,mxMEX,DF,Celta Vigo,26.0,1991.0,2018-2019,ESP
Anaitz Arbilla,850c0a0d,esESP,DF,Eibar,31.0,1987.0,2018-2019,ESP
Santiago Arias,fdd60087,coCOL,DF,Atlético Madrid,26.0,1992.0,2018-2019,ESP
José Arnaiz,46e07328,esESP,"FW,MF",Leganés,23.0,1995.0,2018-2019,ESP
Sergio Asenjo,9f0ea33f,esESP,GK,Villarreal,29.0,1989.0,2018-2019,ESP
Marco Asensio,45af8a54,esESP,"FW,MF",Real Madrid,22.0,1996.0,2018-2019,ESP
Iago Aspas,7dcf86f6,esESP,"FW,MF",Celta Vigo,30.0,1987.0,2018-2019,ESP
Ezequiel Ávila,253a06b9,arARG,"FW,MF",Huesca,24.0,1994.0,2018-2019,ESP
Abdoulaye Ba,1f54ed90,snSEN,DF,Rayo Vallecano,27.0,1991.0,2018-2019,ESP
Carlos Bacca,09a9e921,coCOL,FW,Villarreal,31.0,1986.0,2018-2019,ESP
Gareth Bale,a58bb1e1,wlsWAL,"FW,MF",Real Madrid,29.0,1989.0,2018-2019,ESP
Mikel Balenziaga,1fe67e86,esESP,DF,Athletic Club,30.0,1988.0,2018-2019,ESP
Éver Banega,fa937f7a,arARG,MF,Sevilla,30.0,1988.0,2018-2019,ESP
Léo Baptistão,35f6db55,brBRA,"FW,MF",Espanyol,25.0,1992.0,2018-2019,ESP
Enis Bardhi,cac2537b,mkMKD,MF,Levante,23.0,1995.0,2018-2019,ESP
Antonio Barragán,487d9b09,esESP,"MF,DF",Real Betis,31.0,1987.0,2018-2019,ESP
Ander Barrenetxea,200e89e1,esESP,MF,Real Sociedad,16.0,2001.0,2018-2019,ESP
Marc Bartra,b742cc0d,esESP,DF,Real Betis,27.0,1991.0,2018-2019,ESP
Borja Bastón,8c44e37b,esESP,FW,Alavés,25.0,1992.0,2018-2019,ESP
Michy Batshuayi,2973d8ff,beBEL,FW,Valencia,24.0,1993.0,2018-2019,ESP
Jon Bautista,debc6b55,esESP,FW,Real Sociedad,23.0,1995.0,2018-2019,ESP
Bebé,d8712bf9,cvCPV,"MF,FW",Rayo Vallecano,28.0,1990.0,2018-2019,ESP
Bebé,d8712bf9,cvCPV,MF,Eibar,28.0,1990.0,2018-2019,ESP
Fran Beltrán,ed5c5fa3,esESP,MF,Celta Vigo,19.0,1999.0,2018-2019,ESP
Wissam Ben Yedder,942b4f90,frFRA,FW,Sevilla,27.0,1990.0,2018-2019,ESP
Karim Benzema,70d74ece,frFRA,FW,Real Madrid,30.0,1987.0,2018-2019,ESP
Yuri Berchiche,b6e50615,esESP,"DF,MF",Athletic Club,28.0,1990.0,2018-2019,ESP
Markel Bergara,04a65a8f,esESP,MF,Getafe,32.0,1986.0,2018-2019,ESP
Pedro Bigas,697295b1,esESP,DF,Eibar,27.0,1990.0,2018-2019,ESP
Alejandro Blanco,c4dce677,esESP,MF,Alavés,19.0,1998.0,2018-2019,ESP
Rubén Blanco,967f34d3,esESP,GK,Celta Vigo,23.0,1995.0,2018-2019,ESP
Pablo de Blasis,9ab48bde,arARG,"MF,DF",Eibar,30.0,1988.0,2018-2019,ESP
Emmanuel Boateng,2e23c66b,ghGHA,FW,Levante,22.0,1996.0,2018-2019,ESP
Kevin-Prince Boateng,f4ec4fd0,ghGHA,FW,Barcelona,31.0,1987.0,2018-2019,ESP
Daniele Bonera,13b0c150,itITA,DF,Villarreal,37.0,1981.0,2018-2019,ESP
Ryad Boudebouz,1001ae82,dzALG,MF,Celta Vigo,28.0,1990.0,2018-2019,ESP
Ryad Boudebouz,1001ae82,dzALG,"MF,FW",Real Betis,28.0,1990.0,2018-2019,ESP
Sofiane Boufal,b0c71810,maMAR,MF,Celta Vigo,24.0,1993.0,2018-2019,ESP
Yassine Bounou,f6798fc3,maMAR,GK,Girona,27.0,1991.0,2018-2019,ESP
Martin Braithwaite,fd771f95,dkDEN,FW,Leganés,27.0,1991.0,2018-2019,ESP
Darko Brašanac,4accb7e0,rsSRB,MF,Alavés,26.0,1992.0,2018-2019,ESP
Rajko Brežančić,1519a888,rsSRB,DF,Huesca,28.0,1989.0,2018-2019,ESP
Burgui,45e304c8,esESP,MF,Alavés,24.0,1993.0,2018-2019,ESP
Sergio Busquets,5ab0ea87,esESP,MF,Barcelona,30.0,1988.0,2018-2019,ESP
Unai Bustinza,f3112790,esESP,DF,Leganés,26.0,1992.0,2018-2019,ESP
Erick Cabaco,e7ab4179,uyURU,DF,Levante,23.0,1995.0,2018-2019,ESP
Gustavo Cabral,92b4a127,arARG,DF,Celta Vigo,32.0,1985.0,2018-2019,ESP
Leandro Cabrera,69cbc8b6,uyURU,DF,Getafe,27.0,1991.0,2018-2019,ESP
Jordi Calavera,bdef8cdb,esESP,DF,Eibar,22.0,1995.0,2018-2019,ESP
Fernando Calero,41b3069f,esESP,DF,Valladolid,22.0,1995.0,2018-2019,ESP
Jonathan Calleri,6922f806,arARG,FW,Alavés,24.0,1993.0,2018-2019,ESP
Juanjo Camacho,1a1609ab,esESP,MF,Huesca,37.0,1980.0,2018-2019,ESP
Sergio Camello,873619c6,esESP,FW,Atlético Madrid,17.0,2001.0,2018-2019,ESP
José Campaña,61220da2,esESP,MF,Levante,25.0,1993.0,2018-2019,ESP
Sergio Canales,a6de370d,esESP,MF,Real Betis,27.0,1991.0,2018-2019,ESP
Ander Capa,37f1cf47,esESP,DF,Athletic Club,26.0,1992.0,2018-2019,ESP
Marc Cardona,b92b456a,esESP,"FW,MF",Eibar,23.0,1995.0,2018-2019,ESP
Daniel Carriço,e1deea75,ptPOR,DF,Sevilla,29.0,1988.0,2018-2019,ESP
Guido Carrillo,8f898ba8,arARG,FW,Leganés,27.0,1991.0,2018-2019,ESP
Dani Carvajal,4958bfb2,esESP,DF,Real Madrid,26.0,1992.0,2018-2019,ESP
William Carvalho,dee86451,ptPOR,MF,Real Betis,26.0,1992.0,2018-2019,ESP
Casemiro,4d224fe8,brBRA,MF,Real Madrid,26.0,1992.0,2018-2019,ESP
Santiago Cáseres,958bba56,arARG,MF,Villarreal,21.0,1997.0,2018-2019,ESP
Catena,274ab13c,esESP,DF,Rayo Vallecano,23.0,1994.0,2018-2019,ESP
Santi Cazorla,e2e9c250,esESP,MF,Villarreal,33.0,1984.0,2018-2019,ESP
Dani Ceballos,c0617e2b,esESP,"MF,FW",Real Madrid,21.0,1996.0,2018-2019,ESP
Charles,c4b8bcf4,brBRA,FW,Eibar,34.0,1984.0,2018-2019,ESP
Chechu,e98f3a6a,esESP,DF,Rayo Vallecano,36.0,1982.0,2018-2019,ESP
Chema,7f203b54,esESP,DF,Levante,26.0,1992.0,2018-2019,ESP
Denis Cheryshev,0ac94a23,ruRUS,MF,Valencia,27.0,1990.0,2018-2019,ESP
Leandro Chichizola,8d957256,arARG,GK,Getafe,28.0,1990.0,2018-2019,ESP
Samuel Chukwueze,b8a642fc,ngNGA,"MF,FW",Villarreal,19.0,1999.0,2018-2019,ESP
Jasper Cillessen,04ac8285,nlNED,GK,Barcelona,29.0,1989.0,2018-2019,ESP
Coke,6d8f8441,esESP,"DF,MF",Levante,31.0,1987.0,2018-2019,ESP
Álex Collado,85dace26,esESP,MF,Barcelona,19.0,1999.0,2018-2019,ESP
Santi Comesaña,5ae499d0,esESP,MF,Rayo Vallecano,21.0,1996.0,2018-2019,ESP
Duje Čop,8b0b02c9,hrCRO,FW,Valladolid,28.0,1990.0,2018-2019,ESP
Francis Coquelin,a6951bf8,frFRA,MF,Valencia,27.0,1991.0,2018-2019,ESP
Iñigo Córdoba,49ea92be,esESP,MF,Athletic Club,21.0,1997.0,2018-2019,ESP
Ángel Correa,01eb744d,arARG,"MF,FW",Atlético Madrid,23.0,1995.0,2018-2019,ESP
Diego Costa,a190d597,esESP,FW,Atlético Madrid,29.0,1988.0,2018-2019,ESP
Jaume Costa,808d48f3,esESP,"DF,MF",Villarreal,30.0,1988.0,2018-2019,ESP
David Costas,545e2f01,esESP,DF,Celta Vigo,23.0,1995.0,2018-2019,ESP
Thibaut Courtois,1840e36d,beBEL,GK,Real Madrid,26.0,1992.0,2018-2019,ESP
Philippe Coutinho,0ef89a37,brBRA,"FW,MF",Barcelona,26.0,1992.0,2018-2019,ESP
Sebastián Cristóforo,3c05c659,uyURU,MF,Getafe,24.0,1993.0,2018-2019,ESP
Cucho,71b47ab9,coCOL,FW,Huesca,19.0,1999.0,2018-2019,ESP
Marc Cucurella,1daec722,esESP,"MF,DF",Eibar,20.0,1998.0,2018-2019,ESP
Iván Cuéllar,75751c99,esESP,GK,Leganés,34.0,1984.0,2018-2019,ESP
Sergi Darder,070a3904,esESP,MF,Espanyol,24.0,1993.0,2018-2019,ESP
Moisés Delgado,248c409d,esESP,"DF,MF",Valladolid,24.0,1994.0,2018-2019,ESP
Ousmane Dembélé,b19db005,frFRA,"FW,MF",Barcelona,21.0,1997.0,2018-2019,ESP
Franco Di Santo,549c6ba7,arARG,FW,Rayo Vallecano,29.0,1989.0,2018-2019,ESP
Mouctar Diakhaby,d2110326,gnGUI,DF,Valencia,21.0,1996.0,2018-2019,ESP
Brahim Díaz,407feb71,maMAR,FW,Real Madrid,18.0,1999.0,2018-2019,ESP
Javier Díaz,17a1299d,esESP,GK,Sevilla,21.0,1997.0,2018-2019,ESP
Adrián Diéguez,70438d35,esESP,DF,Huesca,22.0,1996.0,2018-2019,ESP
Stole Dimitrievski,fc70e345,mkMKD,GK,Rayo Vallecano,24.0,1993.0,2018-2019,ESP
Papakouli Diop,7329018e,snSEN,MF,Eibar,32.0,1986.0,2018-2019,ESP
Djené,a4971d84,tgTOG,DF,Getafe,26.0,1991.0,2018-2019,ESP
Marko Dmitrović,ac295d9e,rsSRB,GK,Eibar,26.0,1992.0,2018-2019,ESP
Jaume Doménech,c9cb972b,esESP,GK,Valencia,27.0,1990.0,2018-2019,ESP
Cheick Doukouré,e208bcc8,ciCIV,MF,Levante,25.0,1992.0,2018-2019,ESP
Seydou Doumbia,c49afee6,ciCIV,FW,Girona,30.0,1987.0,2018-2019,ESP
Óscar Duarte,aa0ac32d,crCRC,"DF,MF",Espanyol,29.0,1989.0,2018-2019,ESP
Rubén Duarte,1fe0492d,esESP,DF,Alavés,22.0,1995.0,2018-2019,ESP
Hugo Duro,37e103f8,esESP,"FW,MF",Getafe,18.0,1999.0,2018-2019,ESP
Raphael Dwamena,525f9bf4,ghGHA,FW,Levante,22.0,1995.0,2018-2019,ESP
Dennis Eckert,7f8fb807,deGER,FW,Celta Vigo,21.0,1997.0,2018-2019,ESP
Aritz Elustondo,f7dc2ae5,esESP,DF,Real Sociedad,24.0,1994.0,2018-2019,ESP
Gorka Elustondo,7b309e55,esESP,MF,Rayo Vallecano,31.0,1987.0,2018-2019,ESP
Rodrigo Ely,fd47b4f2,brBRA,DF,Alavés,24.0,1993.0,2018-2019,ESP
Adri Embarba,db8f0eba,esESP,"MF,FW",Rayo Vallecano,26.0,1992.0,2018-2019,ESP
Emerson,df8b52a5,brBRA,MF,Real Betis,19.0,1999.0,2018-2019,ESP
Youssef En-Nesyri,04e17fd5,maMAR,FW,Leganés,21.0,1997.0,2018-2019,ESP
Sergi Enrich,bb4b1242,esESP,FW,Eibar,28.0,1990.0,2018-2019,ESP
Javier Eraso,aec0fb6f,esESP,MF,Leganés,28.0,1990.0,2018-2019,ESP
Gonzalo Escalante,3f79a1c8,arARG,MF,Eibar,25.0,1993.0,2018-2019,ESP
Sergio Escudero,b0616e3d,esESP,"MF,DF",Sevilla,28.0,1989.0,2018-2019,ESP
Bernardo Espinosa,4242011c,coCOL,DF,Girona,29.0,1989.0,2018-2019,ESP
Beñat Etxebarria,b037bd4f,esESP,MF,Athletic Club,31.0,1987.0,2018-2019,ESP
Xabier Etxeita,4a895384,esESP,DF,Huesca,30.0,1987.0,2018-2019,ESP
Zouhair Feddal,89151b16,maMAR,DF,Real Betis,29.0,1989.0,2018-2019,ESP
Aitor Fernández,a01c3d54,esESP,GK,Levante,27.0,1991.0,2018-2019,ESP
Andrés Fernández,307fcd26,esESP,GK,Villarreal,31.0,1986.0,2018-2019,ESP
Borja Fernández,9127f9ce,esESP,"MF,DF",Valladolid,37.0,1981.0,2018-2019,ESP
Joaquín Fernández,b86a64b2,esESP,"DF,MF",Valladolid,22.0,1996.0,2018-2019,ESP
Valery Fernández,4acd733a,esESP,"MF,DF",Girona,18.0,1999.0,2018-2019,ESP
David Ferreiro,8970907e,esESP,MF,Huesca,30.0,1988.0,2018-2019,ESP
Facundo Ferreyra,b39a793e,arARG,FW,Espanyol,27.0,1991.0,2018-2019,ESP
Junior Firpo,24f59bb2,doDOM,"MF,DF",Real Betis,21.0,1996.0,2018-2019,ESP
Mathieu Flamini,148d4105,frFRA,MF,Getafe,34.0,1984.0,2018-2019,ESP
Pablo Fornals,82927de4,esESP,"MF,FW",Villarreal,22.0,1996.0,2018-2019,ESP
Dimitri Foulquier,45e17712,frFRA,"MF,DF",Getafe,25.0,1993.0,2018-2019,ESP
Javi Fuego,2e8fc160,esESP,MF,Villarreal,34.0,1984.0,2018-2019,ESP
Ramiro Funes Mori,89cbc961,arARG,"DF,MF",Villarreal,27.0,1991.0,2018-2019,ESP
Javi Galán,a4b00319,esESP,"DF,MF",Huesca,23.0,1994.0,2018-2019,ESP
Álex Gallar,36d5469c,esESP,MF,Huesca,26.0,1992.0,2018-2019,ESP
Enric Gallego,82e9b89d,esESP,FW,Huesca,31.0,1986.0,2018-2019,ESP
Álex Gálvez,960fb42d,esESP,DF,Rayo Vallecano,29.0,1989.0,2018-2019,ESP
Kévin Gameiro,42276181,frFRA,FW,Valencia,31.0,1987.0,2018-2019,ESP
Cristian Ganea,baf5665c,roROU,MF,Athletic Club,26.0,1992.0,2018-2019,ESP
Ezequiel Garay,ac3fb1be,arARG,DF,Valencia,31.0,1986.0,2018-2019,ESP
Borja Garcés,bc39454c,esESP,FW,Atlético Madrid,18.0,1999.0,2018-2019,ESP
Alberto García,17d9e354,esESP,GK,Rayo Vallecano,33.0,1985.0,2018-2019,ESP
Aleix García,a10361d2,esESP,MF,Girona,21.0,1997.0,2018-2019,ESP
Álvaro García,90bbd822,esESP,"MF,FW",Rayo Vallecano,25.0,1992.0,2018-2019,ESP
Borja García,e7f4603c,esESP,"MF,FW",Girona,27.0,1990.0,2018-2019,ESP
Dani García,240d3a0b,esESP,MF,Athletic Club,28.0,1990.0,2018-2019,ESP
Javi García,167c1bb0,esESP,"DF,MF",Real Betis,31.0,1987.0,2018-2019,ESP
Manu García,05a4465d,esESP,MF,Alavés,32.0,1986.0,2018-2019,ESP
Raúl García,b418dbd4,esESP,MF,Athletic Club,32.0,1986.0,2018-2019,ESP
Raúl García,1a317a1b,esESP,DF,Leganés,29.0,1989.0,2018-2019,ESP
Raúl García,1a317a1b,esESP,"DF,MF",Girona,29.0,1989.0,2018-2019,ESP
Sergio García,2bee98fd,esESP,"FW,MF",Espanyol,35.0,1983.0,2018-2019,ESP
Mario Gaspar,fb5d47b3,esESP,"DF,MF",Villarreal,27.0,1990.0,2018-2019,ESP
Bryan Gil,7b5ab7f2,esESP,"FW,MF",Sevilla,17.0,2001.0,2018-2019,ESP
Joris Gnagnon,1232e1dc,frFRA,DF,Sevilla,21.0,1997.0,2018-2019,ESP
Diego Godín,fc4f85b1,uyURU,DF,Atlético Madrid,32.0,1986.0,2018-2019,ESP
Ibai Gómez,9d2a3d5f,esESP,MF,Athletic Club,28.0,1989.0,2018-2019,ESP
Ibai Gómez,9d2a3d5f,esESP,"MF,FW",Alavés,28.0,1989.0,2018-2019,ESP
Maxi Gómez,4c2e9442,uyURU,FW,Celta Vigo,21.0,1996.0,2018-2019,ESP
Moi Gómez,5a626448,esESP,MF,Huesca,24.0,1994.0,2018-2019,ESP
Sergi Gómez,bc6f5f06,esESP,DF,Sevilla,26.0,1992.0,2018-2019,ESP
Maxime Gonalons,b8c1de25,frFRA,MF,Sevilla,29.0,1989.0,2018-2019,ESP
Álvaro González,42dcf26d,esESP,DF,Villarreal,28.0,1990.0,2018-2019,ESP
Bruno González,f11fe861,esESP,DF,Getafe,28.0,1990.0,2018-2019,ESP
Cristo González,896b5df2,esESP,"FW,MF",Real Madrid,20.0,1997.0,2018-2019,ESP
Andoni Gorosabel,6f5f82c0,esESP,"DF,MF",Real Sociedad,21.0,1996.0,2018-2019,ESP
Álex Granell,a25250f8,esESP,MF,Girona,29.0,1988.0,2018-2019,ESP
Esteban Granero,1b17ed86,esESP,MF,Espanyol,31.0,1987.0,2018-2019,ESP
Antoine Griezmann,df69b544,frFRA,FW,Atlético Madrid,27.0,1991.0,2018-2019,ESP
Andrés Guardado,ef322658,mxMEX,MF,Real Betis,31.0,1986.0,2018-2019,ESP
Sergi Guardiola,32974271,esESP,FW,Valladolid,27.0,1991.0,2018-2019,ESP
Sergi Guardiola,32974271,esESP,"FW,MF",Getafe,27.0,1991.0,2018-2019,ESP
Gonçalo Guedes,e6bc67d7,ptPOR,"MF,FW",Valencia,21.0,1996.0,2018-2019,ESP
Javi Guerra,aa386464,esESP,FW,Rayo Vallecano,36.0,1982.0,2018-2019,ESP
Francis Guerrero,59d53e8a,esESP,"MF,DF",Real Betis,22.0,1996.0,2018-2019,ESP
Ander Guevara,8e48dc61,esESP,MF,Real Sociedad,21.0,1997.0,2018-2019,ESP
John Guidetti,99bebd12,seSWE,FW,Alavés,26.0,1992.0,2018-2019,ESP
Gerard Gumbau,ac454a4f,esESP,MF,Leganés,23.0,1994.0,2018-2019,ESP
Serdar Gürler,8d2ad5c0,trTUR,MF,Huesca,26.0,1991.0,2018-2019,ESP
Gorka Guruzeta,6b5ea2f4,esESP,FW,Athletic Club,21.0,1996.0,2018-2019,ESP
Hacen,7c689c48,mrMTN,MF,Valladolid,20.0,1997.0,2018-2019,ESP
Munir El Haddadi,8696bc90,maMAR,FW,Barcelona,22.0,1995.0,2018-2019,ESP
Munir El Haddadi,8696bc90,maMAR,"FW,MF",Sevilla,22.0,1995.0,2018-2019,ESP
Uche Henry Agbo,98554bfd,ngNGA,MF,Rayo Vallecano,22.0,1995.0,2018-2019,ESP
Mario Hermoso,555f3a0b,esESP,DF,Espanyol,23.0,1995.0,2018-2019,ESP
Lucas Hernández,c3ee18ef,frFRA,DF,Atlético Madrid,22.0,1996.0,2018-2019,ESP
Theo Hernández,d4c9725f,frFRA,DF,Real Sociedad,20.0,1997.0,2018-2019,ESP
Yangel Herrera,5083a734,veVEN,"MF,DF",Huesca,20.0,1998.0,2018-2019,ESP
Iago Herrerín,9109185e,esESP,GK,Athletic Club,30.0,1988.0,2018-2019,ESP
Pablo Hervías,ba5a9545,esESP,MF,Valladolid,25.0,1993.0,2018-2019,ESP
Pablo Hervías,ba5a9545,esESP,MF,Eibar,25.0,1993.0,2018-2019,ESP
Andrew Hjulsager,2ef16f06,dkDEN,MF,Celta Vigo,23.0,1995.0,2018-2019,ESP
Wesley Hoedt,875898c7,nlNED,DF,Celta Vigo,24.0,1994.0,2018-2019,ESP
Robert Ibáñez,c7429db3,esESP,"FW,MF",Getafe,25.0,1993.0,2018-2019,ESP
Vicente Iborra,ad1ffcfd,esESP,MF,Villarreal,30.0,1988.0,2018-2019,ESP
Borja Iglesias,75645f0e,esESP,FW,Espanyol,25.0,1993.0,2018-2019,ESP
Asier Illarramendi,5ce0b5ba,esESP,MF,Real Sociedad,28.0,1990.0,2018-2019,ESP
Giannelli Imbula,b86fe156,cdCOD,MF,Rayo Vallecano,25.0,1992.0,2018-2019,ESP
Pablo Insua,4b5e7e90,esESP,DF,Huesca,24.0,1993.0,2018-2019,ESP
Takashi Inui,61bd33d0,jpJPN,"MF,FW",Alavés,30.0,1988.0,2018-2019,ESP
Takashi Inui,61bd33d0,jpJPN,MF,Real Betis,30.0,1988.0,2018-2019,ESP
Gorka Iraizoz,26f2473f,esESP,GK,Girona,37.0,1981.0,2018-2019,ESP
Carlos Isaac,3e5a168c,esESP,DF,Atlético Madrid,20.0,1998.0,2018-2019,ESP
Isco,a0b4bb3e,esESP,"MF,FW",Real Madrid,26.0,1992.0,2018-2019,ESP
Manuel Iturra,000b3da6,clCHI,MF,Villarreal,34.0,1984.0,2018-2019,ESP
Ander Iturraspe,6dce77a5,esESP,MF,Athletic Club,29.0,1989.0,2018-2019,ESP
Ivi,d2fa73e7,esESP,"FW,MF",Valladolid,24.0,1994.0,2018-2019,ESP
Adnan Januzaj,4737cebe,beBEL,"MF,FW",Real Sociedad,23.0,1995.0,2018-2019,ESP
Jason,9038c2a1,esESP,"MF,FW",Levante,24.0,1994.0,2018-2019,ESP
Mathias Jensen,0f134faf,dkDEN,MF,Celta Vigo,22.0,1996.0,2018-2019,ESP
Jesé,4a537185,esESP,"FW,MF",Real Betis,25.0,1993.0,2018-2019,ESP
Joaquín,4c5b14d2,esESP,"MF,FW",Real Betis,37.0,1981.0,2018-2019,ESP
Jony,244f57b9,esESP,"MF,FW",Alavés,27.0,1991.0,2018-2019,ESP
Joan Jordán,2a0c8ba4,esESP,MF,Eibar,24.0,1994.0,2018-2019,ESP
Willian José,d87e2cae,brBRA,FW,Real Sociedad,26.0,1991.0,2018-2019,ESP
Aleksandar Jovanović,129dd8e7,rsSRB,GK,Huesca,25.0,1992.0,2018-2019,ESP
Jozabed,9b337c7c,esESP,MF,Celta Vigo,27.0,1991.0,2018-2019,ESP
Miguel Juan Llambrich,d83f09ff,esESP,"DF,MF",Villarreal,22.0,1996.0,2018-2019,ESP
Juanfran,9ba48d64,esESP,"DF,MF",Leganés,29.0,1988.0,2018-2019,ESP
Juanfran,cfd8d664,esESP,DF,Atlético Madrid,33.0,1985.0,2018-2019,ESP
Juanmi,84399660,esESP,"FW,MF",Real Sociedad,25.0,1993.0,2018-2019,ESP
Juanpe,1633fc8a,esESP,DF,Girona,27.0,1991.0,2018-2019,ESP
Juanpi,d79afcfc,veVEN,"MF,FW",Huesca,24.0,1994.0,2018-2019,ESP
David Juncà,de7d40d6,esESP,"DF,MF",Celta Vigo,24.0,1993.0,2018-2019,ESP
Vinicius Júnior,7111d552,brBRA,"FW,MF",Real Madrid,18.0,2000.0,2018-2019,ESP
Gaël Kakuta,5b1bf5e3,cdCOD,"MF,FW",Rayo Vallecano,27.0,1991.0,2018-2019,ESP
Nikola Kalinić,d4931a5a,hrCRO,FW,Atlético Madrid,30.0,1988.0,2018-2019,ESP
Lee Kang-in,8455ad90,krKOR,"FW,MF",Valencia,17.0,2001.0,2018-2019,ESP
Wilfrid Kaptoum,d717630e,cmCMR,MF,Real Betis,22.0,1996.0,2018-2019,ESP
Keko,1512328c,esESP,MF,Valladolid,26.0,1991.0,2018-2019,ESP
Kiké,e897d8ba,esESP,FW,Eibar,28.0,1989.0,2018-2019,ESP
Simon Kjær,8b8a56ce,dkDEN,DF,Sevilla,29.0,1989.0,2018-2019,ESP
Kenan Kodro,e82d2807,baBIH,FW,Athletic Club,24.0,1993.0,2018-2019,ESP
Koke,55126f3b,esESP,MF,Atlético Madrid,26.0,1992.0,2018-2019,ESP
Geoffrey Kondogbia,cce181df,cfCTA,MF,Valencia,25.0,1993.0,2018-2019,ESP
Vasyl Kravets,29e48848,uaUKR,MF,Leganés,20.0,1997.0,2018-2019,ESP
Toni Kroos,6ce1f46f,deGER,MF,Real Madrid,28.0,1990.0,2018-2019,ESP
Víctor Laguardia,b7c99b9b,esESP,DF,Alavés,28.0,1989.0,2018-2019,ESP
Diego Lainez,bf12926c,mxMEX,"MF,FW",Real Betis,18.0,2000.0,2018-2019,ESP
Toni Lato,8e088e04,esESP,DF,Valencia,20.0,1997.0,2018-2019,ESP
Miguel Layún,ad6295d4,mxMEX,"MF,DF",Villarreal,30.0,1988.0,2018-2019,ESP
Robin Le Normand,9a64e67e,esESP,DF,Real Sociedad,21.0,1996.0,2018-2019,ESP
Wu Lei,e3fabb0a,cnCHN,"FW,MF",Espanyol,26.0,1991.0,2018-2019,ESP
Iñigo Lekue,59b7d823,esESP,"MF,DF",Athletic Club,25.0,1993.0,2018-2019,ESP
Thomas Lemar,4dbd0916,frFRA,MF,Atlético Madrid,22.0,1995.0,2018-2019,ESP
Clément Lenglet,4f28a6ff,frFRA,DF,Barcelona,23.0,1995.0,2018-2019,ESP
Pedro León,d66b9872,esESP,MF,Eibar,31.0,1986.0,2018-2019,ESP
Sergio León,0a0cc13c,esESP,"FW,MF",Real Betis,29.0,1989.0,2018-2019,ESP
Diego Llorente,bba30585,esESP,DF,Real Sociedad,24.0,1993.0,2018-2019,ESP
Marcos Llorente,02c15616,esESP,MF,Real Madrid,23.0,1995.0,2018-2019,ESP
Giovani Lo Celso,d7553721,arARG,"MF,FW",Real Betis,22.0,1996.0,2018-2019,ESP
Stanislav Lobotka,e1cbb531,skSVK,MF,Celta Vigo,23.0,1994.0,2018-2019,ESP
Samuele Longo,1163de29,itITA,FW,Huesca,26.0,1992.0,2018-2019,ESP
Álex López,f1887f53,esESP,MF,Espanyol,21.0,1997.0,2018-2019,ESP
David López,f03f284b,esESP,DF,Espanyol,28.0,1989.0,2018-2019,ESP
Diego López,73683fa9,esESP,GK,Espanyol,36.0,1981.0,2018-2019,ESP
Javi López,ffad706e,esESP,DF,Espanyol,32.0,1986.0,2018-2019,ESP
Lluis López,a685f013,esESP,DF,Espanyol,21.0,1997.0,2018-2019,ESP
Pedro López Muñoz,a60823a4,esESP,"DF,MF",Levante,34.0,1983.0,2018-2019,ESP
Pau López,20b9f052,esESP,GK,Real Betis,23.0,1994.0,2018-2019,ESP
Roberto López,2a8c9f98,esESP,"FW,MF",Real Sociedad,18.0,2000.0,2018-2019,ESP
Unai López,88050721,esESP,MF,Athletic Club,22.0,1995.0,2018-2019,ESP
Anthony Lozano,38699c72,hnHON,"FW,MF",Girona,25.0,1993.0,2018-2019,ESP
Filipe Luís,e4ed2628,brBRA,DF,Atlético Madrid,32.0,1985.0,2018-2019,ESP
José Luis Gayà,b05e2dbd,esESP,DF,Valencia,23.0,1995.0,2018-2019,ESP
José Luis Morales,4a478107,esESP,"FW,MF",Levante,31.0,1987.0,2018-2019,ESP
Luisinho,a7f00c8c,ptPOR,DF,Huesca,33.0,1985.0,2018-2019,ESP
Douglas Luiz,6f7d826d,brBRA,MF,Girona,20.0,1998.0,2018-2019,ESP
Antonio Luna,ed239245,esESP,"MF,DF",Levante,27.0,1991.0,2018-2019,ESP
Andriy Lunin,3061e1ec,uaUKR,GK,Leganés,19.0,1999.0,2018-2019,ESP
Nemanja Maksimović,00b28772,rsSRB,MF,Getafe,23.0,1995.0,2018-2019,ESP
Malcom,6853490f,brBRA,"FW,MF",Barcelona,21.0,1997.0,2018-2019,ESP
Hugo Mallo,cb574619,esESP,"DF,MF",Celta Vigo,27.0,1991.0,2018-2019,ESP
Aïssa Mandi,fbd6378b,dzALG,DF,Real Betis,26.0,1991.0,2018-2019,ESP
Martín Mantovani,4ffb647d,arARG,DF,Huesca,34.0,1984.0,2018-2019,ESP
Fran Manzanara,bbfaeda4,esESP,DF,Levante,21.0,1996.0,2018-2019,ESP
Marcelo,603116a7,brBRA,DF,Real Madrid,30.0,1988.0,2018-2019,ESP
Óscar de Marcos,9f323c71,esESP,"DF,MF",Athletic Club,29.0,1989.0,2018-2019,ESP
Miguel Marí,d70a3661,esESP,MF,Eibar,21.0,1997.0,2018-2019,ESP
José María Giménez,f0da930c,uyURU,DF,Atlético Madrid,23.0,1995.0,2018-2019,ESP
Mariano,5c4dc0ff,doDOM,FW,Real Madrid,24.0,1993.0,2018-2019,ESP
Adrián Marín,b7f2edff,esESP,DF,Alavés,21.0,1997.0,2018-2019,ESP
Guillermo Maripán,d9764034,clCHI,DF,Alavés,24.0,1994.0,2018-2019,ESP
Roger Martí,0ae4e09a,esESP,FW,Levante,27.0,1991.0,2018-2019,ESP
Iñigo Martínez,3fc45c73,esESP,DF,Athletic Club,27.0,1991.0,2018-2019,ESP
Gelson Martins,3ef0fa48,ptPOR,FW,Atlético Madrid,23.0,1995.0,2018-2019,ESP
Jordi Masip,8fae77ea,esESP,GK,Valladolid,29.0,1989.0,2018-2019,ESP
Jaime Mata,02319ad7,esESP,"FW,MF",Getafe,29.0,1988.0,2018-2019,ESP
Borja Mayoral,64e8ed6d,esESP,FW,Levante,21.0,1997.0,2018-2019,ESP
Róbert Mazáň,30672832,skSVK,DF,Celta Vigo,24.0,1994.0,2018-2019,ESP
Álvaro Medrán,31223bcf,esESP,MF,Rayo Vallecano,24.0,1994.0,2018-2019,ESP
Óscar Melendo,379652be,esESP,"MF,FW",Espanyol,20.0,1997.0,2018-2019,ESP
Gonzalo Melero,3902e91b,esESP,MF,Huesca,24.0,1994.0,2018-2019,ESP
Arthur Melo,48b3dd60,brBRA,MF,Barcelona,21.0,1996.0,2018-2019,ESP
Brais Méndez,c9e39d91,esESP,MF,Celta Vigo,21.0,1997.0,2018-2019,ESP
Gabriel Mercado,bf97c188,arARG,DF,Sevilla,31.0,1987.0,2018-2019,ESP
Mikel Merino,d080ed5e,esESP,MF,Real Sociedad,22.0,1996.0,2018-2019,ESP
Sabin Merino,1d5f96d9,esESP,FW,Leganés,26.0,1992.0,2018-2019,ESP
Martín Merquelanz,ddd5348b,esESP,MF,Real Sociedad,23.0,1995.0,2018-2019,ESP
Roque Mesa,7c4243d4,esESP,MF,Sevilla,29.0,1989.0,2018-2019,ESP
Lionel Messi,d70ce98e,arARG,FW,Barcelona,31.0,1987.0,2018-2019,ESP
Míchel,418f8f61,esESP,MF,Valladolid,30.0,1988.0,2018-2019,ESP
Miguel,6763373d,esESP,FW,Valladolid,18.0,1999.0,2018-2019,ESP
Pere Milla,335039a2,esESP,MF,Eibar,25.0,1992.0,2018-2019,ESP
Santi Mina,0b90bb97,esESP,FW,Valencia,22.0,1995.0,2018-2019,ESP
Ignasi Miquel,174f09a6,esESP,DF,Getafe,25.0,1992.0,2018-2019,ESP
Jorge Miramón,7f4c7c9f,esESP,"DF,MF",Huesca,29.0,1989.0,2018-2019,ESP
Luka Modrić,6025fab1,hrCRO,MF,Real Madrid,32.0,1985.0,2018-2019,ESP
Johan Mojica,608f2092,coCOL,"DF,MF",Girona,25.0,1992.0,2018-2019,ESP
Jorge Molina,43f71e77,esESP,FW,Getafe,36.0,1982.0,2018-2019,ESP
Victor Mollejo,23fffc06,esESP,"FW,MF",Atlético Madrid,17.0,2001.0,2018-2019,ESP
Javi Montero,3e96f3e7,esESP,DF,Atlético Madrid,19.0,1999.0,2018-2019,ESP
Emre Mor,0c3f7197,trTUR,"MF,FW",Celta Vigo,21.0,1997.0,2018-2019,ESP
Álvaro Morata,129af0db,esESP,FW,Atlético Madrid,25.0,1992.0,2018-2019,ESP
Álex Moreno,16e9d0ea,esESP,"DF,MF",Rayo Vallecano,25.0,1993.0,2018-2019,ESP
Gerard Moreno,81f0781e,esESP,FW,Villarreal,26.0,1992.0,2018-2019,ESP
Héctor Moreno,5d311e8d,mxMEX,DF,Real Sociedad,30.0,1988.0,2018-2019,ESP
Sergio Moreno,014b57f5,esESP,FW,Rayo Vallecano,19.0,1999.0,2018-2019,ESP
Manu Morlanes,a0255c67,esESP,MF,Villarreal,19.0,1999.0,2018-2019,ESP
Loren Morón,3aa4a3be,esESP,FW,Real Betis,24.0,1993.0,2018-2019,ESP
Toni Moya,9e098912,esESP,DF,Atlético Madrid,20.0,1998.0,2018-2019,ESP
Javi Moyano,933e8c8a,esESP,DF,Valladolid,32.0,1986.0,2018-2019,ESP
Iker Muniain,c05dfb74,esESP,MF,Athletic Club,25.0,1992.0,2018-2019,ESP
Marc Muniesa,4db76f57,esESP,"DF,MF",Girona,26.0,1992.0,2018-2019,ESP
Aihen Muñoz,228b0d9d,esESP,DF,Real Sociedad,20.0,1997.0,2018-2019,ESP
Ezequiel Muñoz,e4b8c5b6,arARG,DF,Leganés,27.0,1990.0,2018-2019,ESP
Joaquín Muñoz,e9fbcc21,esESP,"FW,MF",Atlético Madrid,19.0,1999.0,2018-2019,ESP
Luis Muriel,eb2fe5b6,coCOL,MF,Sevilla,27.0,1991.0,2018-2019,ESP
Jeison Murillo,b233e8e4,coCOL,DF,Barcelona,26.0,1992.0,2018-2019,ESP
Jeison Murillo,b233e8e4,coCOL,DF,Valencia,26.0,1992.0,2018-2019,ESP
Damián Musto,74e0a984,arARG,MF,Huesca,31.0,1987.0,2018-2019,ESP
Nacho,e29d1111,esESP,DF,Valladolid,29.0,1989.0,2018-2019,ESP
Nacho,2946f9a1,esESP,DF,Real Madrid,28.0,1990.0,2018-2019,ESP
Naldo,a2609621,brBRA,DF,Espanyol,29.0,1988.0,2018-2019,ESP
Ximo Navarro,8db394aa,esESP,DF,Alavés,28.0,1990.0,2018-2019,ESP
Jesús Navas,3f10bd22,esESP,"MF,DF",Sevilla,32.0,1985.0,2018-2019,ESP
Keylor Navas,ecada4fc,crCRC,GK,Real Madrid,31.0,1986.0,2018-2019,ESP
Raúl Navas,ad178594,esESP,DF,Real Sociedad,30.0,1988.0,2018-2019,ESP
Neto,a9dc785c,brBRA,GK,Valencia,29.0,1989.0,2018-2019,ESP
Saúl Ñíguez,c14bc029,esESP,"MF,DF",Atlético Madrid,23.0,1994.0,2018-2019,ESP
Peru Nolaskoain,857cb4f3,esESP,DF,Athletic Club,19.0,1998.0,2018-2019,ESP
Nolito,b2d0ec1b,esESP,FW,Sevilla,31.0,1986.0,2018-2019,ESP
Unai Núñez,be170419,esESP,DF,Athletic Club,21.0,1997.0,2018-2019,ESP
Allan Nyom,97572117,cmCMR,"DF,MF",Leganés,30.0,1988.0,2018-2019,ESP
Jan Oblak,ee8508c0,siSVN,GK,Atlético Madrid,25.0,1993.0,2018-2019,ESP
Álvaro Odriozola,1d1691ad,esESP,DF,Real Madrid,22.0,1995.0,2018-2019,ESP
Dani Ojeda,375a669e,esESP,MF,Leganés,23.0,1994.0,2018-2019,ESP
Lucas Olaza,4cee5954,uyURU,DF,Celta Vigo,24.0,1994.0,2018-2019,ESP
Oier Olazábal,b5bdf144,esESP,GK,Levante,28.0,1989.0,2018-2019,ESP
Kiko Olivas,72b07a9c,esESP,DF,Valladolid,29.0,1988.0,2018-2019,ESP
Paulo Oliveira,a8fbae1d,ptPOR,DF,Eibar,26.0,1992.0,2018-2019,ESP
Mathías Olivera,41c12f75,uyURU,"MF,DF",Getafe,20.0,1997.0,2018-2019,ESP
Kenneth Omeruo,0f0aa5b4,ngNGA,DF,Leganés,24.0,1993.0,2018-2019,ESP
Fabián Orellana,c90977db,clCHI,MF,Eibar,32.0,1986.0,2018-2019,ESP
Mikel Oyarzabal,8c3c640c,esESP,"MF,FW",Real Sociedad,21.0,1997.0,2018-2019,ESP
Fernando Pacheco,97852360,esESP,GK,Alavés,26.0,1992.0,2018-2019,ESP
Rubén Pardo,2306bfde,esESP,"MF,FW",Real Sociedad,25.0,1992.0,2018-2019,ESP
Daniel Parejo,7460ca0d,esESP,MF,Valencia,29.0,1989.0,2018-2019,ESP
Thomas Partey,529f49ab,ghGHA,MF,Atlético Madrid,25.0,1993.0,2018-2019,ESP
Gabriel Paulista,b7ca5c51,brBRA,DF,Valencia,27.0,1990.0,2018-2019,ESP
Alfonso Pedraza,63f04c6c,esESP,"MF,DF",Villarreal,22.0,1996.0,2018-2019,ESP
Adrià Pedrosa,112521d1,esESP,DF,Espanyol,20.0,1998.0,2018-2019,ESP
Rubén Peña,1f079188,esESP,DF,Eibar,27.0,1991.0,2018-2019,ESP
Carles Pérez,a8f21b9f,esESP,"FW,MF",Barcelona,20.0,1998.0,2018-2019,ESP
Hernán Pérez,e1cea3f7,pyPAR,"MF,FW",Espanyol,29.0,1989.0,2018-2019,ESP
Rubén Pérez,3c7bc9bd,esESP,MF,Leganés,29.0,1989.0,2018-2019,ESP
Pablo Piatti,48e89655,arARG,"FW,MF",Espanyol,29.0,1989.0,2018-2019,ESP
Cristiano Piccini,32c0491f,itITA,DF,Valencia,25.0,1992.0,2018-2019,ESP
Tomás Pina Isla,e54bd0a2,esESP,MF,Alavés,30.0,1987.0,2018-2019,ESP
Gerard Piqué,adfc9123,esESP,DF,Barcelona,31.0,1987.0,2018-2019,ESP
Carles Planas,72b92c4e,esESP,"MF,DF",Girona,27.0,1991.0,2018-2019,ESP
Óscar Plano,7c388b20,esESP,"MF,FW",Valladolid,27.0,1991.0,2018-2019,ESP
Stiven Plaza,f4b7f2ec,ecECU,FW,Valladolid,19.0,1999.0,2018-2019,ESP
Pere Pons,29b61deb,esESP,MF,Girona,25.0,1993.0,2018-2019,ESP
Pedro Porro,27d0a506,esESP,"MF,DF",Girona,18.0,1999.0,2018-2019,ESP
Francisco Portillo,8e010ff4,esESP,MF,Getafe,28.0,1990.0,2018-2019,ESP
Portu,1bda5842,esESP,"MF,FW",Girona,26.0,1992.0,2018-2019,ESP
Sergio Postigo,474ecac8,esESP,DF,Levante,29.0,1988.0,2018-2019,ESP
José Pozo,fc8b614b,esESP,MF,Rayo Vallecano,22.0,1996.0,2018-2019,ESP
Sanjin Prcić,51c30111,baBIH,MF,Levante,24.0,1993.0,2018-2019,ESP
Quincy Promes,b182a240,nlNED,"MF,FW",Sevilla,26.0,1992.0,2018-2019,ESP
Javi Puado,2683eda7,esESP,FW,Espanyol,20.0,1998.0,2018-2019,ESP
Riqui Puig,f090a37a,esESP,MF,Barcelona,18.0,1999.0,2018-2019,ESP
Jorge Pulido,978cd030,esESP,DF,Huesca,27.0,1991.0,2018-2019,ESP
Xavi Quintillà,84fb6aff,esESP,"DF,MF",Villarreal,21.0,1996.0,2018-2019,ESP
Dani Raba,ea6a7ab4,esESP,MF,Villarreal,22.0,1995.0,2018-2019,ESP
Rafinha,0c2ac3cb,brBRA,"FW,MF",Barcelona,25.0,1993.0,2018-2019,ESP
Ivan Rakitić,89f951b5,hrCRO,MF,Barcelona,30.0,1988.0,2018-2019,ESP
Jonás Ramalho,be3a0121,esESP,DF,Girona,25.0,1993.0,2018-2019,ESP
Sandro Ramírez,833fb62e,esESP,"MF,FW",Real Sociedad,23.0,1995.0,2018-2019,ESP
Iván Ramis,d2be40f2,esESP,DF,Eibar,33.0,1984.0,2018-2019,ESP
Chris Ramos,44e07fac,esESP,FW,Valladolid,21.0,1997.0,2018-2019,ESP
Sergio Ramos,08511d65,esESP,DF,Real Madrid,32.0,1986.0,2018-2019,ESP
Recio,54073b28,esESP,MF,Leganés,27.0,1991.0,2018-2019,ESP
Sergio Reguilón,3353737a,esESP,DF,Real Madrid,21.0,1996.0,2018-2019,ESP
Diego Reyes,d4f46475,mxMEX,DF,Leganés,25.0,1992.0,2018-2019,ESP
Mikel Rico,def69cd0,esESP,MF,Athletic Club,33.0,1984.0,2018-2019,ESP
Asier Riesgo,581c5276,esESP,GK,Eibar,34.0,1983.0,2018-2019,ESP
Cristian Rivera,8ef81d2d,esESP,MF,Huesca,21.0,1997.0,2018-2019,ESP
Rober,c00097d2,esESP,DF,Levante,23.0,1995.0,2018-2019,ESP
Sergi Roberto,335fa267,esESP,"DF,MF",Barcelona,26.0,1992.0,2018-2019,ESP
Patrick Roberts,59d93937,engENG,MF,Girona,21.0,1997.0,2018-2019,ESP
Joel Robles,cda0b317,esESP,GK,Real Betis,28.0,1990.0,2018-2019,ESP
Marc Roca,da27e268,esESP,MF,Espanyol,21.0,1996.0,2018-2019,ESP
Rubén Rochina,ecd8c01e,esESP,MF,Levante,27.0,1991.0,2018-2019,ESP
Rodri,6434f10d,esESP,MF,Atlético Madrid,22.0,1996.0,2018-2019,ESP
Rodrigo,1fb1c435,esESP,FW,Valencia,27.0,1991.0,2018-2019,ESP
Kévin Rodrigues,f1bed920,ptPOR,DF,Real Sociedad,24.0,1994.0,2018-2019,ESP
Ángel Rodríguez,8cfc2f69,esESP,FW,Getafe,31.0,1987.0,2018-2019,ESP
Óscar Rodríguez Arnaiz,19709006,esESP,MF,Leganés,20.0,1998.0,2018-2019,ESP
Marko Rog,b6b2b820,hrCRO,MF,Sevilla,23.0,1995.0,2018-2019,ESP
Diego Rolán,d1491e00,uyURU,MF,Leganés,25.0,1993.0,2018-2019,ESP
Diego Rolán,d1491e00,uyURU,"MF,FW",Alavés,25.0,1993.0,2018-2019,ESP
Facundo Roncaglia,51e3954c,arARG,DF,Valencia,31.0,1987.0,2018-2019,ESP
Facundo Roncaglia,51e3954c,arARG,DF,Celta Vigo,31.0,1987.0,2018-2019,ESP
Roberto Rosales,81069528,veVEN,DF,Espanyol,29.0,1988.0,2018-2019,ESP
Waldo Rubio,ccaa5728,esESP,"MF,FW",Valladolid,22.0,1995.0,2018-2019,ESP
Abel Ruiz,6cbf8d0d,esESP,FW,Barcelona,18.0,2000.0,2018-2019,ESP
Víctor Ruiz,b3dc6eca,esESP,DF,Villarreal,29.0,1989.0,2018-2019,ESP
Gerónimo Rulli,625c144a,arARG,GK,Real Sociedad,26.0,1992.0,2018-2019,ESP
Samuel Sáiz,13e0eb29,esESP,MF,Getafe,27.0,1991.0,2018-2019,ESP
Mikel San José,003a5c72,esESP,MF,Athletic Club,29.0,1989.0,2018-2019,ESP
Antonio Sanabria,0a447501,pyPAR,FW,Real Betis,22.0,1996.0,2018-2019,ESP
Javi Sánchez,60359288,esESP,DF,Real Madrid,21.0,1997.0,2018-2019,ESP
Víctor Sánchez,ad4d0985,esESP,MF,Espanyol,30.0,1987.0,2018-2019,ESP
Luca Sangalli,7958dc65,esESP,MF,Real Sociedad,23.0,1995.0,2018-2019,ESP
Nicola Sansone,7eb97a8e,itITA,"FW,MF",Villarreal,26.0,1991.0,2018-2019,ESP
Roberto Santamaría,bca21ef3,esESP,GK,Huesca,33.0,1985.0,2018-2019,ESP
Michael Santos,3cb6f224,uyURU,"FW,MF",Leganés,25.0,1993.0,2018-2019,ESP
Pablo Sarabia,9744ff80,esESP,MF,Sevilla,26.0,1992.0,2018-2019,ESP
Lluís Sastre,5f186f5c,esESP,MF,Huesca,32.0,1986.0,2018-2019,ESP
Stefan Savić,f6ac68c1,meMNE,DF,Atlético Madrid,27.0,1991.0,2018-2019,ESP
Alfa Semedo,07750704,gwGNB,MF,Espanyol,20.0,1997.0,2018-2019,ESP
Nélson Semedo,d04b94db,ptPOR,DF,Barcelona,24.0,1993.0,2018-2019,ESP
Rúben Semedo,c904f3d5,ptPOR,DF,Huesca,24.0,1994.0,2018-2019,ESP
Paik Seung-ho,1e1bea09,krKOR,MF,Girona,21.0,1997.0,2018-2019,ESP
Gaku Shibasaki,d2ac648c,jpJPN,MF,Getafe,26.0,1992.0,2018-2019,ESP
Sidnei,b14d0c5d,brBRA,DF,Real Betis,28.0,1989.0,2018-2019,ESP
André Silva,3effaa34,ptPOR,FW,Sevilla,22.0,1995.0,2018-2019,ESP
Jonathan Silva,f2308b33,arARG,"DF,MF",Leganés,24.0,1994.0,2018-2019,ESP
Moses Simon,5f3eaaf5,ngNGA,MF,Levante,23.0,1995.0,2018-2019,ESP
Unai Simón,5dcf3e90,esESP,GK,Athletic Club,21.0,1997.0,2018-2019,ESP
Dimitris Siovas,92d38e6c,grGRE,DF,Leganés,29.0,1988.0,2018-2019,ESP
Pione Sisto,fd9c4805,dkDEN,"MF,FW",Celta Vigo,23.0,1995.0,2018-2019,ESP
Antonio Sivera,9970da54,esESP,GK,Alavés,21.0,1996.0,2018-2019,ESP
Rubén Sobrino,19b776e9,esESP,"FW,MF",Alavés,26.0,1992.0,2018-2019,ESP
Rubén Sobrino,19b776e9,esESP,FW,Valencia,26.0,1992.0,2018-2019,ESP
Alex Sola,5fa714d5,esESP,DF,Real Sociedad,19.0,1999.0,2018-2019,ESP
Andrés Solano,c8764028,coCOL,DF,Atlético Madrid,20.0,1998.0,2018-2019,ESP
Carlos Soler,fed17f5a,esESP,MF,Valencia,21.0,1997.0,2018-2019,ESP
Kévin Soni,6435143e,cmCMR,FW,Girona,20.0,1998.0,2018-2019,ESP
David Soria,8f8c6934,esESP,GK,Getafe,25.0,1993.0,2018-2019,ESP
Juan Soriano,5512b1a9,esESP,GK,Sevilla,20.0,1997.0,2018-2019,ESP
Cristhian Stuani,220c11f1,uyURU,FW,Girona,31.0,1986.0,2018-2019,ESP
Damián Suárez,ba5004e1,uyURU,DF,Getafe,30.0,1988.0,2018-2019,ESP
Denis Suárez,12c50af5,esESP,MF,Barcelona,24.0,1994.0,2018-2019,ESP
Leonardo Suárez,25c72b36,arARG,"FW,MF",Valladolid,22.0,1996.0,2018-2019,ESP
Luis Suárez,a6154613,uyURU,FW,Barcelona,31.0,1987.0,2018-2019,ESP
Mario Suárez,7106f0a0,esESP,MF,Rayo Vallecano,31.0,1987.0,2018-2019,ESP
Markel Susaeta,6fd1ba62,esESP,"MF,FW",Athletic Club,30.0,1987.0,2018-2019,ESP
Rodrigo Tarín,a03c82b2,esESP,DF,Leganés,22.0,1996.0,2018-2019,ESP
Cristian Tello,72a99e38,esESP,MF,Real Betis,26.0,1991.0,2018-2019,ESP
Marc-André ter Stegen,6f51e382,deGER,GK,Barcelona,26.0,1992.0,2018-2019,ESP
David Timor,174651c8,esESP,MF,Girona,28.0,1989.0,2018-2019,ESP
Tito,7cefa219,esESP,"DF,MF",Rayo Vallecano,33.0,1985.0,2018-2019,ESP
Jean-Clair Todibo,88f130ed,frFRA,DF,Barcelona,18.0,1999.0,2018-2019,ESP
Karl Toko Ekambi,5ceba7fc,cmCMR,"FW,MF",Villarreal,25.0,1992.0,2018-2019,ESP
Raúl de Tomás,02ef8778,esESP,FW,Rayo Vallecano,23.0,1994.0,2018-2019,ESP
Toño,d4ef9ac5,esESP,"MF,DF",Levante,28.0,1989.0,2018-2019,ESP
Daniel Torres,87882adc,coCOL,MF,Alavés,28.0,1989.0,2018-2019,ESP
Ferrán Torres,9e1035f8,esESP,MF,Valencia,18.0,2000.0,2018-2019,ESP
Óscar Trejo,fc647b34,arARG,MF,Rayo Vallecano,30.0,1988.0,2018-2019,ESP
Manu Trigueros,963829d0,esESP,MF,Villarreal,26.0,1991.0,2018-2019,ESP
Patrick Twumasi,e3993b65,ghGHA,"FW,MF",Alavés,24.0,1994.0,2018-2019,ESP
Samuel Umtiti,3eed9821,frFRA,DF,Barcelona,24.0,1993.0,2018-2019,ESP
Enes Ünal,f8eca1b6,trTUR,FW,Valladolid,21.0,1997.0,2018-2019,ESP
Tomáš Vaclík,7b456af7,czCZE,GK,Sevilla,29.0,1989.0,2018-2019,ESP
Jesús Vallejo,c2111b45,esESP,DF,Real Madrid,21.0,1997.0,2018-2019,ESP
Federico Valverde,0959c2a2,uyURU,MF,Real Madrid,20.0,1998.0,2018-2019,ESP
Raphaël Varane,9f8e9423,frFRA,DF,Real Madrid,25.0,1993.0,2018-2019,ESP
Franco Vázquez,467bae22,arARG,MF,Sevilla,29.0,1989.0,2018-2019,ESP
Kevin Vázquez,ee923664,esESP,DF,Celta Vigo,25.0,1993.0,2018-2019,ESP
Lucas Vázquez,fd51b456,esESP,FW,Real Madrid,27.0,1991.0,2018-2019,ESP
Koke Vegas,bfb15d99,esESP,GK,Levante,22.0,1995.0,2018-2019,ESP
Emiliano Velázquez,5efb80d5,uyURU,DF,Rayo Vallecano,24.0,1994.0,2018-2019,ESP
Daniele Verde,d3298c99,itITA,"MF,FW",Valladolid,22.0,1996.0,2018-2019,ESP
Thomas Vermaelen,d0d79694,beBEL,DF,Barcelona,32.0,1985.0,2018-2019,ESP
Mikel Vesga,b0fce72c,esESP,MF,Leganés,25.0,1993.0,2018-2019,ESP
Rúben Vezo,c67cd65c,ptPOR,DF,Levante,24.0,1994.0,2018-2019,ESP
Rúben Vezo,c67cd65c,ptPOR,DF,Valencia,24.0,1994.0,2018-2019,ESP
Aleix Vidal,04965583,esESP,MF,Sevilla,28.0,1989.0,2018-2019,ESP
Arturo Vidal,67cdbc0e,clCHI,MF,Barcelona,31.0,1987.0,2018-2019,ESP
Carlos Vigaray,f69d934e,esESP,DF,Alavés,23.0,1994.0,2018-2019,ESP
Dídac Vilà,bad38a94,esESP,DF,Espanyol,29.0,1989.0,2018-2019,ESP
Toni Villa,636eae97,esESP,"MF,FW",Valladolid,23.0,1995.0,2018-2019,ESP
Vitolo,db750822,esESP,MF,Atlético Madrid,28.0,1989.0,2018-2019,ESP
Nikola Vukčević,4442fbcd,meMNE,MF,Levante,26.0,1991.0,2018-2019,ESP
Moussa Wagué,808df563,snSEN,"MF,DF",Barcelona,19.0,1998.0,2018-2019,ESP
Wakaso,999908af,ghGHA,MF,Alavés,28.0,1990.0,2018-2019,ESP
Daniel Wass,d83bbc54,dkDEN,"DF,MF",Valencia,29.0,1989.0,2018-2019,ESP
Axel Werner,c0b1a6da,arARG,GK,Huesca,22.0,1996.0,2018-2019,ESP
Iñaki Williams,6a99e0b1,ghGHA,"FW,MF",Athletic Club,24.0,1994.0,2018-2019,ESP
Maximilian Wöber,4b803b3c,atAUT,DF,Sevilla,20.0,1998.0,2018-2019,ESP
Yoel,61bb7498,esESP,GK,Valladolid,29.0,1988.0,2018-2019,ESP
Okay Yokuşlu,e49ce451,trTUR,MF,Celta Vigo,24.0,1994.0,2018-2019,ESP
Joseba Zaldúa,5ca20b7a,esESP,DF,Real Sociedad,26.0,1992.0,2018-2019,ESP
Nabil El Zhar,37f96552,maMAR,MF,Leganés,31.0,1986.0,2018-2019,ESP
Luca Zidane,c818c4d9,dzALG,GK,Real Madrid,20.0,1998.0,2018-2019,ESP
Igor Zubeldia,5c7845f6,esESP,MF,Real Sociedad,21.0,1997.0,2018-2019,ESP
Martín Zubimendi,3ee0dd59,esESP,MF,Real Sociedad,19.0,1999.0,2018-2019,ESP
David Zurutuza,d9bda115,esESP,MF,Real Sociedad,32.0,1986.0,2018-2019,ESP
Patrick van Aanholt,5f09991f,nlNED,DF,Crystal Palace,27.0,1990.0,2018-2019,EPL
Sergio Agüero,4d034881,arARG,FW,Manchester City,30.0,1988.0,2018-2019,EPL
Nathan Aké,eaeca114,nlNED,DF,Bournemouth,23.0,1995.0,2018-2019,EPL
Marc Albrighton,b827d5b3,engENG,"MF,FW",Leicester City,28.0,1989.0,2018-2019,EPL
Toby Alderweireld,f7d50789,beBEL,DF,Tottenham Hotspur,29.0,1989.0,2018-2019,EPL
Trent Alexander-Arnold,cd1acf9d,engENG,DF,Liverpool,19.0,1998.0,2018-2019,EPL
Alisson,7a2e46a8,brBRA,GK,Liverpool,25.0,1992.0,2018-2019,EPL
Dele Alli,cea4ee8f,engENG,"MF,FW",Tottenham Hotspur,22.0,1996.0,2018-2019,EPL
Miguel Almirón,862a1c15,pyPAR,"MF,FW",Newcastle United,24.0,1994.0,2018-2019,EPL
Marcos Alonso,f4290206,esESP,DF,Chelsea,27.0,1990.0,2018-2019,EPL
Daniel Amartey,1a4ef233,ghGHA,DF,Leicester City,23.0,1994.0,2018-2019,EPL
Luke Amos,77128f7e,engENG,MF,Tottenham Hotspur,21.0,1997.0,2018-2019,EPL
Felipe Anderson,9f1893b9,brBRA,MF,West Ham United,25.0,1993.0,2018-2019,EPL
Florin Andone,dc008610,roROU,FW,Brighton,25.0,1993.0,2018-2019,EPL
Michail Antonio,ac05f970,jmJAM,"MF,FW",West Ham United,28.0,1990.0,2018-2019,EPL
Stuart Armstrong,97333cf5,sctSCO,"MF,FW",Southampton,26.0,1992.0,2018-2019,EPL
Marko Arnautović,00459419,atAUT,FW,West Ham United,29.0,1989.0,2018-2019,EPL
Kepa Arrizabalaga,28d596a0,esESP,GK,Chelsea,23.0,1994.0,2018-2019,EPL
Harry Arter,2f4c5a52,ieIRL,MF,Cardiff City,28.0,1989.0,2018-2019,EPL
Christian Atsu,8816329f,ghGHA,MF,Newcastle United,26.0,1992.0,2018-2019,EPL
Pierre-Emerick Aubameyang,d5dd5f1f,gaGAB,"FW,MF",Arsenal,29.0,1989.0,2018-2019,EPL
Serge Aurier,5c2b4f07,ciCIV,"DF,MF",Tottenham Hotspur,25.0,1992.0,2018-2019,EPL
Charlie Austin,8d228291,engENG,FW,Southampton,29.0,1989.0,2018-2019,EPL
Jordan Ayew,da052c14,ghGHA,FW,Crystal Palace,26.0,1991.0,2018-2019,EPL
Floyd Ayité,fd5888a0,tgTOG,"MF,FW",Fulham,29.0,1988.0,2018-2019,EPL
César Azpilicueta,53cad200,esESP,DF,Chelsea,28.0,1989.0,2018-2019,EPL
Ryan Babel,6438d426,nlNED,"FW,MF",Fulham,31.0,1986.0,2018-2019,EPL
Juninho Bacuna,aaf1bf05,cwCUW,"MF,DF",Huddersfield Town,20.0,1997.0,2018-2019,EPL
Leandro Bacuna,9dc69d38,cwCUW,MF,Cardiff City,26.0,1991.0,2018-2019,EPL
Eric Bailly,a1232f4e,ciCIV,DF,Manchester Utd,24.0,1994.0,2018-2019,EPL
Leighton Baines,b18095b6,engENG,DF,Everton,33.0,1984.0,2018-2019,EPL
Fabián Balbuena,3626f7d9,pyPAR,DF,West Ham United,26.0,1991.0,2018-2019,EPL
Leon Balogun,78e68b4d,ngNGA,DF,Brighton,30.0,1988.0,2018-2019,EPL
Sol Bamba,5534217d,ciCIV,DF,Cardiff City,33.0,1985.0,2018-2019,EPL
Phil Bardsley,1ae30132,sctSCO,DF,Burnley,33.0,1985.0,2018-2019,EPL
Ross Barkley,3a24769f,engENG,MF,Chelsea,24.0,1993.0,2018-2019,EPL
Ashley Barnes,2691c772,engENG,FW,Burnley,28.0,1989.0,2018-2019,EPL
Harvey Barnes,3ea50f67,engENG,"MF,FW",Leicester City,20.0,1997.0,2018-2019,EPL
Antonio Barreca,6a189491,itITA,"DF,MF",Newcastle United,23.0,1995.0,2018-2019,EPL
Michy Batshuayi,2973d8ff,beBEL,FW,Crystal Palace,24.0,1993.0,2018-2019,EPL
Jan Bednarek,4115ce4e,plPOL,DF,Southampton,22.0,1996.0,2018-2019,EPL
Asmir Begović,7b4de647,baBIH,GK,Bournemouth,31.0,1987.0,2018-2019,EPL
Héctor Bellerín,f874dd44,esESP,"DF,MF",Arsenal,23.0,1995.0,2018-2019,EPL
Joe Bennett,dc936144,engENG,DF,Cardiff City,28.0,1990.0,2018-2019,EPL
Ryan Bennett,0bad4516,engENG,DF,Wolves,28.0,1990.0,2018-2019,EPL
Christian Benteke,ab070c55,beBEL,FW,Crystal Palace,27.0,1990.0,2018-2019,EPL
Jóhann Berg Guðmundsson,f72293fc,isISL,MF,Burnley,27.0,1990.0,2018-2019,EPL
Bernard,ab4b3e35,brBRA,MF,Everton,25.0,1992.0,2018-2019,EPL
Bernardo,17370b95,brBRA,DF,Brighton,23.0,1995.0,2018-2019,EPL
Ryan Bertrand,01226327,engENG,"DF,MF",Southampton,28.0,1989.0,2018-2019,EPL
Marcus Bettinelli,0d85a4e8,engENG,GK,Fulham,26.0,1992.0,2018-2019,EPL
Philip Billing,d328a254,dkDEN,MF,Huddersfield Town,22.0,1996.0,2018-2019,EPL
Yves Bissouma,6c203af0,mlMLI,MF,Brighton,21.0,1996.0,2018-2019,EPL
Willy Boly,a4ac4b8f,ciCIV,DF,Wolves,27.0,1991.0,2018-2019,EPL
Léo Bonatini,da23d58d,brBRA,FW,Wolves,24.0,1994.0,2018-2019,EPL
Gaëtan Bong,cfd5e123,cmCMR,DF,Brighton,30.0,1988.0,2018-2019,EPL
Artur Boruc,34ccf6fa,plPOL,GK,Bournemouth,38.0,1980.0,2018-2019,EPL
Robbie Brady,96bb8cc2,ieIRL,MF,Burnley,26.0,1992.0,2018-2019,EPL
Miguel Britos,356a9a62,uyURU,DF,Watford,33.0,1985.0,2018-2019,EPL
David Brooks,dc4cae05,wlsWAL,MF,Bournemouth,21.0,1997.0,2018-2019,EPL
Bruno,78803d03,esESP,DF,Brighton,37.0,1980.0,2018-2019,EPL
Joe Bryan,af69e7f0,engENG,"DF,MF",Fulham,24.0,1993.0,2018-2019,EPL
David Button,e608ed4c,engENG,GK,Brighton,29.0,1989.0,2018-2019,EPL
Willy Caballero,a179d516,arARG,GK,Chelsea,36.0,1981.0,2018-2019,EPL
Gary Cahill,7914b9fe,engENG,DF,Chelsea,32.0,1985.0,2018-2019,EPL
Tom Cairney,a8748947,sctSCO,"MF,FW",Fulham,27.0,1991.0,2018-2019,EPL
Dominic Calvert-Lewin,59e6e5bf,engENG,"FW,MF",Everton,21.0,1997.0,2018-2019,EPL
Rafael Camacho,91b43c98,ptPOR,"FW,MF",Liverpool,18.0,2000.0,2018-2019,EPL
Víctor Camarasa,b2d03887,esESP,MF,Cardiff City,24.0,1994.0,2018-2019,EPL
Étienne Capoue,5acc4a10,frFRA,MF,Watford,30.0,1988.0,2018-2019,EPL
Andy Carroll,b581987a,engENG,FW,West Ham United,29.0,1989.0,2018-2019,EPL
Jonny Castro,e28868f3,esESP,MF,Wolves,24.0,1994.0,2018-2019,EPL
Craig Cathcart,89e4b358,nirNIR,DF,Watford,29.0,1989.0,2018-2019,EPL
Ivan Cavaleiro,979b811d,ptPOR,"FW,MF",Wolves,24.0,1993.0,2018-2019,EPL
Petr Čech,71672fa0,czCZE,GK,Arsenal,36.0,1982.0,2018-2019,EPL
Nathaniel Chalobah,422862ea,engENG,MF,Watford,23.0,1994.0,2018-2019,EPL
Calum Chambers,dc6f5bdd,engENG,"MF,DF",Fulham,23.0,1995.0,2018-2019,EPL
Ben Chilwell,d2424d1b,engENG,DF,Leicester City,21.0,1996.0,2018-2019,EPL
Tahith Chong,2696b6a9,cwCUW,"FW,MF",Manchester Utd,18.0,1999.0,2018-2019,EPL
Hamza Choudhury,7d2d3329,bdBAN,MF,Leicester City,20.0,1997.0,2018-2019,EPL
Andreas Christensen,1cb49278,dkDEN,DF,Chelsea,22.0,1996.0,2018-2019,EPL
Cyrus Christie,7eb67dad,ieIRL,"MF,DF",Fulham,25.0,1992.0,2018-2019,EPL
Ibrahima Cissé,be4fede9,gnGUI,MF,Fulham,24.0,1994.0,2018-2019,EPL
Ciaran Clark,2b91cf8e,ieIRL,DF,Newcastle United,28.0,1989.0,2018-2019,EPL
Tom Cleverley,6cdd8245,engENG,MF,Watford,28.0,1989.0,2018-2019,EPL
Nathaniel Clyne,0442183b,engENG,DF,Bournemouth,27.0,1991.0,2018-2019,EPL
Nathaniel Clyne,0442183b,engENG,DF,Liverpool,27.0,1991.0,2018-2019,EPL
Conor Coady,2928dca2,engENG,DF,Wolves,25.0,1993.0,2018-2019,EPL
Joel Coleman,b73e459a,engENG,GK,Huddersfield Town,22.0,1995.0,2018-2019,EPL
Séamus Coleman,0420d84f,ieIRL,DF,Everton,29.0,1988.0,2018-2019,EPL
Lewis Cook,2afc7272,engENG,MF,Bournemouth,21.0,1997.0,2018-2019,EPL
Steve Cook,3e5e4e63,engENG,DF,Bournemouth,27.0,1991.0,2018-2019,EPL
Jack Cork,74e12f1e,engENG,MF,Burnley,29.0,1989.0,2018-2019,EPL
Hélder Costa,f13d02a6,aoANG,"MF,FW",Wolves,24.0,1994.0,2018-2019,EPL
Aaron Cresswell,4f974391,engENG,DF,West Ham United,28.0,1989.0,2018-2019,EPL
Peter Crouch,73d9bdc7,engENG,FW,Burnley,37.0,1981.0,2018-2019,EPL
Greg Cunningham,dc10b26c,ieIRL,DF,Cardiff City,27.0,1991.0,2018-2019,EPL
Diogo Dalot,d9565625,ptPOR,"DF,MF",Manchester Utd,19.0,1999.0,2018-2019,EPL
Matty Daly,03e48abb,engENG,MF,Huddersfield Town,17.0,2001.0,2018-2019,EPL
Loïc Damour,074d8166,frFRA,MF,Cardiff City,27.0,1991.0,2018-2019,EPL
Charlie Daniels,9d107085,engENG,"DF,MF",Bournemouth,31.0,1986.0,2018-2019,EPL
Danilo,94b2001f,brBRA,DF,Manchester City,27.0,1991.0,2018-2019,EPL
Scott Dann,52105203,engENG,DF,Crystal Palace,31.0,1987.0,2018-2019,EPL
Matteo Darmian,96e0490d,itITA,"DF,MF",Manchester Utd,28.0,1989.0,2018-2019,EPL
Ben Davies,44781702,wlsWAL,"DF,MF",Tottenham Hotspur,25.0,1993.0,2018-2019,EPL
Tom Davies,9228b07c,engENG,MF,Everton,20.0,1998.0,2018-2019,EPL
Steven Davis,cf15bbb1,nirNIR,MF,Southampton,33.0,1985.0,2018-2019,EPL
Kevin De Bruyne,e46012d4,beBEL,MF,Manchester City,27.0,1991.0,2018-2019,EPL
Bobby De Cordova-Reid,0f7533cd,jmJAM,"MF,FW",Cardiff City,25.0,1993.0,2018-2019,EPL
Troy Deeney,82e34b69,engENG,FW,Watford,30.0,1988.0,2018-2019,EPL
Jermain Defoe,f1e8372d,engENG,FW,Bournemouth,35.0,1982.0,2018-2019,EPL
Steven Defour,73489527,beBEL,MF,Burnley,30.0,1988.0,2018-2019,EPL
Fabian Delph,111c3236,engENG,DF,Manchester City,28.0,1989.0,2018-2019,EPL
Mousa Dembélé,f7ee69fb,beBEL,MF,Tottenham Hotspur,31.0,1987.0,2018-2019,EPL
Leander Dendoncker,5a7301ae,beBEL,MF,Wolves,23.0,1995.0,2018-2019,EPL
Laurent Depoitre,aa5859cb,beBEL,FW,Huddersfield Town,29.0,1988.0,2018-2019,EPL
Gerard Deulofeu,39583cfd,esESP,FW,Watford,24.0,1994.0,2018-2019,EPL
Fousseni Diabaté,d07e3b41,mlMLI,MF,Leicester City,22.0,1995.0,2018-2019,EPL
Adama Diakhaby,65585e3a,frFRA,"FW,MF",Huddersfield Town,22.0,1996.0,2018-2019,EPL
Mohamed Diamé,b7d082af,snSEN,MF,Newcastle United,31.0,1987.0,2018-2019,EPL
Grady Diangana,f522d7ec,cdCOD,MF,West Ham United,20.0,1998.0,2018-2019,EPL
Eric Dier,ac861941,engENG,MF,Tottenham Hotspur,24.0,1994.0,2018-2019,EPL
Lucas Digne,1b84dbe1,frFRA,DF,Everton,25.0,1993.0,2018-2019,EPL
Issa Diop,a712ca2b,frFRA,DF,West Ham United,21.0,1997.0,2018-2019,EPL
Matt Doherty,d557d734,ieIRL,MF,Wolves,26.0,1992.0,2018-2019,EPL
Abdoulaye Doucouré,02b29014,mlMLI,MF,Watford,25.0,1993.0,2018-2019,EPL
Luke Dreher,d1c509d9,engENG,MF,Crystal Palace,19.0,1998.0,2018-2019,EPL
Martin Dúbravka,3a949a25,skSVK,GK,Newcastle United,29.0,1989.0,2018-2019,EPL
Shane Duffy,7314bba4,ieIRL,DF,Brighton,26.0,1992.0,2018-2019,EPL
Demeaco Duhaney,5ef608f7,engENG,DF,Huddersfield Town,19.0,1998.0,2018-2019,EPL
Paul Dummett,3fe6bd8c,wlsWAL,DF,Newcastle United,26.0,1991.0,2018-2019,EPL
Lewis Dunk,282f75f3,engENG,DF,Brighton,26.0,1991.0,2018-2019,EPL
Erik Durm,cf623c78,deGER,"DF,MF",Huddersfield Town,26.0,1992.0,2018-2019,EPL
Bruno Ecuele Manga,72a0fb65,gaGAB,DF,Cardiff City,30.0,1988.0,2018-2019,EPL
Ederson,3bb7b8b4,brBRA,GK,Manchester City,24.0,1993.0,2018-2019,EPL
Harvey Elliott,b9e1436c,engENG,"FW,MF",Fulham,15.0,2003.0,2018-2019,EPL
Mohamed Elneny,47a34c4f,egEGY,MF,Arsenal,26.0,1992.0,2018-2019,EPL
Mohamed Elyounoussi,68dc0dac,noNOR,MF,Southampton,23.0,1994.0,2018-2019,EPL
Christian Eriksen,980522ec,dkDEN,"MF,FW",Tottenham Hotspur,26.0,1992.0,2018-2019,EPL
Neil Etheridge,2642bf6c,phPHI,GK,Cardiff City,28.0,1990.0,2018-2019,EPL
Jonny Evans,f8fcd2a5,nirNIR,DF,Leicester City,30.0,1988.0,2018-2019,EPL
Łukasz Fabiański,9328b835,plPOL,GK,West Ham United,33.0,1985.0,2018-2019,EPL
Fabinho,7f3b388c,brBRA,MF,Liverpool,24.0,1993.0,2018-2019,EPL
Cesc Fàbregas,33508c78,esESP,MF,Chelsea,31.0,1987.0,2018-2019,EPL
Fabricio,af245161,esESP,GK,Fulham,30.0,1987.0,2018-2019,EPL
Marouane Fellaini,87575fd9,beBEL,MF,Manchester Utd,30.0,1987.0,2018-2019,EPL
Kiko Femenía,e5d01ecf,esESP,DF,Watford,27.0,1991.0,2018-2019,EPL
Federico Fernández,f25b010f,arARG,DF,Newcastle United,29.0,1989.0,2018-2019,EPL
Fernandinho,101da2b5,brBRA,MF,Manchester City,33.0,1985.0,2018-2019,EPL
Roberto Firmino,4c370d81,brBRA,"FW,MF",Liverpool,26.0,1991.0,2018-2019,EPL
Phil Foden,ed1e53f3,engENG,MF,Manchester City,18.0,2000.0,2018-2019,EPL
Fraser Forster,c3e39f12,engENG,GK,Southampton,30.0,1988.0,2018-2019,EPL
Ben Foster,d0b3ceb9,engENG,GK,Watford,35.0,1983.0,2018-2019,EPL
Timothy Fosu-Mensah,a9142dc3,nlNED,DF,Fulham,20.0,1998.0,2018-2019,EPL
Juan Foyth,6c7762c3,arARG,DF,Tottenham Hotspur,20.0,1998.0,2018-2019,EPL
Simon Francis,1e0b6a73,engENG,DF,Bournemouth,33.0,1985.0,2018-2019,EPL
Ryan Fraser,d56543a0,sctSCO,MF,Bournemouth,24.0,1994.0,2018-2019,EPL
Fred,b853e0ad,brBRA,MF,Manchester Utd,25.0,1993.0,2018-2019,EPL
Ryan Fredericks,c067631c,engENG,DF,West Ham United,25.0,1992.0,2018-2019,EPL
Christian Fuchs,a67a09fb,atAUT,DF,Leicester City,32.0,1986.0,2018-2019,EPL
Manolo Gabbiadini,8f866fe8,itITA,"MF,FW",Southampton,26.0,1991.0,2018-2019,EPL
Sam Gallagher,44361ade,engENG,"FW,MF",Southampton,22.0,1995.0,2018-2019,EPL
Idrissa Gana Gueye,72c812f3,snSEN,MF,Everton,28.0,1989.0,2018-2019,EPL
James Garner,4e015693,engENG,MF,Manchester Utd,17.0,2001.0,2018-2019,EPL
Paulo Gazzaniga,63d17038,arARG,GK,Tottenham Hotspur,26.0,1992.0,2018-2019,EPL
David de Gea,7ba6d84e,esESP,GK,Manchester Utd,27.0,1990.0,2018-2019,EPL
Rachid Ghezzal,dc3a9a0d,dzALG,"MF,FW",Leicester City,26.0,1992.0,2018-2019,EPL
Morgan Gibbs-White,32f60ed8,engENG,"MF,FW",Wolves,18.0,2000.0,2018-2019,EPL
Ben Gibson,bcfb0142,engENG,DF,Burnley,25.0,1993.0,2018-2019,EPL
Olivier Giroud,16ceb862,frFRA,FW,Chelsea,31.0,1986.0,2018-2019,EPL
André Gomes,1961b2aa,ptPOR,MF,Everton,25.0,1993.0,2018-2019,EPL
Angel Gomes,645a3363,engENG,"FW,MF",Manchester Utd,17.0,2000.0,2018-2019,EPL
Joe Gomez,7a11550b,engENG,DF,Liverpool,21.0,1997.0,2018-2019,EPL
Jon Gorenc Stanković,9c74fa25,siSVN,"MF,DF",Huddersfield Town,22.0,1996.0,2018-2019,EPL
Dan Gosling,7fec31a0,engENG,MF,Bournemouth,28.0,1990.0,2018-2019,EPL
Karlan Grant,87f7500e,engENG,"FW,MF",Huddersfield Town,20.0,1997.0,2018-2019,EPL
Andre Gray,c24dba2a,jmJAM,FW,Watford,27.0,1991.0,2018-2019,EPL
Demarai Gray,4468ec10,jmJAM,"MF,FW",Leicester City,22.0,1996.0,2018-2019,EPL
Mason Greenwood,58eee997,engENG,FW,Manchester Utd,16.0,2001.0,2018-2019,EPL
Pascal Groß,8aec0537,deGER,MF,Brighton,27.0,1991.0,2018-2019,EPL
Vicente Guaita,ab13a5aa,esESP,GK,Crystal Palace,31.0,1987.0,2018-2019,EPL
Mattéo Guendouzi,5ea8ef20,frFRA,MF,Arsenal,19.0,1999.0,2018-2019,EPL
İlkay Gündoğan,819b3158,deGER,MF,Manchester City,27.0,1990.0,2018-2019,EPL
Angus Gunn,e082af5b,sctSCO,GK,Southampton,22.0,1996.0,2018-2019,EPL
Aron Gunnarsson,e2533c20,isISL,MF,Cardiff City,29.0,1989.0,2018-2019,EPL
Florent Hadergjonaj,9aa186b2,xkKVX,"MF,DF",Huddersfield Town,24.0,1994.0,2018-2019,EPL
Ben Hamer,d822a850,engENG,GK,Huddersfield Town,30.0,1987.0,2018-2019,EPL
Kadeem Harris,24396398,engENG,MF,Cardiff City,25.0,1993.0,2018-2019,EPL
Joe Hart,cb4f24c6,engENG,GK,Burnley,31.0,1987.0,2018-2019,EPL
Isaac Hayden,c951a6df,jmJAM,MF,Newcastle United,23.0,1995.0,2018-2019,EPL
Eden Hazard,a39bb753,beBEL,FW,Chelsea,27.0,1991.0,2018-2019,EPL
Rhys Healey,07ace8c3,wlsWAL,FW,Cardiff City,23.0,1994.0,2018-2019,EPL
Tom Heaton,a6de6361,engENG,GK,Burnley,32.0,1986.0,2018-2019,EPL
Jordan Henderson,935e6b8f,engENG,MF,Liverpool,28.0,1990.0,2018-2019,EPL
Jeff Hendrick,989d5705,ieIRL,MF,Burnley,26.0,1992.0,2018-2019,EPL
Wayne Hennessey,76eca7e2,wlsWAL,GK,Crystal Palace,31.0,1987.0,2018-2019,EPL
Javier Hernández,189cee7b,mxMEX,FW,West Ham United,30.0,1988.0,2018-2019,EPL
Ander Herrera,436a9dd0,esESP,MF,Manchester Utd,28.0,1989.0,2018-2019,EPL
Son Heung-min,92e7e919,krKOR,"FW,MF",Tottenham Hotspur,26.0,1992.0,2018-2019,EPL
Gonzalo Higuaín,8a08491a,arARG,FW,Chelsea,30.0,1987.0,2018-2019,EPL
Wesley Hoedt,875898c7,nlNED,DF,Southampton,24.0,1994.0,2018-2019,EPL
Jonathan Hogg,9306d5ea,engENG,MF,Huddersfield Town,29.0,1988.0,2018-2019,EPL
Junior Hoilett,33af5b9e,caCAN,MF,Cardiff City,28.0,1990.0,2018-2019,EPL
Rob Holding,d79a8c87,engENG,DF,Arsenal,22.0,1995.0,2018-2019,EPL
José Holebas,12aa7661,grGRE,DF,Watford,34.0,1984.0,2018-2019,EPL
Mason Holgate,d0042ab9,jmJAM,DF,Everton,21.0,1996.0,2018-2019,EPL
Callum Hudson-Odoi,15f3ec41,engENG,FW,Chelsea,17.0,2000.0,2018-2019,EPL
Will Hughes,a0666d3e,engENG,MF,Watford,23.0,1995.0,2018-2019,EPL
Emerson Hyndman,3be1a627,usUSA,MF,Bournemouth,22.0,1996.0,2018-2019,EPL
Pierre Højbjerg,8b04d6c1,dkDEN,MF,Southampton,22.0,1995.0,2018-2019,EPL
Jordon Ibe,9f736ed2,engENG,MF,Bournemouth,22.0,1995.0,2018-2019,EPL
Vicente Iborra,ad1ffcfd,esESP,MF,Leicester City,30.0,1988.0,2018-2019,EPL
Kelechi Iheanacho,c92e1a31,ngNGA,"FW,MF",Leicester City,21.0,1996.0,2018-2019,EPL
Danny Ings,07802f7f,engENG,FW,Southampton,26.0,1992.0,2018-2019,EPL
Alex Iwobi,6ca5ec4b,ngNGA,"MF,FW",Arsenal,22.0,1996.0,2018-2019,EPL
José Izquierdo,ca2bc3df,coCOL,"MF,FW",Brighton,26.0,1992.0,2018-2019,EPL
Phil Jagielka,3233eefd,engENG,DF,Everton,35.0,1982.0,2018-2019,EPL
Alireza Jahanbakhsh,08452314,irIRN,"MF,FW",Brighton,24.0,1993.0,2018-2019,EPL
Daryl Janmaat,45da6694,nlNED,DF,Watford,29.0,1989.0,2018-2019,EPL
Vincent Janssen,31dce0c8,nlNED,FW,Tottenham Hotspur,24.0,1994.0,2018-2019,EPL
Carl Jenkinson,874125a3,engENG,MF,Arsenal,26.0,1992.0,2018-2019,EPL
Gabriel Jesus,b66315ae,brBRA,FW,Manchester City,21.0,1997.0,2018-2019,EPL
Raúl Jiménez,b561db50,mxMEX,FW,Wolves,27.0,1991.0,2018-2019,EPL
Stefan Johansen,a48da055,noNOR,MF,Fulham,27.0,1991.0,2018-2019,EPL
Ben Johnson,9319781b,engENG,DF,West Ham United,18.0,2000.0,2018-2019,EPL
Tyreke Johnson,4701e130,engENG,"FW,MF",Southampton,19.0,1998.0,2018-2019,EPL
Phil Jones,def899bd,engENG,DF,Manchester Utd,26.0,1992.0,2018-2019,EPL
Jorginho,45db685d,itITA,MF,Chelsea,26.0,1991.0,2018-2019,EPL
Joselu,6265208f,esESP,FW,Newcastle United,28.0,1990.0,2018-2019,EPL
Diogo Jota,178ae8f8,ptPOR,"FW,MF",Wolves,21.0,1996.0,2018-2019,EPL
Mathias Jørgensen,0db5d2c8,dkDEN,DF,Huddersfield Town,28.0,1990.0,2018-2019,EPL
Christian Kabasele,914ab9a1,beBEL,DF,Watford,27.0,1991.0,2018-2019,EPL
Elias Kachunga,5bddccc9,cdCOD,"MF,FW",Huddersfield Town,26.0,1992.0,2018-2019,EPL
Aboubakar Kamara,4047c976,mrMTN,"MF,FW",Fulham,23.0,1995.0,2018-2019,EPL
Harry Kane,21a66f6a,engENG,FW,Tottenham Hotspur,25.0,1993.0,2018-2019,EPL
N'Golo Kanté,b9fbae28,frFRA,MF,Chelsea,27.0,1991.0,2018-2019,EPL
Beram Kayal,26679cdf,ilISR,MF,Brighton,30.0,1988.0,2018-2019,EPL
Michael Keane,c5b7c315,engENG,DF,Everton,25.0,1993.0,2018-2019,EPL
Neeskens Kebano,18b999f4,cdCOD,"FW,MF",Fulham,26.0,1992.0,2018-2019,EPL
Naby Keïta,f25c8e3a,gnGUI,MF,Liverpool,23.0,1995.0,2018-2019,EPL
Martin Kelly,d7492450,engENG,DF,Crystal Palace,28.0,1990.0,2018-2019,EPL
Kenedy,5eebbfdf,brBRA,MF,Newcastle United,22.0,1996.0,2018-2019,EPL
Jonjoe Kenny,099e666f,engENG,DF,Everton,21.0,1997.0,2018-2019,EPL
Max Kilman,d0f72bf1,engENG,DF,Wolves,21.0,1997.0,2018-2019,EPL
Joshua King,43458538,noNOR,"FW,MF",Bournemouth,26.0,1992.0,2018-2019,EPL
Anthony Knockaert,6c679c6d,frFRA,"MF,FW",Brighton,26.0,1991.0,2018-2019,EPL
Sead Kolašinac,3935e52e,baBIH,"MF,DF",Arsenal,25.0,1993.0,2018-2019,EPL
Vincent Kompany,d2bff301,beBEL,DF,Manchester City,32.0,1986.0,2018-2019,EPL
Terence Kongolo,1f9a3a04,nlNED,DF,Huddersfield Town,24.0,1994.0,2018-2019,EPL
Laurent Koscielny,f5efb153,frFRA,DF,Arsenal,32.0,1985.0,2018-2019,EPL
Cheikhou Kouyaté,8d3c902d,snSEN,MF,Crystal Palace,28.0,1989.0,2018-2019,EPL
Mateo Kovačić,79c0821a,hrCRO,MF,Chelsea,24.0,1994.0,2018-2019,EPL
Rajiv van La Parra,1931bde9,nlNED,"MF,FW",Huddersfield Town,27.0,1991.0,2018-2019,EPL
Alexandre Lacazette,9dbb75ca,frFRA,FW,Arsenal,27.0,1991.0,2018-2019,EPL
Adam Lallana,99813635,engENG,"MF,FW",Liverpool,30.0,1988.0,2018-2019,EPL
Érik Lamela,abe66106,arARG,"MF,FW",Tottenham Hotspur,26.0,1992.0,2018-2019,EPL
Manuel Lanzini,26f6dca8,arARG,MF,West Ham United,25.0,1993.0,2018-2019,EPL
Aymeric Laporte,119b9a8e,esESP,DF,Manchester City,24.0,1994.0,2018-2019,EPL
Jamaal Lascelles,450ab6fc,engENG,DF,Newcastle United,24.0,1993.0,2018-2019,EPL
Maxime Le Marchand,321a71a7,frFRA,DF,Fulham,28.0,1989.0,2018-2019,EPL
Florian Lejeune,6eaed4eb,frFRA,DF,Newcastle United,27.0,1991.0,2018-2019,EPL
Mario Lemina,2b471f99,gaGAB,MF,Southampton,24.0,1993.0,2018-2019,EPL
Aaron Lennon,2ff964a0,engENG,MF,Burnley,31.0,1987.0,2018-2019,EPL
Bernd Leno,2628fd2b,deGER,GK,Arsenal,26.0,1992.0,2018-2019,EPL
Jefferson Lerma,9b5ce51a,coCOL,MF,Bournemouth,23.0,1994.0,2018-2019,EPL
Stephan Lichtsteiner,99b1d0e6,chSUI,DF,Arsenal,34.0,1984.0,2018-2019,EPL
Victor Lindelöf,f5deef4c,seSWE,DF,Manchester Utd,24.0,1994.0,2018-2019,EPL
Jesse Lingard,810e3c74,engENG,"FW,MF",Manchester Utd,25.0,1992.0,2018-2019,EPL
Fernando Llorente,82dbf623,esESP,FW,Tottenham Hotspur,33.0,1985.0,2018-2019,EPL
Hugo Lloris,8f62b6ee,frFRA,GK,Tottenham Hotspur,31.0,1986.0,2018-2019,EPL
Jürgen Locadia,6cc47ae1,cwCUW,"MF,FW",Brighton,24.0,1993.0,2018-2019,EPL
Ruben Loftus-Cheek,e97fd090,engENG,MF,Chelsea,22.0,1996.0,2018-2019,EPL
Kevin Long,5a4280b1,ieIRL,DF,Burnley,27.0,1990.0,2018-2019,EPL
Shane Long,9f472354,ieIRL,FW,Southampton,31.0,1987.0,2018-2019,EPL
Sean Longstaff,a2b105e0,engENG,MF,Newcastle United,20.0,1997.0,2018-2019,EPL
Ademola Lookman,7c104bb7,ngNGA,MF,Everton,20.0,1997.0,2018-2019,EPL
Jonas Lössl,939bc634,dkDEN,GK,Huddersfield Town,29.0,1989.0,2018-2019,EPL
Dejan Lovren,1a2935f6,hrCRO,DF,Liverpool,29.0,1989.0,2018-2019,EPL
Chris Löwe,c6896eab,deGER,"MF,DF",Huddersfield Town,29.0,1989.0,2018-2019,EPL
Matthew Lowton,9a9c05db,engENG,DF,Burnley,29.0,1989.0,2018-2019,EPL
David Luiz,c0e27d1a,brBRA,DF,Chelsea,31.0,1987.0,2018-2019,EPL
Romelu Lukaku,5eae500a,beBEL,FW,Manchester Utd,25.0,1993.0,2018-2019,EPL
James Maddison,ee38d9c5,engENG,"MF,FW",Leicester City,21.0,1996.0,2018-2019,EPL
Gary Madine,e3e6502a,engENG,FW,Cardiff City,27.0,1990.0,2018-2019,EPL
Harry Maguire,d8931174,engENG,DF,Leicester City,25.0,1993.0,2018-2019,EPL
Riyad Mahrez,892d5bb1,dzALG,"FW,MF",Manchester City,27.0,1991.0,2018-2019,EPL
Ainsley Maitland-Niles,e3a5814e,engENG,"MF,DF",Arsenal,20.0,1997.0,2018-2019,EPL
Sadio Mané,c691bfe2,snSEN,"FW,MF",Liverpool,26.0,1992.0,2018-2019,EPL
Javier Manquillo,758dd7f0,esESP,DF,Newcastle United,24.0,1994.0,2018-2019,EPL
Solly March,bb5fbd2b,engENG,"MF,FW",Brighton,24.0,1994.0,2018-2019,EPL
Adrian Mariappa,8aa5f52c,jmJAM,DF,Watford,31.0,1986.0,2018-2019,EPL
Lazar Marković,723ba189,rsSRB,"FW,MF",Fulham,24.0,1994.0,2018-2019,EPL
Anthony Martial,8b788c01,frFRA,"FW,MF",Manchester Utd,22.0,1995.0,2018-2019,EPL
Adam Masina,de0f152c,maMAR,DF,Watford,24.0,1994.0,2018-2019,EPL
Arthur Masuaku,57df7a11,cdCOD,DF,West Ham United,24.0,1993.0,2018-2019,EPL
Juan Mata,29733c72,esESP,"MF,FW",Manchester Utd,30.0,1988.0,2018-2019,EPL
Nemanja Matić,eb7822d7,rsSRB,MF,Manchester Utd,29.0,1988.0,2018-2019,EPL
Joël Matip,b217ef29,cmCMR,DF,Liverpool,26.0,1991.0,2018-2019,EPL
Konstantinos Mavropanos,00963611,grGRE,DF,Arsenal,20.0,1997.0,2018-2019,EPL
Alfie Mawson,d368feb8,engENG,DF,Fulham,24.0,1994.0,2018-2019,EPL
Isaac Mbenza,aa1a8c7e,beBEL,"MF,FW",Huddersfield Town,22.0,1996.0,2018-2019,EPL
James McArthur,cee31595,sctSCO,MF,Crystal Palace,30.0,1987.0,2018-2019,EPL
Alex McCarthy,36c2ca73,engENG,GK,Southampton,28.0,1989.0,2018-2019,EPL
James McCarthy,64b08de7,ieIRL,MF,Everton,27.0,1990.0,2018-2019,EPL
Kevin McDonald,71a08f97,sctSCO,MF,Fulham,29.0,1988.0,2018-2019,EPL
Dwight McNeil,fc15fb84,engENG,MF,Burnley,18.0,1999.0,2018-2019,EPL
Scott McTominay,d93c2511,sctSCO,"MF,DF",Manchester Utd,21.0,1996.0,2018-2019,EPL
Ben Mee,8df7a2fb,engENG,DF,Burnley,28.0,1989.0,2018-2019,EPL
Nathaniel Mendez-Laing,b4b2f632,gtGUA,MF,Cardiff City,26.0,1992.0,2018-2019,EPL
Benjamin Mendy,5271c8f1,frFRA,"DF,MF",Manchester City,24.0,1994.0,2018-2019,EPL
Nampalys Mendy,1598599e,snSEN,MF,Leicester City,26.0,1992.0,2018-2019,EPL
Chris Mepham,fed96827,wlsWAL,DF,Bournemouth,20.0,1997.0,2018-2019,EPL
Max Meyer,eba42d2b,deGER,MF,Crystal Palace,22.0,1995.0,2018-2019,EPL
Luka Milivojević,2ce2508a,rsSRB,MF,Crystal Palace,27.0,1991.0,2018-2019,EPL
James Milner,2f90f6b8,engENG,"MF,DF",Liverpool,32.0,1986.0,2018-2019,EPL
Yerry Mina,6d5701f2,coCOL,DF,Everton,23.0,1994.0,2018-2019,EPL
Tyrone Mings,8397a50c,engENG,DF,Bournemouth,25.0,1993.0,2018-2019,EPL
Aleksandar Mitrović,3925dbd6,rsSRB,FW,Fulham,23.0,1994.0,2018-2019,EPL
Henrikh Mkhitaryan,dd0daf32,amARM,"MF,FW",Arsenal,29.0,1989.0,2018-2019,EPL
Nacho Monreal,d4cb83cc,esESP,DF,Arsenal,32.0,1986.0,2018-2019,EPL
Martín Montoya,5cec2487,esESP,DF,Brighton,27.0,1991.0,2018-2019,EPL
Aaron Mooy,47b7e3af,auAUS,MF,Huddersfield Town,27.0,1990.0,2018-2019,EPL
Álvaro Morata,129af0db,esESP,FW,Chelsea,25.0,1992.0,2018-2019,EPL
Alberto Moreno,11b9265b,esESP,DF,Liverpool,26.0,1992.0,2018-2019,EPL
Wes Morgan,80c31c97,jmJAM,DF,Leicester City,34.0,1984.0,2018-2019,EPL
Sean Morrison,09fec029,engENG,DF,Cardiff City,27.0,1991.0,2018-2019,EPL
Victor Moses,e726e11e,ngNGA,"FW,MF",Chelsea,27.0,1990.0,2018-2019,EPL
Steve Mounié,19ba6c6d,bjBEN,FW,Huddersfield Town,23.0,1994.0,2018-2019,EPL
Lucas Moura,2b622f01,brBRA,"FW,MF",Tottenham Hotspur,25.0,1992.0,2018-2019,EPL
Lys Mousset,d9cfca3d,frFRA,FW,Bournemouth,22.0,1996.0,2018-2019,EPL
João Moutinho,f5a00fa4,ptPOR,MF,Wolves,31.0,1986.0,2018-2019,EPL
Jacob Murphy,de112b84,engENG,MF,Newcastle United,23.0,1995.0,2018-2019,EPL
Josh Murphy,b30c7426,engENG,"MF,FW",Cardiff City,23.0,1995.0,2018-2019,EPL
Glenn Murray,f2f29dda,engENG,FW,Brighton,34.0,1983.0,2018-2019,EPL
Shkodran Mustafi,3f2d59fe,deGER,DF,Arsenal,26.0,1992.0,2018-2019,EPL
Yoshinori Mutō,5343eb4e,jpJPN,"FW,MF",Newcastle United,26.0,1992.0,2018-2019,EPL
Georges-Kévin N'Koudou,76c131da,cmCMR,"FW,MF",Tottenham Hotspur,23.0,1995.0,2018-2019,EPL
Samir Nasri,165bed61,frFRA,MF,West Ham United,31.0,1987.0,2018-2019,EPL
Marc Navarro,c2846353,esESP,DF,Watford,23.0,1995.0,2018-2019,EPL
Wilfred Ndidi,6b47c5db,ngNGA,MF,Leicester City,21.0,1996.0,2018-2019,EPL
Rúben Neves,44bfb6c5,ptPOR,MF,Wolves,21.0,1997.0,2018-2019,EPL
Oumar Niasse,af721f98,snSEN,FW,Cardiff City,28.0,1990.0,2018-2019,EPL
Oumar Niasse,af721f98,snSEN,"FW,MF",Everton,28.0,1990.0,2018-2019,EPL
Eddie Nketiah,a53649b7,engENG,FW,Arsenal,19.0,1999.0,2018-2019,EPL
Mark Noble,ff527768,engENG,MF,West Ham United,31.0,1987.0,2018-2019,EPL
Håvard Nordtveit,6cafd68d,noNOR,DF,Fulham,28.0,1990.0,2018-2019,EPL
Will Norris,c73ada83,engENG,GK,Wolves,24.0,1993.0,2018-2019,EPL
Michael Obafemi,caa1a7f0,ieIRL,FW,Southampton,18.0,2000.0,2018-2019,EPL
Pedro Obiang,ba1e04b3,gqEQG,MF,West Ham United,26.0,1992.0,2018-2019,EPL
Denis Odoi,f7750aa0,ghGHA,DF,Fulham,30.0,1988.0,2018-2019,EPL
Angelo Ogbonna,74b2cd7e,itITA,DF,West Ham United,30.0,1988.0,2018-2019,EPL
Stefano Okaka,601ef102,itITA,FW,Watford,28.0,1989.0,2018-2019,EPL
Shinji Okazaki,68796d61,jpJPN,FW,Leicester City,32.0,1986.0,2018-2019,EPL
Divock Origi,43a166b4,beBEL,FW,Liverpool,23.0,1995.0,2018-2019,EPL
Nicolás Otamendi,0d267745,arARG,DF,Manchester City,30.0,1988.0,2018-2019,EPL
Alex Oxlade-Chamberlain,38c7feef,engENG,"FW,MF",Liverpool,24.0,1993.0,2018-2019,EPL
Mesut Özil,16380240,deGER,MF,Arsenal,29.0,1988.0,2018-2019,EPL
Emerson Palmieri,e0bc6fdc,itITA,DF,Chelsea,23.0,1994.0,2018-2019,EPL
Sokratis Papastathopoulos,b682dcf6,grGRE,DF,Arsenal,30.0,1988.0,2018-2019,EPL
Callum Paterson,d2583bce,sctSCO,"FW,MF",Cardiff City,23.0,1994.0,2018-2019,EPL
Rui Patrício,79b0d6a0,ptPOR,GK,Wolves,30.0,1988.0,2018-2019,EPL
Pedro,3ca7254a,esESP,FW,Chelsea,31.0,1987.0,2018-2019,EPL
Lee Peltier,af341b88,engENG,DF,Cardiff City,31.0,1986.0,2018-2019,EPL
Andreas Pereira,6639e500,brBRA,MF,Manchester Utd,22.0,1996.0,2018-2019,EPL
Ricardo Pereira,75a72a99,ptPOR,"DF,MF",Leicester City,24.0,1993.0,2018-2019,EPL
Roberto Pereyra,75f2c59f,arARG,MF,Watford,27.0,1991.0,2018-2019,EPL
Ayoze Pérez,819aa8e7,esESP,"MF,FW",Newcastle United,25.0,1993.0,2018-2019,EPL
Lucas Pérez,a300ac7e,esESP,FW,West Ham United,29.0,1988.0,2018-2019,EPL
Jordan Pickford,4806ec67,engENG,GK,Everton,24.0,1994.0,2018-2019,EPL
Paul Pogba,867239d3,frFRA,MF,Manchester Utd,25.0,1993.0,2018-2019,EPL
Alex Pritchard,ff9fcd4d,engENG,"FW,MF",Huddersfield Town,25.0,1993.0,2018-2019,EPL
Sebastian Prödl,f5e6d08d,atAUT,"DF,MF",Watford,31.0,1987.0,2018-2019,EPL
Davy Pröpper,fdd85f94,nlNED,MF,Brighton,26.0,1991.0,2018-2019,EPL
Jason Puncheon,fd3f57ce,engENG,MF,Crystal Palace,32.0,1986.0,2018-2019,EPL
Jason Puncheon,fd3f57ce,engENG,"MF,FW",Huddersfield Town,32.0,1986.0,2018-2019,EPL
Collin Quaner,19b8b0b9,deGER,FW,Huddersfield Town,27.0,1991.0,2018-2019,EPL
Domingos Quina,41fb0f4e,ptPOR,MF,Watford,18.0,1999.0,2018-2019,EPL
Joe Ralls,3730fcbc,engENG,MF,Cardiff City,24.0,1993.0,2018-2019,EPL
Aaron Ramsey,ef619b0b,wlsWAL,MF,Arsenal,27.0,1990.0,2018-2019,EPL
Kayne Ramsey,dc31b84c,engENG,DF,Southampton,17.0,2000.0,2018-2019,EPL
Marcus Rashford,a1d5bd30,engENG,"FW,MF",Manchester Utd,20.0,1997.0,2018-2019,EPL
Tim Ream,28b40c9c,usUSA,DF,Fulham,30.0,1987.0,2018-2019,EPL
Nathan Redmond,ab651565,engENG,"MF,FW",Southampton,24.0,1994.0,2018-2019,EPL
Declan Rice,1c7012b8,engENG,MF,West Ham United,19.0,1999.0,2018-2019,EPL
Jazz Richards,afef14da,wlsWAL,"DF,MF",Cardiff City,27.0,1991.0,2018-2019,EPL
Richarlison,fa031b34,brBRA,"MF,FW",Everton,21.0,1997.0,2018-2019,EPL
Diego Rico,d9ba39fc,esESP,"DF,MF",Bournemouth,25.0,1993.0,2018-2019,EPL
Sergio Rico,5f0241b2,esESP,GK,Fulham,24.0,1993.0,2018-2019,EPL
Matt Ritchie,71ef519e,sctSCO,"DF,MF",Newcastle United,28.0,1989.0,2018-2019,EPL
Andrew Robertson,2e4f5f03,sctSCO,DF,Liverpool,24.0,1994.0,2018-2019,EPL
Marcos Rojo,e0991c04,arARG,DF,Manchester Utd,28.0,1990.0,2018-2019,EPL
Oriol Romeu,4b511457,esESP,MF,Southampton,26.0,1991.0,2018-2019,EPL
Salomón Rondón,b318a643,veVEN,FW,Newcastle United,28.0,1989.0,2018-2019,EPL
Danny Rose,89d10e53,engENG,"DF,MF",Tottenham Hotspur,28.0,1990.0,2018-2019,EPL
Aaron Rowe,4b6bcb0d,engENG,MF,Huddersfield Town,17.0,2000.0,2018-2019,EPL
John Ruddy,da8b19e2,engENG,GK,Wolves,31.0,1986.0,2018-2019,EPL
Antonio Rüdiger,18b896d6,deGER,DF,Chelsea,25.0,1993.0,2018-2019,EPL
Mathew Ryan,4535e4bb,auAUS,GK,Brighton,26.0,1992.0,2018-2019,EPL
Abdelhamid Sabiri,4830e0af,maMAR,FW,Huddersfield Town,21.0,1996.0,2018-2019,EPL
Romain Saïss,9fbbcf39,maMAR,"MF,DF",Wolves,28.0,1990.0,2018-2019,EPL
Bukayo Saka,bc7dc64d,engENG,"FW,MF",Arsenal,16.0,2001.0,2018-2019,EPL
Mamadou Sakho,87935cf3,frFRA,DF,Crystal Palace,28.0,1990.0,2018-2019,EPL
Bakary Sako,381d7d54,mlMLI,"FW,MF",Crystal Palace,30.0,1988.0,2018-2019,EPL
Mohamed Salah,e342ad68,egEGY,FW,Liverpool,26.0,1992.0,2018-2019,EPL
Alexis Sánchez,2c0f8e9e,clCHI,"FW,MF",Manchester Utd,29.0,1988.0,2018-2019,EPL
Carlos Sánchez,50b51fac,coCOL,MF,West Ham United,32.0,1986.0,2018-2019,EPL
Davinson Sánchez,da7b447d,coCOL,DF,Tottenham Hotspur,22.0,1996.0,2018-2019,EPL
Leroy Sané,2b114be3,deGER,FW,Manchester City,22.0,1996.0,2018-2019,EPL
Fabian Schär,c8aa95da,chSUI,DF,Newcastle United,26.0,1991.0,2018-2019,EPL
Christopher Schindler,8ae9869d,deGER,DF,Huddersfield Town,28.0,1990.0,2018-2019,EPL
Jeffrey Schlupp,3312f911,ghGHA,MF,Crystal Palace,25.0,1992.0,2018-2019,EPL
Kasper Schmeichel,53af52f3,dkDEN,GK,Leicester City,31.0,1986.0,2018-2019,EPL
Morgan Schneiderlin,51b41c5c,frFRA,MF,Everton,28.0,1989.0,2018-2019,EPL
André Schürrle,ecbb3fdf,deGER,"FW,MF",Fulham,27.0,1990.0,2018-2019,EPL
Ken Sema,1770bd68,seSWE,MF,Watford,24.0,1993.0,2018-2019,EPL
Jean Seri,10efd0e1,ciCIV,MF,Fulham,27.0,1991.0,2018-2019,EPL
Ryan Sessegnon,6aa3e78b,engENG,"MF,FW",Fulham,18.0,2000.0,2018-2019,EPL
Xherdan Shaqiri,6421ec64,chSUI,MF,Liverpool,26.0,1991.0,2018-2019,EPL
Luke Shaw,9c94165b,engENG,DF,Manchester Utd,23.0,1995.0,2018-2019,EPL
Jonjo Shelvey,3727dd3c,engENG,MF,Newcastle United,26.0,1992.0,2018-2019,EPL
Gylfi Sigurðsson,76dd1480,isISL,MF,Everton,28.0,1989.0,2018-2019,EPL
Adrien Silva,d6f88a1d,ptPOR,MF,Leicester City,29.0,1989.0,2018-2019,EPL
Bernardo Silva,3eb22ec9,ptPOR,"MF,FW",Manchester City,23.0,1994.0,2018-2019,EPL
David Silva,e2716bd0,esESP,MF,Manchester City,32.0,1986.0,2018-2019,EPL
Xande Silva,15d561fa,ptPOR,"FW,MF",West Ham United,21.0,1997.0,2018-2019,EPL
Danny Simpson,3201b03d,engENG,DF,Leicester City,31.0,1987.0,2018-2019,EPL
Jack Simpson,76fa5f80,engENG,DF,Bournemouth,21.0,1996.0,2018-2019,EPL
Josh Sims,6d6f09dc,engENG,MF,Southampton,21.0,1997.0,2018-2019,EPL
Moussa Sissoko,2acd49b9,frFRA,MF,Tottenham Hotspur,28.0,1989.0,2018-2019,EPL
Oliver Skipp,6250083a,engENG,MF,Tottenham Hotspur,17.0,2000.0,2018-2019,EPL
Callum Slattery,059948df,engENG,MF,Southampton,19.0,1999.0,2018-2019,EPL
Chris Smalling,b6964eb6,engENG,DF,Manchester Utd,28.0,1989.0,2018-2019,EPL
Adam Smith,20b104bc,engENG,"DF,MF",Bournemouth,27.0,1991.0,2018-2019,EPL
Tommy Smith,e9208654,engENG,DF,Huddersfield Town,26.0,1992.0,2018-2019,EPL
Robert Snodgrass,9f4647e9,sctSCO,MF,West Ham United,30.0,1987.0,2018-2019,EPL
Cédric Soares,839c14e1,ptPOR,"DF,MF",Southampton,26.0,1991.0,2018-2019,EPL
Ramadan Sobhi,98be0d02,egEGY,MF,Huddersfield Town,21.0,1997.0,2018-2019,EPL
Dominic Solanke,e77dc3b2,engENG,FW,Bournemouth,20.0,1997.0,2018-2019,EPL
Pape Souaré,46b5375e,snSEN,DF,Crystal Palace,28.0,1990.0,2018-2019,EPL
Çağlar Söyüncü,21166ff4,trTUR,DF,Leicester City,22.0,1996.0,2018-2019,EPL
Julián Speroni,8e65a5e5,arARG,GK,Crystal Palace,39.0,1979.0,2018-2019,EPL
Junior Stanislas,6992791d,engENG,"MF,DF",Bournemouth,28.0,1989.0,2018-2019,EPL
Dale Stephens,653ee42d,engENG,MF,Brighton,29.0,1989.0,2018-2019,EPL
Jack Stephens,6adbc307,engENG,DF,Southampton,24.0,1994.0,2018-2019,EPL
Raheem Sterling,b400bde0,engENG,"FW,MF",Manchester City,23.0,1994.0,2018-2019,EPL
John Stones,5eecec3d,engENG,DF,Manchester City,24.0,1994.0,2018-2019,EPL
Daniel Sturridge,1b7ec703,engENG,FW,Liverpool,28.0,1989.0,2018-2019,EPL
Denis Suárez,12c50af5,esESP,MF,Arsenal,24.0,1994.0,2018-2019,EPL
Isaac Success,f573a8bf,ngNGA,"FW,MF",Watford,22.0,1996.0,2018-2019,EPL
Ki Sung-yueng,1d8c99b0,krKOR,MF,Newcastle United,29.0,1989.0,2018-2019,EPL
Andrew Surman,7d41b619,engENG,MF,Bournemouth,31.0,1986.0,2018-2019,EPL
Sam Surridge,b017b770,engENG,FW,Bournemouth,20.0,1998.0,2018-2019,EPL
Alexander Sørloth,e92cd3f7,noNOR,FW,Crystal Palace,22.0,1995.0,2018-2019,EPL
Matt Targett,e514ab62,engENG,"MF,DF",Southampton,22.0,1995.0,2018-2019,EPL
James Tarkowski,15ea812b,engENG,DF,Burnley,25.0,1992.0,2018-2019,EPL
Charlie Taylor,cc2d7ad5,engENG,DF,Burnley,24.0,1993.0,2018-2019,EPL
Youri Tielemans,56f7a928,beBEL,MF,Leicester City,21.0,1997.0,2018-2019,EPL
James Tomkins,e7ca0439,engENG,DF,Crystal Palace,29.0,1989.0,2018-2019,EPL
Lucas Torreira,52611641,uyURU,MF,Arsenal,22.0,1996.0,2018-2019,EPL
Cenk Tosun,9a104dee,trTUR,FW,Everton,27.0,1991.0,2018-2019,EPL
Andros Townsend,b28bbd58,engENG,"FW,MF",Crystal Palace,27.0,1991.0,2018-2019,EPL
Adama Traoré,9a28eba4,esESP,"MF,FW",Wolves,22.0,1996.0,2018-2019,EPL
Mark Travers,fe558029,ieIRL,GK,Bournemouth,19.0,1999.0,2018-2019,EPL
Kieran Trippier,21512407,engENG,"DF,MF",Tottenham Hotspur,27.0,1990.0,2018-2019,EPL
Antonio Valencia,08aa17d0,ecECU,"DF,MF",Manchester Utd,32.0,1985.0,2018-2019,EPL
Yan Valery,531a4aa8,tnTUN,"MF,DF",Southampton,19.0,1999.0,2018-2019,EPL
Virgil van Dijk,e06683ca,nlNED,DF,Liverpool,27.0,1991.0,2018-2019,EPL
Jamie Vardy,45963054,engENG,FW,Leicester City,31.0,1987.0,2018-2019,EPL
Jan Vertonghen,ba23a904,beBEL,DF,Tottenham Hotspur,31.0,1987.0,2018-2019,EPL
Jannik Vestergaard,1900032e,dkDEN,DF,Southampton,25.0,1992.0,2018-2019,EPL
Luciano Vietto,2513a588,arARG,"FW,MF",Fulham,24.0,1993.0,2018-2019,EPL
Rúben Vinagre,b937e490,ptPOR,MF,Wolves,19.0,1999.0,2018-2019,EPL
Sam Vokes,1d6ac165,wlsWAL,FW,Burnley,28.0,1989.0,2018-2019,EPL
Michel Vorm,1bebde9d,nlNED,GK,Tottenham Hotspur,34.0,1983.0,2018-2019,EPL
Matěj Vydra,0d4ceb32,czCZE,MF,Burnley,26.0,1992.0,2018-2019,EPL
Theo Walcott,1ecb65be,engENG,MF,Everton,29.0,1989.0,2018-2019,EPL
Kyle Walker,86dd77d1,engENG,DF,Manchester City,28.0,1990.0,2018-2019,EPL
Kyle Walker-Peters,984a5a64,engENG,"DF,MF",Tottenham Hotspur,21.0,1997.0,2018-2019,EPL
Aaron Wan-Bissaka,9e525177,cdCOD,DF,Crystal Palace,20.0,1997.0,2018-2019,EPL
Victor Wanyama,e0900238,keKEN,MF,Tottenham Hotspur,27.0,1991.0,2018-2019,EPL
Danny Ward,cfb29823,engENG,FW,Cardiff City,26.0,1991.0,2018-2019,EPL
Joel Ward,8a7ff278,engENG,DF,Crystal Palace,28.0,1989.0,2018-2019,EPL
Stephen Ward,3831b9fe,ieIRL,DF,Burnley,32.0,1985.0,2018-2019,EPL
James Ward-Prowse,3515d404,engENG,MF,Southampton,23.0,1994.0,2018-2019,EPL
Danny Welbeck,ce5143da,engENG,MF,Arsenal,27.0,1990.0,2018-2019,EPL
Ashley Westwood,495945ef,engENG,MF,Burnley,28.0,1990.0,2018-2019,EPL
Connor Wickham,41cc19c2,engENG,"FW,MF",Crystal Palace,25.0,1993.0,2018-2019,EPL
Georginio Wijnaldum,eb58eef0,nlNED,MF,Liverpool,27.0,1990.0,2018-2019,EPL
Danny Williams,ec9a28ce,usUSA,MF,Huddersfield Town,29.0,1989.0,2018-2019,EPL
Willian,8b9ebd03,brBRA,FW,Chelsea,29.0,1988.0,2018-2019,EPL
Joe Willock,a3b03921,engENG,MF,Arsenal,18.0,1999.0,2018-2019,EPL
Ben Wilmot,2876eaa3,engENG,DF,Watford,18.0,1999.0,2018-2019,EPL
Jack Wilshere,9c318325,engENG,MF,West Ham United,26.0,1992.0,2018-2019,EPL
Callum Wilson,c596fcb0,engENG,FW,Bournemouth,26.0,1992.0,2018-2019,EPL
Harry Winks,2f7acede,engENG,MF,Tottenham Hotspur,22.0,1996.0,2018-2019,EPL
Chris Wood,4e9a0555,nzNZL,FW,Burnley,26.0,1991.0,2018-2019,EPL
Granit Xhaka,e61b8aee,chSUI,MF,Arsenal,25.0,1992.0,2018-2019,EPL
Andriy Yarmolenko,849c826a,uaUKR,"MF,FW",West Ham United,28.0,1989.0,2018-2019,EPL
DeAndre Yedlin,ae0a7ddf,usUSA,"DF,MF",Newcastle United,25.0,1993.0,2018-2019,EPL
Maya Yoshida,caffaf5a,jpJPN,DF,Southampton,29.0,1988.0,2018-2019,EPL
Ashley Young,be927d03,engENG,DF,Manchester Utd,33.0,1985.0,2018-2019,EPL
Pablo Zabaleta,6813ac34,arARG,DF,West Ham United,33.0,1985.0,2018-2019,EPL
Wilfried Zaha,b2bc3b1f,ciCIV,"FW,MF",Crystal Palace,25.0,1992.0,2018-2019,EPL
Andre-Frank Zambo Anguissa,6bb2c084,cmCMR,MF,Fulham,22.0,1995.0,2018-2019,EPL
Davide Zappacosta,7fe90ccd,itITA,DF,Chelsea,26.0,1992.0,2018-2019,EPL
Oleksandr Zinchenko,51cf8561,uaUKR,DF,Manchester City,21.0,1996.0,2018-2019,EPL
Kenneth Zohore,5e508d0d,dkDEN,FW,Cardiff City,24.0,1994.0,2018-2019,EPL
Kurt Zouma,ce4246f5,frFRA,DF,Everton,23.0,1994.0,2018-2019,EPL
Ignazio Abate,1c529186,itITA,DF,Milan,31.0,1986.0,2018-2019,ITA
Francesco Acerbi,b96b595c,itITA,DF,Lazio,30.0,1988.0,2018-2019,ITA
Afriyie Acquah,d7403bd5,ghGHA,MF,Empoli,26.0,1992.0,2018-2019,ITA
Claud Adjapong,ce5b170a,itITA,MF,Sassuolo,20.0,1998.0,2018-2019,ITA
Ali Adnan Kadhim,06050480,iqIRQ,MF,Atalanta,24.0,1993.0,2018-2019,ITA
Emmanuel Agyemang-Badu,fe0b8f0e,ghGHA,MF,Udinese,27.0,1990.0,2018-2019,ITA
Ola Aina,246d153b,ngNGA,MF,Torino,21.0,1996.0,2018-2019,ITA
Luis Alberto,5294a83f,esESP,"MF,FW",Lazio,25.0,1992.0,2018-2019,ITA
Raúl Albiol,4bd414c1,esESP,DF,Napoli,32.0,1985.0,2018-2019,ITA
Allan,cc700722,brBRA,MF,Napoli,27.0,1991.0,2018-2019,ITA
Bruno Alves,585a73a8,ptPOR,DF,Parma,36.0,1981.0,2018-2019,ITA
Joachim Andersen,e34fc66d,dkDEN,DF,Sampdoria,22.0,1996.0,2018-2019,ITA
Marco Andreolli,13d820de,itITA,DF,Cagliari,32.0,1986.0,2018-2019,ITA
Marco Andreolli,13d820de,itITA,DF,Chievo,32.0,1986.0,2018-2019,ITA
Cristian Ansaldi,bbafc0c4,arARG,MF,Torino,31.0,1986.0,2018-2019,ITA
Mirco Antenucci,43a2e16c,itITA,FW,SPAL,33.0,1984.0,2018-2019,ITA
Luca Antonelli,40f0ed6c,itITA,"DF,MF",Empoli,31.0,1987.0,2018-2019,ITA
Mauro Antonio Burruchaga,0830a4f9,arARG,MF,Chievo,20.0,1998.0,2018-2019,ITA
Joaquín Ardaiz,eb823875,uyURU,FW,Frosinone,19.0,1999.0,2018-2019,ITA
Lorenzo Ariaudo,68b78c2a,itITA,DF,Frosinone,29.0,1989.0,2018-2019,ITA
Nicolò Armini,2f7407fa,itITA,DF,Lazio,17.0,2001.0,2018-2019,ITA
Kwadwo Asamoah,089550f5,ghGHA,"DF,MF",Inter,29.0,1988.0,2018-2019,ITA
Emil Audero,649b01d8,idIDN,GK,Sampdoria,21.0,1997.0,2018-2019,ITA
Khouma Babacar,422ec08a,snSEN,FW,Sassuolo,25.0,1993.0,2018-2019,ITA
Milan Badelj,e8c930bb,hrCRO,MF,Lazio,29.0,1989.0,2018-2019,ITA
Tiemoué Bakayoko,59bf127b,frFRA,MF,Milan,23.0,1994.0,2018-2019,ITA
Keita Baldé,509a4ccb,snSEN,"FW,MF",Inter,23.0,1995.0,2018-2019,ITA
Andrija Balić,9be4ee80,hrCRO,MF,Udinese,20.0,1997.0,2018-2019,ITA
Mattia Bani,0821331c,itITA,DF,Chievo,24.0,1993.0,2018-2019,ITA
Antonín Barák,01efac19,czCZE,MF,Udinese,23.0,1994.0,2018-2019,ITA
Federico Barba,c010b898,itITA,DF,Chievo,24.0,1993.0,2018-2019,ITA
Francesco Bardi,0acda699,itITA,GK,Frosinone,26.0,1992.0,2018-2019,ITA
Nicolò Barella,6928979a,itITA,MF,Cagliari,21.0,1997.0,2018-2019,ITA
Antonino Barillà,a64cbd35,itITA,MF,Parma,30.0,1988.0,2018-2019,ITA
Édgar Barreto,43a1bea5,pyPAR,MF,Sampdoria,34.0,1984.0,2018-2019,ITA
Musa Barrow,e5bf73f3,gmGAM,FW,Atalanta,19.0,1998.0,2018-2019,ITA
Andrea Barzagli,7c0000fd,itITA,DF,Juventus,37.0,1981.0,2018-2019,ITA
Daniele Baselli,ea06dd97,itITA,MF,Torino,26.0,1992.0,2018-2019,ITA
Alessandro Bastoni,75b86fb3,itITA,DF,Parma,19.0,1999.0,2018-2019,ITA
Bastos,c01c66d9,aoANG,DF,Lazio,27.0,1991.0,2018-2019,ITA
Andrea Beghetto,438dfc6a,itITA,MF,Frosinone,23.0,1994.0,2018-2019,ITA
Valon Behrami,d3d758d8,chSUI,MF,Udinese,33.0,1985.0,2018-2019,ITA
Nicky Beloko,714ffae7,chSUI,MF,Fiorentina,18.0,2000.0,2018-2019,ITA
Andrea Belotti,d705ba44,itITA,FW,Torino,24.0,1993.0,2018-2019,ITA
Marco Benassi,0000acda,itITA,MF,Fiorentina,23.0,1994.0,2018-2019,ITA
Medhi Benatia,3b15ef2d,maMAR,DF,Juventus,31.0,1987.0,2018-2019,ITA
Ismaël Bennacer,db092d3b,dzALG,MF,Empoli,20.0,1997.0,2018-2019,ITA
Rodrigo Bentancur,3b8674e6,uyURU,MF,Juventus,21.0,1997.0,2018-2019,ITA
Domenico Berardi,53a0e358,itITA,"FW,MF",Sassuolo,23.0,1994.0,2018-2019,ITA
Álex Berenguer,dc1c2fce,esESP,"MF,FW",Torino,23.0,1995.0,2018-2019,ITA
Bartosz Bereszyński,61b3978f,plPOL,DF,Sampdoria,26.0,1992.0,2018-2019,ITA
Etrit Berisha,ee833569,alALB,GK,Atalanta,29.0,1989.0,2018-2019,ITA
Valon Berisha,d5575935,xkKVX,MF,Lazio,25.0,1993.0,2018-2019,ITA
Federico Bernardeschi,ee93c1a9,itITA,"MF,FW",Juventus,24.0,1994.0,2018-2019,ITA
Daniel Bessa,88895312,itITA,MF,Genoa,25.0,1993.0,2018-2019,ITA
Jonathan Biabiany,6b99d135,frFRA,FW,Parma,30.0,1988.0,2018-2019,ITA
Lucas Biglia,5710a281,arARG,MF,Milan,32.0,1986.0,2018-2019,ITA
Cristiano Biraghi,9e1577aa,itITA,"DF,MF",Fiorentina,25.0,1992.0,2018-2019,ITA
Davide Biraschi,64cd167d,itITA,DF,Genoa,24.0,1994.0,2018-2019,ITA
Valter Birsa,455a2b79,siSVN,"MF,FW",Cagliari,31.0,1986.0,2018-2019,ITA
Valter Birsa,455a2b79,siSVN,"FW,MF",Chievo,31.0,1986.0,2018-2019,ITA
Kevin-Prince Boateng,f4ec4fd0,ghGHA,FW,Sassuolo,31.0,1987.0,2018-2019,ITA
Jeremie Boga,fe012aca,ciCIV,"FW,MF",Sassuolo,21.0,1997.0,2018-2019,ITA
Giacomo Bonaventura,d995ed27,itITA,MF,Milan,28.0,1989.0,2018-2019,ITA
Kevin Bonifazi,fb77bfef,itITA,DF,SPAL,22.0,1996.0,2018-2019,ITA
Leonardo Bonucci,52ec54d0,itITA,DF,Juventus,31.0,1987.0,2018-2019,ITA
Fabio Borini,ef5b337e,itITA,"FW,MF",Milan,27.0,1991.0,2018-2019,ITA
Mehdi Bourabia,0d077b88,maMAR,MF,Sassuolo,26.0,1991.0,2018-2019,ITA
Filip Bradarić,605873e1,hrCRO,MF,Cagliari,26.0,1992.0,2018-2019,ITA
Gleison Bremer,5fd5ed86,brBRA,DF,Torino,21.0,1997.0,2018-2019,ITA
Nicolò Brighenti,54c356b0,itITA,DF,Frosinone,28.0,1989.0,2018-2019,ITA
Matteo Brighi,d417b306,itITA,MF,Empoli,37.0,1981.0,2018-2019,ITA
Enrico Brignola,d0643f8f,itITA,"MF,FW",Sassuolo,19.0,1999.0,2018-2019,ITA
Marcelo Brozović,33b8d077,hrCRO,MF,Inter,25.0,1992.0,2018-2019,ITA
Rafael Cabral,806f7a26,brBRA,GK,Sampdoria,28.0,1990.0,2018-2019,ITA
Fabrizio Cacciatore,00b0bb87,itITA,DF,Cagliari,31.0,1986.0,2018-2019,ITA
Fabrizio Cacciatore,00b0bb87,itITA,DF,Chievo,31.0,1986.0,2018-2019,ITA
Martín Cáceres,e94d79e3,uyURU,"DF,MF",Lazio,31.0,1987.0,2018-2019,ITA
Martín Cáceres,e94d79e3,uyURU,DF,Juventus,31.0,1987.0,2018-2019,ITA
Felipe Caicedo,93b891d1,ecECU,FW,Lazio,29.0,1988.0,2018-2019,ITA
Arturo Calabresi,34bb6fbd,itITA,DF,Bologna,22.0,1996.0,2018-2019,ITA
Davide Calabria,2146785a,itITA,DF,Milan,21.0,1996.0,2018-2019,ITA
Hakan Çalhanoğlu,cd0fa27b,trTUR,"MF,FW",Milan,24.0,1994.0,2018-2019,ITA
José Callejón,78841da9,esESP,"MF,FW",Napoli,31.0,1987.0,2018-2019,ITA
Joel Campbell,895ff3ca,crCRC,"FW,MF",Frosinone,26.0,1992.0,2018-2019,ITA
Emre Can,a65ce836,deGER,MF,Juventus,24.0,1994.0,2018-2019,ITA
João Cancelo,bd6351cd,ptPOR,"DF,MF",Juventus,24.0,1994.0,2018-2019,ITA
Antonio Candreva,356c9002,itITA,MF,Inter,31.0,1987.0,2018-2019,ITA
Luan Capanni,28237d7e,brBRA,MF,Lazio,18.0,2000.0,2018-2019,ITA
Leonardo Capezzi,07ea0ef2,itITA,MF,Empoli,23.0,1995.0,2018-2019,ITA
Gianluca Caprari,54e53b7e,itITA,"FW,MF",Sampdoria,25.0,1993.0,2018-2019,ITA
Marco Capuano,616aea37,itITA,DF,Frosinone,26.0,1991.0,2018-2019,ITA
Francesco Caputo,5bd72174,itITA,FW,Empoli,30.0,1987.0,2018-2019,ITA
Francesco Cassata,96960855,itITA,MF,Frosinone,21.0,1997.0,2018-2019,ITA
Timothy Castagne,197640fd,beBEL,MF,Atalanta,22.0,1995.0,2018-2019,ITA
Samu Castillejo,130a7a3f,esESP,FW,Milan,23.0,1995.0,2018-2019,ITA
Lucas Castro,56b2957b,arARG,MF,Cagliari,29.0,1989.0,2018-2019,ITA
Danilo Cataldi,ba3d3bea,itITA,"MF,FW",Lazio,23.0,1994.0,2018-2019,ITA
Federico Ceccherini,d9624b51,itITA,DF,Fiorentina,26.0,1992.0,2018-2019,ITA
Žan Celar,868c6958,siSVN,FW,Roma,19.0,1999.0,2018-2019,ITA
Luca Ceppitelli,7d50454d,itITA,DF,Cagliari,28.0,1989.0,2018-2019,ITA
Fabio Ceravolo,4cc93246,itITA,FW,Parma,31.0,1987.0,2018-2019,ITA
Alberto Cerri,1079c685,itITA,FW,Cagliari,22.0,1996.0,2018-2019,ITA
Boštjan Cesar,c1d18f10,siSVN,DF,Chievo,36.0,1982.0,2018-2019,ITA
Raman Chibsah,aa5a409a,ghGHA,MF,Frosinone,25.0,1993.0,2018-2019,ITA
Giorgio Chiellini,e85fb9b8,itITA,DF,Juventus,33.0,1984.0,2018-2019,ITA
Federico Chiesa,b0f7e36c,itITA,"FW,MF",Fiorentina,20.0,1997.0,2018-2019,ITA
Vlad Chiricheș,c316607a,roROU,DF,Napoli,28.0,1989.0,2018-2019,ITA
Camillo Ciano,2114abf9,itITA,"FW,MF",Frosinone,28.0,1990.0,2018-2019,ITA
Amato Ciciretti,1ab0b878,itITA,FW,Parma,24.0,1993.0,2018-2019,ITA
Luca Cigarini,ae64d449,itITA,MF,Cagliari,32.0,1986.0,2018-2019,ITA
Daniel Ciofani,b09a3ecc,itITA,FW,Frosinone,33.0,1985.0,2018-2019,ITA
Thiago Cionek,46f5c54d,plPOL,DF,SPAL,32.0,1986.0,2018-2019,ITA
Omar Colley,8b95acda,gmGAM,DF,Sampdoria,25.0,1992.0,2018-2019,ITA
Andrea Consigli,8cabdc1e,itITA,GK,Sassuolo,31.0,1987.0,2018-2019,ITA
Andrea Conti,8fef5412,itITA,DF,Milan,24.0,1994.0,2018-2019,ITA
Gabriele Corbo,091795f2,itITA,DF,Bologna,18.0,2000.0,2018-2019,ITA
Ante Ćorić,2d3f7367,hrCRO,MF,Roma,21.0,1997.0,2018-2019,ITA
Joaquín Correa,45b9b619,arARG,FW,Lazio,23.0,1994.0,2018-2019,ITA
Douglas Costa,4fa7cb9b,brBRA,"MF,FW",Juventus,27.0,1990.0,2018-2019,ITA
Filippo Costa,00528660,itITA,MF,SPAL,23.0,1995.0,2018-2019,ITA
Alessio Cragno,f554e29b,itITA,GK,Cagliari,24.0,1994.0,2018-2019,ITA
Domenico Criscito,35dd6d80,itITA,"DF,MF",Genoa,31.0,1986.0,2018-2019,ITA
Lorenzo Crisetig,f54dfca8,itITA,MF,Frosinone,25.0,1993.0,2018-2019,ITA
Bryan Cristante,16657b95,itITA,MF,Roma,23.0,1995.0,2018-2019,ITA
Alessio da Cruz,b6667741,cvCPV,FW,Parma,21.0,1997.0,2018-2019,ITA
Juan Cuadrado,0ab1f153,coCOL,"MF,DF",Juventus,30.0,1988.0,2018-2019,ITA
Patrick Cutrone,a4fe8cda,itITA,FW,Milan,20.0,1998.0,2018-2019,ITA
Marco D'Alessandro,060606ec,itITA,MF,Udinese,27.0,1991.0,2018-2019,ITA
Danilo D'Ambrosio,44eb9093,itITA,DF,Inter,29.0,1988.0,2018-2019,ITA
Bryan Dabo,c53083ad,bfBFA,MF,Fiorentina,26.0,1992.0,2018-2019,ITA
Felipe dal Belo,8cea6319,brBRA,DF,SPAL,34.0,1984.0,2018-2019,ITA
Nicola Dalmonte,59a3efba,itITA,"FW,MF",Genoa,20.0,1997.0,2018-2019,ITA
Vitalie Damașcan,54e0c0cc,mdMDA,"FW,MF",Torino,19.0,1999.0,2018-2019,ITA
Sebastien De Maio,952a03fe,frFRA,DF,Udinese,31.0,1987.0,2018-2019,ITA
Sebastien De Maio,952a03fe,frFRA,DF,Bologna,31.0,1987.0,2018-2019,ITA
Rodrigo De Paul,162efffd,arARG,"MF,FW",Udinese,24.0,1994.0,2018-2019,ITA
Daniele De Rossi,532d2690,itITA,MF,Roma,35.0,1983.0,2018-2019,ITA
Mattia De Sciglio,ae4e2852,itITA,"DF,MF",Juventus,25.0,1992.0,2018-2019,ITA
Lorenzo De Silvestri,e74f0e59,itITA,MF,Torino,30.0,1988.0,2018-2019,ITA
Grégoire Defrel,854ee61a,mqMTQ,"FW,MF",Sampdoria,27.0,1991.0,2018-2019,ITA
Alessandro Deiola,7f267d66,itITA,MF,Cagliari,22.0,1995.0,2018-2019,ITA
Alessandro Deiola,7f267d66,itITA,MF,Parma,22.0,1995.0,2018-2019,ITA
Cristian Dell'Orco,b0243215,itITA,DF,Empoli,24.0,1994.0,2018-2019,ITA
Cristian Dell'Orco,b0243215,itITA,DF,Sassuolo,24.0,1994.0,2018-2019,ITA
Merih Demiral,e3cceee6,trTUR,DF,Sassuolo,20.0,1998.0,2018-2019,ITA
Fabio Depaoli,d97f2e8d,itITA,"DF,MF",Chievo,21.0,1997.0,2018-2019,ITA
Kiril Despodov,13c8e5f6,bgBUL,"FW,MF",Cagliari,21.0,1996.0,2018-2019,ITA
Daniele Dessena,02b2937c,itITA,MF,Cagliari,31.0,1987.0,2018-2019,ITA
Mattia Destro,d7d32194,itITA,FW,Bologna,27.0,1991.0,2018-2019,ITA
Jacopo Dezi,e921b9db,itITA,MF,Parma,26.0,1992.0,2018-2019,ITA
Federico Di Francesco,1fca9171,itITA,"FW,MF",Sassuolo,24.0,1994.0,2018-2019,ITA
Antonio Di Gaudio,434b8c73,itITA,FW,Parma,28.0,1989.0,2018-2019,ITA
Giovanni Di Lorenzo,230a2fac,itITA,"DF,MF",Empoli,24.0,1993.0,2018-2019,ITA
Amadou Diawara,bf309d24,gnGUI,MF,Napoli,21.0,1997.0,2018-2019,ITA
Lorenzo Dickmann,12851227,itITA,MF,SPAL,21.0,1996.0,2018-2019,ITA
Mitchell Dijks,0a3065c8,nlNED,"DF,MF",Bologna,25.0,1993.0,2018-2019,ITA
Federico Dimarco,970b8574,itITA,"DF,MF",Parma,20.0,1997.0,2018-2019,ITA
Federico Dionisi,a74d2999,itITA,FW,Frosinone,31.0,1987.0,2018-2019,ITA
Assane Dioussé,7f622eef,snSEN,MF,Chievo,20.0,1997.0,2018-2019,ITA
Koffi Djidji,933d3b51,ciCIV,DF,Torino,25.0,1992.0,2018-2019,ITA
Berat Djimsiti,6eee05f1,alALB,DF,Atalanta,25.0,1993.0,2018-2019,ITA
Johan Djourou,b8673e18,chSUI,DF,SPAL,31.0,1987.0,2018-2019,ITA
Gianluigi Donnarumma,08f5afaa,itITA,GK,Milan,19.0,1999.0,2018-2019,ITA
Godfred Donsah,384dd218,ghGHA,MF,Bologna,22.0,1996.0,2018-2019,ITA
Riccardo Doratiotto,c1bcb2df,itITA,FW,Cagliari,19.0,1999.0,2018-2019,ITA
Bartłomiej Drągowski,085e71a7,plPOL,GK,Fiorentina,20.0,1997.0,2018-2019,ITA
Bartłomiej Drągowski,085e71a7,plPOL,GK,Empoli,20.0,1997.0,2018-2019,ITA
Alfred Duncan,528492ea,ghGHA,MF,Sassuolo,25.0,1993.0,2018-2019,ITA
Riza Durmisi,e5cd9da6,dkDEN,MF,Lazio,24.0,1994.0,2018-2019,ITA
Paulo Dybala,e0921a4f,arARG,"FW,MF",Juventus,24.0,1993.0,2018-2019,ITA
Edin Džeko,3bb7f478,baBIH,FW,Roma,32.0,1986.0,2018-2019,ITA
Blerim Džemaili,756959aa,chSUI,MF,Bologna,32.0,1986.0,2018-2019,ITA
Simone Edera,8697c095,itITA,MF,Torino,21.0,1997.0,2018-2019,ITA
Simone Edera,8697c095,itITA,"FW,MF",Bologna,21.0,1997.0,2018-2019,ITA
Albin Ekdal,f503ea63,seSWE,MF,Sampdoria,29.0,1989.0,2018-2019,ITA
Valentin Eysseric,ae82fa48,frFRA,FW,Fiorentina,26.0,1992.0,2018-2019,ITA
Diego Falcinelli,a39b9ef6,itITA,FW,Bologna,27.0,1991.0,2018-2019,ITA
Iago Falque,440c84ed,esESP,"FW,MF",Torino,28.0,1990.0,2018-2019,ITA
Paolo Faragò,9085dd7c,itITA,"MF,DF",Cagliari,25.0,1993.0,2018-2019,ITA
Mohamed Fares,b7a5bc86,dzALG,"MF,DF",SPAL,22.0,1996.0,2018-2019,ITA
Diego Farias,157d29b6,brBRA,FW,Empoli,28.0,1990.0,2018-2019,ITA
Diego Farias,157d29b6,brBRA,FW,Cagliari,28.0,1990.0,2018-2019,ITA
Andrea Favilli,44510fde,itITA,FW,Genoa,21.0,1997.0,2018-2019,ITA
Federico Fazio,4e358a2d,arARG,DF,Roma,31.0,1987.0,2018-2019,ITA
Luiz Felipe,15d0c248,itITA,DF,Lazio,21.0,1997.0,2018-2019,ITA
Edimilson Fernandes,3bb625ac,chSUI,MF,Fiorentina,22.0,1996.0,2018-2019,ITA
Alex Ferrari,d0dbca9f,itITA,DF,Sampdoria,24.0,1994.0,2018-2019,ITA
Sergio Floccari,df301450,itITA,FW,SPAL,36.0,1981.0,2018-2019,ITA
Alessandro Florenzi,e288d4b3,itITA,"DF,MF",Roma,27.0,1991.0,2018-2019,ITA
Seko Fofana,5313ed43,ciCIV,MF,Udinese,23.0,1995.0,2018-2019,ITA
Pierluigi Frattali,71dac2c2,itITA,GK,Parma,32.0,1985.0,2018-2019,ITA
Remo Freuler,98d2c2c4,chSUI,MF,Atalanta,26.0,1992.0,2018-2019,ITA
Nicolas Frey,6378443d,frFRA,DF,Chievo,34.0,1984.0,2018-2019,ITA
Manolo Gabbiadini,8f866fe8,itITA,FW,Sampdoria,26.0,1991.0,2018-2019,ITA
Gianluca Gaetano,3b387cc7,itITA,MF,Napoli,18.0,2000.0,2018-2019,ITA
Roberto Gagliardini,ce30bfc8,itITA,MF,Inter,24.0,1994.0,2018-2019,ITA
Riccardo Gagliolo,173061c0,seSWE,DF,Parma,28.0,1990.0,2018-2019,ITA
Marcello Gazzola,93390969,itITA,"MF,DF",Parma,33.0,1985.0,2018-2019,ITA
Gerson,8827bf46,brBRA,"MF,FW",Fiorentina,21.0,1997.0,2018-2019,ITA
Gervinho,e468c053,ciCIV,FW,Parma,31.0,1987.0,2018-2019,ITA
Paolo Ghiglione,71dc23da,itITA,MF,Frosinone,21.0,1997.0,2018-2019,ITA
Faouzi Ghoulam,c5adc293,dzALG,DF,Napoli,27.0,1991.0,2018-2019,ITA
Emanuele Giaccherini,1c50f354,itITA,"MF,FW",Chievo,33.0,1985.0,2018-2019,ITA
Massimo Gobbi,635b0bae,itITA,DF,Parma,37.0,1980.0,2018-2019,ITA
Edoardo Goldaniga,4b029b31,itITA,DF,Frosinone,24.0,1993.0,2018-2019,ITA
Pierluigi Gollini,f0f7f62f,itITA,GK,Atalanta,23.0,1995.0,2018-2019,ITA
Papu Gómez,6e4df551,arARG,"MF,FW",Atalanta,30.0,1988.0,2018-2019,ITA
Alfred Gomis,cecbce23,snSEN,GK,SPAL,24.0,1993.0,2018-2019,ITA
Giancarlo González,117beb8f,crCRC,DF,Bologna,30.0,1988.0,2018-2019,ITA
Mirko Gori,7d86864c,itITA,MF,Frosinone,25.0,1993.0,2018-2019,ITA
Robin Gosens,2d970560,deGER,MF,Atalanta,24.0,1994.0,2018-2019,ITA
Paolo Gozzi Iweru,94230890,itITA,DF,Juventus,17.0,2001.0,2018-2019,ITA
Alberto Grassi,6cc97b6a,itITA,MF,Parma,23.0,1995.0,2018-2019,ITA
Sergej Grubac,a1bedc05,meMNE,FW,Chievo,18.0,2000.0,2018-2019,ITA
Guido Guerrieri,77e401c7,itITA,GK,Lazio,22.0,1996.0,2018-2019,ITA
Koray Günter,f1f1f238,deGER,"DF,MF",Genoa,23.0,1994.0,2018-2019,ITA
Emil Hallfreðsson,86015b20,isISL,MF,Udinese,34.0,1984.0,2018-2019,ITA
Emil Hallfreðsson,86015b20,isISL,MF,Frosinone,34.0,1984.0,2018-2019,ITA
Marek Hamšík,e6ad16b2,skSVK,MF,Napoli,31.0,1987.0,2018-2019,ITA
Dávid Hancko,4fac8f81,skSVK,DF,Fiorentina,20.0,1997.0,2018-2019,ITA
Samir Handanović,74419746,siSVN,GK,Inter,34.0,1984.0,2018-2019,ITA
Hans Hateboer,3b333ac3,nlNED,MF,Atalanta,24.0,1994.0,2018-2019,ITA
Filip Helander,27f0ddef,seSWE,DF,Bologna,25.0,1993.0,2018-2019,ITA
Dalbert Henrique,f45f9427,brBRA,"DF,MF",Inter,24.0,1993.0,2018-2019,ITA
Përparim Hetemaj,90b70194,fiFIN,MF,Chievo,31.0,1986.0,2018-2019,ITA
Gonzalo Higuaín,8a08491a,arARG,FW,Milan,30.0,1987.0,2018-2019,ITA
Oscar Hiljemark,98e958af,seSWE,MF,Genoa,26.0,1992.0,2018-2019,ITA
Vitor Hugo,f2c1300a,brBRA,DF,Fiorentina,27.0,1991.0,2018-2019,ITA
Elseid Hysaj,2f3452eb,alALB,DF,Napoli,24.0,1994.0,2018-2019,ITA
Simone Iacoponi,63071a3f,itITA,DF,Parma,31.0,1987.0,2018-2019,ITA
Roger Ibanez,82efe6fa,brBRA,DF,Atalanta,19.0,1998.0,2018-2019,ITA
Mauro Icardi,43b78598,arARG,FW,Inter,25.0,1993.0,2018-2019,ITA
Salvador Ichazo,514f0896,uyURU,GK,Torino,26.0,1992.0,2018-2019,ITA
Josip Iličić,68252d6d,siSVN,"FW,MF",Atalanta,30.0,1988.0,2018-2019,ITA
Ciro Immobile,4431aed2,itITA,FW,Lazio,28.0,1990.0,2018-2019,ITA
Svante Ingelsson,4133cfcf,seSWE,MF,Udinese,20.0,1998.0,2018-2019,ITA
Roberto Inglese,6c1f7328,itITA,FW,Parma,26.0,1991.0,2018-2019,ITA
Lorenzo Insigne,2f557579,itITA,"FW,MF",Napoli,27.0,1991.0,2018-2019,ITA
Artur Ioniță,cedb3e36,mdMDA,MF,Cagliari,27.0,1990.0,2018-2019,ITA
Armando Izzo,89976232,itITA,DF,Torino,26.0,1992.0,2018-2019,ITA
Jandrei,85ea4399,brBRA,GK,Genoa,25.0,1993.0,2018-2019,ITA
Marko Janković,9866afec,meMNE,MF,SPAL,23.0,1995.0,2018-2019,ITA
Jakub Jankto,1ea5f91c,czCZE,MF,Sampdoria,22.0,1996.0,2018-2019,ITA
Paweł Jaroszyński,958a601f,plPOL,"DF,MF",Chievo,23.0,1994.0,2018-2019,ITA
Juan Jesus,79083382,brBRA,DF,Roma,27.0,1991.0,2018-2019,ITA
Bruno Jordão,41ff002d,ptPOR,MF,Lazio,19.0,1998.0,2018-2019,ITA
Hamed Junior Traorè,570bb4b9,ciCIV,MF,Empoli,18.0,2000.0,2018-2019,ITA
Musa Juwara,7737dee2,gmGAM,MF,Chievo,16.0,2001.0,2018-2019,ITA
Yann Karamoh,8b66d9cc,frFRA,"FW,MF",Inter,20.0,1998.0,2018-2019,ITA
Ibrahim Karamoko,550985aa,frFRA,MF,Chievo,17.0,2001.0,2018-2019,ITA
Orestis Karnezis,85b011bb,grGRE,GK,Napoli,33.0,1985.0,2018-2019,ITA
Rick Karsdorp,9f84febe,nlNED,"DF,MF",Roma,23.0,1995.0,2018-2019,ITA
Grigoris Kastanos,2a82aa85,cyCYP,MF,Juventus,20.0,1998.0,2018-2019,ITA
Moise Kean,3d50bcdb,itITA,FW,Juventus,18.0,2000.0,2018-2019,ITA
Franck Kessié,05e19d6a,ciCIV,MF,Milan,21.0,1996.0,2018-2019,ITA
Sami Khedira,38ac43d3,deGER,MF,Juventus,31.0,1987.0,2018-2019,ITA
Sofian Kiyine,ce1806be,maMAR,"MF,DF",Chievo,20.0,1997.0,2018-2019,ITA
Ragnar Klavan,008a6e6d,eeEST,DF,Cagliari,32.0,1985.0,2018-2019,ITA
Justin Kluivert,4c3a6744,nlNED,"MF,FW",Roma,19.0,1999.0,2018-2019,ITA
Aleksandar Kolarov,eda40760,rsSRB,DF,Roma,32.0,1985.0,2018-2019,ITA
Christian Kouamé,58e933d2,ciCIV,"FW,MF",Genoa,20.0,1997.0,2018-2019,ITA
Kalidou Koulibaly,da974c7b,snSEN,DF,Napoli,27.0,1991.0,2018-2019,ITA
Dawid Kownacki,be5e1c4c,plPOL,"FW,MF",Sampdoria,21.0,1997.0,2018-2019,ITA
Luka Krajnc,2b71b88a,siSVN,DF,Frosinone,23.0,1994.0,2018-2019,ITA
Ladislav Krejčí,58027adc,czCZE,"MF,DF",Bologna,26.0,1992.0,2018-2019,ITA
Rade Krunić,817c6964,baBIH,MF,Empoli,24.0,1993.0,2018-2019,ITA
Juraj Kucka,5aaef9ef,skSVK,MF,Parma,31.0,1987.0,2018-2019,ITA
Dejan Kulusevski,df3cda47,seSWE,"FW,MF",Atalanta,18.0,2000.0,2018-2019,ITA
Jasmin Kurtić,144607cc,siSVN,MF,SPAL,29.0,1989.0,2018-2019,ITA
Antonino La Gumina,822a7761,itITA,FW,Empoli,22.0,1996.0,2018-2019,ITA
Alban Lafont,4e7db402,ciCIV,GK,Fiorentina,19.0,1999.0,2018-2019,ITA
Abdou Lahat Diakhate,8e809937,snSEN,MF,Parma,19.0,1998.0,2018-2019,ITA
Gianluca Lapadula,2ead2809,pePER,FW,Genoa,28.0,1990.0,2018-2019,ITA
Danilo Larangeira,fed5f993,brBRA,DF,Bologna,34.0,1984.0,2018-2019,ITA
Kevin Lasagna,09538fdb,itITA,FW,Udinese,25.0,1992.0,2018-2019,ITA
Vincent Laurini,3535098b,frFRA,"DF,MF",Fiorentina,29.0,1989.0,2018-2019,ITA
Diego Laxalt,f26e3c59,uyURU,"MF,DF",Milan,25.0,1993.0,2018-2019,ITA
Darko Lazović,5128bde4,rsSRB,"MF,FW",Genoa,27.0,1990.0,2018-2019,ITA
Manuel Lazzari,02caf6e0,itITA,MF,SPAL,24.0,1993.0,2018-2019,ITA
Lucas Leiva,4c78b5ed,brBRA,MF,Lazio,31.0,1987.0,2018-2019,ITA
Mauricio Lemos,dbe5a587,uyURU,DF,Sassuolo,22.0,1995.0,2018-2019,ITA
Lukas Lerager,1b82f8df,dkDEN,MF,Genoa,25.0,1993.0,2018-2019,ITA
Mehdi Léris,7d3cbc67,dzALG,MF,Chievo,20.0,1998.0,2018-2019,ITA
Karol Linetty,d023d70f,plPOL,MF,Sampdoria,23.0,1995.0,2018-2019,ITA
Pol Lirola,ff800ed8,esESP,"DF,MF",Sassuolo,20.0,1997.0,2018-2019,ITA
Adem Ljajić,2648e18f,rsSRB,"FW,MF",Torino,26.0,1991.0,2018-2019,ITA
Manuel Locatelli,a8a874f1,itITA,MF,Sassuolo,20.0,1998.0,2018-2019,ITA
José Luis Palomino,921f6058,arARG,DF,Atalanta,28.0,1990.0,2018-2019,ITA
Everton Luiz,3799e138,brBRA,MF,SPAL,30.0,1988.0,2018-2019,ITA
Jordan Lukaku,0cd0e21b,beBEL,MF,Lazio,24.0,1994.0,2018-2019,ITA
Saša Lukić,c6e8cf1f,rsSRB,MF,Torino,21.0,1996.0,2018-2019,ITA
Senad Lulić,7fd58fe3,baBIH,MF,Lazio,32.0,1986.0,2018-2019,ITA
Sebastiano Luperto,997fff07,itITA,DF,Napoli,21.0,1996.0,2018-2019,ITA
Lyanco,b5bf1770,brBRA,DF,Torino,21.0,1997.0,2018-2019,ITA
Lyanco,b5bf1770,brBRA,DF,Bologna,21.0,1997.0,2018-2019,ITA
Charalampos Lykogiannis,5efc5389,grGRE,DF,Cagliari,24.0,1993.0,2018-2019,ITA
Darwin Machís,ed6ea4d9,veVEN,"MF,FW",Udinese,25.0,1993.0,2018-2019,ITA
Francesco Magnanelli,07767f42,itITA,MF,Sassuolo,33.0,1984.0,2018-2019,ITA
Giangiacomo Magnani,cce9f582,itITA,DF,Sassuolo,22.0,1995.0,2018-2019,ITA
Raffaele Maiello,02febfdc,itITA,MF,Frosinone,27.0,1991.0,2018-2019,ITA
Domenico Maietta,3d936ba9,itITA,DF,Empoli,35.0,1982.0,2018-2019,ITA
Nikola Maksimović,16b9d5cf,rsSRB,DF,Napoli,26.0,1991.0,2018-2019,ITA
Kévin Malcuit,d6a889ea,maMAR,DF,Napoli,27.0,1991.0,2018-2019,ITA
Gianluca Mancini,5aa53281,itITA,DF,Atalanta,22.0,1996.0,2018-2019,ITA
Rolando Mandragora,c7259b83,itITA,MF,Udinese,21.0,1997.0,2018-2019,ITA
Mario Mandžukić,afa0d4e0,hrCRO,FW,Juventus,32.0,1986.0,2018-2019,ITA
Kostas Manolas,c707411f,grGRE,DF,Roma,27.0,1991.0,2018-2019,ITA
Juan Manuel Valencia,7f50c23b,coCOL,MF,Bologna,20.0,1998.0,2018-2019,ITA
Iván Marcano,7a20d90a,esESP,DF,Roma,31.0,1987.0,2018-2019,ITA
Federico Marchetti,f794b426,itITA,GK,Genoa,35.0,1983.0,2018-2019,ITA
Gian Marco Ferrari,8650af85,itITA,DF,Sassuolo,26.0,1992.0,2018-2019,ITA
João Mário,f0021247,ptPOR,MF,Inter,25.0,1993.0,2018-2019,ITA
Marlon,cdf65d12,brBRA,DF,Sassuolo,22.0,1995.0,2018-2019,ITA
Lautaro Martínez,f7036e1c,arARG,FW,Inter,20.0,1997.0,2018-2019,ITA
Adam Marušić,d4535821,meMNE,MF,Lazio,25.0,1992.0,2018-2019,ITA
Andrea Masiello,e0314d87,itITA,DF,Atalanta,32.0,1986.0,2018-2019,ITA
Luca Matarese,a6fc1a22,itITA,MF,Frosinone,20.0,1998.0,2018-2019,ITA
Alessandro Matri,58d97e77,itITA,FW,Sassuolo,33.0,1984.0,2018-2019,ITA
Federico Mattiello,fba81826,itITA,"MF,DF",Bologna,23.0,1995.0,2018-2019,ITA
Blaise Matuidi,c0cddebe,frFRA,MF,Juventus,31.0,1987.0,2018-2019,ITA
José Mauri,644faf10,itITA,MF,Milan,22.0,1996.0,2018-2019,ITA
Stephy Mavididi,30144daa,engENG,"FW,MF",Juventus,20.0,1998.0,2018-2019,ITA
Luca Mazzitelli,dc61b402,itITA,MF,Genoa,22.0,1995.0,2018-2019,ITA
Ibrahima Mbaye,cfbf9881,snSEN,"DF,MF",Bologna,23.0,1994.0,2018-2019,ITA
Levan Mchedlidze,54ab361e,geGEO,"FW,MF",Empoli,28.0,1990.0,2018-2019,ITA
Iuri Medeiros,97e2aa67,ptPOR,"MF,FW",Genoa,24.0,1994.0,2018-2019,ITA
Riccardo Meggiorini,2ec0f902,itITA,FW,Chievo,32.0,1985.0,2018-2019,ITA
Soualiho Meïté,5cec2c74,frFRA,MF,Torino,24.0,1994.0,2018-2019,ITA
Alex Meret,9413b19f,itITA,GK,Napoli,21.0,1997.0,2018-2019,ITA
Dries Mertens,89b2c8a9,beBEL,FW,Napoli,31.0,1987.0,2018-2019,ITA
Petar Mićin,259deea9,rsSRB,MF,Udinese,19.0,1998.0,2018-2019,ITA
Nikola Milenković,bee704fc,rsSRB,DF,Fiorentina,20.0,1997.0,2018-2019,ITA
Arkadiusz Milik,85613cf0,plPOL,FW,Napoli,24.0,1994.0,2018-2019,ITA
Sergej Milinković-Savić,4e6dbac4,rsSRB,MF,Lazio,23.0,1995.0,2018-2019,ITA
Vanja Milinković-Savić,9fa26bc2,rsSRB,GK,SPAL,21.0,1997.0,2018-2019,ITA
Vincenzo Millico,6817095b,itITA,FW,Torino,17.0,2000.0,2018-2019,ITA
Kevin Mirallas,aa51343f,beBEL,"FW,MF",Fiorentina,30.0,1987.0,2018-2019,ITA
Miranda,314f2124,brBRA,DF,Inter,33.0,1984.0,2018-2019,ITA
Antonio Mirante,30223b33,itITA,GK,Roma,35.0,1983.0,2018-2019,ITA
Simone Missiroli,331c0a43,itITA,MF,SPAL,32.0,1986.0,2018-2019,ITA
Cristian Molinaro,1c8c5aed,itITA,"MF,DF",Frosinone,35.0,1983.0,2018-2019,ITA
Gabriele Moncini,c4efe2b4,itITA,FW,SPAL,22.0,1996.0,2018-2019,ITA
Cristóbal Montiel,dd52d069,esESP,MF,Fiorentina,18.0,2000.0,2018-2019,ITA
Emiliano Moretti,55667895,itITA,DF,Torino,37.0,1981.0,2018-2019,ITA
Samuel Mráz,be6c1ccc,skSVK,FW,Empoli,21.0,1997.0,2018-2019,ITA
Gianni Munari,e50613bd,itITA,MF,Parma,35.0,1983.0,2018-2019,ITA
Alessandro Murgia,fb2c533b,itITA,MF,SPAL,21.0,1996.0,2018-2019,ITA
Alessandro Murgia,fb2c533b,itITA,MF,Lazio,21.0,1996.0,2018-2019,ITA
Luis Muriel,eb2fe5b6,coCOL,FW,Fiorentina,27.0,1991.0,2018-2019,ITA
Nicola Murru,d183e9d6,itITA,DF,Sampdoria,23.0,1994.0,2018-2019,ITA
Mateo Musacchio,91899ca8,arARG,DF,Milan,27.0,1990.0,2018-2019,ITA
Juan Musso,a111cf41,arARG,GK,Udinese,24.0,1994.0,2018-2019,ITA
Ádám Nagy,788b31e2,huHUN,MF,Bologna,23.0,1995.0,2018-2019,ITA
Radja Nainggolan,1f9328da,beBEL,MF,Inter,30.0,1988.0,2018-2019,ITA
Angelo Ndrecka,fcd20025,alALB,MF,Chievo,16.0,2001.0,2018-2019,ITA
Pedro Neto,7ba2eaa9,ptPOR,"FW,MF",Lazio,18.0,2000.0,2018-2019,ITA
Hans Nicolussi Caviglia,b136c945,itITA,MF,Juventus,18.0,2000.0,2018-2019,ITA
Dimitris Nikolaou,cf961d8d,grGRE,DF,Empoli,19.0,1998.0,2018-2019,ITA
Nicolas Nkoulou,93cf32a8,cmCMR,DF,Torino,28.0,1990.0,2018-2019,ITA
Bram Nuytinck,e33f36d5,nlNED,DF,Udinese,28.0,1990.0,2018-2019,ITA
Steven Nzonzi,c7526c18,frFRA,MF,Roma,29.0,1988.0,2018-2019,ITA
Christian Nørgaard,df0a4c90,dkDEN,MF,Fiorentina,24.0,1994.0,2018-2019,ITA
Dimitri Oberlin,af45e954,chSUI,"FW,MF",Empoli,20.0,1997.0,2018-2019,ITA
Joel Obi,614c38fb,ngNGA,MF,Chievo,27.0,1991.0,2018-2019,ITA
Jens Odgaard,75374ee7,dkDEN,"FW,MF",Sassuolo,19.0,1999.0,2018-2019,ITA
Stefano Okaka,601ef102,itITA,FW,Udinese,28.0,1989.0,2018-2019,ITA
Orji Okwonkwo,905a4f61,ngNGA,FW,Bologna,20.0,1998.0,2018-2019,ITA
Robin Olsen,e7ee38c3,seSWE,GK,Roma,28.0,1990.0,2018-2019,ITA
Stephane Omeonga,72c803a0,beBEL,MF,Genoa,22.0,1996.0,2018-2019,ITA
Nicholas Opoku,b871bf55,ghGHA,DF,Udinese,20.0,1997.0,2018-2019,ITA
Riccardo Orsolini,e14ec482,itITA,"MF,FW",Bologna,21.0,1997.0,2018-2019,ITA
David Ospina,82b1198a,coCOL,GK,Napoli,29.0,1988.0,2018-2019,ITA
Adam Ounas,ed90babd,dzALG,"MF,FW",Napoli,21.0,1996.0,2018-2019,ITA
Simone Padoin,5eb72339,itITA,"DF,MF",Cagliari,34.0,1984.0,2018-2019,ITA
Luca Paganini,e5b98a70,itITA,MF,Frosinone,25.0,1993.0,2018-2019,ITA
Marko Pajač,5df4ef30,hrCRO,"MF,DF",Empoli,25.0,1993.0,2018-2019,ITA
Marko Pajač,5df4ef30,hrCRO,"DF,MF",Cagliari,25.0,1993.0,2018-2019,ITA
Rodrigo Palacio,8d8178ac,arARG,"FW,MF",Bologna,36.0,1982.0,2018-2019,ITA
Alberto Paloschi,b5cae4e6,itITA,FW,SPAL,28.0,1990.0,2018-2019,ITA
Goran Pandev,d711d04f,mkMKD,"FW,MF",Genoa,35.0,1983.0,2018-2019,ITA
Lucas Paquetá,9b6f7fd5,brBRA,MF,Milan,20.0,1997.0,2018-2019,ITA
Vittorio Parigini,75efed2e,itITA,"MF,FW",Torino,22.0,1996.0,2018-2019,ITA
Marco Parolo,ed5886d2,itITA,MF,Lazio,33.0,1985.0,2018-2019,ITA
Mario Pašalić,e599253a,hrCRO,MF,Atalanta,23.0,1995.0,2018-2019,ITA
Manuel Pasqual,548902cc,itITA,"DF,MF",Empoli,36.0,1982.0,2018-2019,ITA
Javier Pastore,881ef58c,arARG,"MF,FW",Roma,29.0,1989.0,2018-2019,ITA
Patric,f7223718,esESP,"DF,MF",Lazio,25.0,1993.0,2018-2019,ITA
Leonardo Pavoletti,d37b0350,itITA,FW,Cagliari,29.0,1988.0,2018-2019,ITA
Nehuén Paz,42b1a58a,arARG,DF,Bologna,25.0,1993.0,2018-2019,ITA
João Pedro,81255c03,itITA,"FW,MF",Cagliari,26.0,1992.0,2018-2019,ITA
Gianluca Pegolo,f058ed1f,itITA,GK,Sassuolo,37.0,1981.0,2018-2019,ITA
Lorenzo Pellegrini,4a5a45c7,itITA,MF,Roma,22.0,1996.0,2018-2019,ITA
Luca Pellegrini,3b61c9ec,itITA,DF,Cagliari,19.0,1999.0,2018-2019,ITA
Luca Pellegrini,3b61c9ec,itITA,DF,Roma,19.0,1999.0,2018-2019,ITA
Sergio Pellissier,878ee034,itITA,FW,Chievo,39.0,1979.0,2018-2019,ITA
Federico Peluso,4f2908e5,itITA,DF,Sassuolo,34.0,1984.0,2018-2019,ITA
Pepín,7afb1573,gqEQG,MF,Parma,21.0,1996.0,2018-2019,ITA
Pedro Pereira,c77be0cf,ptPOR,"MF,DF",Genoa,20.0,1998.0,2018-2019,ITA
Stipe Perica,269b4638,hrCRO,FW,Frosinone,23.0,1995.0,2018-2019,ITA
Mattia Perin,4c62d0c8,itITA,GK,Juventus,25.0,1992.0,2018-2019,ITA
Ivan Perišić,6fe90922,hrCRO,"MF,FW",Inter,29.0,1989.0,2018-2019,ITA
Diego Perotti,a40d5a0c,arARG,"MF,FW",Roma,30.0,1988.0,2018-2019,ITA
Matteo Pessina,780e3631,itITA,MF,Atalanta,21.0,1997.0,2018-2019,ITA
Andrea Petagna,03f946ed,itITA,FW,SPAL,23.0,1995.0,2018-2019,ITA
Germán Pezzella,8c725b43,arARG,DF,Fiorentina,27.0,1991.0,2018-2019,ITA
Giuseppe Pezzella,149c5f5d,itITA,"MF,DF",Udinese,20.0,1997.0,2018-2019,ITA
Giuseppe Pezzella,149c5f5d,itITA,DF,Genoa,20.0,1997.0,2018-2019,ITA
Krzysztof Piątek,17f3620a,plPOL,FW,Genoa,23.0,1995.0,2018-2019,ITA
Krzysztof Piątek,17f3620a,plPOL,FW,Milan,23.0,1995.0,2018-2019,ITA
Lucas Piazon,f201798c,brBRA,"FW,MF",Chievo,24.0,1994.0,2018-2019,ITA
Roberto Piccoli,1cadaf34,itITA,FW,Atalanta,17.0,2001.0,2018-2019,ITA
Andrea Pinamonti,08aa9cd1,itITA,FW,Frosinone,19.0,1999.0,2018-2019,ITA
Carlo Pinsoglio,f6a06749,itITA,GK,Juventus,28.0,1990.0,2018-2019,ITA
Fabio Pisacane,56400c01,itITA,DF,Cagliari,32.0,1986.0,2018-2019,ITA
Marko Pjaca,2c38b327,hrCRO,"FW,MF",Fiorentina,23.0,1995.0,2018-2019,ITA
Miralem Pjanić,ad6df2d5,baBIH,MF,Juventus,28.0,1990.0,2018-2019,ITA
Andrea Poli,b3fd7075,itITA,MF,Bologna,28.0,1989.0,2018-2019,ITA
Matteo Politano,5e861944,itITA,"MF,FW",Inter,24.0,1993.0,2018-2019,ITA
Giacomo Poluzzi,07f55871,itITA,GK,SPAL,30.0,1988.0,2018-2019,ITA
Manolo Portanova,c8c0dccd,itITA,"FW,MF",Juventus,18.0,2000.0,2018-2019,ITA
Dennis Praet,86695068,beBEL,MF,Sampdoria,24.0,1994.0,2018-2019,ITA
Silvio Proto,c8a88acd,beBEL,GK,Lazio,35.0,1983.0,2018-2019,ITA
Ivan Provedel,277da414,itITA,GK,Empoli,24.0,1994.0,2018-2019,ITA
Manuel Pucciarelli,a1c7b425,itITA,FW,Chievo,27.0,1991.0,2018-2019,ITA
Erick Pulgar,4611e028,clCHI,MF,Bologna,24.0,1994.0,2018-2019,ITA
Ignacio Pussetto,62437b4f,arARG,"FW,MF",Udinese,22.0,1995.0,2018-2019,ITA
Fabio Quagliarella,ee4f2f3b,itITA,FW,Sampdoria,35.0,1983.0,2018-2019,ITA
Ivan Radovanović,023937a9,rsSRB,MF,Genoa,29.0,1988.0,2018-2019,ITA
Ivan Radovanović,023937a9,rsSRB,MF,Chievo,29.0,1988.0,2018-2019,ITA
Ionuț Radu,67f649be,roROU,GK,Genoa,21.0,1997.0,2018-2019,ITA
Ștefan Radu,53de807a,roROU,DF,Lazio,31.0,1986.0,2018-2019,ITA
Gastón Ramírez,2c851997,uyURU,MF,Sampdoria,27.0,1990.0,2018-2019,ITA
Andrea Ranocchia,539230cf,itITA,DF,Inter,30.0,1988.0,2018-2019,ITA
Jacob Rasmussen,283699b4,dkDEN,"DF,MF",Empoli,21.0,1997.0,2018-2019,ITA
Giacomo Raspadori,6e058f06,itITA,"FW,MF",Sassuolo,18.0,2000.0,2018-2019,ITA
Arkadiusz Reca,6213fd82,plPOL,"DF,MF",Atalanta,23.0,1995.0,2018-2019,ITA
Vasco Regini,339c6ed4,itITA,DF,SPAL,27.0,1990.0,2018-2019,ITA
Pepe Reina,e358587b,esESP,GK,Milan,35.0,1982.0,2018-2019,ITA
Emiliano Rigoni,a1216563,arARG,"FW,MF",Atalanta,25.0,1993.0,2018-2019,ITA
Luca Rigoni,4dba2a97,itITA,MF,Parma,33.0,1984.0,2018-2019,ITA
Nicola Rigoni,e327bd76,itITA,MF,Chievo,27.0,1990.0,2018-2019,ITA
Tomás Rincón,f1cfc209,veVEN,MF,Torino,30.0,1988.0,2018-2019,ITA
Alejandro Rodríguez,7602ddf6,esESP,FW,Empoli,27.0,1991.0,2018-2019,ITA
Ricardo Rodríguez,7f78ad23,chSUI,DF,Milan,25.0,1992.0,2018-2019,ITA
Marko Rog,b6b2b820,hrCRO,MF,Napoli,23.0,1995.0,2018-2019,ITA
Rogério,10e7f486,brBRA,"DF,MF",Sassuolo,20.0,1998.0,2018-2019,ITA
Esteban Rolón,10e25802,arARG,"MF,DF",Genoa,23.0,1995.0,2018-2019,ITA
Filippo Romagna,84594618,itITA,DF,Cagliari,21.0,1997.0,2018-2019,ITA
Alessio Romagnoli,3ead85f9,itITA,DF,Milan,23.0,1995.0,2018-2019,ITA
Cristian Romero,a3d94a58,arARG,DF,Genoa,20.0,1998.0,2018-2019,ITA
Rômulo,07abb358,itITA,MF,Genoa,31.0,1987.0,2018-2019,ITA
Rômulo,07abb358,itITA,MF,Lazio,31.0,1987.0,2018-2019,ITA
Cristiano Ronaldo,dea698d9,ptPOR,FW,Juventus,33.0,1985.0,2018-2019,ITA
Marten de Roon,2a1beb34,nlNED,MF,Atalanta,27.0,1991.0,2018-2019,ITA
Luca Rossettini,47a500ae,itITA,DF,Chievo,33.0,1985.0,2018-2019,ITA
Francesco Rossi,7b5f516f,itITA,GK,Atalanta,27.0,1991.0,2018-2019,ITA
Daniele Rugani,14b8fcdf,itITA,DF,Juventus,24.0,1994.0,2018-2019,ITA
Mário Rui,0b5a292a,ptPOR,DF,Napoli,27.0,1991.0,2018-2019,ITA
Fabián Ruiz Peña,c0c7ff58,esESP,MF,Napoli,22.0,1996.0,2018-2019,ITA
Jacopo Sala,da5a981b,itITA,DF,Sampdoria,26.0,1991.0,2018-2019,ITA
Bartosz Salamon,9b30df1e,plPOL,DF,Frosinone,27.0,1991.0,2018-2019,ITA
Paolo Sammarco,3c1e4e84,itITA,MF,Frosinone,35.0,1983.0,2018-2019,ITA
Antonio Sanabria,0a447501,pyPAR,FW,Genoa,22.0,1996.0,2018-2019,ITA
Sandro,c1c2c925,brBRA,MF,Udinese,29.0,1989.0,2018-2019,ITA
Sandro,c1c2c925,brBRA,"MF,DF",Genoa,29.0,1989.0,2018-2019,ITA
Alex Sandro,0d82903c,brBRA,"DF,MF",Juventus,27.0,1991.0,2018-2019,ITA
Nicola Sansone,7eb97a8e,itITA,"MF,FW",Bologna,26.0,1991.0,2018-2019,ITA
Federico Santander,df85d472,pyPAR,FW,Bologna,27.0,1991.0,2018-2019,ITA
Davide Santon,88c89891,itITA,DF,Roma,27.0,1991.0,2018-2019,ITA
Samir Santos,92b4758e,brBRA,DF,Udinese,23.0,1994.0,2018-2019,ITA
Riccardo Saponara,3bb7af3b,itITA,MF,Sampdoria,26.0,1991.0,2018-2019,ITA
Marco Sau,1ad1f50d,itITA,"FW,MF",Sampdoria,30.0,1987.0,2018-2019,ITA
Marco Sau,1ad1f50d,itITA,"FW,MF",Cagliari,30.0,1987.0,2018-2019,ITA
Ezequiel Schelotto,a6e316c1,itITA,DF,Chievo,29.0,1989.0,2018-2019,ITA
Nicolás Schiappacasse,afe31d55,uyURU,FW,Parma,19.0,1999.0,2018-2019,ITA
Pasquale Schiattarella,bd84fc61,itITA,MF,SPAL,31.0,1987.0,2018-2019,ITA
Patrik Schick,5d4f7d61,czCZE,"FW,MF",Roma,22.0,1996.0,2018-2019,ITA
Matteo Scozzarella,ea164f99,itITA,MF,Parma,30.0,1988.0,2018-2019,ITA
Simone Scuffet,41bd99ea,itITA,GK,Udinese,22.0,1996.0,2018-2019,ITA
Andrea Seculin,c4f573f4,itITA,GK,Chievo,28.0,1990.0,2018-2019,ITA
Adrian Šemper,f02dde20,hrCRO,GK,Chievo,20.0,1998.0,2018-2019,ITA
Stefano Sensi,b70bde8f,itITA,MF,Sassuolo,22.0,1995.0,2018-2019,ITA
Luigi Sepe,343f753a,itITA,GK,Parma,27.0,1991.0,2018-2019,ITA
Leonardo Sernicola,dd7febd8,itITA,"DF,MF",Sassuolo,21.0,1997.0,2018-2019,ITA
Stephan El Shaarawy,d3aaad90,itITA,"MF,FW",Roma,25.0,1992.0,2018-2019,ITA
Francisco Sierralta,0f933743,clCHI,DF,Parma,21.0,1997.0,2018-2019,ITA
Luca Siligardi,1cac99dc,itITA,FW,Parma,30.0,1988.0,2018-2019,ITA
Matheus Pereira da Silva,bef22bc4,brBRA,MF,Juventus,20.0,1998.0,2018-2019,ITA
Matías Silvestre,b6ca47a2,arARG,DF,Empoli,33.0,1984.0,2018-2019,ITA
Giovanni Simeone,343c0d52,arARG,FW,Fiorentina,23.0,1995.0,2018-2019,ITA
Lorenco Šimić,65e4dede,hrCRO,DF,SPAL,22.0,1996.0,2018-2019,ITA
Salvatore Sirigu,10dc46f0,itITA,GK,Torino,31.0,1987.0,2018-2019,ITA
Łukasz Skorupski,ab4449d6,plPOL,GK,Bologna,27.0,1991.0,2018-2019,ITA
Milan Škriniar,30f5ffa9,skSVK,DF,Inter,23.0,1995.0,2018-2019,ITA
Cédric Soares,839c14e1,ptPOR,DF,Inter,26.0,1991.0,2018-2019,ITA
Danilo Soddimo,098139eb,itITA,MF,Frosinone,30.0,1987.0,2018-2019,ITA
Roberto Soriano,9d4c45d6,itITA,MF,Torino,27.0,1991.0,2018-2019,ITA
Roberto Soriano,9d4c45d6,itITA,MF,Bologna,27.0,1991.0,2018-2019,ITA
Stefano Sorrentino,048877f5,itITA,GK,Chievo,39.0,1979.0,2018-2019,ITA
Riccardo Sottil,94816803,itITA,"FW,MF",Fiorentina,19.0,1999.0,2018-2019,ITA
Leonardo Spinazzola,3626daea,itITA,"MF,DF",Juventus,25.0,1993.0,2018-2019,ITA
Nicolás Spolli,9a560ebe,arARG,DF,Genoa,35.0,1983.0,2018-2019,ITA
Marco Sportiello,ac4003af,itITA,GK,Frosinone,26.0,1992.0,2018-2019,ITA
Mattia Sprocati,bdd0692f,itITA,"FW,MF",Parma,25.0,1993.0,2018-2019,ITA
Darijo Srna,edd6c8e9,hrCRO,DF,Cagliari,36.0,1982.0,2018-2019,ITA
Mariusz Stępiński,7b536033,plPOL,FW,Chievo,23.0,1995.0,2018-2019,ITA
Thomas Strakosha,339fe0e8,alALB,GK,Lazio,23.0,1995.0,2018-2019,ITA
Kevin Strootman,ef2e5e1a,nlNED,MF,Roma,28.0,1990.0,2018-2019,ITA
Jens Stryger Larsen,f91e81c9,dkDEN,"DF,MF",Udinese,27.0,1991.0,2018-2019,ITA
Leo Štulac,92948398,siSVN,MF,Parma,23.0,1994.0,2018-2019,ITA
Stefano Sturaro,2334478a,itITA,MF,Genoa,25.0,1993.0,2018-2019,ITA
Suso,4e219ad2,esESP,"FW,MF",Milan,24.0,1993.0,2018-2019,ITA
Mattias Svanberg,92d83c27,seSWE,MF,Bologna,19.0,1999.0,2018-2019,ITA
Wojciech Szczęsny,01b8a2b2,plPOL,GK,Juventus,28.0,1990.0,2018-2019,ITA
Strahinja Tanasijević,618ab91f,rsSRB,DF,Chievo,21.0,1997.0,2018-2019,ITA
Júnior Tavares,f1675fdd,brBRA,DF,Sampdoria,21.0,1996.0,2018-2019,ITA
Łukasz Teodorczyk,7e81a17d,plPOL,FW,Udinese,27.0,1991.0,2018-2019,ITA
Hidde ter Avest,18f9dbd0,nlNED,MF,Udinese,21.0,1997.0,2018-2019,ITA
Pietro Terracciano,e1b0a70d,itITA,GK,Fiorentina,28.0,1990.0,2018-2019,ITA
Pietro Terracciano,e1b0a70d,itITA,GK,Empoli,28.0,1990.0,2018-2019,ITA
Cyril Théréau,4d3ab428,frFRA,FW,Fiorentina,35.0,1983.0,2018-2019,ITA
Cyril Théréau,4d3ab428,frFRA,FW,Cagliari,35.0,1983.0,2018-2019,ITA
Rafael Tolói,c56dc39e,itITA,DF,Atalanta,27.0,1990.0,2018-2019,ITA
Nenad Tomović,6aafdc27,rsSRB,DF,Chievo,30.0,1987.0,2018-2019,ITA
Lorenzo Tonelli,8cc29864,itITA,DF,Sampdoria,28.0,1990.0,2018-2019,ITA
William Troost-Ekong,7ed4921e,ngNGA,DF,Udinese,24.0,1993.0,2018-2019,ITA
Marcello Trotta,acdad0aa,itITA,FW,Frosinone,25.0,1992.0,2018-2019,ITA
Marcello Trotta,acdad0aa,itITA,FW,Sassuolo,25.0,1992.0,2018-2019,ITA
Marco Tumminello,5bdd44d8,itITA,FW,Atalanta,19.0,1998.0,2018-2019,ITA
Salih Uçan,fe154b26,trTUR,MF,Empoli,24.0,1994.0,2018-2019,ITA
Cengiz Ünder,1880614f,trTUR,"MF,FW",Roma,21.0,1997.0,2018-2019,ITA
Joel Untersee,3300c14c,chSUI,DF,Empoli,24.0,1994.0,2018-2019,ITA
Mirko Valdifiori,c710f7d5,itITA,MF,SPAL,32.0,1986.0,2018-2019,ITA
Borja Valero,0e21fc3c,esESP,MF,Inter,33.0,1985.0,2018-2019,ITA
Mattia Valoti,c414df9d,itITA,MF,SPAL,24.0,1993.0,2018-2019,ITA
Luca Valzania,2b28ba9f,itITA,MF,Frosinone,22.0,1996.0,2018-2019,ITA
Luca Valzania,2b28ba9f,itITA,MF,Atalanta,22.0,1996.0,2018-2019,ITA
Matías Vecino,44ac04e9,uyURU,MF,Inter,26.0,1991.0,2018-2019,ITA
Miguel Veloso,ab1ca213,ptPOR,MF,Genoa,32.0,1986.0,2018-2019,ITA
Francesco Verde,0497a545,itITA,FW,Cagliari,19.0,1999.0,2018-2019,ITA
Simone Verdi,0375723e,itITA,"MF,FW",Napoli,26.0,1992.0,2018-2019,ITA
Jordan Veretout,4a56052c,frFRA,MF,Fiorentina,25.0,1993.0,2018-2019,ITA
Freddie Veseli,d541e703,alALB,DF,Empoli,25.0,1992.0,2018-2019,ITA
Francesco Vicari,de045b15,itITA,DF,SPAL,23.0,1994.0,2018-2019,ITA
Ronaldo Vieira,75e60d75,gwGNB,MF,Sampdoria,20.0,1998.0,2018-2019,ITA
Emanuel Vignato,ec5dae45,itITA,MF,Chievo,17.0,2000.0,2018-2019,ITA
Federico Viviani,2258c078,itITA,MF,Frosinone,26.0,1992.0,2018-2019,ITA
Emiliano Viviano,03760df0,itITA,GK,SPAL,32.0,1985.0,2018-2019,ITA
Felipe Vizeu,0412b9cd,brBRA,FW,Udinese,21.0,1997.0,2018-2019,ITA
Dušan Vlahović,79443529,rsSRB,FW,Fiorentina,18.0,2000.0,2018-2019,ITA
Rai Vloet,b32e8c5f,nlNED,MF,Frosinone,23.0,1995.0,2018-2019,ITA
Stefan de Vrij,d0d8dd44,nlNED,DF,Inter,26.0,1992.0,2018-2019,ITA
Šime Vrsaljko,46a8347f,hrCRO,"DF,MF",Inter,26.0,1992.0,2018-2019,ITA
Molla Wagué,a440d8ca,mlMLI,DF,Udinese,27.0,1991.0,2018-2019,ITA
Wallace,d61b3354,brBRA,DF,Lazio,23.0,1994.0,2018-2019,ITA
Ben Wilmot,2876eaa3,engENG,"MF,DF",Udinese,18.0,1999.0,2018-2019,ITA
Amin Younes,228f73ae,deGER,"MF,FW",Napoli,24.0,1993.0,2018-2019,ITA
Miha Zajc,83e4643e,siSVN,"MF,FW",Empoli,24.0,1994.0,2018-2019,ITA
Francesco Zampano,8e45910b,itITA,"MF,DF",Frosinone,24.0,1993.0,2018-2019,ITA
Nicolò Zaniolo,9907b1c8,itITA,"MF,FW",Roma,19.0,1999.0,2018-2019,ITA
Cristián Zapata,b1deecf8,coCOL,DF,Milan,31.0,1986.0,2018-2019,ITA
Duván Zapata,d3de9af0,coCOL,FW,Atalanta,27.0,1991.0,2018-2019,ITA
Simone Zaza,9592289a,itITA,FW,Torino,27.0,1991.0,2018-2019,ITA
Marvin Zeegelaar,8abd0c03,nlNED,"MF,DF",Udinese,27.0,1990.0,2018-2019,ITA
Piotr Zieliński,a5296e55,plPOL,MF,Napoli,24.0,1994.0,2018-2019,ITA
Ervin Zukanović,1253a12e,baBIH,DF,Genoa,31.0,1987.0,2018-2019,ITA
Filip Đorđević,dfb933e0,rsSRB,FW,Chievo,30.0,1987.0,2018-2019,ITA
Filip Đuričić,eccbe56a,rsSRB,"FW,MF",Sassuolo,26.0,1992.0,2018-2019,ITA
David Abraham,565bf0da,arARG,DF,Eintracht Frankfurt,32.0,1986.0,2018-2019,GER
Amir Abrashi,1c08a3c8,alALB,MF,Freiburg,28.0,1990.0,2018-2019,GER
Tyler Adams,2b09d998,usUSA,MF,RB Leipzig,19.0,1999.0,2018-2019,GER
Antonis Aidonis,54507986,deGER,DF,Stuttgart,17.0,2001.0,2018-2019,GER
Manuel Akanji,89ac64a6,chSUI,DF,Dortmund,23.0,1995.0,2018-2019,GER
Chadrac Akolo,debc2f28,cdCOD,"MF,FW",Stuttgart,23.0,1995.0,2018-2019,GER
Kevin Akpoguma,6ec6fde0,ngNGA,DF,Hoffenheim,23.0,1995.0,2018-2019,GER
Kevin Akpoguma,6ec6fde0,ngNGA,DF,Hannover 96,23.0,1995.0,2018-2019,GER
David Alaba,05439de2,atAUT,DF,Bayern Munich,26.0,1992.0,2018-2019,GER
Lucas Alario,834d0be5,arARG,FW,Leverkusen,25.0,1992.0,2018-2019,GER
Miiko Albornoz,d459281d,clCHI,"DF,MF",Hannover 96,27.0,1990.0,2018-2019,GER
Paco Alcácer,a7a9d95a,esESP,FW,Dortmund,24.0,1993.0,2018-2019,GER
Thiago Alcántara,77e84962,esESP,MF,Bayern Munich,27.0,1991.0,2018-2019,GER
Alfonso,d73a07e2,mzMOZ,"DF,MF",Hoffenheim,18.0,1999.0,2018-2019,GER
Allan,b15e93aa,brBRA,MF,Eintracht Frankfurt,21.0,1997.0,2018-2019,GER
Nadiem Amiri,555d5edd,deGER,MF,Hoffenheim,21.0,1996.0,2018-2019,GER
Waldemar Anton,5e66fa06,deGER,DF,Hannover 96,22.0,1996.0,2018-2019,GER
Dennis Aogo,c311243f,deGER,MF,Stuttgart,31.0,1987.0,2018-2019,GER
Charles Aránguiz,56413b1f,clCHI,MF,Leverkusen,29.0,1989.0,2018-2019,GER
Maximilian Arnold,86e119e0,deGER,MF,Wolfsburg,24.0,1994.0,2018-2019,GER
Takuma Asano,13ddc856,jpJPN,"MF,FW",Hannover 96,23.0,1994.0,2018-2019,GER
Santiago Ascacíbar,e26fcca3,arARG,MF,Stuttgart,21.0,1997.0,2018-2019,GER
Simon Asta,dfc85b89,deGER,DF,Augsburg,17.0,2001.0,2018-2019,GER
Jean-Kévin Augustin,97bfa797,frFRA,FW,RB Leipzig,21.0,1997.0,2018-2019,GER
Ludwig Augustinsson,9fec8860,seSWE,DF,Werder Bremen,24.0,1994.0,2018-2019,GER
Kaan Ayhan,2200181e,trTUR,DF,Düsseldorf,23.0,1994.0,2018-2019,GER
Florian Baak,150d5992,deGER,DF,Hertha BSC,19.0,1999.0,2018-2019,GER
Holger Badstuber,45b7edae,deGER,DF,Stuttgart,29.0,1989.0,2018-2019,GER
Daniel Baier,f261abcb,deGER,MF,Augsburg,34.0,1984.0,2018-2019,GER
Leon Bailey,3a233281,jmJAM,"FW,MF",Leverkusen,20.0,1997.0,2018-2019,GER
Marvin Bakalorz,04c11885,deGER,MF,Hannover 96,28.0,1989.0,2018-2019,GER
Ridle Baku,442b56fa,deGER,MF,Mainz 05,20.0,1998.0,2018-2019,GER
Philipp Bargfrede,3f7cd8f1,deGER,"MF,DF",Werder Bremen,29.0,1989.0,2018-2019,GER
Aymen Barkok,a2a85828,maMAR,MF,Düsseldorf,20.0,1998.0,2018-2019,GER
Leandro Barreiro Martins,00242b75,luLUX,MF,Mainz 05,18.0,2000.0,2018-2019,GER
Fin Bartels,acc7b7ec,deGER,"FW,MF",Werder Bremen,31.0,1987.0,2018-2019,GER
Robert Bauer,9b88e120,deGER,DF,Nürnberg,23.0,1995.0,2018-2019,GER
Oliver Baumann,47064058,deGER,GK,Hoffenheim,28.0,1990.0,2018-2019,GER
Timo Baumgartl,bd7d2e6d,deGER,DF,Stuttgart,22.0,1996.0,2018-2019,GER
Julian Baumgartlinger,69374ff5,atAUT,MF,Leverkusen,30.0,1988.0,2018-2019,GER
Christoph Baumgartner,437f2b00,atAUT,MF,Hoffenheim,18.0,1999.0,2018-2019,GER
Noah Joel Sarenren Bazee,fbbc8e15,ngNGA,"MF,FW",Hannover 96,21.0,1996.0,2018-2019,GER
Ihlas Bebou,a53b661f,tgTOG,"MF,FW",Hannover 96,24.0,1994.0,2018-2019,GER
Uffe Bech,f7097e8a,dkDEN,"FW,MF",Hannover 96,25.0,1993.0,2018-2019,GER
Andreas Beck,00a6485f,deGER,"DF,MF",Stuttgart,31.0,1987.0,2018-2019,GER
Hanno Behrens,77b41ac0,deGER,MF,Nürnberg,28.0,1990.0,2018-2019,GER
Ishak Belfodil,ff182fdc,dzALG,"FW,MF",Hoffenheim,26.0,1992.0,2018-2019,GER
Stefan Bell,857a5abe,deGER,DF,Mainz 05,26.0,1991.0,2018-2019,GER
Karim Bellarabi,bee0bab1,deGER,"FW,MF",Leverkusen,28.0,1990.0,2018-2019,GER
Lars Bender,c50281a0,deGER,"MF,DF",Leverkusen,29.0,1989.0,2018-2019,GER
Sven Bender,070ec0b1,deGER,DF,Leverkusen,29.0,1989.0,2018-2019,GER
László Bénes,fe888e39,skSVK,MF,Gladbach,20.0,1997.0,2018-2019,GER
Nabil Bentaleb,3189f61a,dzALG,MF,Schalke 04,23.0,1994.0,2018-2019,GER
Jordan Beyer,9af1f9ff,deGER,DF,Gladbach,18.0,2000.0,2018-2019,GER
Ermin Bičakčić,7aac47fe,baBIH,DF,Hoffenheim,28.0,1990.0,2018-2019,GER
Leonardo Bittencourt,dc62fbee,deGER,MF,Hoffenheim,24.0,1993.0,2018-2019,GER
Pablo de Blasis,9ab48bde,arARG,MF,Mainz 05,30.0,1988.0,2018-2019,GER
Danny Blum,eb61713c,deGER,"FW,MF",Eintracht Frankfurt,27.0,1991.0,2018-2019,GER
Jérôme Boateng,2db2fd7b,deGER,DF,Bayern Munich,29.0,1988.0,2018-2019,GER
Adam Bodzek,bb8a42fa,deGER,"MF,DF",Düsseldorf,32.0,1985.0,2018-2019,GER
Jean-Paul Boëtius,635f2732,srSUR,"MF,FW",Mainz 05,24.0,1994.0,2018-2019,GER
Robin Bormuth,d728acae,deGER,DF,Düsseldorf,22.0,1995.0,2018-2019,GER
Nassim Boujellab,541127d5,maMAR,MF,Schalke 04,19.0,1999.0,2018-2019,GER
Julian Brandt,a167537f,deGER,MF,Leverkusen,22.0,1996.0,2018-2019,GER
Fabian Bredlow,d28339cb,deGER,GK,Nürnberg,23.0,1995.0,2018-2019,GER
Josip Brekalo,d4a2533d,hrCRO,"FW,MF",Wolfsburg,20.0,1998.0,2018-2019,GER
Joshua Brenet,2b5527c4,cwCUW,"MF,DF",Hoffenheim,24.0,1994.0,2018-2019,GER
John Brooks,e27da244,usUSA,DF,Wolfsburg,25.0,1993.0,2018-2019,GER
Daniel Brosinski,a7813ac4,deGER,DF,Mainz 05,30.0,1988.0,2018-2019,GER
Bruma,5caa62a7,ptPOR,"MF,FW",RB Leipzig,23.0,1994.0,2018-2019,GER
Jeffrey Bruma,fbffc4b1,nlNED,DF,Schalke 04,26.0,1991.0,2018-2019,GER
Jacob Bruun Larsen,4e204552,dkDEN,MF,Dortmund,19.0,1998.0,2018-2019,GER
Niko Bungert,0e0ab524,deGER,DF,Mainz 05,31.0,1986.0,2018-2019,GER
Guido Burgstaller,2bcc6d52,atAUT,FW,Schalke 04,29.0,1989.0,2018-2019,GER
Jonathan Burkardt,05f99a4a,deGER,"FW,MF",Mainz 05,18.0,2000.0,2018-2019,GER
Roman Bürki,9d12e142,chSUI,GK,Dortmund,27.0,1990.0,2018-2019,GER
Gaëtan Bussmann,278f6efc,frFRA,DF,Mainz 05,27.0,1991.0,2018-2019,GER
Jakub Błaszczykowski,2b350e6b,plPOL,MF,Wolfsburg,32.0,1985.0,2018-2019,GER
Caiuby,c6637acf,brBRA,"MF,FW",Augsburg,30.0,1988.0,2018-2019,GER
Daniel Caligiuri,d1273f09,itITA,"MF,DF",Schalke 04,30.0,1988.0,2018-2019,GER
Jan-Ingwer Callsen-Bracker,0999a593,deGER,DF,Augsburg,33.0,1984.0,2018-2019,GER
Ignacio Camacho,8ed9b33a,esESP,MF,Wolfsburg,28.0,1990.0,2018-2019,GER
Jonas Carls,2bb48e86,deGER,MF,Schalke 04,21.0,1997.0,2018-2019,GER
Koen Casteels,db401046,beBEL,GK,Wolfsburg,26.0,1992.0,2018-2019,GER
Gonzalo Castro,68829001,deGER,MF,Stuttgart,31.0,1987.0,2018-2019,GER
Timothy Chandler,b3b7f5a6,usUSA,"DF,MF",Eintracht Frankfurt,28.0,1990.0,2018-2019,GER
Per Ciljan Skjelbred,ecab64a0,noNOR,MF,Hertha BSC,31.0,1987.0,2018-2019,GER
Kingsley Coman,042e8a49,frFRA,"MF,FW",Bayern Munich,22.0,1996.0,2018-2019,GER
Sergio Córdova,229cd98a,veVEN,FW,Augsburg,20.0,1997.0,2018-2019,GER
Danny da Costa,5ddb8f9f,deGER,"MF,DF",Eintracht Frankfurt,25.0,1993.0,2018-2019,GER
Mickaël Cuisance,5722eced,frFRA,MF,Gladbach,18.0,1999.0,2018-2019,GER
Matheus Cunha,dc62b55d,brBRA,"FW,MF",RB Leipzig,19.0,1999.0,2018-2019,GER
Christoph Daferner,e5be34dd,deGER,FW,Freiburg,20.0,1998.0,2018-2019,GER
Mahmoud Dahoud,db4ed67b,deGER,MF,Dortmund,22.0,1996.0,2018-2019,GER
Leon Dajaku,aeaf1bc1,deGER,"FW,MF",Stuttgart,17.0,2001.0,2018-2019,GER
Kevin Danso,6e33125f,atAUT,DF,Augsburg,19.0,1998.0,2018-2019,GER
Palkó Dárdai,db7161ed,huHUN,MF,Hertha BSC,19.0,1999.0,2018-2019,GER
Vladimír Darida,3eb0f2df,czCZE,MF,Hertha BSC,27.0,1990.0,2018-2019,GER
Alphonso Davies,d781d855,caCAN,"DF,FW",Bayern Munich,17.0,2000.0,2018-2019,GER
Thomas Delaney,fe641c1a,dkDEN,MF,Dortmund,26.0,1991.0,2018-2019,GER
Kerem Demirbay,54b4dc4e,deGER,MF,Hoffenheim,25.0,1993.0,2018-2019,GER
Diego Demme,dc3fa3b5,deGER,MF,RB Leipzig,26.0,1991.0,2018-2019,GER
Franco Di Santo,549c6ba7,arARG,"MF,FW",Schalke 04,29.0,1989.0,2018-2019,GER
Abdou Diallo,fc62f087,snSEN,DF,Dortmund,22.0,1996.0,2018-2019,GER
Daniel Didavi,d3096421,deGER,"FW,MF",Stuttgart,28.0,1990.0,2018-2019,GER
Tim Dierßen,96f8ab0c,deGER,MF,Hannover 96,22.0,1996.0,2018-2019,GER
Javairô Dilrosun,34a0f5ff,nlNED,MF,Hertha BSC,20.0,1998.0,2018-2019,GER
Giulio Donati,22051fbe,itITA,DF,Mainz 05,28.0,1990.0,2018-2019,GER
Ji Dong-won,7d841904,krKOR,"MF,FW",Augsburg,27.0,1991.0,2018-2019,GER
Anastasios Donis,0f26fd24,grGRE,"FW,MF",Stuttgart,21.0,1996.0,2018-2019,GER
Aleksandar Dragović,6fd8a334,atAUT,DF,Leverkusen,27.0,1991.0,2018-2019,GER
Josip Drmić,15ea94de,chSUI,FW,Gladbach,25.0,1992.0,2018-2019,GER
Jaroslav Drobný,e4a30d8c,czCZE,GK,Düsseldorf,38.0,1979.0,2018-2019,GER
Marvin Ducksch,638a4d71,deGER,FW,Düsseldorf,24.0,1994.0,2018-2019,GER
Ondrej Duda,79ca3e23,skSVK,MF,Hertha BSC,23.0,1994.0,2018-2019,GER
Johannes Eggestein,d571df78,deGER,"FW,MF",Werder Bremen,20.0,1998.0,2018-2019,GER
Maximilian Eggestein,beb882a8,deGER,MF,Werder Bremen,21.0,1996.0,2018-2019,GER
Josip Elez,eafac393,hrCRO,DF,Hannover 96,24.0,1994.0,2018-2019,GER
Nico Elvedi,48035304,chSUI,DF,Gladbach,21.0,1996.0,2018-2019,GER
Breel Embolo,0b4f388a,chSUI,"FW,MF",Schalke 04,21.0,1997.0,2018-2019,GER
Patrick Erras,e3f6253d,deGER,MF,Nürnberg,23.0,1995.0,2018-2019,GER
Michael Esser,83e0eeb4,deGER,GK,Hannover 96,30.0,1987.0,2018-2019,GER
Alexander Esswein,b48215cd,deGER,"MF,FW",Stuttgart,28.0,1990.0,2018-2019,GER
Ewerton,78cd577c,brBRA,DF,Nürnberg,29.0,1989.0,2018-2019,GER
Marco Fabián,e665a2db,mxMEX,MF,Eintracht Frankfurt,29.0,1989.0,2018-2019,GER
Ralf Fährmann,1e43fad8,deGER,GK,Schalke 04,29.0,1988.0,2018-2019,GER
Simon Falette,b82880c6,gnGUI,DF,Eintracht Frankfurt,26.0,1992.0,2018-2019,GER
Felipe,de164de6,brBRA,DF,Hannover 96,31.0,1987.0,2018-2019,GER
Ohis Felix Uduokhai,677da306,deGER,DF,Wolfsburg,20.0,1997.0,2018-2019,GER
Gelson Fernandes,8e58987d,chSUI,MF,Eintracht Frankfurt,31.0,1986.0,2018-2019,GER
Oliver Fink,316162b6,deGER,MF,Düsseldorf,36.0,1982.0,2018-2019,GER
Alfreð Finnbogason,f9e7c4ac,isISL,FW,Augsburg,29.0,1989.0,2018-2019,GER
Mark Flekken,a92ab7be,nlNED,GK,Freiburg,25.0,1993.0,2018-2019,GER
Emil Forsberg,9a2e0ccc,seSWE,"MF,FW",RB Leipzig,26.0,1991.0,2018-2019,GER
Iver Fossum,ce218223,noNOR,MF,Hannover 96,22.0,1996.0,2018-2019,GER
Raphael Framberger,626fab5f,deGER,"MF,DF",Augsburg,22.0,1995.0,2018-2019,GER
Mike Frantz,482b70ad,deGER,MF,Freiburg,31.0,1986.0,2018-2019,GER
Marco Friedl,f86ad3f5,atAUT,DF,Werder Bremen,20.0,1998.0,2018-2019,GER
Alexander Fuchs,9c9bd01f,deGER,MF,Nürnberg,21.0,1997.0,2018-2019,GER
Niclas Füllkrug,4f16405e,deGER,FW,Hannover 96,25.0,1993.0,2018-2019,GER
Mijat Gaćinović,16daec92,rsSRB,MF,Eintracht Frankfurt,23.0,1995.0,2018-2019,GER
Jean-Philippe Gbamin,6bd603db,ciCIV,MF,Mainz 05,22.0,1995.0,2018-2019,GER
Theodor Gebre Selassie,3f65898c,czCZE,DF,Werder Bremen,31.0,1986.0,2018-2019,GER
Dennis Geiger,37f606f0,deGER,"MF,FW",Hoffenheim,20.0,1998.0,2018-2019,GER
Christian Gentner,a4f94a0d,deGER,MF,Stuttgart,32.0,1985.0,2018-2019,GER
Yannick Gerhardt,62ab9184,deGER,MF,Wolfsburg,24.0,1994.0,2018-2019,GER
Fabian Giefer,fbefefdb,deGER,GK,Augsburg,28.0,1990.0,2018-2019,GER
Niko Gießelmann,7242b495,deGER,"DF,MF",Düsseldorf,26.0,1991.0,2018-2019,GER
Daniel Ginczek,e5f63987,deGER,FW,Wolfsburg,27.0,1991.0,2018-2019,GER
Matthias Ginter,f521b80a,deGER,DF,Gladbach,24.0,1994.0,2018-2019,GER
Serge Gnabry,88e357ef,deGER,"MF,FW",Bayern Munich,23.0,1995.0,2018-2019,GER
Kevin Goden,25c633b0,deGER,"DF,MF",Nürnberg,19.0,1999.0,2018-2019,GER
Mario Gómez,71a20ce8,deGER,FW,Stuttgart,33.0,1985.0,2018-2019,GER
Jérôme Gondorf,49ffe0f2,deGER,MF,Freiburg,30.0,1988.0,2018-2019,GER
Nicolás González,2374aaca,arARG,"FW,MF",Stuttgart,20.0,1998.0,2018-2019,GER
Leon Goretzka,cc86b9a3,deGER,MF,Bayern Munich,23.0,1995.0,2018-2019,GER
Felix Götze,ee7cdd0c,deGER,"DF,MF",Augsburg,20.0,1998.0,2018-2019,GER
Mario Götze,9efa1d25,deGER,"FW,MF",Dortmund,26.0,1992.0,2018-2019,GER
Jeffrey Gouweleeuw,1025db8e,nlNED,DF,Augsburg,27.0,1991.0,2018-2019,GER
Michael Gregoritsch,8e235926,atAUT,"MF,FW",Augsburg,24.0,1994.0,2018-2019,GER
Vincenzo Grifo,54e4866f,itITA,"MF,FW",Hoffenheim,25.0,1993.0,2018-2019,GER
Vincenzo Grifo,54e4866f,itITA,"MF,FW",Freiburg,25.0,1993.0,2018-2019,GER
Florian Grillitsch,ffbbc83b,atAUT,MF,Hoffenheim,22.0,1995.0,2018-2019,GER
Marko Grujić,8b8e759d,rsSRB,MF,Hertha BSC,22.0,1996.0,2018-2019,GER
Raphaël Guerreiro,048a1cbc,ptPOR,"MF,DF",Dortmund,24.0,1993.0,2018-2019,GER
Josuha Guilavogui,e6c43eec,frFRA,MF,Wolfsburg,27.0,1990.0,2018-2019,GER
Péter Gulácsi,bcb2ccd8,huHUN,GK,RB Leipzig,28.0,1990.0,2018-2019,GER
Manuel Gulde,25ab9c9c,deGER,DF,Freiburg,27.0,1991.0,2018-2019,GER
Christian Günter,8593f88c,deGER,"DF,MF",Freiburg,25.0,1993.0,2018-2019,GER
Ahmet Gürleyen,c58a9db7,deGER,DF,Mainz 05,19.0,1999.0,2018-2019,GER
Jonathan de Guzmán,1bcca8b8,nlNED,MF,Eintracht Frankfurt,30.0,1987.0,2018-2019,GER
Janik Haberer,70dcf94d,deGER,MF,Freiburg,24.0,1994.0,2018-2019,GER
Alexander Hack,a5ec3ede,deGER,DF,Mainz 05,24.0,1993.0,2018-2019,GER
Benjamin Hadžić,f765bb88,baBIH,FW,Hannover 96,19.0,1999.0,2018-2019,GER
André Hahn,cd82452e,deGER,"MF,FW",Augsburg,27.0,1990.0,2018-2019,GER
Amadou Haidara,92432bc6,mlMLI,MF,RB Leipzig,20.0,1998.0,2018-2019,GER
Achraf Hakimi,e42d61c7,maMAR,DF,Dortmund,19.0,1998.0,2018-2019,GER
Sébastien Haller,ba115a40,ciCIV,FW,Eintracht Frankfurt,24.0,1994.0,2018-2019,GER
Marcel Halstenberg,8ff2354e,deGER,"DF,MF",RB Leipzig,26.0,1991.0,2018-2019,GER
Genki Haraguchi,f24ea523,jpJPN,MF,Hannover 96,27.0,1991.0,2018-2019,GER
Amine Harit,e7d59f4f,maMAR,"MF,FW",Schalke 04,21.0,1997.0,2018-2019,GER
Martin Harnik,99b7584f,atAUT,"FW,MF",Werder Bremen,31.0,1987.0,2018-2019,GER
Makoto Hasebe,9ab16552,jpJPN,"DF,MF",Eintracht Frankfurt,34.0,1984.0,2018-2019,GER
Kai Havertz,fed7cb61,deGER,"MF,FW",Leverkusen,19.0,1999.0,2018-2019,GER
Thorgan Hazard,50871bcc,beBEL,"FW,MF",Gladbach,25.0,1993.0,2018-2019,GER
Dominique Heintz,699fb8db,deGER,DF,Freiburg,24.0,1993.0,2018-2019,GER
Rouwen Hennings,17611373,deGER,FW,Düsseldorf,30.0,1987.0,2018-2019,GER
Benjamin Henrichs,0a89e877,deGER,DF,Leverkusen,21.0,1997.0,2018-2019,GER
Patrick Herrmann,dfb6490a,deGER,"MF,FW",Gladbach,27.0,1991.0,2018-2019,GER
Martin Hinteregger,080440a4,atAUT,DF,Augsburg,25.0,1992.0,2018-2019,GER
Martin Hinteregger,080440a4,atAUT,DF,Eintracht Frankfurt,25.0,1992.0,2018-2019,GER
Marwin Hitz,2e7ff968,chSUI,GK,Dortmund,30.0,1987.0,2018-2019,GER
André Hoffmann,34b306a1,deGER,"DF,MF",Düsseldorf,25.0,1993.0,2018-2019,GER
Nicolas Höfler,5d8e331f,deGER,MF,Freiburg,28.0,1990.0,2018-2019,GER
Jonas Hofmann,2903a856,deGER,MF,Gladbach,26.0,1992.0,2018-2019,GER
Lucas Höler,ca618d23,deGER,"FW,MF",Freiburg,24.0,1994.0,2018-2019,GER
Gerrit Holtmann,2979c05a,phPHI,MF,Mainz 05,23.0,1995.0,2018-2019,GER
Justin Hoogma,816192f0,nlNED,DF,Hoffenheim,20.0,1998.0,2018-2019,GER
Lukáš Hrádecký,ad3389d5,fiFIN,GK,Leverkusen,28.0,1989.0,2018-2019,GER
Branimir Hrgota,710fbdd1,seSWE,"FW,MF",Eintracht Frankfurt,25.0,1993.0,2018-2019,GER
Benjamin Hübner,99de6b6f,deGER,DF,Hoffenheim,29.0,1989.0,2018-2019,GER
Mats Hummels,05d548d8,deGER,DF,Bayern Munich,29.0,1988.0,2018-2019,GER
Vedad Ibišević,c3fd9887,baBIH,FW,Hertha BSC,33.0,1984.0,2018-2019,GER
Ivo Iličević,4e3e4138,hrCRO,MF,Nürnberg,31.0,1986.0,2018-2019,GER
Stefan Ilsanker,8494acc4,atAUT,"DF,MF",RB Leipzig,29.0,1989.0,2018-2019,GER
Emiliano Insúa,f3cccffe,arARG,"DF,MF",Stuttgart,29.0,1989.0,2018-2019,GER
Mikael Ishak,0c3057a9,seSWE,FW,Nürnberg,25.0,1993.0,2018-2019,GER
Abass Issah,2590ddf7,ghGHA,"FW,MF",Mainz 05,19.0,1998.0,2018-2019,GER
Gian-Luca Itter,e6c15f6e,deGER,DF,Wolfsburg,19.0,1999.0,2018-2019,GER
Koo Ja-cheol,3c05e082,krKOR,MF,Augsburg,29.0,1989.0,2018-2019,GER
Lukas Jäger,6be813ab,atAUT,"DF,MF",Nürnberg,24.0,1994.0,2018-2019,GER
Christoph Janker,cf01fe3a,deGER,MF,Augsburg,33.0,1985.0,2018-2019,GER
Tony Jantschke,34b54da7,deGER,DF,Gladbach,28.0,1990.0,2018-2019,GER
Rune Jarstein,27d2618c,noNOR,GK,Hertha BSC,33.0,1984.0,2018-2019,GER
Dennis Jastrzembski,6bba916f,plPOL,"FW,MF",Hertha BSC,18.0,2000.0,2018-2019,GER
Tin Jedvaj,f820504e,hrCRO,DF,Leverkusen,22.0,1995.0,2018-2019,GER
Fredrik Jensen,3eeb80e0,fiFIN,"MF,FW",Augsburg,20.0,1997.0,2018-2019,GER
Joelinton,c17bfb65,brBRA,"FW,MF",Hoffenheim,21.0,1996.0,2018-2019,GER
Aron Jóhannsson,c0dc9fc7,usUSA,"FW,MF",Werder Bremen,27.0,1990.0,2018-2019,GER
Fabian Johnson,76e5da9d,usUSA,"DF,FW",Gladbach,30.0,1987.0,2018-2019,GER
Jonathas,531807b3,brBRA,FW,Hannover 96,29.0,1989.0,2018-2019,GER
Luka Jović,4d8cd038,rsSRB,"FW,MF",Eintracht Frankfurt,20.0,1997.0,2018-2019,GER
Sebastian Jung,86b30561,deGER,DF,Wolfsburg,28.0,1990.0,2018-2019,GER
Ozan Kabak,2d61d13a,trTUR,DF,Stuttgart,18.0,2000.0,2018-2019,GER
Pavel Kadeřábek,79c90e45,czCZE,"MF,DF",Hoffenheim,26.0,1992.0,2018-2019,GER
Shinji Kagawa,5afafbfe,jpJPN,MF,Dortmund,29.0,1989.0,2018-2019,GER
Florian Kainz,94c18565,atAUT,FW,Werder Bremen,25.0,1992.0,2018-2019,GER
Salomon Kalou,2042d931,ciCIV,"MF,FW",Hertha BSC,32.0,1985.0,2018-2019,GER
Marcin Kamiński,463503e2,plPOL,DF,Düsseldorf,26.0,1992.0,2018-2019,GER
Patrick Kammerbauer,8bdcb6fd,deGER,"DF,MF",Freiburg,21.0,1997.0,2018-2019,GER
Kevin Kampl,b825a650,siSVN,MF,RB Leipzig,27.0,1990.0,2018-2019,GER
Stefanos Kapino,62ba5881,grGRE,GK,Werder Bremen,24.0,1994.0,2018-2019,GER
Kenan Karaman,8f0f2230,trTUR,"FW,MF",Düsseldorf,24.0,1994.0,2018-2019,GER
Marc-Oliver Kempf,815c314f,deGER,DF,Stuttgart,23.0,1995.0,2018-2019,GER
Sebastian Kerk,87fdfb9b,deGER,"MF,FW",Nürnberg,24.0,1994.0,2018-2019,GER
Rani Khedira,59e4b92e,deGER,"DF,MF",Augsburg,24.0,1994.0,2018-2019,GER
Isaac Kiese Thelin,b956af7d,seSWE,FW,Leverkusen,26.0,1992.0,2018-2019,GER
Joshua Kimmich,49296448,deGER,"DF,MF",Bayern Munich,23.0,1995.0,2018-2019,GER
Davy Klaassen,15fd5593,nlNED,MF,Werder Bremen,25.0,1993.0,2018-2019,GER
Felix Klaus,aeda1f69,deGER,"FW,MF",Wolfsburg,25.0,1992.0,2018-2019,GER
Tim Kleindienst,258a6f4d,deGER,FW,Freiburg,22.0,1995.0,2018-2019,GER
Lukas Klostermann,ca8033cb,deGER,"DF,MF",RB Leipzig,22.0,1996.0,2018-2019,GER
Lukas Klünter,92948149,deGER,"DF,MF",Hertha BSC,22.0,1996.0,2018-2019,GER
Robin Knoche,6bd5cd5d,deGER,DF,Wolfsburg,26.0,1992.0,2018-2019,GER
Törles Knöll,b883006f,deGER,FW,Nürnberg,20.0,1997.0,2018-2019,GER
Gregor Kobel,cd59b9df,chSUI,GK,Hoffenheim,20.0,1997.0,2018-2019,GER
Gregor Kobel,cd59b9df,chSUI,GK,Augsburg,20.0,1997.0,2018-2019,GER
Robin Koch,ea6bc03a,deGER,"MF,DF",Freiburg,22.0,1996.0,2018-2019,GER
Dominik Kohr,0fbecd11,deGER,MF,Leverkusen,24.0,1994.0,2018-2019,GER
Ibrahima Konaté,5ed9b537,frFRA,DF,RB Leipzig,19.0,1999.0,2018-2019,GER
Yevhen Konoplyanka,d9a5d930,uaUKR,"MF,FW",Schalke 04,28.0,1989.0,2018-2019,GER
Pascal Köpke,3861d9cc,deGER,FW,Hertha BSC,22.0,1995.0,2018-2019,GER
Julian Korb,3dffff26,deGER,DF,Hannover 96,26.0,1992.0,2018-2019,GER
Filip Kostić,b1cd37e6,rsSRB,MF,Eintracht Frankfurt,25.0,1992.0,2018-2019,GER
Dawid Kownacki,be5e1c4c,plPOL,"MF,FW",Düsseldorf,21.0,1997.0,2018-2019,GER
Thomas Kraft,bb25c778,deGER,GK,Hertha BSC,30.0,1988.0,2018-2019,GER
Andrej Kramarić,603cb947,hrCRO,"MF,FW",Hoffenheim,27.0,1991.0,2018-2019,GER
Christoph Kramer,496aeede,deGER,MF,Gladbach,27.0,1991.0,2018-2019,GER
Max Kruse,f9446dcd,deGER,"FW,MF",Werder Bremen,30.0,1988.0,2018-2019,GER
Lukas Kübler,2a29eb9b,deGER,"DF,MF",Freiburg,25.0,1992.0,2018-2019,GER
Yuya Kubo,cba16a46,jpJPN,"FW,MF",Nürnberg,24.0,1993.0,2018-2019,GER
Pierre Kunde,9ceb7642,cmCMR,MF,Mainz 05,23.0,1995.0,2018-2019,GER
Ahmed Kutucu,beda9675,trTUR,FW,Schalke 04,18.0,2000.0,2018-2019,GER
Konrad Laimer,c1b7847c,atAUT,"MF,DF",RB Leipzig,21.0,1997.0,2018-2019,GER
Michael Lang,864db10a,chSUI,DF,Gladbach,27.0,1991.0,2018-2019,GER
Sebastian Langkamp,74d70fb5,deGER,DF,Werder Bremen,30.0,1988.0,2018-2019,GER
Danny Latza,33b554b7,deGER,MF,Mainz 05,28.0,1989.0,2018-2019,GER
Valentino Lazaro,016ff750,atAUT,"MF,DF",Hertha BSC,22.0,1996.0,2018-2019,GER
Mathew Leckie,b93b7882,auAUS,MF,Hertha BSC,27.0,1991.0,2018-2019,GER
Tim Leibold,f2571c91,deGER,DF,Nürnberg,24.0,1993.0,2018-2019,GER
Robert Lewandowski,8d78e732,plPOL,FW,Bayern Munich,29.0,1988.0,2018-2019,GER
Philipp Lienhart,302527b2,atAUT,DF,Freiburg,22.0,1996.0,2018-2019,GER
Davor Lovren,58007d77,hrCRO,FW,Düsseldorf,19.0,1998.0,2018-2019,GER
Eduard Löwen,70678132,deGER,"MF,FW",Nürnberg,21.0,1997.0,2018-2019,GER
Derrick Luckassen,30a09cb5,nlNED,DF,Hertha BSC,23.0,1995.0,2018-2019,GER
Dodi Lukebakio,0c61c77c,beBEL,"MF,FW",Düsseldorf,20.0,1997.0,2018-2019,GER
Fabian Lustenberger,a63a995f,chSUI,"DF,MF",Hertha BSC,30.0,1988.0,2018-2019,GER
Andreas Luthe,7fe12375,deGER,GK,Augsburg,31.0,1987.0,2018-2019,GER
Pablo Maffeo,5db04597,esESP,"DF,MF",Stuttgart,21.0,1997.0,2018-2019,GER
Arne Maier,ab700320,deGER,MF,Hertha BSC,19.0,1999.0,2018-2019,GER
Linton Maina,e5d85da8,deGER,"MF,FW",Hannover 96,19.0,1999.0,2018-2019,GER
Yunus Mallı,f3722c97,trTUR,"MF,FW",Wolfsburg,26.0,1992.0,2018-2019,GER
Georg Margreitter,b5114f85,atAUT,DF,Nürnberg,29.0,1988.0,2018-2019,GER
Aarón Martín,2f3e911a,esESP,DF,Mainz 05,21.0,1997.0,2018-2019,GER
Javi Martínez,7f97771d,esESP,MF,Bayern Munich,29.0,1988.0,2018-2019,GER
Omar Mascarell,11fd2b75,gqEQG,MF,Schalke 04,25.0,1993.0,2018-2019,GER
Jean-Philippe Mateta,50e6dc35,frFRA,FW,Mainz 05,21.0,1997.0,2018-2019,GER
Christian Mathenia,4a15e95b,deGER,GK,Nürnberg,26.0,1992.0,2018-2019,GER
Rabbi Matondo,33144cc5,wlsWAL,MF,Schalke 04,17.0,2000.0,2018-2019,GER
Philipp Max,826e8b63,deGER,"DF,MF",Augsburg,24.0,1993.0,2018-2019,GER
Alexandru Maxim,61fc9685,roROU,MF,Mainz 05,28.0,1990.0,2018-2019,GER
Weston McKennie,01c3aff5,usUSA,"MF,DF",Schalke 04,19.0,1998.0,2018-2019,GER
Admir Mehmedi,b500b384,chSUI,"FW,MF",Wolfsburg,27.0,1991.0,2018-2019,GER
Hamza Mendyl,f99fe221,maMAR,"DF,MF",Schalke 04,20.0,1997.0,2018-2019,GER
Virgil Misidjan,09bcc566,srSUR,"MF,FW",Nürnberg,25.0,1993.0,2018-2019,GER
Maximilian Mittelstädt,88d4144a,deGER,"MF,DF",Hertha BSC,21.0,1997.0,2018-2019,GER
Kevin Möhwald,a5ce09f2,deGER,"MF,FW",Werder Bremen,25.0,1993.0,2018-2019,GER
Niklas Moisander,00844823,fiFIN,DF,Werder Bremen,32.0,1985.0,2018-2019,GER
Alfredo Morales,ff45add5,usUSA,MF,Düsseldorf,28.0,1990.0,2018-2019,GER
Jan Morávek,e7d22eae,czCZE,MF,Augsburg,28.0,1989.0,2018-2019,GER
Lukas Mühl,6b32d0a6,deGER,DF,Nürnberg,21.0,1997.0,2018-2019,GER
Nordi Mukiele,ac73ec79,frFRA,DF,RB Leipzig,20.0,1997.0,2018-2019,GER
Florian Müller,cbac6ec9,deGER,GK,Mainz 05,20.0,1997.0,2018-2019,GER
Nicolai Müller,5e1df051,deGER,"MF,FW",Hannover 96,30.0,1987.0,2018-2019,GER
Nicolai Müller,5e1df051,deGER,MF,Eintracht Frankfurt,30.0,1987.0,2018-2019,GER
Thomas Müller,3c6089ab,deGER,MF,Bayern Munich,28.0,1989.0,2018-2019,GER
Florent Muslija,ae961785,xkKVX,"MF,FW",Hannover 96,20.0,1998.0,2018-2019,GER
Yvon Mvogo,dc29b608,chSUI,GK,RB Leipzig,24.0,1994.0,2018-2019,GER
Phillipp Mwene,2ff76adc,atAUT,DF,Mainz 05,24.0,1994.0,2018-2019,GER
Obite N'Dicka,441197b8,ciCIV,DF,Eintracht Frankfurt,18.0,1999.0,2018-2019,GER
Naldo,03bd0bf4,brBRA,DF,Schalke 04,35.0,1982.0,2018-2019,GER
Matija Nastasić,f35430a4,rsSRB,DF,Schalke 04,25.0,1993.0,2018-2019,GER
Reiss Nelson,c5bdb6e3,engENG,"FW,MF",Hoffenheim,18.0,1999.0,2018-2019,GER
Manuel Neuer,8778c910,deGER,GK,Bayern Munich,32.0,1986.0,2018-2019,GER
Florian Neuhaus,36a59ba4,deGER,MF,Gladbach,21.0,1997.0,2018-2019,GER
Moussa Niakhate,00242715,snSEN,DF,Mainz 05,22.0,1996.0,2018-2019,GER
Florian Niederlechner,d6862409,deGER,FW,Freiburg,27.0,1990.0,2018-2019,GER
Håvard Nordtveit,6cafd68d,noNOR,"MF,DF",Hoffenheim,28.0,1990.0,2018-2019,GER
Alexander Nübel,afb0c500,deGER,GK,Schalke 04,21.0,1996.0,2018-2019,GER
Kasim Nuhu,93a50d2c,ghGHA,DF,Hoffenheim,23.0,1995.0,2018-2019,GER
Hans Nunoo Sarpei,9593331d,ghGHA,MF,Stuttgart,19.0,1998.0,2018-2019,GER
Bastian Oczipka,d1661819,deGER,"MF,DF",Schalke 04,29.0,1989.0,2018-2019,GER
Chima Okoroji,d453346c,ngNGA,DF,Freiburg,21.0,1997.0,2018-2019,GER
Karim Onisiwo,f26834c7,atAUT,"FW,MF",Mainz 05,26.0,1992.0,2018-2019,GER
Willi Orban,20030c06,huHUN,DF,RB Leipzig,25.0,1992.0,2018-2019,GER
Yuya Osako,f69fba57,jpJPN,"FW,MF",Werder Bremen,28.0,1990.0,2018-2019,GER
Matthias Ostrzolek,1cd87320,deGER,"DF,MF",Hannover 96,28.0,1990.0,2018-2019,GER
David Otto,676ff98c,deGER,"FW,MF",Hoffenheim,19.0,1999.0,2018-2019,GER
Reece Oxford,8b6e0db2,engENG,DF,Augsburg,19.0,1998.0,2018-2019,GER
Berkay Özcan,31114001,trTUR,MF,Stuttgart,20.0,1998.0,2018-2019,GER
Ramazan Özcan,a165a577,atAUT,GK,Leverkusen,34.0,1984.0,2018-2019,GER
Levin Öztunalı,66385c46,deGER,"MF,FW",Mainz 05,22.0,1996.0,2018-2019,GER
Gonçalo Paciência,962e54cb,ptPOR,FW,Eintracht Frankfurt,23.0,1994.0,2018-2019,GER
Federico Palacios Martínez,434cf5b7,deGER,"MF,FW",Nürnberg,23.0,1995.0,2018-2019,GER
Paulinho,53070b63,brBRA,"FW,MF",Leverkusen,18.0,2000.0,2018-2019,GER
Benjamin Pavard,45a03961,frFRA,DF,Stuttgart,22.0,1996.0,2018-2019,GER
Jiří Pavlenka,0a1cb833,czCZE,GK,Werder Bremen,26.0,1992.0,2018-2019,GER
Peter Pekarík,c18d22f5,skSVK,DF,Hertha BSC,31.0,1986.0,2018-2019,GER
Matheus Pereira,b04ee927,brBRA,"MF,FW",Nürnberg,22.0,1996.0,2018-2019,GER
Pavao Pervan,c89e8aae,atAUT,GK,Wolfsburg,30.0,1987.0,2018-2019,GER
Nils Petersen,f93e6e94,deGER,FW,Freiburg,29.0,1988.0,2018-2019,GER
Ondřej Petrák,3e81a228,czCZE,MF,Nürnberg,26.0,1992.0,2018-2019,GER
Maximilian Philipp,061e8e23,deGER,"FW,MF",Dortmund,24.0,1994.0,2018-2019,GER
Łukasz Piszczek,fe2db476,plPOL,DF,Dortmund,33.0,1985.0,2018-2019,GER
Claudio Pizarro,54b6ee79,pePER,FW,Werder Bremen,39.0,1978.0,2018-2019,GER
Marvin Plattenhardt,f7aa75bd,deGER,"DF,MF",Hertha BSC,26.0,1992.0,2018-2019,GER
Alassane Pléa,bc6bd723,frFRA,"FW,MF",Gladbach,25.0,1993.0,2018-2019,GER
Luca Plogmann,206c37d3,deGER,GK,Werder Bremen,18.0,2000.0,2018-2019,GER
Stefan Posch,7f609bfc,atAUT,DF,Hoffenheim,21.0,1997.0,2018-2019,GER
Yussuf Poulsen,d2416c2e,dkDEN,FW,RB Leipzig,24.0,1994.0,2018-2019,GER
Edgar Prib,420ff5a3,deGER,MF,Hannover 96,28.0,1989.0,2018-2019,GER
Christian Pulisic,1bf33a9a,usUSA,"MF,FW",Dortmund,19.0,1998.0,2018-2019,GER
Robin Quaison,74c7c2db,seSWE,"FW,MF",Mainz 05,24.0,1993.0,2018-2019,GER
Raffael,791af558,brBRA,FW,Gladbach,33.0,1985.0,2018-2019,GER
Rafinha,d003e213,brBRA,DF,Bayern Munich,32.0,1985.0,2018-2019,GER
Baba Rahman,e4086af3,ghGHA,"MF,DF",Schalke 04,24.0,1994.0,2018-2019,GER
Benito Raman,867501bf,beBEL,"MF,FW",Düsseldorf,23.0,1994.0,2018-2019,GER
Milot Rashica,6c6a3300,xkKVX,FW,Werder Bremen,22.0,1996.0,2018-2019,GER
Yoric Ravet,4d74201d,frFRA,"FW,MF",Freiburg,28.0,1989.0,2018-2019,GER
Ante Rebić,536cebe5,hrCRO,"FW,MF",Eintracht Frankfurt,24.0,1993.0,2018-2019,GER
Karim Rekik,3376a776,nlNED,DF,Hertha BSC,23.0,1994.0,2018-2019,GER
Michael Rensing,c476b0c0,deGER,GK,Düsseldorf,34.0,1984.0,2018-2019,GER
Marco Reus,36a3ff67,deGER,"MF,FW",Dortmund,29.0,1989.0,2018-2019,GER
Elvis Rexhbeçaj,1ae836b1,xkKVX,MF,Wolfsburg,20.0,1997.0,2018-2019,GER
Simon Rhein,8f6bfe11,deGER,MF,Nürnberg,20.0,1998.0,2018-2019,GER
Franck Ribéry,f61c7c4e,frFRA,"MF,FW",Bayern Munich,35.0,1983.0,2018-2019,GER
Marco Richter,f972644c,deGER,"MF,FW",Augsburg,20.0,1997.0,2018-2019,GER
Sascha Riether,3cb009c5,deGER,"DF,MF",Schalke 04,35.0,1983.0,2018-2019,GER
Arjen Robben,09586899,nlNED,"MF,FW",Bayern Munich,34.0,1984.0,2018-2019,GER
Sebastian Rode,e12b0b5b,deGER,MF,Eintracht Frankfurt,27.0,1990.0,2018-2019,GER
James Rodríguez,715bf047,coCOL,MF,Bayern Munich,27.0,1991.0,2018-2019,GER
Jérôme Roussillon,13203c45,frFRA,DF,Wolfsburg,25.0,1993.0,2018-2019,GER
Sebastian Rudy,80f36c88,deGER,MF,Schalke 04,28.0,1990.0,2018-2019,GER
Lukas Rupp,3faa1780,deGER,MF,Hoffenheim,27.0,1991.0,2018-2019,GER
Marco Russ,e26c4233,deGER,DF,Eintracht Frankfurt,32.0,1985.0,2018-2019,GER
Frederik Rønnow,a70b8345,dkDEN,GK,Eintracht Frankfurt,25.0,1992.0,2018-2019,GER
Marcel Sabitzer,e280527c,atAUT,"MF,FW",RB Leipzig,24.0,1994.0,2018-2019,GER
Nuri Şahin,f4081572,trTUR,MF,Werder Bremen,29.0,1988.0,2018-2019,GER
Samuel Şahin-Radlinger,e385200c,atAUT,GK,Hannover 96,25.0,1992.0,2018-2019,GER
Carlos Salcedo,64c07ae1,mxMEX,DF,Eintracht Frankfurt,24.0,1993.0,2018-2019,GER
Roland Sallai,bf075f6b,huHUN,MF,Freiburg,21.0,1997.0,2018-2019,GER
Edgar Salli,41d1fbc6,cmCMR,FW,Nürnberg,25.0,1992.0,2018-2019,GER
Renato Sanches,032f894e,ptPOR,MF,Bayern Munich,20.0,1997.0,2018-2019,GER
Jadon Sancho,dbf053da,engENG,MF,Dortmund,18.0,2000.0,2018-2019,GER
Salif Sané,791abba1,snSEN,DF,Schalke 04,27.0,1990.0,2018-2019,GER
Marcelo Saracchi,1c96ad85,uyURU,DF,RB Leipzig,20.0,1998.0,2018-2019,GER
Josh Sargent,a8d4428b,usUSA,FW,Werder Bremen,18.0,2000.0,2018-2019,GER
Julian Schieber,37c213cf,deGER,FW,Augsburg,29.0,1989.0,2018-2019,GER
Keven Schlotterbeck,f6bdc830,deGER,DF,Freiburg,21.0,1997.0,2018-2019,GER
Nico Schlotterbeck,34e12499,deGER,DF,Freiburg,18.0,1999.0,2018-2019,GER
Marcel Schmelzer,89565ac5,deGER,DF,Dortmund,30.0,1988.0,2018-2019,GER
Jonathan Schmid,088ca1bd,frFRA,"DF,MF",Augsburg,28.0,1990.0,2018-2019,GER
Alessandro Schöpf,106bca06,atAUT,MF,Schalke 04,24.0,1994.0,2018-2019,GER
Nico Schulz,fa274d97,deGER,"MF,DF",Hoffenheim,25.0,1993.0,2018-2019,GER
Pirmin Schwegler,5528407e,chSUI,MF,Hannover 96,31.0,1987.0,2018-2019,GER
Alexander Schwolow,0d55d942,deGER,GK,Freiburg,26.0,1992.0,2018-2019,GER
Davie Selke,1238a3f9,deGER,"FW,MF",Hertha BSC,23.0,1995.0,2018-2019,GER
Suat Serdar,b3325a30,deGER,MF,Schalke 04,21.0,1997.0,2018-2019,GER
Meritan Shabani,012c38ec,alALB,MF,Bayern Munich,19.0,1999.0,2018-2019,GER
Steven Skrzybski,58ce23e5,deGER,"FW,MF",Schalke 04,25.0,1992.0,2018-2019,GER
Emile Smith Rowe,17695062,engENG,MF,RB Leipzig,18.0,2000.0,2018-2019,GER
Marcel Sobottka,664590fa,deGER,MF,Düsseldorf,24.0,1994.0,2018-2019,GER
Yann Sommer,420c18a1,chSUI,GK,Gladbach,29.0,1988.0,2018-2019,GER
Oliver Sorg,541cdd20,deGER,DF,Hannover 96,28.0,1990.0,2018-2019,GER
Borna Sosa,af0d79a9,hrCRO,"DF,MF",Stuttgart,20.0,1998.0,2018-2019,GER
Sebastian Soto,00c3d4dc,usUSA,FW,Hannover 96,18.0,2000.0,2018-2019,GER
Kostas Stafylidis,861e0116,grGRE,DF,Augsburg,24.0,1993.0,2018-2019,GER
Benjamin Stambouli,5939baa2,frFRA,"DF,MF",Schalke 04,27.0,1990.0,2018-2019,GER
Jozo Stanić,597ff9d3,hrCRO,DF,Augsburg,19.0,1999.0,2018-2019,GER
Niklas Stark,aad48be9,deGER,DF,Hertha BSC,23.0,1995.0,2018-2019,GER
Renato Steffen,dd669209,chSUI,"FW,MF",Wolfsburg,26.0,1991.0,2018-2019,GER
Marc Stendera,500cd987,deGER,MF,Eintracht Frankfurt,22.0,1995.0,2018-2019,GER
Pascal Stenzel,99f7e9aa,deGER,"DF,MF",Freiburg,22.0,1996.0,2018-2019,GER
Lars Stindl,7cd6badb,deGER,FW,Gladbach,29.0,1988.0,2018-2019,GER
Kevin Stöger,e5649a78,atAUT,MF,Düsseldorf,24.0,1993.0,2018-2019,GER
Tobias Strobl,17780d2b,deGER,"MF,DF",Gladbach,28.0,1990.0,2018-2019,GER
Niklas Süle,e33c06cf,deGER,DF,Bayern Munich,22.0,1995.0,2018-2019,GER
Markus Suttner,7391c2d9,atAUT,"DF,MF",Düsseldorf,31.0,1987.0,2018-2019,GER
Ádám Szalai,53e07d0b,huHUN,FW,Hoffenheim,30.0,1987.0,2018-2019,GER
Jonathan Tah,bd142efb,deGER,DF,Leverkusen,22.0,1996.0,2018-2019,GER
Taleb Tawatha,bbb496b5,ilISR,MF,Eintracht Frankfurt,26.0,1992.0,2018-2019,GER
Georg Teigl,c8cfb04d,atAUT,"MF,FW",Augsburg,27.0,1991.0,2018-2019,GER
Marco Terrazzino,7e689867,deGER,"MF,FW",Freiburg,27.0,1991.0,2018-2019,GER
Cedric Teuchert,f956479d,deGER,FW,Schalke 04,21.0,1997.0,2018-2019,GER
Erik Thommy,df8e7b62,deGER,"MF,FW",Stuttgart,23.0,1994.0,2018-2019,GER
Timmy Tillman,a5bea1fb,usUSA,MF,Nürnberg,19.0,1999.0,2018-2019,GER
George Timotheou,8fa80ec8,auAUS,DF,Schalke 04,21.0,1997.0,2018-2019,GER
Marcel Tisserand,45954ec7,cdCOD,"DF,MF",Wolfsburg,25.0,1993.0,2018-2019,GER
Corentin Tolisso,652d4c37,frFRA,MF,Bayern Munich,23.0,1994.0,2018-2019,GER
Ömer Toprak,c5fd13e9,trTUR,DF,Dortmund,29.0,1989.0,2018-2019,GER
Lucas Torró,0e4fef6e,esESP,MF,Eintracht Frankfurt,24.0,1994.0,2018-2019,GER
Jordan Torunarigha,f86cabbd,deGER,DF,Hertha BSC,20.0,1997.0,2018-2019,GER
Almamy Touré,c8c60119,mlMLI,"DF,MF",Eintracht Frankfurt,22.0,1996.0,2018-2019,GER
Ibrahima Traoré,096a77c4,gnGUI,"FW,MF",Gladbach,30.0,1988.0,2018-2019,GER
Kevin Trapp,ce17b5eb,deGER,GK,Eintracht Frankfurt,28.0,1990.0,2018-2019,GER
Philipp Tschauner,73e2f6eb,deGER,GK,Hannover 96,32.0,1985.0,2018-2019,GER
Anthony Ujah,99be8fb5,ngNGA,FW,Mainz 05,27.0,1990.0,2018-2019,GER
Sven Ulreich,7d3e7da6,deGER,GK,Bayern Munich,29.0,1988.0,2018-2019,GER
Dayot Upamecano,d248cd8f,frFRA,DF,RB Leipzig,19.0,1998.0,2018-2019,GER
Takashi Usami,2bed2986,jpJPN,MF,Düsseldorf,26.0,1992.0,2018-2019,GER
Mark Uth,a3ddb1b9,deGER,"FW,MF",Schalke 04,26.0,1991.0,2018-2019,GER
Enrico Valentini,5c4d9be7,itITA,DF,Nürnberg,29.0,1989.0,2018-2019,GER
Miloš Veljković,a5ae8f8e,rsSRB,DF,Werder Bremen,22.0,1995.0,2018-2019,GER
Paul Verhaegh,97655ccd,nlNED,DF,Wolfsburg,34.0,1983.0,2018-2019,GER
Kevin Vogt,1d8e9add,deGER,DF,Hoffenheim,26.0,1991.0,2018-2019,GER
Kevin Volland,64f69877,deGER,"FW,MF",Leverkusen,26.0,1992.0,2018-2019,GER
Sandro Wagner,61b0b44d,deGER,FW,Bayern Munich,30.0,1987.0,2018-2019,GER
Walace,26db8853,brBRA,MF,Hannover 96,23.0,1995.0,2018-2019,GER
Luca Waldschmidt,e5a35ae9,deGER,"FW,MF",Freiburg,22.0,1996.0,2018-2019,GER
Wout Weghorst,c4e87b8b,nlNED,FW,Wolfsburg,25.0,1992.0,2018-2019,GER
Julian Weigl,346d51d9,deGER,"DF,MF",Dortmund,22.0,1995.0,2018-2019,GER
Mitchell Weiser,30c220c3,deGER,"DF,MF",Leverkusen,24.0,1994.0,2018-2019,GER
Wendell,f9acca3a,brBRA,"DF,MF",Leverkusen,25.0,1993.0,2018-2019,GER
Oscar Wendt,b69261a0,seSWE,DF,Gladbach,32.0,1985.0,2018-2019,GER
Timo Werner,49fe9070,deGER,FW,RB Leipzig,22.0,1996.0,2018-2019,GER
Hendrik Weydandt,773968e4,deGER,FW,Hannover 96,23.0,1995.0,2018-2019,GER
Jetro Willems,9050ddc4,nlNED,"MF,DF",Eintracht Frankfurt,24.0,1994.0,2018-2019,GER
William,d4d0a9ad,brBRA,DF,Wolfsburg,23.0,1995.0,2018-2019,GER
Kevin Wimmer,faf55ce4,atAUT,DF,Hannover 96,25.0,1992.0,2018-2019,GER
Axel Witsel,5dfc6ad5,beBEL,MF,Dortmund,29.0,1989.0,2018-2019,GER
Marius Wolf,fa661778,deGER,"DF,FW",Dortmund,23.0,1995.0,2018-2019,GER
Jeong Woo-yeong,6190474d,krKOR,"FW,MF",Bayern Munich,18.0,1999.0,2018-2019,GER
Bobby Wood,9853983f,usUSA,"FW,MF",Hannover 96,25.0,1992.0,2018-2019,GER
Haji Wright,91cd37b7,usUSA,FW,Schalke 04,20.0,1998.0,2018-2019,GER
John Yeboah,8dfdc6c3,ecECU,"FW,MF",Wolfsburg,18.0,2000.0,2018-2019,GER
Dan-Axel Zagadou,a4effc55,frFRA,DF,Dortmund,19.0,1999.0,2018-2019,GER
Denis Zakaria,384d58d9,chSUI,MF,Gladbach,21.0,1996.0,2018-2019,GER
Robin Zentner,5c4bf6ba,deGER,GK,Mainz 05,23.0,1994.0,2018-2019,GER
Ron-Robert Zieler,a0606ae8,deGER,GK,Stuttgart,29.0,1989.0,2018-2019,GER
Jean Zimmer,912e63b5,deGER,"MF,DF",Düsseldorf,24.0,1993.0,2018-2019,GER
Matthias Zimmermann,e199d5b0,deGER,"DF,MF",Düsseldorf,26.0,1992.0,2018-2019,GER
Adam Zreľák,8c8b4a01,skSVK,FW,Nürnberg,24.0,1994.0,2018-2019,GER
Steven Zuber,b6a6e0a7,chSUI,"MF,FW",Hoffenheim,26.0,1991.0,2018-2019,GER
Steven Zuber,b6a6e0a7,chSUI,MF,Stuttgart,26.0,1991.0,2018-2019,GER
Ismael Aaneba,a7e4760c,frFRA,"MF,DF",Strasbourg,19.0,1999.0,2018-2019,FRA
Yunis Abdelhamid,32c2d95f,maMAR,DF,Reims,30.0,1987.0,2018-2019,FRA
Mehdi Abeid,a4c3f7af,dzALG,MF,Dijon,25.0,1992.0,2018-2019,FRA
Charles Abi,469d3d84,frFRA,FW,Saint-Étienne,18.0,2000.0,2018-2019,FRA
Khaled Adénon,16714a62,bjBEN,DF,Amiens,33.0,1985.0,2018-2019,FRA
Yacine Adli,26777636,frFRA,MF,Bordeaux,18.0,2000.0,2018-2019,FRA
Nayef Aguerd,288e1e13,maMAR,DF,Dijon,22.0,1996.0,2018-2019,FRA
Ruben Aguilar,3dd738a1,frFRA,MF,Montpellier,25.0,1993.0,2018-2019,FRA
Jean-Eudes Aholou,48b28bfd,ciCIV,MF,Monaco,24.0,1994.0,2018-2019,FRA
Youssef Aït Bennasser,c46fa34c,maMAR,MF,Saint-Étienne,22.0,1996.0,2018-2019,FRA
Youssef Aït Bennasser,c46fa34c,maMAR,MF,Monaco,22.0,1996.0,2018-2019,FRA
Rayan Aït-Nouri,9b398aea,dzALG,"DF,MF",Angers,17.0,2001.0,2018-2019,FRA
Ludovic Ajorque,462475ed,frFRA,FW,Strasbourg,24.0,1994.0,2018-2019,FRA
Sofiane Alakouch,5314e067,maMAR,DF,Nîmes,20.0,1998.0,2018-2019,FRA
Alexis Alegue,0f4c0bad,frFRA,"FW,MF",Nantes,21.0,1996.0,2018-2019,FRA
Rúnar Alex Rúnarsson,8fa8f8d2,isISL,GK,Dijon,23.0,1995.0,2018-2019,FRA
Rachid Alioui,bdedd861,maMAR,FW,Nîmes,26.0,1992.0,2018-2019,FRA
Bobby Allain,8870154f,frFRA,GK,Dijon,26.0,1991.0,2018-2019,FRA
Mickaël Alphonse,0a63446f,gpGLP,DF,Dijon,29.0,1989.0,2018-2019,FRA
Dani Alves,c9e99e49,brBRA,"MF,DF",Paris Saint-Germain,35.0,1983.0,2018-2019,FRA
Romain Amalfitano,d7bf3d19,frFRA,MF,Dijon,28.0,1989.0,2018-2019,FRA
Jordan Amavi,22721b88,frFRA,DF,Marseille,24.0,1994.0,2018-2019,FRA
Kelvin Amian,bcc81786,frFRA,DF,Toulouse,20.0,1998.0,2018-2019,FRA
Yanis Ammour,aeed036d,frFRA,FW,Montpellier,19.0,1999.0,2018-2019,FRA
Benjamin André,ef9c1c95,frFRA,MF,Rennes,27.0,1990.0,2018-2019,FRA
Yoann Andreu,872cd68c,frFRA,DF,Angers,29.0,1989.0,2018-2019,FRA
Houssem Aouar,a5db0bec,dzALG,MF,Lyon,20.0,1998.0,2018-2019,FRA
Luiz Araújo,fa18c72e,brBRA,MF,Lille,22.0,1996.0,2018-2019,FRA
Alphonse Areola,2f965a72,frFRA,GK,Paris Saint-Germain,25.0,1993.0,2018-2019,FRA
Yoël Armougom,9dd5da03,frFRA,"DF,MF",Caen,20.0,1998.0,2018-2019,FRA
Youcef Atal,6a827d8e,dzALG,"MF,FW",Nice,22.0,1996.0,2018-2019,FRA
Ludovic Baal,d3ce9f1f,gfGUF,DF,Rennes,32.0,1986.0,2018-2019,FRA
Benoît Badiashile,06df8256,frFRA,DF,Monaco,17.0,2001.0,2018-2019,FRA
Stéphane Bahoken,5046b7d4,cmCMR,FW,Angers,26.0,1992.0,2018-2019,FRA
Fodé Ballo-Touré,f449640d,snSEN,DF,Lille,21.0,1997.0,2018-2019,FRA
Fodé Ballo-Touré,f449640d,snSEN,"DF,MF",Monaco,21.0,1997.0,2018-2019,FRA
Florent Balmont,4e7bfc23,frFRA,MF,Dijon,38.0,1980.0,2018-2019,FRA
Mario Balotelli,8ff07990,itITA,FW,Nice,27.0,1990.0,2018-2019,FRA
Mario Balotelli,8ff07990,itITA,FW,Marseille,27.0,1990.0,2018-2019,FRA
Abdoulaye Bamba,7fecbcdb,ciCIV,"DF,MF",Angers,28.0,1990.0,2018-2019,FRA
Jonathan Bamba,b2bd0f6c,ciCIV,MF,Lille,22.0,1996.0,2018-2019,FRA
Yacine Bammou,a1d04509,maMAR,"MF,FW",Caen,26.0,1991.0,2018-2019,FRA
Danilo Barbosa,0557ff4f,brBRA,MF,Nice,22.0,1996.0,2018-2019,FRA
Antonio Barreca,6a189491,itITA,DF,Monaco,23.0,1995.0,2018-2019,FRA
Toma Bašić,80556f08,hrCRO,MF,Bordeaux,21.0,1996.0,2018-2019,FRA
Thomas Basila,65391fa7,frFRA,DF,Nantes,19.0,1999.0,2018-2019,FRA
Paul Baysse,2515040a,frFRA,DF,Bordeaux,30.0,1988.0,2018-2019,FRA
Paul Baysse,2515040a,frFRA,DF,Caen,30.0,1988.0,2018-2019,FRA
Claudio Beauvue,8ca253a3,gpGLP,"MF,FW",Caen,30.0,1988.0,2018-2019,FRA
Hatem Ben Arfa,74dc806c,frFRA,"MF,FW",Rennes,31.0,1987.0,2018-2019,FRA
Diego Benaglio,b7e7937d,chSUI,GK,Monaco,34.0,1983.0,2018-2019,FRA
Nicolas Benezet,30395d3b,frFRA,"MF,FW",Guingamp,27.0,1991.0,2018-2019,FRA
Walter Benítez,8a2248b4,arARG,GK,Nice,25.0,1993.0,2018-2019,FRA
Yassine Benrahou,fbf76716,frFRA,MF,Bordeaux,19.0,1999.0,2018-2019,FRA
Ramy Bensebaini,378825c7,dzALG,DF,Rennes,23.0,1995.0,2018-2019,FRA
Yassine Benzia,6fbde63a,dzALG,MF,Lille,23.0,1994.0,2018-2019,FRA
Robert Berić,9001138b,siSVN,FW,Saint-Étienne,27.0,1991.0,2018-2019,FRA
Paul Bernardoni,28dabd43,frFRA,GK,Nîmes,21.0,1997.0,2018-2019,FRA
Juan Bernat,433dc9a2,esESP,"DF,MF",Paris Saint-Germain,25.0,1993.0,2018-2019,FRA
Antoine Bernede,07a821e4,frFRA,MF,Paris Saint-Germain,19.0,1999.0,2018-2019,FRA
Dimitry Bertaud,380a15e2,cdCOD,GK,Montpellier,20.0,1998.0,2018-2019,FRA
Giulian Biancone,de40e38c,frFRA,DF,Monaco,18.0,2000.0,2018-2019,FRA
Ludovic Blas,6191093d,frFRA,MF,Guingamp,20.0,1997.0,2018-2019,FRA
Alexis Blin,c69ef855,frFRA,MF,Amiens,21.0,1996.0,2018-2019,FRA
Antonin Bobichon,7d937aa1,frFRA,MF,Nîmes,22.0,1995.0,2018-2019,FRA
Yann Bodiger,8c2c48a9,frFRA,MF,Toulouse,23.0,1995.0,2018-2019,FRA
Mathieu Bodmer,f3642ba8,frFRA,MF,Amiens,35.0,1982.0,2018-2019,FRA
Sacha Boey,6c8ddd52,frFRA,DF,Rennes,17.0,2000.0,2018-2019,FRA
Olivier Boscagli,403f5d20,frFRA,"DF,MF",Nice,20.0,1997.0,2018-2019,FRA
Gabriel Boschilia,e90af77c,brBRA,"FW,MF",Nantes,22.0,1996.0,2018-2019,FRA
John Bostock,46291841,ttTRI,MF,Toulouse,26.0,1992.0,2018-2019,FRA
Denis Bouanga,0b0cbe5b,gaGAB,"FW,MF",Nîmes,23.0,1994.0,2018-2019,FRA
Zacharie Boucher,249cdcff,frFRA,GK,Angers,26.0,1992.0,2018-2019,FRA
Arnold Bouka Moutou,f3085377,cgCGO,DF,Dijon,29.0,1988.0,2018-2019,FRA
Benjamin Bourigeaud,20e73fac,frFRA,MF,Rennes,24.0,1994.0,2018-2019,FRA
Bilal Boutobba,e8a65bc8,frFRA,"FW,MF",Montpellier,19.0,1998.0,2018-2019,FRA
Umut Bozok,6e2c94ad,trTUR,FW,Nîmes,21.0,1996.0,2018-2019,FRA
Pedro Brazão,0589c701,ptPOR,MF,Nice,15.0,2002.0,2018-2019,FRA
Anthony Briançon,16324e1d,frFRA,DF,Nîmes,23.0,1994.0,2018-2019,FRA
Jimmy Briand,f83c8d6c,frFRA,"FW,MF",Bordeaux,32.0,1985.0,2018-2019,FRA
Gianluigi Buffon,e40d028b,itITA,GK,Paris Saint-Germain,40.0,1978.0,2018-2019,FRA
Patrick Burner,8746d5d0,mqMTQ,"DF,MF",Nice,22.0,1996.0,2018-2019,FRA
Ludovic Butelle,26975a92,frFRA,GK,Angers,35.0,1983.0,2018-2019,FRA
Rémy Cabella,148e136f,frFRA,MF,Saint-Étienne,28.0,1990.0,2018-2019,FRA
Anthony Caci,0118c54c,frFRA,"DF,MF",Strasbourg,21.0,1997.0,2018-2019,FRA
Mathieu Cafaro,2a657da0,frFRA,MF,Reims,21.0,1997.0,2018-2019,FRA
Yannick Cahuzac,677ee102,frFRA,"MF,DF",Toulouse,33.0,1985.0,2018-2019,FRA
Marc-Aurèle Caillard,5ee6e943,frFRA,GK,Guingamp,24.0,1994.0,2018-2019,FRA
Duje Ćaleta-Car,94f8d10c,hrCRO,DF,Marseille,21.0,1996.0,2018-2019,FRA
Mahdi Camara,8577e60a,frFRA,MF,Saint-Étienne,20.0,1998.0,2018-2019,FRA
Souleymane Camara,c58270f8,snSEN,FW,Montpellier,35.0,1982.0,2018-2019,FRA
Eduardo Camavinga,7b9c2d84,frFRA,MF,Rennes,15.0,2002.0,2018-2019,FRA
Pierrick Capelle,79b2399c,frFRA,"MF,DF",Angers,31.0,1987.0,2018-2019,FRA
Yoan Cardinale,950ff24d,frFRA,GK,Nice,24.0,1994.0,2018-2019,FRA
Diego Carlos,b4a014b1,brBRA,DF,Nantes,25.0,1993.0,2018-2019,FRA
Louis Carnot,2384dbed,frFRA,MF,Guingamp,17.0,2001.0,2018-2019,FRA
Lionel Carole,5b5724d2,frFRA,"MF,DF",Strasbourg,27.0,1991.0,2018-2019,FRA
Moreto Cassamã,f54d2149,gwGNB,MF,Reims,20.0,1998.0,2018-2019,FRA
Edinson Cavani,527f063d,uyURU,FW,Paris Saint-Germain,31.0,1987.0,2018-2019,FRA
Zeki Çelik,31a62dc7,trTUR,DF,Lille,21.0,1997.0,2018-2019,FRA
Nacer Chadli,5b54bf3b,beBEL,MF,Monaco,28.0,1989.0,2018-2019,FRA
Fouad Chafik,edd1466a,maMAR,DF,Dijon,31.0,1986.0,2018-2019,FRA
Kwon Chang-hoon,7961f7aa,krKOR,"MF,FW",Dijon,24.0,1994.0,2018-2019,FRA
Xavier Chavalerin,279ddf6a,frFRA,MF,Reims,27.0,1991.0,2018-2019,FRA
Pablo Chavarría,4207e578,arARG,FW,Reims,30.0,1988.0,2018-2019,FRA
Pape Cheikh Diop,873ce3a2,snSEN,MF,Lyon,20.0,1997.0,2018-2019,FRA
Laurent Ciman,5113d9a7,beBEL,DF,Dijon,32.0,1985.0,2018-2019,FRA
Till Cissokho,e8b5ad37,frFRA,DF,Bordeaux,18.0,2000.0,2018-2019,FRA
Marcus Coco,3010aefb,frFRA,"MF,FW",Guingamp,22.0,1996.0,2018-2019,FRA
Racine Coly,166a981d,snSEN,"MF,DF",Nice,22.0,1995.0,2018-2019,FRA
Daniel Congré,3f5b4635,frFRA,DF,Montpellier,33.0,1985.0,2018-2019,FRA
Benjamin Corgnet,cfd8dde3,frFRA,"MF,FW",Strasbourg,31.0,1987.0,2018-2019,FRA
Andreas Cornelius,c693347d,dkDEN,FW,Bordeaux,25.0,1993.0,2018-2019,FRA
Maxwel Cornet,beb391dd,ciCIV,"MF,FW",Lyon,21.0,1996.0,2018-2019,FRA
Quentin Cornette,5d42d487,frFRA,"MF,FW",Amiens,24.0,1994.0,2018-2019,FRA
Nuno da Costa,909222de,cvCPV,FW,Strasbourg,27.0,1991.0,2018-2019,FRA
Benoît Costil,2434f24a,frFRA,GK,Bordeaux,31.0,1987.0,2018-2019,FRA
Kalifa Coulibaly,9980269a,mlMLI,FW,Nantes,26.0,1991.0,2018-2019,FRA
Senou Coulibaly,67b7357e,mlMLI,DF,Dijon,23.0,1994.0,2018-2019,FRA
Nicolas Cozza,8f325097,frFRA,DF,Montpellier,19.0,1999.0,2018-2019,FRA
Enzo Crivelli,06f33dc8,frFRA,FW,Caen,23.0,1995.0,2018-2019,FRA
Wylan Cyprien,3e092724,frFRA,MF,Nice,23.0,1995.0,2018-2019,FRA
Damien Da Silva,1ec7e1c5,frFRA,DF,Rennes,30.0,1988.0,2018-2019,FRA
Kouadio-Yves Dabila,3067cbef,ciCIV,DF,Lille,21.0,1997.0,2018-2019,FRA
Abdoulaye Dabo,797f6070,frFRA,"MF,FW",Nantes,17.0,2001.0,2018-2019,FRA
Colin Dagba,29c02c9f,frFRA,"DF,MF",Paris Saint-Germain,19.0,1998.0,2018-2019,FRA
Dante,fd2bc67d,brBRA,DF,Nice,34.0,1983.0,2018-2019,FRA
Lucas Deaux,44f8c299,frFRA,MF,Guingamp,29.0,1988.0,2018-2019,FRA
Mathieu Debuchy,92232aad,frFRA,"DF,MF",Saint-Étienne,33.0,1985.0,2018-2019,FRA
Romain Del Castillo,0be95d34,frFRA,MF,Rennes,22.0,1996.0,2018-2019,FRA
Andy Delort,d33c706e,dzALG,FW,Montpellier,26.0,1991.0,2018-2019,FRA
Moussa Dembélé,e7986081,frFRA,FW,Lyon,22.0,1996.0,2018-2019,FRA
Jessy Deminguet,a6138e4a,frFRA,MF,Caen,20.0,1998.0,2018-2019,FRA
Jason Denayer,47af88b8,beBEL,DF,Lyon,23.0,1995.0,2018-2019,FRA
Clément Depres,e53ab10b,frFRA,FW,Nîmes,23.0,1994.0,2018-2019,FRA
Ángel Di María,19cda00b,arARG,"MF,FW",Paris Saint-Germain,30.0,1988.0,2018-2019,FRA
Boulaye Dia,244bc2c8,snSEN,FW,Reims,21.0,1996.0,2018-2019,FRA
Moussa Diaby,aeed5c06,frFRA,MF,Paris Saint-Germain,19.0,1999.0,2018-2019,FRA
Bafodé Diakité,1bfb6fef,frFRA,"DF,MF",Toulouse,17.0,2001.0,2018-2019,FRA
Abdoulaye Diallo,26383ea5,snSEN,GK,Rennes,26.0,1992.0,2018-2019,FRA
Mustapha Diallo,6c6ecdd4,snSEN,MF,Nîmes,32.0,1986.0,2018-2019,FRA
Lassana Diarra,79584585,frFRA,MF,Paris Saint-Germain,33.0,1985.0,2018-2019,FRA
Bakaye Dibassy,247accfd,mlMLI,DF,Amiens,28.0,1989.0,2018-2019,FRA
Étienne Didot,d2aa8ac0,frFRA,MF,Guingamp,35.0,1983.0,2018-2019,FRA
Tristan Dingomé,92b56413,cmCMR,MF,Reims,27.0,1991.0,2018-2019,FRA
Ismaël Diomandé,10650926,ciCIV,"MF,DF",Caen,25.0,1992.0,2018-2019,FRA
Lois Diony,4be0b467,frFRA,"FW,MF",Saint-Étienne,25.0,1992.0,2018-2019,FRA
Sofiane Diop,19053e31,maMAR,"MF,FW",Monaco,18.0,2000.0,2018-2019,FRA
Assane Dioussé,7f622eef,snSEN,MF,Saint-Étienne,20.0,1997.0,2018-2019,FRA
Axel Disasi,ad82197c,frFRA,DF,Reims,20.0,1998.0,2018-2019,FRA
Koffi Djidji,933d3b51,ciCIV,DF,Nantes,25.0,1992.0,2018-2019,FRA
Alexander Djiku,43e7a164,ghGHA,DF,Caen,23.0,1994.0,2018-2019,FRA
Papy Djilobodji,083525e5,snSEN,DF,Guingamp,29.0,1988.0,2018-2019,FRA
Keagan Dolly,ccb1c3af,zaRSA,FW,Montpellier,25.0,1993.0,2018-2019,FRA
Mathieu Dossevi,6421dd73,tgTOG,"MF,FW",Toulouse,30.0,1988.0,2018-2019,FRA
Moussa Doumbia,6481421d,mlMLI,"MF,FW",Reims,23.0,1994.0,2018-2019,FRA
Souleyman Doumbia,9daeac61,ciCIV,DF,Rennes,21.0,1996.0,2018-2019,FRA
Julian Draxler,1a992676,deGER,MF,Paris Saint-Germain,24.0,1993.0,2018-2019,FRA
Leo Dubois,ff0ab48c,frFRA,DF,Lyon,23.0,1994.0,2018-2019,FRA
Maxime Dupé,0e12089d,frFRA,GK,Nantes,25.0,1993.0,2018-2019,FRA
Jimmy Durmaz,f09a8b75,seSWE,"MF,FW",Toulouse,29.0,1989.0,2018-2019,FRA
Félix Eboa Eboa,167d5018,cmCMR,DF,Guingamp,21.0,1997.0,2018-2019,FRA
Björn Engels,4fdf1fd9,beBEL,DF,Reims,23.0,1994.0,2018-2019,FRA
Lucas Evangelista,5f4ce4b6,brBRA,"MF,FW",Nantes,23.0,1995.0,2018-2019,FRA
Valentin Eysseric,ae82fa48,frFRA,"MF,FW",Nantes,26.0,1992.0,2018-2019,FRA
Fábio,bc7b4580,brBRA,"DF,MF",Nantes,28.0,1990.0,2018-2019,FRA
Cesc Fàbregas,33508c78,esESP,MF,Monaco,31.0,1987.0,2018-2019,FRA
Romain Faivre,745ca0a3,frFRA,MF,Monaco,20.0,1998.0,2018-2019,FRA
Fayçal Fajr,79135368,maMAR,MF,Caen,29.0,1988.0,2018-2019,FRA
Radamel Falcao,66116290,coCOL,FW,Monaco,32.0,1986.0,2018-2019,FRA
Nabil Fekir,bece776f,frFRA,MF,Lyon,25.0,1993.0,2018-2019,FRA
Yassin Fekir,6644712a,frFRA,FW,Lyon,21.0,1997.0,2018-2019,FRA
Juan Ferney Otero,05816e19,coCOL,"MF,FW",Amiens,23.0,1995.0,2018-2019,FRA
Jordan Ferri,375622c5,frFRA,MF,Nîmes,26.0,1992.0,2018-2019,FRA
Jordan Ferri,375622c5,frFRA,MF,Lyon,26.0,1992.0,2018-2019,FRA
Guessouma Fofana,9dafff2a,mrMTN,MF,Amiens,25.0,1992.0,2018-2019,FRA
Guessouma Fofana,9dafff2a,mrMTN,MF,Guingamp,25.0,1992.0,2018-2019,FRA
Wesley Fofana,132a82f1,frFRA,DF,Saint-Étienne,17.0,2000.0,2018-2019,FRA
Youssouf Fofana,822d51d7,frFRA,MF,Strasbourg,19.0,1999.0,2018-2019,FRA
Thomas Foket,90eb507d,beBEL,DF,Reims,23.0,1994.0,2018-2019,FRA
Thomas Fontaine,9f90c06b,mgMAD,DF,Reims,27.0,1991.0,2018-2019,FRA
José Fonte,90f87966,ptPOR,DF,Lille,34.0,1983.0,2018-2019,FRA
Rui Fonte,6ff8ef56,ptPOR,FW,Lille,28.0,1990.0,2018-2019,FRA
Steven Fortes,574aa9ec,cvCPV,DF,Toulouse,26.0,1992.0,2018-2019,FRA
Angelo Fulgini,4b96c347,frFRA,"MF,FW",Angers,21.0,1996.0,2018-2019,FRA
Milan Gajić,9f6325f9,rsSRB,DF,Bordeaux,22.0,1996.0,2018-2019,FRA
Ignatius Ganago,23c63b7f,cmCMR,"FW,MF",Nice,19.0,1999.0,2018-2019,FRA
Ganso,23593121,brBRA,MF,Amiens,28.0,1989.0,2018-2019,FRA
Manu García,6ed1a2a2,esESP,MF,Toulouse,20.0,1998.0,2018-2019,FRA
Jérémy Gélin,4c700f46,frFRA,"DF,MF",Rennes,21.0,1997.0,2018-2019,FRA
Romain Genevois,1040e783,htHAI,DF,Caen,30.0,1987.0,2018-2019,FRA
Valère Germain,ea0ff634,frFRA,FW,Marseille,28.0,1990.0,2018-2019,FRA
Willem Geubbels,9836e892,frFRA,FW,Monaco,16.0,2001.0,2018-2019,FRA
Lamine Ghezali,ce84946a,frFRA,MF,Saint-Étienne,19.0,1999.0,2018-2019,FRA
Saman Ghoddos,f7b1d4e0,irIRN,"MF,FW",Amiens,24.0,1993.0,2018-2019,FRA
Andrei Girotto,3befc2b6,brBRA,MF,Nantes,26.0,1992.0,2018-2019,FRA
Kamil Glik,c6056d58,plPOL,DF,Monaco,30.0,1988.0,2018-2019,FRA
Eddy Gnahoré,a0434482,frFRA,MF,Amiens,24.0,1993.0,2018-2019,FRA
Mauro Goicoechea,132bb875,uyURU,GK,Toulouse,30.0,1988.0,2018-2019,FRA
Aleksandr Golovin,3708e9fa,ruRUS,"MF,FW",Monaco,22.0,1996.0,2018-2019,FRA
Anthony Gonçalves,c27dfb82,frFRA,MF,Strasbourg,32.0,1986.0,2018-2019,FRA
Mathieu Gorgelin,4d3e9033,frFRA,GK,Lyon,27.0,1990.0,2018-2019,FRA
Prince-Désir Gouano,7c6d6c96,frFRA,DF,Amiens,24.0,1993.0,2018-2019,FRA
Yoann Gourcuff,3acddfdd,frFRA,MF,Dijon,32.0,1986.0,2018-2019,FRA
Max Gradel,c5a500ca,ciCIV,"MF,FW",Toulouse,30.0,1987.0,2018-2019,FRA
Jonathan Gradit,06c48679,frFRA,DF,Caen,25.0,1992.0,2018-2019,FRA
Samuel Grandsir,d2448564,frFRA,"MF,FW",Strasbourg,21.0,1996.0,2018-2019,FRA
Samuel Grandsir,d2448564,frFRA,MF,Monaco,21.0,1996.0,2018-2019,FRA
Clément Grenier,8b298f56,frFRA,MF,Rennes,27.0,1991.0,2018-2019,FRA
Jérémy Grimm,53283127,frFRA,MF,Strasbourg,31.0,1987.0,2018-2019,FRA
Metehan Güçlü,0ee664db,trTUR,FW,Paris Saint-Germain,19.0,1999.0,2018-2019,FRA
Makhtar Gueye,92b1763b,snSEN,FW,Saint-Étienne,20.0,1997.0,2018-2019,FRA
Frederic Guilbert,5d8d7454,frFRA,"DF,MF",Caen,23.0,1994.0,2018-2019,FRA
Baptiste Guillaume,9453d2f4,beBEL,FW,Nîmes,23.0,1995.0,2018-2019,FRA
Serhou Guirassy,923f4dda,gnGUI,FW,Amiens,22.0,1996.0,2018-2019,FRA
Régis Gurtner,bc270726,frFRA,GK,Amiens,31.0,1986.0,2018-2019,FRA
Luiz Gustavo,82671804,brBRA,"MF,DF",Marseille,31.0,1987.0,2018-2019,FRA
Oussama Haddadi,ec400194,tnTUN,"DF,MF",Dijon,26.0,1992.0,2018-2019,FRA
Oualid El Hajjam,9f29c204,maMAR,"DF,MF",Amiens,27.0,1991.0,2018-2019,FRA
Romain Hamouma,0b4d8274,frFRA,"MF,FW",Saint-Étienne,31.0,1987.0,2018-2019,FRA
Féthi Harek,d880dc16,dzALG,DF,Nîmes,35.0,1982.0,2018-2019,FRA
Benjamin Henrichs,0a89e877,deGER,"DF,MF",Monaco,21.0,1997.0,2018-2019,FRA
Christophe Hérelle,3681cfff,mqMTQ,DF,Nice,25.0,1992.0,2018-2019,FRA
Vitorino Hilton,c4bbea9f,brBRA,DF,Montpellier,40.0,1977.0,2018-2019,FRA
Tomáš Hubočan,97b87472,skSVK,DF,Marseille,32.0,1985.0,2018-2019,FRA
Adrien Hunou,d14229f3,frFRA,"FW,MF",Rennes,24.0,1994.0,2018-2019,FRA
Suk Hyun-jun,7ffaf233,krKOR,FW,Reims,27.0,1991.0,2018-2019,FRA
Didier Ibrahim Ndong,885b7aa7,gaGAB,MF,Guingamp,24.0,1994.0,2018-2019,FRA
Edgar Ié,3767b3b7,gwGNB,DF,Lille,24.0,1994.0,2018-2019,FRA
Edgar Ié,3767b3b7,gwGNB,DF,Nantes,24.0,1994.0,2018-2019,FRA
Jordan Ikoko,8ff4872e,cdCOD,DF,Guingamp,24.0,1994.0,2018-2019,FRA
Jonathan Ikone,42eaa028,frFRA,MF,Lille,20.0,1998.0,2018-2019,FRA
Emmanuel Imorou,3e87d087,bjBEN,DF,Caen,29.0,1988.0,2018-2019,FRA
Wilson Isidor,a671316d,frFRA,"FW,MF",Monaco,17.0,2000.0,2018-2019,FRA
Christophe Jallet,46d50339,frFRA,"DF,MF",Nice,34.0,1983.0,2018-2019,FRA
Nicolas Janvier,22a62523,frFRA,MF,Rennes,19.0,1998.0,2018-2019,FRA
Assil Jaziri,dd73120f,tnTUN,MF,Nice,18.0,1999.0,2018-2019,FRA
Corentin Jean,7d9b37bf,frFRA,"MF,FW",Toulouse,23.0,1995.0,2018-2019,FRA
Benjamin Jeannot,2e52206e,frFRA,"FW,MF",Dijon,26.0,1992.0,2018-2019,FRA
Jemerson,7cab69b5,brBRA,"DF,MF",Monaco,25.0,1992.0,2018-2019,FRA
Jakob Johansson,e4a26a91,seSWE,MF,Rennes,28.0,1990.0,2018-2019,FRA
Karl-Johan Johnsson,a56bd2ee,seSWE,GK,Guingamp,28.0,1990.0,2018-2019,FRA
Evens Joseph,acde3581,frFRA,MF,Caen,19.0,1999.0,2018-2019,FRA
Vukašin Jovanović,0eb03d5b,rsSRB,DF,Bordeaux,22.0,1996.0,2018-2019,FRA
Stevan Jovetić,f36c432f,meMNE,"MF,FW",Monaco,28.0,1989.0,2018-2019,FRA
Nathaël Julan,39901146,frFRA,FW,Guingamp,22.0,1996.0,2018-2019,FRA
Christopher Jullien,f323d995,frFRA,DF,Toulouse,25.0,1993.0,2018-2019,FRA
Sory Kaba,d29202c2,gnGUI,FW,Dijon,23.0,1995.0,2018-2019,FRA
Samuel Kalu,b8d22478,ngNGA,"MF,FW",Bordeaux,20.0,1997.0,2018-2019,FRA
François Kamano,81d3318f,gnGUI,"MF,FW",Bordeaux,22.0,1996.0,2018-2019,FRA
Boubacar Kamara,cc77354e,frFRA,DF,Marseille,18.0,1999.0,2018-2019,FRA
Hassane Kamara,19a12bed,ciCIV,"DF,MF",Reims,24.0,1994.0,2018-2019,FRA
Wilfried Kanga,b4c816a9,ciCIV,FW,Angers,20.0,1998.0,2018-2019,FRA
Yann Karamoh,8b66d9cc,frFRA,"FW,MF",Bordeaux,20.0,1998.0,2018-2019,FRA
Eiji Kawashima,a4527d33,jpJPN,GK,Strasbourg,35.0,1983.0,2018-2019,FRA
Thilo Kehrer,51dbeea9,deGER,DF,Paris Saint-Germain,21.0,1996.0,2018-2019,FRA
Jules Keita,8c955557,gnGUI,MF,Dijon,20.0,1998.0,2018-2019,FRA
Christophe Kerbrat,0515a4cb,frFRA,DF,Guingamp,31.0,1986.0,2018-2019,FRA
Saîf-Eddine Khaoui,796b1c41,tnTUN,"MF,FW",Caen,23.0,1995.0,2018-2019,FRA
Wahbi Khazri,2677a1de,tnTUN,"FW,MF",Saint-Étienne,27.0,1991.0,2018-2019,FRA
Presnel Kimpembe,aef6e670,frFRA,DF,Paris Saint-Germain,22.0,1995.0,2018-2019,FRA
Djégui Koita,b1adaefa,frFRA,DF,Guingamp,18.0,1999.0,2018-2019,FRA
Randal Kolo Muani,c0b3669f,frFRA,FW,Nantes,19.0,1998.0,2018-2019,FRA
Timothée Kolodziejczak,ab096c6f,frFRA,DF,Saint-Étienne,26.0,1991.0,2018-2019,FRA
Ghislain Konan,6b2c894b,ciCIV,DF,Reims,22.0,1995.0,2018-2019,FRA
Moussa Konaté,fcbcbd94,snSEN,FW,Amiens,25.0,1993.0,2018-2019,FRA
Lamine Koné,a46472d0,ciCIV,DF,Strasbourg,29.0,1989.0,2018-2019,FRA
Manu Koné,86574238,frFRA,MF,Toulouse,17.0,2001.0,2018-2019,FRA
Youssouf Koné,e6eadfb8,mlMLI,DF,Lille,23.0,1995.0,2018-2019,FRA
Tomáš Koubek,dc366c36,czCZE,GK,Rennes,25.0,1992.0,2018-2019,FRA
Jules Koundé,4d1666ff,frFRA,DF,Bordeaux,19.0,1998.0,2018-2019,FRA
Emil Krafth,77cf6852,seSWE,DF,Amiens,23.0,1994.0,2018-2019,FRA
Rene Krhin,9a506145,siSVN,MF,Nantes,28.0,1990.0,2018-2019,FRA
Layvin Kurzawa,41e7ef1c,frFRA,"MF,DF",Paris Saint-Germain,25.0,1992.0,2018-2019,FRA
Rafał Kurzawa,3d3b0206,plPOL,MF,Amiens,25.0,1993.0,2018-2019,FRA
Enock Kwateng,4bf69118,frFRA,"DF,MF",Nantes,21.0,1997.0,2018-2019,FRA
Grejohn Kyei,397ba086,frFRA,FW,Reims,22.0,1995.0,2018-2019,FRA
Gaëtan Laborde,7cdda3bf,frFRA,FW,Bordeaux,24.0,1994.0,2018-2019,FRA
Gaëtan Laborde,7cdda3bf,frFRA,"FW,MF",Montpellier,24.0,1994.0,2018-2019,FRA
Kenny Lala,770d7eb8,mgMAD,"MF,DF",Strasbourg,26.0,1991.0,2018-2019,FRA
Mohamed Lamine Diaby,15e99107,frFRA,FW,Nice,17.0,2001.0,2018-2019,FRA
Loïck Landre,08082af0,frFRA,DF,Nîmes,26.0,1992.0,2018-2019,FRA
Johan Larsson,fe006f82,seSWE,DF,Guingamp,28.0,1990.0,2018-2019,FRA
Paul Lasne,542cc80f,frFRA,MF,Montpellier,29.0,1989.0,2018-2019,FRA
Alexandre Lauray,ae6941ec,frFRA,DF,Bordeaux,21.0,1997.0,2018-2019,FRA
Armand Lauriente,2d22cea7,frFRA,"FW,MF",Rennes,19.0,1998.0,2018-2019,FRA
Wesley Lautoa,6e5b5a45,ncNCL,"DF,MF",Dijon,30.0,1987.0,2018-2019,FRA
Mickaël Le Bihan,d512db65,frFRA,FW,Nice,28.0,1990.0,2018-2019,FRA
Damien Le Tallec,8f4d116f,frFRA,MF,Montpellier,28.0,1990.0,2018-2019,FRA
James Lea Siliki,7cf431a5,cmCMR,MF,Rennes,22.0,1996.0,2018-2019,FRA
Rafael Leão,20730eae,ptPOR,FW,Lille,19.0,1999.0,2018-2019,FRA
Benjamin Lecomte,2fa2a875,frFRA,GK,Montpellier,27.0,1991.0,2018-2019,FRA
Pierre Lees-Melou,f5044e54,frFRA,MF,Nice,25.0,1993.0,2018-2019,FRA
Jordan Lefort,c3e4ecbb,frFRA,"DF,MF",Amiens,24.0,1993.0,2018-2019,FRA
Lukas Lerager,1b82f8df,dkDEN,MF,Bordeaux,25.0,1993.0,2018-2019,FRA
Igor Lewczuk,6b9f2f3e,plPOL,DF,Bordeaux,33.0,1985.0,2018-2019,FRA
Aaron Leya Iseka,29ef0f49,beBEL,FW,Toulouse,20.0,1997.0,2018-2019,FRA
Dimitri Liénard,f7691f63,frFRA,"MF,DF",Strasbourg,30.0,1988.0,2018-2019,FRA
Lucas Lima,0f52f925,brBRA,"DF,MF",Nantes,26.0,1991.0,2018-2019,FRA
Anthony Limbombe,ccee698e,beBEL,"FW,MF",Nantes,24.0,1994.0,2018-2019,FRA
Giovani Lo Celso,d7553721,arARG,"FW,MF",Paris Saint-Germain,22.0,1996.0,2018-2019,FRA
Enzo Loiodice,6bca20fe,frFRA,MF,Dijon,17.0,2000.0,2018-2019,FRA
Anthony Lopes,f00de885,ptPOR,GK,Lyon,27.0,1990.0,2018-2019,FRA
Rony Lopes,7c2965bb,ptPOR,"MF,FW",Monaco,22.0,1995.0,2018-2019,FRA
Cristian López,c76577a0,esESP,FW,Angers,29.0,1989.0,2018-2019,FRA
Maxime Lopez,20094685,frFRA,MF,Marseille,20.0,1997.0,2018-2019,FRA
Albert Lottin,934a0957,frFRA,MF,Bordeaux,16.0,2001.0,2018-2019,FRA
Imran Louza,e1df6989,maMAR,MF,Nantes,19.0,1999.0,2018-2019,FRA
Hervé Lybohy,dc709ab5,neNIG,DF,Nîmes,35.0,1983.0,2018-2019,FRA
Yann M'Vila,d4133fa1,frFRA,MF,Saint-Étienne,28.0,1990.0,2018-2019,FRA
Gabriel Magalhães,67ac5bb8,brBRA,DF,Lille,20.0,1997.0,2018-2019,FRA
Thiago Maia,91e58f66,brBRA,MF,Lille,21.0,1997.0,2018-2019,FRA
Mike Maignan,fcb38f57,frFRA,GK,Lille,23.0,1995.0,2018-2019,FRA
Josh Maja,bc0bfc64,ngNGA,FW,Bordeaux,19.0,1998.0,2018-2019,FRA
Abdul Majeed Waris,46907171,ghGHA,"FW,MF",Nantes,26.0,1991.0,2018-2019,FRA
Jean-Victor Makengo,22bfb57e,frFRA,"MF,FW",Nice,20.0,1998.0,2018-2019,FRA
Antonio Mance,171bf11d,hrCRO,FW,Nantes,22.0,1995.0,2018-2019,FRA
Vincent Manceau,c26a3918,frFRA,"DF,MF",Angers,29.0,1989.0,2018-2019,FRA
Steve Mandanda,1d2d5cc8,frFRA,GK,Marseille,33.0,1985.0,2018-2019,FRA
Reinildo Mandava,c20bdcd7,mzMOZ,DF,Lille,24.0,1994.0,2018-2019,FRA
Thomas Mangani,c801616a,frFRA,MF,Angers,31.0,1987.0,2018-2019,FRA
Harrison Manzala,392d98fc,cdCOD,MF,Angers,24.0,1994.0,2018-2019,FRA
Myziane Maolida,706a60e1,kmCOM,FW,Nice,19.0,1999.0,2018-2019,FRA
Faitout Maouassa,e54a9890,frFRA,DF,Nîmes,20.0,1998.0,2018-2019,FRA
Fernando Marçal,9ae9eaea,brBRA,DF,Lyon,29.0,1989.0,2018-2019,FRA
Marcelo,e3d0b0c4,brBRA,DF,Lyon,31.0,1987.0,2018-2019,FRA
Mariano,5c4dc0ff,doDOM,FW,Lyon,24.0,1993.0,2018-2019,FRA
Jordan Marié,0d2158d5,frFRA,MF,Dijon,26.0,1991.0,2018-2019,FRA
Marquinhos,d5f2f82b,brBRA,"DF,MF",Paris Saint-Germain,24.0,1994.0,2018-2019,FRA
Jonas Martin,468fdbad,frFRA,MF,Strasbourg,28.0,1990.0,2018-2019,FRA
Marvin Martin,f4319ee8,frFRA,"MF,FW",Reims,30.0,1988.0,2018-2019,FRA
Pablo Martinez,1ad8cb67,frFRA,DF,Strasbourg,29.0,1989.0,2018-2019,FRA
Gelson Martins,3ef0fa48,ptPOR,MF,Monaco,23.0,1995.0,2018-2019,FRA
Han-Noah Massengo,eba1e557,frFRA,MF,Monaco,17.0,2001.0,2018-2019,FRA
Eric Maxim Choupo-Moting,0e6bc38c,cmCMR,FW,Paris Saint-Germain,29.0,1989.0,2018-2019,FRA
Kylian Mbappé,42fd9c7f,frFRA,"FW,MF",Paris Saint-Germain,19.0,1998.0,2018-2019,FRA
Loïc Mbe Soh,8f534f8e,frFRA,DF,Paris Saint-Germain,17.0,2001.0,2018-2019,FRA
Nolan Mbemba,6c9642ae,cgCGO,"MF,DF",Reims,23.0,1995.0,2018-2019,FRA
Adama Mbengue,b931d9d1,snSEN,"DF,MF",Caen,24.0,1993.0,2018-2019,FRA
Stéphane Mbia,c39d9657,cmCMR,"DF,MF",Toulouse,32.0,1986.0,2018-2019,FRA
Kara Mbodji,8325870c,snSEN,DF,Nantes,28.0,1989.0,2018-2019,FRA
Jordi Mboula,4887118d,esESP,MF,Monaco,19.0,1999.0,2018-2019,FRA
Farid El Melali,d21e361a,dzALG,MF,Angers,21.0,1997.0,2018-2019,FRA
Memphis,8f696594,nlNED,"FW,MF",Lyon,24.0,1994.0,2018-2019,FRA
Pedro Mendes,6690ef25,ptPOR,DF,Montpellier,27.0,1990.0,2018-2019,FRA
Thiago Mendes,c6e5d20f,brBRA,MF,Lille,26.0,1992.0,2018-2019,FRA
Stiven Mendoza,e68f2cb4,coCOL,"MF,FW",Amiens,26.0,1992.0,2018-2019,FRA
Alexandre Mendy,e067808c,gwGNB,FW,Guingamp,24.0,1994.0,2018-2019,FRA
Edouard Mendy,33887998,snSEN,GK,Reims,26.0,1992.0,2018-2019,FRA
Ferland Mendy,3cefcaef,frFRA,"DF,MF",Lyon,23.0,1995.0,2018-2019,FRA
Mehdi Merghem,49000148,dzALG,"MF,FW",Guingamp,21.0,1997.0,2018-2019,FRA
Romain Métanire,0fb21da9,mgMAD,DF,Reims,28.0,1990.0,2018-2019,FRA
Thomas Meunier,e162b013,beBEL,"DF,MF",Paris Saint-Germain,26.0,1991.0,2018-2019,FRA
Mexer,ce492295,mzMOZ,DF,Rennes,29.0,1988.0,2018-2019,FRA
Matt Miazga,9fc0f253,usUSA,DF,Nantes,23.0,1995.0,2018-2019,FRA
Clément Michelin,cb9ec45d,frFRA,DF,Toulouse,21.0,1997.0,2018-2019,FRA
Florian Miguel,b66d1d8a,frFRA,DF,Nîmes,21.0,1996.0,2018-2019,FRA
Kostas Mitroglou,c6ac6579,grGRE,FW,Marseille,30.0,1988.0,2018-2019,FRA
Stefan Mitrović,e6777e6b,rsSRB,DF,Strasbourg,28.0,1990.0,2018-2019,FRA
Hakim El Mokeddem,e493cff8,,,Toulouse,19.0,1999.0,2018-2019,FRA
Florent Mollet,7e82a78f,frFRA,MF,Montpellier,26.0,1991.0,2018-2019,FRA
Thomas Monconduit,84d94b91,frFRA,MF,Amiens,27.0,1991.0,2018-2019,FRA
Kévin Monnet-Paquet,4a57580c,frFRA,MF,Saint-Étienne,29.0,1988.0,2018-2019,FRA
Steven Moreira,f10983ae,cvCPV,"DF,MF",Toulouse,23.0,1994.0,2018-2019,FRA
Jérémy Morel,e97150c0,mgMAD,DF,Lyon,34.0,1984.0,2018-2019,FRA
Lebo Mothiba,3eaf8817,zaRSA,FW,Strasbourg,22.0,1996.0,2018-2019,FRA
Lebo Mothiba,3eaf8817,zaRSA,FW,Lille,22.0,1996.0,2018-2019,FRA
François Moubandje,6ca88b2a,chSUI,DF,Toulouse,28.0,1990.0,2018-2019,FRA
Jessy Moulin,28a65a2c,frFRA,GK,Saint-Étienne,32.0,1986.0,2018-2019,FRA
Herman Moussaki,63a10528,frFRA,MF,Caen,19.0,1999.0,2018-2019,FRA
Samuel Moutoussamy,af0c835b,cdCOD,"MF,FW",Nantes,21.0,1996.0,2018-2019,FRA
Ndombe Mubele,176674ab,cdCOD,FW,Toulouse,24.0,1994.0,2018-2019,FRA
Kévin N'Doram,e50623a0,frFRA,DF,Monaco,22.0,1996.0,2018-2019,FRA
Abdallah N'dour,4749367a,snSEN,"MF,DF",Strasbourg,24.0,1993.0,2018-2019,FRA
Cheikh N'Doye,f1b2365a,snSEN,MF,Angers,32.0,1986.0,2018-2019,FRA
Nathan N'Goumou,e110ea4b,cmCMR,FW,Toulouse,18.0,2000.0,2018-2019,FRA
Clinton N'Jie,77f278a0,cmCMR,"FW,MF",Marseille,24.0,1993.0,2018-2019,FRA
Georges-Kévin N'Koudou,76c131da,cmCMR,"FW,MF",Monaco,23.0,1995.0,2018-2019,FRA
Stanley N'Soki,61590953,frFRA,DF,Paris Saint-Germain,19.0,1999.0,2018-2019,FRA
Naldo,03bd0bf4,brBRA,DF,Monaco,35.0,1982.0,2018-2019,FRA
Aly Ndom,df819670,frFRA,MF,Caen,22.0,1996.0,2018-2019,FRA
Aly Ndom,df819670,frFRA,MF,Reims,22.0,1996.0,2018-2019,FRA
Tanguy Ndombele,5cdddffa,frFRA,MF,Lyon,21.0,1996.0,2018-2019,FRA
Neymar,69384e5d,brBRA,"MF,FW",Paris Saint-Germain,26.0,1992.0,2018-2019,FRA
Yeni Ngbakoto,813aae2f,cdCOD,MF,Guingamp,26.0,1992.0,2018-2019,FRA
M'Baye Niang,2054d037,snSEN,"FW,MF",Rennes,23.0,1994.0,2018-2019,FRA
Casimir Ninga,91f2da4c,tdCHA,"MF,FW",Caen,25.0,1993.0,2018-2019,FRA
Christopher Nkunku,7c56da38,frFRA,"MF,FW",Paris Saint-Germain,20.0,1997.0,2018-2019,FRA
Arnaud Nordin,7b9a9e25,frFRA,MF,Saint-Étienne,20.0,1998.0,2018-2019,FRA
Gerzino Nyamsi,6043997c,cmCMR,DF,Rennes,21.0,1997.0,2018-2019,FRA
Lucas Ocampos,a08b974a,arARG,"MF,FW",Marseille,24.0,1994.0,2018-2019,FRA
Sheyi Ojo,7b9a86e6,engENG,"MF,FW",Reims,21.0,1997.0,2018-2019,FRA
Alexandre Olliero,c977ef13,frFRA,GK,Nantes,22.0,1996.0,2018-2019,FRA
Prince Oniangué,9e27e5de,cgCGO,MF,Caen,29.0,1988.0,2018-2019,FRA
Otávio,243f4a0b,brBRA,MF,Bordeaux,24.0,1994.0,2018-2019,FRA
Remi Oudin,ea02beaf,frFRA,"MF,FW",Reims,21.0,1996.0,2018-2019,FRA
Ambroise Oyongo,e3e05edf,cmCMR,MF,Montpellier,27.0,1991.0,2018-2019,FRA
Pablo,29d8ad3f,brBRA,DF,Bordeaux,27.0,1991.0,2018-2019,FRA
Vincent Pajot,f86ca403,frFRA,MF,Angers,27.0,1990.0,2018-2019,FRA
Sergi Palencia,19f8e480,esESP,DF,Bordeaux,22.0,1996.0,2018-2019,FRA
Nicolas Pallois,779847d6,frFRA,DF,Nantes,30.0,1987.0,2018-2019,FRA
Mickaël Panos,d8fc044e,frFRA,DF,Saint-Étienne,21.0,1997.0,2018-2019,FRA
Elhadji Pape Diaw,51450467,snSEN,DF,Angers,23.0,1994.0,2018-2019,FRA
Gaëtan Paquiez,475583ff,frFRA,DF,Nîmes,24.0,1994.0,2018-2019,FRA
Leandro Paredes,dff153a4,arARG,MF,Paris Saint-Germain,24.0,1994.0,2018-2019,FRA
Mateo Pavlović,450e277f,baBIH,DF,Angers,28.0,1990.0,2018-2019,FRA
Dimitri Payet,58ae47b2,frFRA,"MF,FW",Marseille,31.0,1987.0,2018-2019,FRA
Stef Peeters,2f8f43f3,beBEL,MF,Caen,26.0,1992.0,2018-2019,FRA
Jordan Pefok,b684a484,usUSA,FW,Rennes,22.0,1996.0,2018-2019,FRA
Pelé,743fdcd3,gwGNB,MF,Monaco,26.0,1991.0,2018-2019,FRA
Yohann Pelé,76806215,frFRA,GK,Marseille,35.0,1982.0,2018-2019,FRA
Maxime Pélican,09f24df6,frFRA,FW,Nice,20.0,1998.0,2018-2019,FRA
Pietro Pellegri,a44d3a3c,itITA,FW,Monaco,17.0,2001.0,2018-2019,FRA
Théo Pellenard,97fb4608,frFRA,"DF,MF",Angers,24.0,1994.0,2018-2019,FRA
Andy Pelmard,f18d7ab2,mgMAD,DF,Nice,18.0,2000.0,2018-2019,FRA
Nicolas Pépé,57e3f0c7,ciCIV,MF,Lille,23.0,1995.0,2018-2019,FRA
Loïc Perrin,6b200d45,frFRA,DF,Saint-Étienne,32.0,1985.0,2018-2019,FRA
Matthias Phaeton,42c8ede1,gpGLP,"FW,MF",Guingamp,18.0,2000.0,2018-2019,FRA
Lebogang Phiri,b6dac747,zaRSA,MF,Guingamp,23.0,1994.0,2018-2019,FRA
Jérémy Pied,a634b9d2,frFRA,DF,Lille,29.0,1989.0,2018-2019,FRA
Ronaël Pierre-Gabriel,64ba07c0,frFRA,DF,Monaco,20.0,1998.0,2018-2019,FRA
Erik Pieters,1ef37668,nlNED,DF,Amiens,29.0,1988.0,2018-2019,FRA
Virgile Pinson,43af5b1b,frFRA,FW,Reims,22.0,1996.0,2018-2019,FRA
Lenny Pintor,6453830e,frFRA,FW,Lyon,17.0,2000.0,2018-2019,FRA
Facundo Píriz,fca455cc,uyURU,MF,Montpellier,28.0,1990.0,2018-2019,FRA
Jaroslav Plašil,516dc25b,czCZE,MF,Bordeaux,36.0,1982.0,2018-2019,FRA
Morgan Poaty,7add56e1,cgCGO,MF,Montpellier,21.0,1997.0,2018-2019,FRA
Denis-Will Poha,854a2041,frFRA,MF,Rennes,21.0,1997.0,2018-2019,FRA
Pierre-Yves Polomat,2ef637bd,frFRA,"DF,MF",Saint-Étienne,24.0,1993.0,2018-2019,FRA
Maxime Poundjé,b92edde2,frFRA,DF,Bordeaux,25.0,1992.0,2018-2019,FRA
Gaëtan Poussin,c252c705,frFRA,GK,Bordeaux,19.0,1999.0,2018-2019,FRA
Sanjin Prcić,51c30111,baBIH,MF,Strasbourg,24.0,1993.0,2018-2019,FRA
Nicolas de Préville,b0547a87,frFRA,"MF,FW",Bordeaux,27.0,1991.0,2018-2019,FRA
Adrien Rabiot,8794e251,frFRA,MF,Paris Saint-Germain,23.0,1995.0,2018-2019,FRA
Nemanja Radonjić,0630eb63,rsSRB,"MF,FW",Marseille,22.0,1996.0,2018-2019,FRA
Rafael,9a1f2e1c,brBRA,DF,Lyon,28.0,1990.0,2018-2019,FRA
Andrea Raggi,bd4f5f94,itITA,"DF,MF",Monaco,34.0,1984.0,2018-2019,FRA
Baba Rahman,e4086af3,ghGHA,DF,Reims,24.0,1994.0,2018-2019,FRA
Adil Rami,8dbff17c,frFRA,DF,Marseille,32.0,1985.0,2018-2019,FRA
Pedro Rebocho,276cce2e,ptPOR,DF,Guingamp,23.0,1995.0,2018-2019,FRA
Jeff Reine-Adélaïde,d504b3e1,frFRA,"FW,MF",Angers,20.0,1998.0,2018-2019,FRA
Loïc Rémy,5c2da10f,frFRA,FW,Lille,31.0,1987.0,2018-2019,FRA
Baptiste Reynet,bcf1b2e9,frFRA,GK,Toulouse,27.0,1990.0,2018-2019,FRA
Kévin Rimane,7a137df4,gfGUF,"DF,MF",Paris Saint-Germain,27.0,1991.0,2018-2019,FRA
Renaud Ripart,beae3a73,frFRA,"FW,MF",Nîmes,25.0,1993.0,2018-2019,FRA
Mihailo Ristić,ea0aa7e0,rsSRB,MF,Montpellier,22.0,1995.0,2018-2019,FRA
Christopher Rocchia,aa21406e,frFRA,DF,Marseille,20.0,1998.0,2018-2019,FRA
Kenny Rocha Santos,86df8ac0,cvCPV,"FW,MF",Saint-Étienne,18.0,2000.0,2018-2019,FRA
Ronny Rodelin,1f8c7aa9,frFRA,MF,Guingamp,28.0,1989.0,2018-2019,FRA
Rolando,0eeafda5,ptPOR,DF,Marseille,32.0,1985.0,2018-2019,FRA
Alaixys Romao,0aa874f4,tgTOG,MF,Reims,34.0,1984.0,2018-2019,FRA
Valentin Rongier,ed45c4a5,frFRA,MF,Nantes,23.0,1994.0,2018-2019,FRA
Valentin Rosier,9b6d9b53,frFRA,"DF,MF",Dijon,21.0,1996.0,2018-2019,FRA
Nolan Roux,3071a619,frFRA,FW,Guingamp,30.0,1988.0,2018-2019,FRA
Stéphane Ruffier,cac76a72,frFRA,GK,Saint-Étienne,31.0,1986.0,2018-2019,FRA
Idriss Saadi,17f29fb0,dzALG,FW,Strasbourg,26.0,1992.0,2018-2019,FRA
Youssouf Sabaly,fbbb9269,snSEN,"DF,MF",Bordeaux,25.0,1993.0,2018-2019,FRA
Ihsan Sacko,68a87d66,frFRA,FW,Nice,21.0,1997.0,2018-2019,FRA
Wesley Saïd,90fcf472,frFRA,"FW,MF",Dijon,23.0,1995.0,2018-2019,FRA
Allan Saint-Maximin,2b16cb1a,frFRA,FW,Nice,21.0,1997.0,2018-2019,FRA
Théo Sainte-Luce,93c942fb,frFRA,DF,Nîmes,19.0,1998.0,2018-2019,FRA
Hiroki Sakai,d63e2912,jpJPN,DF,Marseille,28.0,1990.0,2018-2019,FRA
Diafra Sakho,57c433c8,snSEN,FW,Rennes,28.0,1989.0,2018-2019,FRA
Emiliano Sala,5d59e0df,arARG,FW,Nantes,27.0,1990.0,2018-2019,FRA
William Saliba,972aeb2a,frFRA,DF,Saint-Étienne,17.0,2001.0,2018-2019,FRA
Yannis Salibur,bb4a42be,frFRA,"MF,FW",Saint-Étienne,27.0,1991.0,2018-2019,FRA
Yannis Salibur,bb4a42be,frFRA,"FW,MF",Guingamp,27.0,1991.0,2018-2019,FRA
Brice Samba,60d90c55,frFRA,GK,Caen,24.0,1994.0,2018-2019,FRA
Junior Sambia,24eb7ed6,frFRA,"MF,FW",Montpellier,21.0,1996.0,2018-2019,FRA
Frédéric Sammaritano,8802c1d5,frFRA,MF,Dijon,32.0,1986.0,2018-2019,FRA
Ibrahim Sangaré,bced0375,ciCIV,MF,Toulouse,20.0,1997.0,2018-2019,FRA
Younousse Sankharé,c650629d,snSEN,MF,Bordeaux,28.0,1989.0,2018-2019,FRA
Baissama Sankoh,a8b4a643,gnGUI,MF,Caen,26.0,1992.0,2018-2019,FRA
Yaya Sanogo,11ced928,frFRA,FW,Toulouse,25.0,1993.0,2018-2019,FRA
Morgan Sanson,6e7f1353,frFRA,MF,Marseille,23.0,1994.0,2018-2019,FRA
Baptiste Santamaria,5e22e2a4,frFRA,MF,Angers,23.0,1995.0,2018-2019,FRA
Bouna Sarr,1a4b9094,snSEN,"DF,MF",Marseille,26.0,1992.0,2018-2019,FRA
Ismaila Sarr,bfdb33aa,snSEN,"MF,FW",Rennes,20.0,1998.0,2018-2019,FRA
Malang Sarr,4315f30d,frFRA,DF,Nice,19.0,1999.0,2018-2019,FRA
Téji Savanier,6bde367b,frFRA,MF,Nîmes,26.0,1991.0,2018-2019,FRA
Stanley Segarel,b2459674,mfSMN,FW,Amiens,24.0,1994.0,2018-2019,FRA
Ole Selnæs,4db2157a,noNOR,MF,Saint-Étienne,24.0,1994.0,2018-2019,FRA
Matz Sels,834b5c4c,beBEL,GK,Strasbourg,26.0,1992.0,2018-2019,FRA
Julien Serrano,7fb301af,frFRA,MF,Monaco,20.0,1998.0,2018-2019,FRA
Grégory Sertic,c4527123,frFRA,MF,Marseille,28.0,1989.0,2018-2019,FRA
Gen Shoji,8b28686a,jpJPN,DF,Toulouse,25.0,1992.0,2018-2019,FRA
Djibril Sidibé,4c5b714f,frFRA,"DF,MF",Monaco,26.0,1992.0,2018-2019,FRA
Kalidou Sidibé,ea540835,mlMLI,MF,Toulouse,19.0,1999.0,2018-2019,FRA
Adrien Silva,d6f88a1d,ptPOR,MF,Monaco,29.0,1989.0,2018-2019,FRA
Gabriel Silva,4914ed4a,brBRA,"MF,DF",Saint-Étienne,27.0,1991.0,2018-2019,FRA
Thiago Silva,86e7deaf,brBRA,DF,Paris Saint-Germain,33.0,1984.0,2018-2019,FRA
Giovanni Sio,0fe7f7bc,ciCIV,FW,Montpellier,29.0,1989.0,2018-2019,FRA
Ibrahima Sissoko,0f8418aa,mlMLI,MF,Strasbourg,20.0,1997.0,2018-2019,FRA
Ellyes Skhiri,c2211709,tnTUN,MF,Montpellier,23.0,1995.0,2018-2019,FRA
Petar Škuletić,d9a66c60,rsSRB,FW,Montpellier,28.0,1990.0,2018-2019,FRA
Naïm Sliti,2e0367a6,tnTUN,"MF,FW",Dijon,26.0,1992.0,2018-2019,FRA
Oumar Solet,0670ee51,frFRA,DF,Lyon,18.0,2000.0,2018-2019,FRA
Jérémy Sorbon,7768df30,frFRA,DF,Guingamp,34.0,1983.0,2018-2019,FRA
Adama Soumaoro,7b075c75,frFRA,DF,Lille,26.0,1992.0,2018-2019,FRA
Boubakary Soumaré,ae59b359,frFRA,MF,Lille,19.0,1999.0,2018-2019,FRA
Bassem Srarfi,84549a07,tnTUN,"FW,MF",Nice,21.0,1997.0,2018-2019,FRA
Timo Stavitski,6fb7edd3,fiFIN,"FW,MF",Caen,19.0,1999.0,2018-2019,FRA
Kevin Strootman,ef2e5e1a,nlNED,MF,Marseille,28.0,1990.0,2018-2019,FRA
Mathías Suárez,0c291a1a,uyURU,MF,Montpellier,22.0,1996.0,2018-2019,FRA
Danijel Subašić,f6db3bd5,hrCRO,GK,Monaco,33.0,1984.0,2018-2019,FRA
Neven Subotić,821233cc,rsSRB,DF,Saint-Étienne,29.0,1988.0,2018-2019,FRA
Sanasi Sy,62a54183,frFRA,DF,Amiens,19.0,1999.0,2018-2019,FRA
Seydou Sy,8417953b,snSEN,GK,Monaco,22.0,1995.0,2018-2019,FRA
Issiaga Sylla,b99bec05,gnGUI,"DF,MF",Toulouse,24.0,1994.0,2018-2019,FRA
Moussa Sylla,d8b97bb3,mlMLI,"FW,MF",Monaco,18.0,1999.0,2018-2019,FRA
Eddy Sylvestre,ff3a6a60,frFRA,FW,Nice,18.0,1999.0,2018-2019,FRA
Franck Tabanou,15e1afd5,frFRA,DF,Guingamp,29.0,1989.0,2018-2019,FRA
Flavien Tait,a0f9b535,frFRA,"MF,FW",Angers,25.0,1993.0,2018-2019,FRA
Adrien Tameze,8da74c05,cmCMR,MF,Nice,24.0,1994.0,2018-2019,FRA
Ciprian Tătărușanu,b056e3da,roROU,GK,Nantes,32.0,1986.0,2018-2019,FRA
Júlio Tavares,d520120b,cvCPV,FW,Dijon,29.0,1988.0,2018-2019,FRA
Malik Tchokounté,ed0c3318,frFRA,"FW,MF",Caen,29.0,1988.0,2018-2019,FRA
Aurélien Tchouaméni,4f255115,frFRA,MF,Bordeaux,18.0,2000.0,2018-2019,FRA
Martin Terrier,5148dcc5,frFRA,"MF,FW",Lyon,21.0,1997.0,2018-2019,FRA
Kenny Tete,77d7c96f,nlNED,"MF,DF",Lyon,22.0,1995.0,2018-2019,FRA
Florian Thauvin,2b9fdeea,frFRA,"MF,FW",Marseille,25.0,1993.0,2018-2019,FRA
Sada Thioub,f4bc42b1,snSEN,"MF,FW",Nîmes,23.0,1995.0,2018-2019,FRA
Romain Thomas,275e2c51,frFRA,DF,Angers,30.0,1988.0,2018-2019,FRA
Adrien Thomasson,c76b7567,frFRA,"MF,FW",Strasbourg,24.0,1993.0,2018-2019,FRA
Marcus Thuram,6f8cd6d0,frFRA,"MF,FW",Guingamp,20.0,1997.0,2018-2019,FRA
Youri Tielemans,56f7a928,beBEL,MF,Monaco,21.0,1997.0,2018-2019,FRA
Cheick Timite,2c92d3c0,ciCIV,"MF,FW",Amiens,20.0,1997.0,2018-2019,FRA
Jean-Clair Todibo,88f130ed,frFRA,DF,Toulouse,18.0,1999.0,2018-2019,FRA
Abdoulaye Touré,ef7cd87a,gnGUI,MF,Nantes,24.0,1994.0,2018-2019,FRA
Almamy Touré,c8c60119,mlMLI,DF,Monaco,22.0,1996.0,2018-2019,FRA
Lucas Tousart,71ec39ef,frFRA,MF,Lyon,21.0,1997.0,2018-2019,FRA
Adama Traoré,1a6f2a66,mlMLI,"MF,FW",Monaco,23.0,1995.0,2018-2019,FRA
Bertrand Traoré,c47541e0,bfBFA,"MF,FW",Lyon,22.0,1995.0,2018-2019,FRA
Charles Traore,de488e56,mlMLI,"DF,MF",Nantes,26.0,1992.0,2018-2019,FRA
Cheick Traoré,bfcef334,mlMLI,DF,Guingamp,23.0,1995.0,2018-2019,FRA
Gaoussou Traoré,42e8eba2,mlMLI,MF,Amiens,18.0,1999.0,2018-2019,FRA
Hamari Traoré,a4b1028a,mlMLI,DF,Rennes,26.0,1992.0,2018-2019,FRA
Ismaël Traoré,b666421b,ciCIV,DF,Angers,31.0,1986.0,2018-2019,FRA
Driss Trichard,6fea4e00,frFRA,DF,Bordeaux,23.0,1995.0,2018-2019,FRA
Valentín Vada,dcf7cf44,arARG,"FW,MF",Bordeaux,22.0,1996.0,2018-2019,FRA
Valentín Vada,dcf7cf44,arARG,MF,Saint-Étienne,22.0,1996.0,2018-2019,FRA
William Vainqueur,92cd4bef,frFRA,MF,Monaco,29.0,1988.0,2018-2019,FRA
Pierrick Valdivia,e562a02e,frFRA,MF,Nîmes,30.0,1988.0,2018-2019,FRA
Theo Valls,c8090cb3,frFRA,MF,Nîmes,22.0,1995.0,2018-2019,FRA
Marco Verratti,1467af0d,itITA,MF,Paris Saint-Germain,25.0,1992.0,2018-2019,FRA
Carlos Vinícius,8b529245,brBRA,FW,Monaco,23.0,1995.0,2018-2019,FRA
Paul Wade,cfd41fad,frFRA,DF,Nice,18.0,2000.0,2018-2019,FRA
Anthony Walongwa,eb78322b,,DF,Nantes,24.0,1993.0,2018-2019,FRA
Rémi Walter,0984c5d5,frFRA,MF,Nice,23.0,1995.0,2018-2019,FRA
Timothy Weah,8eec784d,usUSA,FW,Paris Saint-Germain,18.0,2000.0,2018-2019,FRA
Xeka,f3600c02,ptPOR,MF,Lille,23.0,1994.0,2018-2019,FRA
Cédric Yamberé,1c344204,cfCTA,DF,Dijon,27.0,1990.0,2018-2019,FRA
Elie Youan,698b37b8,frFRA,"FW,MF",Nantes,19.0,1999.0,2018-2019,FRA
Zaydou Youssouf,e2f9bb5f,kmCOM,"MF,FW",Bordeaux,19.0,1999.0,2018-2019,FRA
Younn Zahary,28129034,kmCOM,DF,Caen,19.0,1998.0,2018-2019,FRA
Mehdi Zeffane,c8c02ac7,dzALG,"DF,MF",Rennes,26.0,1992.0,2018-2019,FRA
Arton Zekaj,0bd57eb0,xkKVX,MF,Lille,18.0,2000.0,2018-2019,FRA
Mootaz Zemzemi,242b350c,tnTUN,MF,Strasbourg,18.0,1999.0,2018-2019,FRA
Arber Zeneli,095e4199,xkKVX,MF,Reims,23.0,1995.0,2018-2019,FRA
Kévin Zohi,775185ae,mlMLI,"MF,FW",Strasbourg,21.0,1996.0,2018-2019,FRA
Bongani Zungu,a8797cf1,zaRSA,MF,Amiens,25.0,1992.0,2018-2019,FRA
