player,player_id,nationality,position,squad,age,birth_year,season,league
Sabit Abdulai,9f9e1b9c,ghGHA,MF,Getafe,21.0,1999.0,2020-2021,ESP
Marcos Acuña,81442ecb,arARG,DF,Sevilla,28.0,1991.0,2020-2021,ESP
Bobby Adekanye,3ed84b2c,nlNED,"FW,MF",Cádiz,21.0,1999.0,2020-2021,ESP
Martin Agirregabiria,355c883a,esESP,"DF,MF",Alavés,24.0,1996.0,2020-2021,ESP
Joseph Aidoo,18abe173,ghGHA,DF,Celta Vigo,24.0,1995.0,2020-2021,ESP
Carlos Akapo,f2a68b97,gqEQG,DF,Cádiz,27.0,1993.0,2020-2021,ESP
Paul Akouokou,31f5b89b,ciCIV,MF,Real Betis,22.0,1997.0,2020-2021,ESP
Jony Álamo,788be7f9,esESP,MF,Elche,18.0,2001.0,2020-2021,ESP
Jordi Alba,4601e194,esESP,"DF,MF",Barcelona,31.0,1989.0,2020-2021,ESP
Raúl Albiol,4bd414c1,esESP,DF,Villarreal,34.0,1985.0,2020-2021,ESP
Paco Alcácer,a7a9d95a,esESP,FW,Villarreal,26.0,1993.0,2020-2021,ESP
Pedro Alcalá,ba71d071,esESP,DF,Cádiz,31.0,1989.0,2020-2021,ESP
Rubén Alcaraz,036bba5f,esESP,MF,Valladolid,29.0,1991.0,2020-2021,ESP
Iván Alejo,3d7e48ce,esESP,MF,Cádiz,25.0,1995.0,2020-2021,ESP
Carles Aleñá,6c811eb7,esESP,MF,Barcelona,22.0,1998.0,2020-2021,ESP
Carles Aleñá,6c811eb7,esESP,MF,Getafe,22.0,1998.0,2020-2021,ESP
Alfon,1c772b46,esESP,FW,Celta Vigo,21.0,1999.0,2020-2021,ESP
Sergio Álvarez,88d91621,esESP,"MF,DF",Eibar,28.0,1992.0,2020-2021,ESP
Yeray Álvarez,3ecc11d8,esESP,DF,Athletic Club,25.0,1995.0,2020-2021,ESP
Emmanuel Amankwaa Akurugu,69c5633e,ghGHA,DF,Getafe,18.0,2001.0,2020-2021,ESP
Jon Ander Garrido,c46736ab,esESP,MF,Cádiz,30.0,1989.0,2020-2021,ESP
Marcos André,ae86d473,brBRA,FW,Valladolid,23.0,1996.0,2020-2021,ESP
Ángel,b1e5bbec,esESP,GK,Granada,18.0,2002.0,2020-2021,ESP
José Ángel,3024e383,esESP,DF,Eibar,30.0,1989.0,2020-2021,ESP
Miguel Ángel Rubio,56cafd0a,esESP,DF,Valladolid,22.0,1998.0,2020-2021,ESP
José Antonio Miranda,683788fd,gqEQG,MF,Getafe,22.0,1998.0,2020-2021,ESP
Aritz Arambarri,f28876e5,esESP,DF,Real Sociedad,22.0,1998.0,2020-2021,ESP
Mauro Arambarri,58afe001,uyURU,MF,Getafe,24.0,1995.0,2020-2021,ESP
Néstor Araujo,27a013f7,mxMEX,DF,Celta Vigo,28.0,1991.0,2020-2021,ESP
Ronald Araújo,2bef2bca,uyURU,DF,Barcelona,21.0,1999.0,2020-2021,ESP
Anaitz Arbilla,850c0a0d,esESP,DF,Eibar,33.0,1987.0,2020-2021,ESP
Unai Arietaleanizbeaskoa,74d9a90b,esESP,FW,Eibar,21.0,1999.0,2020-2021,ESP
Sergio Arribas,1e465e70,esESP,MF,Real Madrid,18.0,2001.0,2020-2021,ESP
Sergio Asenjo,9f0ea33f,esESP,GK,Villarreal,31.0,1989.0,2020-2021,ESP
Marco Asensio,45af8a54,esESP,"FW,MF",Real Madrid,24.0,1996.0,2020-2021,ESP
Iago Aspas,7dcf86f6,esESP,FW,Celta Vigo,32.0,1987.0,2020-2021,ESP
Miguel Atienza,12eda7be,esESP,MF,Eibar,21.0,1999.0,2020-2021,ESP
Ezequiel Ávila,253a06b9,arARG,"MF,FW",Osasuna,26.0,1994.0,2020-2021,ESP
Ramon Azeez,0cc474e7,ngNGA,MF,Granada,27.0,1992.0,2020-2021,ESP
Carlos Bacca,09a9e921,coCOL,FW,Villarreal,33.0,1986.0,2020-2021,ESP
Édgar Badía,e4346678,esESP,GK,Elche,28.0,1992.0,2020-2021,ESP
Alex Baena,518f2234,esESP,MF,Villarreal,19.0,2001.0,2020-2021,ESP
Miguel Baeza,a98f3cbf,esESP,MF,Celta Vigo,20.0,2000.0,2020-2021,ESP
Mikel Balenziaga,1fe67e86,esESP,DF,Athletic Club,32.0,1988.0,2020-2021,ESP
Barcia,0c717ae6,esESP,DF,Granada,19.0,2000.0,2020-2021,ESP
Enis Bardhi,cac2537b,mkMKD,MF,Levante,25.0,1995.0,2020-2021,ESP
Kike Barja,aad53e64,esESP,"MF,FW",Osasuna,23.0,1997.0,2020-2021,ESP
Marc Baró,74aa6ab7,esESP,DF,Cádiz,20.0,1999.0,2020-2021,ESP
Antonio Barragán,487d9b09,esESP,DF,Elche,33.0,1987.0,2020-2021,ESP
Ander Barrenetxea,200e89e1,esESP,MF,Real Sociedad,18.0,2001.0,2020-2021,ESP
Marc Bartra,b742cc0d,esESP,DF,Real Betis,29.0,1991.0,2020-2021,ESP
Álvaro Bastida,42a028c5,esESP,MF,Cádiz,16.0,2004.0,2020-2021,ESP
Rodrigo Battaglia,d637fc22,arARG,MF,Alavés,29.0,1991.0,2020-2021,ESP
Jon Bautista,debc6b55,esESP,FW,Real Sociedad,25.0,1995.0,2020-2021,ESP
Fran Beltrán,ed5c5fa3,esESP,MF,Celta Vigo,21.0,1999.0,2020-2021,ESP
Sergio Benito,608bcb88,esESP,FW,Valladolid,21.0,1999.0,2020-2021,ESP
Karim Benzema,70d74ece,frFRA,FW,Real Madrid,32.0,1987.0,2020-2021,ESP
Yuri Berchiche,b6e50615,esESP,DF,Athletic Club,30.0,1990.0,2020-2021,ESP
Álex Berenguer,dc1c2fce,esESP,MF,Athletic Club,25.0,1995.0,2020-2021,ESP
Pedro Bigas,697295b1,esESP,DF,Eibar,29.0,1990.0,2020-2021,ESP
Alejandro Blanco,c4dce677,esESP,MF,Valencia,21.0,1998.0,2020-2021,ESP
Antonio Blanco,506daeac,esESP,MF,Real Madrid,20.0,2000.0,2020-2021,ESP
Rubén Blanco,967f34d3,esESP,GK,Celta Vigo,25.0,1995.0,2020-2021,ESP
Alejandro Blesa,d2ed99b4,esESP,MF,Levante,18.0,2002.0,2020-2021,ESP
Yann Bodiger,8c2c48a9,frFRA,MF,Cádiz,25.0,1995.0,2020-2021,ESP
Yassine Bounou,f6798fc3,maMAR,GK,Sevilla,29.0,1991.0,2020-2021,ESP
Lucas Boyé,d49f3e6b,arARG,FW,Elche,24.0,1996.0,2020-2021,ESP
Martin Braithwaite,fd771f95,dkDEN,"FW,MF",Barcelona,29.0,1991.0,2020-2021,ESP
Darko Brašanac,4accb7e0,rsSRB,MF,Osasuna,28.0,1992.0,2020-2021,ESP
Álvaro Bravo,b3f97139,esESP,MF,Granada,22.0,1998.0,2020-2021,ESP
Claudio Bravo,10072610,clCHI,GK,Real Betis,37.0,1983.0,2020-2021,ESP
Yan Brice Eteki,3d688b46,cmCMR,MF,Granada,22.0,1997.0,2020-2021,ESP
Juan Brunet,c960cfdb,arARG,MF,Granada,22.0,1998.0,2020-2021,ESP
Ante Budimir,8f3565b3,hrCRO,FW,Osasuna,29.0,1991.0,2020-2021,ESP
Esteban Burgos,40449bbd,arARG,DF,Eibar,28.0,1992.0,2020-2021,ESP
Burgui,45e304c8,esESP,"FW,MF",Alavés,26.0,1993.0,2020-2021,ESP
Sergio Busquets,5ab0ea87,esESP,MF,Barcelona,32.0,1988.0,2020-2021,ESP
Erick Cabaco,e7ab4179,uyURU,DF,Getafe,25.0,1995.0,2020-2021,ESP
Cala,fe05804b,esESP,DF,Cádiz,30.0,1989.0,2020-2021,ESP
Jonathan Calleri,6922f806,arARG,FW,Osasuna,26.0,1993.0,2020-2021,ESP
Dani Calvo,dd672e1f,esESP,DF,Elche,26.0,1994.0,2020-2021,ESP
José Campaña,61220da2,esESP,MF,Levante,27.0,1993.0,2020-2021,ESP
Sergio Canales,a6de370d,esESP,MF,Real Betis,29.0,1991.0,2020-2021,ESP
Álex Cantero,4aa253fd,esESP,FW,Levante,20.0,2000.0,2020-2021,ESP
Ander Capa,37f1cf47,esESP,DF,Athletic Club,28.0,1992.0,2020-2021,ESP
Étienne Capoue,5acc4a10,frFRA,MF,Villarreal,32.0,1988.0,2020-2021,ESP
Isaac Carcelen,c4b888df,esESP,DF,Cádiz,27.0,1993.0,2020-2021,ESP
Dani Cárdenas,e1846dde,esESP,GK,Levante,23.0,1997.0,2020-2021,ESP
Marc Cardona,b92b456a,esESP,FW,Osasuna,25.0,1995.0,2020-2021,ESP
Diego Carlos,b4a014b1,brBRA,DF,Sevilla,27.0,1993.0,2020-2021,ESP
Juan Carlos,82803509,esESP,MF,Huesca,29.0,1991.0,2020-2021,ESP
Yannick Carrasco,de39485a,beBEL,"MF,FW",Atlético Madrid,26.0,1993.0,2020-2021,ESP
Sergio Carreira,8d6a9c93,esESP,DF,Celta Vigo,19.0,2000.0,2020-2021,ESP
Guido Carrillo,8f898ba8,arARG,FW,Elche,29.0,1991.0,2020-2021,ESP
Dani Carvajal,4958bfb2,esESP,DF,Real Madrid,28.0,1992.0,2020-2021,ESP
William Carvalho,dee86451,ptPOR,MF,Real Betis,28.0,1992.0,2020-2021,ESP
Casemiro,4d224fe8,brBRA,MF,Real Madrid,28.0,1992.0,2020-2021,ESP
Sofian Chakla,37f04799,maMAR,DF,Villarreal,26.0,1993.0,2020-2021,ESP
Sofian Chakla,37f04799,maMAR,DF,Getafe,26.0,1993.0,2020-2021,ESP
Chema,7f203b54,esESP,"DF,MF",Getafe,28.0,1992.0,2020-2021,ESP
Denis Cheryshev,0ac94a23,ruRUS,MF,Valencia,29.0,1990.0,2020-2021,ESP
Samuel Chukwueze,b8a642fc,ngNGA,MF,Villarreal,21.0,1999.0,2020-2021,ESP
Víctor Chust,ec1a731e,esESP,DF,Real Madrid,20.0,2000.0,2020-2021,ESP
Cifu,90f83973,esESP,"DF,MF",Elche,29.0,1990.0,2020-2021,ESP
Alberto Cifuentes,94084f83,esESP,GK,Cádiz,41.0,1979.0,2020-2021,ESP
Jasper Cillessen,04ac8285,nlNED,GK,Valencia,31.0,1989.0,2020-2021,ESP
Carlos Clerc,33a61a52,esESP,"DF,MF",Levante,28.0,1992.0,2020-2021,ESP
Coke,6d8f8441,esESP,DF,Levante,33.0,1987.0,2020-2021,ESP
Francis Coquelin,a6951bf8,frFRA,MF,Villarreal,29.0,1991.0,2020-2021,ESP
Iñigo Córdoba,49ea92be,esESP,MF,Athletic Club,23.0,1997.0,2020-2021,ESP
Iñigo Córdoba,49ea92be,esESP,MF,Alavés,23.0,1997.0,2020-2021,ESP
Ángel Correa,01eb744d,arARG,"FW,MF",Atlético Madrid,25.0,1995.0,2020-2021,ESP
Rober Correa,46bd3a5b,esESP,DF,Eibar,27.0,1992.0,2020-2021,ESP
Thierry Correia,c78b352d,ptPOR,DF,Valencia,21.0,1999.0,2020-2021,ESP
Diego Costa,a190d597,esESP,FW,Atlético Madrid,31.0,1988.0,2020-2021,ESP
Jaume Costa,808d48f3,esESP,"DF,MF",Villarreal,32.0,1988.0,2020-2021,ESP
Thibaut Courtois,1840e36d,beBEL,GK,Real Madrid,28.0,1992.0,2020-2021,ESP
Philippe Coutinho,0ef89a37,brBRA,MF,Barcelona,28.0,1992.0,2020-2021,ESP
Juan Cruz Armada,a56da3ba,esESP,DF,Osasuna,28.0,1992.0,2020-2021,ESP
Sergio Cubero Ezcurra,d858d079,esESP,DF,Eibar,20.0,1999.0,2020-2021,ESP
Cucho,71b47ab9,coCOL,"FW,MF",Getafe,21.0,1999.0,2020-2021,ESP
Marc Cucurella,1daec722,esESP,MF,Getafe,22.0,1998.0,2020-2021,ESP
Patrick Cutrone,a4fe8cda,itITA,FW,Valencia,22.0,1998.0,2020-2021,ESP
Moussa Dembélé,e7986081,frFRA,FW,Atlético Madrid,24.0,1996.0,2020-2021,ESP
Ousmane Dembélé,b19db005,frFRA,"FW,MF",Barcelona,23.0,1997.0,2020-2021,ESP
Sergiño Dest,5976f83e,usUSA,"MF,DF",Barcelona,19.0,2000.0,2020-2021,ESP
Deyverson,2e5e846d,brBRA,FW,Alavés,29.0,1991.0,2020-2021,ESP
Abdoulay Diaby,23c5db70,mlMLI,"FW,MF",Getafe,29.0,1991.0,2020-2021,ESP
Mouctar Diakhaby,d2110326,gnGUI,DF,Valencia,23.0,1996.0,2020-2021,ESP
Víctor Díaz,3624ce4c,esESP,DF,Granada,32.0,1988.0,2020-2021,ESP
Papakouli Diop,7329018e,snSEN,MF,Eibar,34.0,1986.0,2020-2021,ESP
Djené,a4971d84,tgTOG,DF,Getafe,28.0,1991.0,2020-2021,ESP
Marko Dmitrović,ac295d9e,rsSRB,GK,Eibar,28.0,1992.0,2020-2021,ESP
Jaume Doménech,c9cb972b,esESP,GK,Valencia,29.0,1990.0,2020-2021,ESP
Carlos Dominguez,3521abfe,esESP,DF,Celta Vigo,19.0,2001.0,2020-2021,ESP
John Donald,5e95c000,esESP,DF,Elche,19.0,2000.0,2020-2021,ESP
Cheick Doukouré,e208bcc8,ciCIV,MF,Levante,27.0,1992.0,2020-2021,ESP
Idrissa Doumbia,685857dc,ciCIV,MF,Huesca,22.0,1998.0,2020-2021,ESP
Domingos Duarte,93090f69,ptPOR,DF,Granada,25.0,1995.0,2020-2021,ESP
Óscar Duarte,aa0ac32d,crCRC,DF,Levante,31.0,1989.0,2020-2021,ESP
Rubén Duarte,1fe0492d,esESP,DF,Alavés,24.0,1995.0,2020-2021,ESP
Unai Dufur,c261b5dd,esESP,DF,Eibar,21.0,1999.0,2020-2021,ESP
Hugo Duro,37e103f8,esESP,FW,Real Madrid,20.0,1999.0,2020-2021,ESP
Aritz Elustondo,f7dc2ae5,esESP,DF,Real Sociedad,26.0,1994.0,2020-2021,ESP
Rodrigo Ely,fd47b4f2,brBRA,DF,Alavés,26.0,1993.0,2020-2021,ESP
Emerson,df8b52a5,brBRA,DF,Real Betis,21.0,1999.0,2020-2021,ESP
Youssef En-Nesyri,04e17fd5,maMAR,FW,Sevilla,23.0,1997.0,2020-2021,ESP
Sergi Enrich,bb4b1242,esESP,FW,Eibar,30.0,1990.0,2020-2021,ESP
Aarón Escandell,67669ce7,esESP,GK,Granada,24.0,1995.0,2020-2021,ESP
Dani Escriche,5a36f180,esESP,"MF,FW",Huesca,22.0,1998.0,2020-2021,ESP
Sergio Escudero,b0616e3d,esESP,DF,Sevilla,30.0,1989.0,2020-2021,ESP
Alfonso Espino,db001fa9,uyURU,DF,Cádiz,28.0,1992.0,2020-2021,ESP
Vicente Esquerdo,ced26057,esESP,MF,Valencia,21.0,1999.0,2020-2021,ESP
Pervis Estupiñán,d38fdf53,ecECU,DF,Villarreal,22.0,1998.0,2020-2021,ESP
Xabier Etxeita,4a895384,esESP,DF,Getafe,32.0,1987.0,2020-2021,ESP
Edu Expósito,283c7121,esESP,MF,Eibar,23.0,1996.0,2020-2021,ESP
Jokin Ezkieta,0f7dbaf6,esESP,GK,Athletic Club,23.0,1996.0,2020-2021,ESP
Fali,72a84002,esESP,"DF,MF",Cádiz,26.0,1993.0,2020-2021,ESP
Ansu Fati,0ba976e4,esESP,"MF,FW",Barcelona,17.0,2002.0,2020-2021,ESP
Nabil Fekir,bece776f,frFRA,MF,Real Betis,27.0,1993.0,2020-2021,ESP
Felipe,51a3c4c8,brBRA,DF,Atlético Madrid,31.0,1989.0,2020-2021,ESP
João Félix,8aafd64f,ptPOR,"FW,MF",Atlético Madrid,20.0,1999.0,2020-2021,ESP
Aitor Fernández,a01c3d54,esESP,GK,Levante,29.0,1991.0,2020-2021,ESP
Álex Fernández,aa677a35,esESP,MF,Cádiz,27.0,1992.0,2020-2021,ESP
Álvaro Fernández,f127d782,esESP,GK,Huesca,22.0,1998.0,2020-2021,ESP
Andrés Fernández,307fcd26,esESP,GK,Huesca,33.0,1986.0,2020-2021,ESP
Augusto Fernández,78c40e94,arARG,MF,Cádiz,34.0,1986.0,2020-2021,ESP
Carlos Fernández,e08647d6,esESP,FW,Sevilla,24.0,1996.0,2020-2021,ESP
Carlos Fernández,e08647d6,esESP,"MF,FW",Real Sociedad,24.0,1996.0,2020-2021,ESP
Joaquín Fernández,b86a64b2,esESP,DF,Valladolid,24.0,1996.0,2020-2021,ESP
Fernando,41f32541,brBRA,MF,Sevilla,33.0,1987.0,2020-2021,ESP
David Ferreiro,8970907e,esESP,"MF,FW",Huesca,32.0,1988.0,2020-2021,ESP
Facundo Ferreyra,b39a793e,arARG,FW,Celta Vigo,29.0,1991.0,2020-2021,ESP
Fidel,eb82b6f1,esESP,"MF,DF",Elche,30.0,1989.0,2020-2021,ESP
Junior Firpo,24f59bb2,doDOM,"MF,DF",Barcelona,23.0,1996.0,2020-2021,ESP
Kingsley Fobi,954c26c9,ghGHA,DF,Granada,21.0,1998.0,2020-2021,ESP
Ramón Folch,dc56efc9,esESP,MF,Elche,30.0,1989.0,2020-2021,ESP
José Fontán,1827a42d,esESP,DF,Celta Vigo,20.0,2000.0,2020-2021,ESP
Dimitri Foulquier,45e17712,frFRA,"DF,MF",Granada,27.0,1993.0,2020-2021,ESP
Juan Foyth,6c7762c3,arARG,"DF,MF",Villarreal,22.0,1998.0,2020-2021,ESP
Jorge de Frutos,38ce1150,esESP,MF,Levante,23.0,1997.0,2020-2021,ESP
Ramiro Funes Mori,89cbc961,arARG,DF,Villarreal,29.0,1991.0,2020-2021,ESP
Javi Galán,a4b00319,esESP,"MF,DF",Huesca,25.0,1994.0,2020-2021,ESP
Enric Gallego,82e9b89d,esESP,FW,Osasuna,33.0,1986.0,2020-2021,ESP
Kévin Gameiro,42276181,frFRA,FW,Valencia,33.0,1987.0,2020-2021,ESP
Aleix García,a10361d2,esESP,MF,Eibar,23.0,1997.0,2020-2021,ESP
Borja García,e7f4603c,esESP,"MF,FW",Huesca,29.0,1990.0,2020-2021,ESP
Dani García,240d3a0b,esESP,MF,Athletic Club,30.0,1990.0,2020-2021,ESP
David García,3e42f707,esESP,DF,Osasuna,26.0,1994.0,2020-2021,ESP
Manu García,05a4465d,esESP,MF,Alavés,34.0,1986.0,2020-2021,ESP
Raúl García,1a317a1b,esESP,"DF,MF",Valladolid,31.0,1989.0,2020-2021,ESP
Raúl García,b418dbd4,esESP,"FW,MF",Athletic Club,34.0,1986.0,2020-2021,ESP
Rubén García,5c96b017,esESP,"MF,FW",Osasuna,27.0,1993.0,2020-2021,ESP
Sergi García,a039d52e,esESP,MF,Alavés,21.0,1999.0,2020-2021,ESP
Unai García,4a633cfe,esESP,DF,Osasuna,28.0,1992.0,2020-2021,ESP
Mario Gaspar,fb5d47b3,esESP,DF,Villarreal,29.0,1990.0,2020-2021,ESP
Paulo Gazzaniga,63d17038,arARG,GK,Elche,28.0,1992.0,2020-2021,ESP
Bryan Gil,7b5ab7f2,esESP,"FW,MF",Sevilla,19.0,2001.0,2020-2021,ESP
Bryan Gil,7b5ab7f2,esESP,MF,Eibar,19.0,2001.0,2020-2021,ESP
David Gil,fea23125,esESP,GK,Cádiz,26.0,1994.0,2020-2021,ESP
Álvaro Giménez,18017beb,esESP,FW,Cádiz,29.0,1991.0,2020-2021,ESP
Dani Gómez,0e5ddc7c,esESP,FW,Levante,22.0,1998.0,2020-2021,ESP
Ibai Gómez,9d2a3d5f,esESP,MF,Athletic Club,30.0,1989.0,2020-2021,ESP
Maxi Gómez,4c2e9442,uyURU,FW,Valencia,23.0,1996.0,2020-2021,ESP
Moi Gómez,5a626448,esESP,"MF,FW",Villarreal,26.0,1994.0,2020-2021,ESP
Papu Gómez,6e4df551,arARG,"MF,FW",Sevilla,32.0,1988.0,2020-2021,ESP
Sergi Gómez,bc6f5f06,esESP,DF,Sevilla,28.0,1992.0,2020-2021,ESP
Sergio Gómez,01e5f06e,esESP,"MF,FW",Huesca,19.0,2000.0,2020-2021,ESP
Maxime Gonalons,b8c1de25,frFRA,MF,Granada,31.0,1989.0,2020-2021,ESP
Bruno González,f11fe861,esESP,DF,Valladolid,30.0,1990.0,2020-2021,ESP
Diego González,4ac7608e,esESP,DF,Elche,25.0,1995.0,2020-2021,ESP
Sergio González,5dd16ace,esESP,MF,Cádiz,23.0,1997.0,2020-2021,ESP
Urko González,c4f5eb61,esESP,MF,Real Sociedad,19.0,2001.0,2020-2021,ESP
Andoni Gorosabel,6f5f82c0,esESP,DF,Real Sociedad,23.0,1996.0,2020-2021,ESP
Antoine Griezmann,df69b544,frFRA,"FW,MF",Barcelona,29.0,1991.0,2020-2021,ESP
Andrés Guardado,ef322658,mxMEX,MF,Real Betis,33.0,1986.0,2020-2021,ESP
Sergi Guardiola,32974271,esESP,FW,Valladolid,29.0,1991.0,2020-2021,ESP
Nemanja Gudelj,0076ab7f,rsSRB,MF,Sevilla,28.0,1991.0,2020-2021,ESP
Gonçalo Guedes,e6bc67d7,ptPOR,"MF,FW",Valencia,23.0,1996.0,2020-2021,ESP
Ander Guevara,8e48dc61,esESP,MF,Real Sociedad,23.0,1997.0,2020-2021,ESP
John Guidetti,99bebd12,seSWE,FW,Alavés,28.0,1992.0,2020-2021,ESP
Hugo Guillamón,f7c12fbf,esESP,DF,Valencia,20.0,2000.0,2020-2021,ESP
Jon Guridi,4c0a6a48,esESP,MF,Real Sociedad,25.0,1995.0,2020-2021,ESP
Raúl Guti,0b2c8585,esESP,MF,Elche,23.0,1996.0,2020-2021,ESP
Marcos Mauro López Gutiérrez,b3b62f94,arARG,DF,Cádiz,29.0,1991.0,2020-2021,ESP
Miguel Gutiérrez,7e98cff1,esESP,DF,Real Madrid,19.0,2001.0,2020-2021,ESP
Munir El Haddadi,8696bc90,maMAR,"FW,MF",Sevilla,24.0,1995.0,2020-2021,ESP
Eden Hazard,a39bb753,beBEL,"FW,MF",Real Madrid,29.0,1991.0,2020-2021,ESP
Mario Hermoso,555f3a0b,esESP,DF,Atlético Madrid,25.0,1995.0,2020-2021,ESP
Aridane Hernández,132ac341,esESP,DF,Osasuna,31.0,1989.0,2020-2021,ESP
Héctor Herrera,a8542814,mxMEX,MF,Atlético Madrid,30.0,1990.0,2020-2021,ESP
Sergio Herrera,a4995f48,esESP,GK,Osasuna,27.0,1993.0,2020-2021,ESP
Yangel Herrera,5083a734,veVEN,MF,Granada,22.0,1998.0,2020-2021,ESP
Pablo Hervías,ba5a9545,esESP,"DF,MF",Valladolid,27.0,1993.0,2020-2021,ESP
Jordan Holsgrove,8a6daac3,sctSCO,MF,Celta Vigo,20.0,1999.0,2020-2021,ESP
Vicente Iborra,ad1ffcfd,esESP,MF,Villarreal,32.0,1988.0,2020-2021,ESP
Oussama Idrissi,34caa4b3,maMAR,"FW,MF",Sevilla,24.0,1996.0,2020-2021,ESP
Iglesias,974322dc,esESP,"MF,DF",Getafe,22.0,1998.0,2020-2021,ESP
Borja Iglesias,75645f0e,esESP,FW,Real Betis,27.0,1993.0,2020-2021,ESP
Asier Illarramendi,5ce0b5ba,esESP,MF,Real Sociedad,30.0,1990.0,2020-2021,ESP
Pablo Insua,4b5e7e90,esESP,DF,Huesca,26.0,1993.0,2020-2021,ESP
Takashi Inui,61bd33d0,jpJPN,"MF,FW",Eibar,32.0,1988.0,2020-2021,ESP
Alexander Isak,8e92be30,seSWE,FW,Real Sociedad,20.0,1999.0,2020-2021,ESP
Isco,a0b4bb3e,esESP,"MF,FW",Real Madrid,28.0,1992.0,2020-2021,ESP
Jairo Izquierdo,2ceb58ab,esESP,"MF,DF",Cádiz,26.0,1993.0,2020-2021,ESP
Saidy Janko,689c9cf4,gmGAM,"DF,MF",Valladolid,24.0,1995.0,2020-2021,ESP
Adnan Januzaj,4737cebe,beBEL,"MF,FW",Real Sociedad,25.0,1995.0,2020-2021,ESP
Jason,9038c2a1,esESP,MF,Valencia,26.0,1994.0,2020-2021,ESP
Luis Javier Suárez,eeba07f8,coCOL,"FW,MF",Granada,22.0,1997.0,2020-2021,ESP
Joaquín,4c5b14d2,esESP,MF,Real Betis,39.0,1981.0,2020-2021,ESP
John Joe,fd01216a,ieIRL,MF,Getafe,16.0,2003.0,2020-2021,ESP
Frenkie de Jong,1bacc518,nlNED,"MF,DF",Barcelona,23.0,1997.0,2020-2021,ESP
Luuk de Jong,abb3bb95,nlNED,FW,Sevilla,29.0,1990.0,2020-2021,ESP
Jony,244f57b9,esESP,"MF,FW",Osasuna,29.0,1991.0,2020-2021,ESP
Joan Jordán,2a0c8ba4,esESP,MF,Sevilla,26.0,1994.0,2020-2021,ESP
Josan,5b28b2f6,esESP,"MF,DF",Elche,30.0,1989.0,2020-2021,ESP
Willian José,d87e2cae,brBRA,FW,Real Sociedad,28.0,1991.0,2020-2021,ESP
Joselu,6265208f,esESP,FW,Alavés,30.0,1990.0,2020-2021,ESP
Josema,ed3f5f4c,esESP,DF,Elche,24.0,1996.0,2020-2021,ESP
Jota,8c5f1522,ptPOR,"MF,FW",Valladolid,21.0,1999.0,2020-2021,ESP
Jota,9f351459,esESP,MF,Alavés,29.0,1991.0,2020-2021,ESP
Luka Jović,4d8cd038,rsSRB,FW,Real Madrid,22.0,1997.0,2020-2021,ESP
Juanmi,84399660,esESP,"FW,MF",Real Betis,27.0,1993.0,2020-2021,ESP
Vinicius Júnior,7111d552,brBRA,"FW,MF",Real Madrid,20.0,2000.0,2020-2021,ESP
Jens Jønsson,53520a67,dkDEN,MF,Cádiz,27.0,1993.0,2020-2021,ESP
Damian Kądzior,bb6c6331,plPOL,"MF,FW",Eibar,28.0,1992.0,2020-2021,ESP
Lee Kang-in,8455ad90,krKOR,"FW,MF",Valencia,19.0,2001.0,2020-2021,ESP
Stephane Keller,89d1e9fa,cmCMR,DF,Alavés,18.0,2001.0,2020-2021,ESP
Kenedy,5eebbfdf,brBRA,MF,Granada,24.0,1996.0,2020-2021,ESP
Kiké,e897d8ba,esESP,FW,Eibar,30.0,1989.0,2020-2021,ESP
Giorgi Kochorashvili,3da1b6ed,geGEO,MF,Levante,21.0,1999.0,2020-2021,ESP
Kenan Kodro,e82d2807,baBIH,FW,Valladolid,26.0,1993.0,2020-2021,ESP
Kenan Kodro,e82d2807,baBIH,FW,Athletic Club,26.0,1993.0,2020-2021,ESP
Koba Koindredi,3a58d075,frFRA,MF,Valencia,18.0,2001.0,2020-2021,ESP
Koke,55126f3b,esESP,MF,Atlético Madrid,28.0,1992.0,2020-2021,ESP
Geoffrey Kondogbia,cce181df,cfCTA,MF,Valencia,27.0,1993.0,2020-2021,ESP
Geoffrey Kondogbia,cce181df,cfCTA,MF,Atlético Madrid,27.0,1993.0,2020-2021,ESP
Youssouf Koné,e6eadfb8,mlMLI,MF,Elche,25.0,1995.0,2020-2021,ESP
Jules Koundé,4d1666ff,frFRA,DF,Sevilla,21.0,1998.0,2020-2021,ESP
Toni Kroos,6ce1f46f,deGER,MF,Real Madrid,30.0,1990.0,2020-2021,ESP
Takefusa Kubo,16aa3654,jpJPN,"MF,FW",Villarreal,19.0,2001.0,2020-2021,ESP
Takefusa Kubo,16aa3654,jpJPN,"MF,FW",Getafe,19.0,2001.0,2020-2021,ESP
Kuki,2b6dc4d7,esESP,MF,Valladolid,22.0,1998.0,2020-2021,ESP
Víctor Laguardia,b7c99b9b,esESP,DF,Alavés,30.0,1989.0,2020-2021,ESP
Diego Lainez,bf12926c,mxMEX,MF,Real Betis,20.0,2000.0,2020-2021,ESP
Toni Lato,8e088e04,esESP,"DF,MF",Valencia,22.0,1997.0,2020-2021,ESP
Lauti,f934c5c9,uyURU,FW,Celta Vigo,19.0,2001.0,2020-2021,ESP
Robin Le Normand,9a64e67e,esESP,DF,Real Sociedad,23.0,1996.0,2020-2021,ESP
Jeremías Ledesma,6c4776b1,arARG,GK,Cádiz,27.0,1993.0,2020-2021,ESP
Florian Lejeune,6eaed4eb,frFRA,DF,Alavés,29.0,1991.0,2020-2021,ESP
Iñigo Lekue,59b7d823,esESP,DF,Athletic Club,27.0,1993.0,2020-2021,ESP
Thomas Lemar,4dbd0916,frFRA,MF,Atlético Madrid,24.0,1995.0,2020-2021,ESP
Clément Lenglet,4f28a6ff,frFRA,DF,Barcelona,25.0,1995.0,2020-2021,ESP
Pedro León,d66b9872,esESP,"MF,FW",Eibar,33.0,1986.0,2020-2021,ESP
Sergio León,0a0cc13c,esESP,FW,Levante,31.0,1989.0,2020-2021,ESP
Diego Llorente,bba30585,esESP,DF,Real Sociedad,26.0,1993.0,2020-2021,ESP
Marcos Llorente,02c15616,esESP,MF,Atlético Madrid,25.0,1995.0,2020-2021,ESP
Renan Lodi,ed9f7cfe,brBRA,"DF,MF",Atlético Madrid,22.0,1998.0,2020-2021,ESP
Adrián López,88a359d4,esESP,FW,Osasuna,32.0,1988.0,2020-2021,ESP
Javi López,e9ada8cf,esESP,DF,Alavés,18.0,2002.0,2020-2021,ESP
Pedro López Muñoz,a60823a4,esESP,"DF,MF",Huesca,36.0,1983.0,2020-2021,ESP
Roberto López,2a8c9f98,esESP,MF,Real Sociedad,20.0,2000.0,2020-2021,ESP
Unai López,88050721,esESP,MF,Athletic Club,24.0,1995.0,2020-2021,ESP
Anthony Lozano,38699c72,hnHON,"FW,MF",Cádiz,27.0,1993.0,2020-2021,ESP
Jeison Lucumí,8abefbcf,coCOL,MF,Elche,25.0,1995.0,2020-2021,ESP
José Luis Gayà,b05e2dbd,esESP,DF,Valencia,25.0,1995.0,2020-2021,ESP
José Luis Morales,4a478107,esESP,"MF,FW",Levante,33.0,1987.0,2020-2021,ESP
Luisinho,a7f00c8c,ptPOR,DF,Huesca,35.0,1985.0,2020-2021,ESP
Luismi,c2cfbfc9,esESP,"MF,DF",Elche,28.0,1992.0,2020-2021,ESP
Darwin Machís,ed6ea4d9,veVEN,MF,Granada,27.0,1993.0,2020-2021,ESP
Pablo Maffeo,5db04597,esESP,"MF,DF",Huesca,23.0,1997.0,2020-2021,ESP
Abdallahi Mahmoud,ab99e4a0,mrMTN,MF,Alavés,20.0,2000.0,2020-2021,ESP
Nemanja Maksimović,00b28772,rsSRB,MF,Getafe,25.0,1995.0,2020-2021,ESP
Filip Malbašić,04981123,rsSRB,"MF,FW",Cádiz,27.0,1992.0,2020-2021,ESP
Hugo Mallo,cb574619,esESP,DF,Celta Vigo,29.0,1991.0,2020-2021,ESP
Mickael Malsa,bbc19252,mqMTQ,MF,Levante,24.0,1995.0,2020-2021,ESP
Aïssa Mandi,fbd6378b,dzALG,DF,Real Betis,28.0,1991.0,2020-2021,ESP
Eliaquim Mangala,f520049f,frFRA,DF,Valencia,29.0,1991.0,2020-2021,ESP
Marcelo,603116a7,brBRA,"DF,MF",Real Madrid,32.0,1988.0,2020-2021,ESP
Iván Marcone,b14f755d,arARG,MF,Elche,30.0,1990.0,2020-2021,ESP
Óscar de Marcos,9f323c71,esESP,"DF,MF",Athletic Club,31.0,1989.0,2020-2021,ESP
José Mari,6f4c734d,esESP,MF,Cádiz,32.0,1987.0,2020-2021,ESP
José María Giménez,f0da930c,uyURU,DF,Atlético Madrid,25.0,1995.0,2020-2021,ESP
Mariano,5c4dc0ff,doDOM,FW,Real Madrid,26.0,1993.0,2020-2021,ESP
Adrián Marín,b7f2edff,esESP,MF,Alavés,23.0,1997.0,2020-2021,ESP
Adrián Marín,b7f2edff,esESP,"MF,DF",Granada,23.0,1997.0,2020-2021,ESP
Roger Martí,0ae4e09a,esESP,FW,Levante,29.0,1991.0,2020-2021,ESP
Aarón Martín,2f3e911a,esESP,DF,Celta Vigo,23.0,1997.0,2020-2021,ESP
Álex Martín,80153344,esESP,DF,Cádiz,22.0,1998.0,2020-2021,ESP
Iñigo Martínez,3fc45c73,esESP,DF,Athletic Club,29.0,1991.0,2020-2021,ESP
Javi Martínez,3672b352,esESP,"MF,FW",Osasuna,20.0,1999.0,2020-2021,ESP
Marvin,efaefda0,esESP,"MF,DF",Real Madrid,20.0,2000.0,2020-2021,ESP
Jordi Masip,8fae77ea,esESP,GK,Valladolid,31.0,1989.0,2020-2021,ESP
Jaime Mata,02319ad7,esESP,FW,Getafe,31.0,1988.0,2020-2021,ESP
Borja Mayoral,64e8ed6d,esESP,FW,Real Madrid,23.0,1997.0,2020-2021,ESP
Gonzalo Melero,3902e91b,esESP,"MF,FW",Levante,26.0,1994.0,2020-2021,ESP
Brais Méndez,c9e39d91,esESP,"MF,FW",Celta Vigo,23.0,1997.0,2020-2021,ESP
Édgar Méndez,aed746df,esESP,"MF,FW",Alavés,30.0,1990.0,2020-2021,ESP
Eñaut Mendía,aa7da569,esESP,MF,Eibar,21.0,1999.0,2020-2021,ESP
Ferland Mendy,3cefcaef,frFRA,DF,Real Madrid,25.0,1995.0,2020-2021,ESP
Mikel Merino,d080ed5e,esESP,MF,Real Sociedad,24.0,1996.0,2020-2021,ESP
Martín Merquelanz,ddd5348b,esESP,MF,Real Sociedad,25.0,1995.0,2020-2021,ESP
Roque Mesa,7c4243d4,esESP,MF,Valladolid,31.0,1989.0,2020-2021,ESP
Lionel Messi,d70ce98e,arARG,"FW,MF",Barcelona,33.0,1987.0,2020-2021,ESP
Omenuke Mfulu,bdc14559,cdCOD,MF,Elche,26.0,1994.0,2020-2021,ESP
Míchel,418f8f61,esESP,MF,Valladolid,32.0,1988.0,2020-2021,ESP
Éder Militão,2784f898,brBRA,DF,Real Madrid,22.0,1998.0,2020-2021,ESP
Luis Milla,19c36442,esESP,MF,Granada,25.0,1994.0,2020-2021,ESP
Pere Milla,335039a2,esESP,"FW,MF",Elche,27.0,1992.0,2020-2021,ESP
Álex Millán,29ad0dd4,esESP,FW,Villarreal,20.0,1999.0,2020-2021,ESP
Santi Mina,0b90bb97,esESP,FW,Celta Vigo,24.0,1995.0,2020-2021,ESP
Óscar Mingueza,056269d7,esESP,DF,Barcelona,21.0,1999.0,2020-2021,ESP
Rafa Mir,bbf5c11b,esESP,FW,Huesca,23.0,1997.0,2020-2021,ESP
Jorge Miramón,7f4c7c9f,esESP,DF,Levante,31.0,1989.0,2020-2021,ESP
Juan Miranda,ead61f73,esESP,DF,Real Betis,20.0,2000.0,2020-2021,ESP
Luka Modrić,6025fab1,hrCRO,MF,Real Madrid,34.0,1985.0,2020-2021,ESP
Johan Mojica,608f2092,coCOL,"DF,MF",Elche,27.0,1992.0,2020-2021,ESP
Guillem Molina,0bbab654,esESP,DF,Valencia,20.0,2000.0,2020-2021,ESP
Jorge Molina,43f71e77,esESP,FW,Granada,38.0,1982.0,2020-2021,ESP
Victor Mollejo,23fffc06,esESP,"FW,MF",Getafe,19.0,2001.0,2020-2021,ESP
Jon Moncayola,9939e168,esESP,MF,Osasuna,22.0,1998.0,2020-2021,ESP
Nacho Monreal,d4cb83cc,esESP,DF,Real Sociedad,34.0,1986.0,2020-2021,ESP
Ángel Montoro,719384c1,esESP,MF,Granada,32.0,1988.0,2020-2021,ESP
Martín Montoya,5cec2487,esESP,DF,Real Betis,29.0,1991.0,2020-2021,ESP
Emre Mor,0c3f7197,trTUR,"FW,MF",Celta Vigo,23.0,1997.0,2020-2021,ESP
Jon Morcillo,b7d7f3bf,esESP,MF,Athletic Club,21.0,1998.0,2020-2021,ESP
Alberto Moreno,11b9265b,esESP,DF,Villarreal,28.0,1992.0,2020-2021,ESP
Álex Moreno,16e9d0ea,esESP,DF,Real Betis,27.0,1993.0,2020-2021,ESP
Gerard Moreno,81f0781e,esESP,"FW,MF",Villarreal,28.0,1992.0,2020-2021,ESP
Tete Morente,004d185e,esESP,MF,Elche,23.0,1996.0,2020-2021,ESP
Ilaix Moriba,f4c69aa6,gnGUI,MF,Barcelona,17.0,2003.0,2020-2021,ESP
Loren Morón,3aa4a3be,esESP,FW,Real Betis,26.0,1993.0,2020-2021,ESP
Pedro Mosquera,c5fa58ea,esESP,MF,Huesca,32.0,1988.0,2020-2021,ESP
Javi Moyano,933e8c8a,esESP,DF,Valladolid,34.0,1986.0,2020-2021,ESP
Iker Muniain,c05dfb74,esESP,MF,Athletic Club,27.0,1992.0,2020-2021,ESP
Aihen Muñoz,228b0d9d,esESP,DF,Real Sociedad,22.0,1997.0,2020-2021,ESP
Joaquín Muñoz,e9fbcc21,esESP,"FW,MF",Huesca,21.0,1999.0,2020-2021,ESP
Jeison Murillo,b233e8e4,coCOL,DF,Celta Vigo,28.0,1992.0,2020-2021,ESP
Yunus Musah,b51b1b9c,usUSA,MF,Valencia,17.0,2002.0,2020-2021,ESP
Yoshinori Mutō,5343eb4e,jpJPN,"FW,MF",Eibar,28.0,1992.0,2020-2021,ESP
Nacho,e29d1111,esESP,DF,Valladolid,31.0,1989.0,2020-2021,ESP
Nacho,2946f9a1,esESP,DF,Real Madrid,30.0,1990.0,2020-2021,ESP
Nano,217011a0,esESP,FW,Cádiz,25.0,1995.0,2020-2021,ESP
Roberto Navarro,c997b942,esESP,MF,Real Sociedad,18.0,2002.0,2020-2021,ESP
Ximo Navarro,8db394aa,esESP,DF,Alavés,30.0,1990.0,2020-2021,ESP
Jesús Navas,3f10bd22,esESP,DF,Sevilla,34.0,1985.0,2020-2021,ESP
Raúl Navas,ad178594,esESP,DF,Osasuna,32.0,1988.0,2020-2021,ESP
Álvaro Negredo,63b0ca6b,esESP,FW,Cádiz,34.0,1985.0,2020-2021,ESP
Neto,a9dc785c,brBRA,GK,Barcelona,31.0,1989.0,2020-2021,ESP
Carlos Neva,8d47bb39,esESP,DF,Granada,24.0,1996.0,2020-2021,ESP
Mamor Niang,64a76620,esESP,FW,Getafe,18.0,2002.0,2020-2021,ESP
Nieto,3afeb49f,esESP,FW,Cádiz,22.0,1998.0,2020-2021,ESP
Saúl Ñíguez,c14bc029,esESP,MF,Atlético Madrid,25.0,1994.0,2020-2021,ESP
Nino,03dc5b1f,esESP,"FW,MF",Elche,40.0,1980.0,2020-2021,ESP
Fernando Niño,81d5c497,esESP,FW,Villarreal,19.0,2000.0,2020-2021,ESP
Nolito,b2d0ec1b,esESP,"MF,FW",Celta Vigo,33.0,1986.0,2020-2021,ESP
Unai Núñez,be170419,esESP,DF,Athletic Club,23.0,1997.0,2020-2021,ESP
Kelechi Nwakali,877f31c2,ngNGA,MF,Huesca,22.0,1998.0,2020-2021,ESP
Allan Nyom,97572117,cmCMR,"MF,DF",Getafe,32.0,1988.0,2020-2021,ESP
Jan Oblak,ee8508c0,siSVN,GK,Atlético Madrid,27.0,1993.0,2020-2021,ESP
Lucas Ocampos,a08b974a,arARG,FW,Sevilla,26.0,1994.0,2020-2021,ESP
Álvaro Odriozola,1d1691ad,esESP,"DF,MF",Real Madrid,24.0,1995.0,2020-2021,ESP
Shinji Okazaki,68796d61,jpJPN,FW,Huesca,34.0,1986.0,2020-2021,ESP
Lucas Olaza,4cee5954,uyURU,DF,Valladolid,26.0,1994.0,2020-2021,ESP
Lucas Olaza,4cee5954,uyURU,DF,Celta Vigo,26.0,1994.0,2020-2021,ESP
Christian Oliva,d3b888e3,uyURU,MF,Valencia,24.0,1996.0,2020-2021,ESP
Kiko Olivas,72b07a9c,esESP,DF,Valladolid,31.0,1988.0,2020-2021,ESP
Paulo Oliveira,a8fbae1d,ptPOR,DF,Eibar,28.0,1992.0,2020-2021,ESP
Mathías Olivera,41c12f75,uyURU,DF,Getafe,22.0,1997.0,2020-2021,ESP
Javier Ontiveros,a83d8b0c,esESP,"FW,MF",Huesca,22.0,1997.0,2020-2021,ESP
Fabián Orellana,c90977db,clCHI,MF,Valladolid,34.0,1986.0,2020-2021,ESP
Mikel Oyarzabal,8c3c640c,esESP,"MF,FW",Real Sociedad,23.0,1997.0,2020-2021,ESP
Fernando Pacheco,97852360,esESP,GK,Alavés,28.0,1992.0,2020-2021,ESP
Jon Pacheco,44150beb,esESP,DF,Real Sociedad,19.0,2001.0,2020-2021,ESP
Helibelton Palacios,ac8b2421,coCOL,DF,Elche,27.0,1993.0,2020-2021,ESP
Ante Palaversa,cd9b37a3,hrCRO,MF,Getafe,20.0,2000.0,2020-2021,ESP
Daniel Parejo,7460ca0d,esESP,MF,Villarreal,31.0,1989.0,2020-2021,ESP
Thomas Partey,529f49ab,ghGHA,MF,Atlético Madrid,27.0,1993.0,2020-2021,ESP
Gabriel Paulista,b7ca5c51,brBRA,DF,Valencia,29.0,1990.0,2020-2021,ESP
Alfonso Pedraza,63f04c6c,esESP,DF,Villarreal,24.0,1996.0,2020-2021,ESP
Pedri,0d9b2d31,esESP,MF,Barcelona,17.0,2002.0,2020-2021,ESP
Facundo Pellistri,ac7e7b1c,uyURU,"MF,FW",Alavés,18.0,2001.0,2020-2021,ESP
Rubén Peña,1f079188,esESP,"DF,MF",Villarreal,29.0,1991.0,2020-2021,ESP
Alberto Perea,5496cc91,esESP,MF,Cádiz,29.0,1990.0,2020-2021,ESP
Iñigo Pérez,bc61cc65,esESP,"MF,DF",Osasuna,32.0,1988.0,2020-2021,ESP
Juan Pérez,8f29e08b,esESP,GK,Osasuna,24.0,1996.0,2020-2021,ESP
Kike Pérez,237a3851,esESP,MF,Valladolid,23.0,1997.0,2020-2021,ESP
Lucas Pérez,a300ac7e,esESP,FW,Alavés,31.0,1988.0,2020-2021,ESP
Luis Pérez,b7c04927,esESP,DF,Valladolid,25.0,1995.0,2020-2021,ESP
Nehuén Pérez,f7c491f1,arARG,DF,Granada,20.0,2000.0,2020-2021,ESP
Pablo Piatti,48e89655,arARG,"MF,FW",Elche,31.0,1989.0,2020-2021,ESP
Cristiano Piccini,32c0491f,itITA,DF,Valencia,27.0,1992.0,2020-2021,ESP
Tomás Pina Isla,e54bd0a2,esESP,MF,Alavés,32.0,1987.0,2020-2021,ESP
Yeremi Pino,540ec57b,esESP,"FW,MF",Villarreal,17.0,2002.0,2020-2021,ESP
Gerard Piqué,adfc9123,esESP,DF,Barcelona,33.0,1987.0,2020-2021,ESP
Miralem Pjanić,ad6df2d5,baBIH,MF,Barcelona,30.0,1990.0,2020-2021,ESP
Óscar Plano,7c388b20,esESP,MF,Valladolid,29.0,1991.0,2020-2021,ESP
Dani Plomer,0d298637,esESP,FW,Granada,21.0,1998.0,2020-2021,ESP
Jorge Pombo,0a8bcb23,esESP,"MF,FW",Cádiz,26.0,1994.0,2020-2021,ESP
Pere Pons,29b61deb,esESP,MF,Alavés,27.0,1993.0,2020-2021,ESP
Francisco Portillo,8e010ff4,esESP,MF,Getafe,30.0,1990.0,2020-2021,ESP
Portu,1bda5842,esESP,"MF,FW",Real Sociedad,28.0,1992.0,2020-2021,ESP
Sergio Postigo,474ecac8,esESP,DF,Levante,31.0,1988.0,2020-2021,ESP
Darío Poveda,cbdf7d5c,esESP,FW,Getafe,23.0,1997.0,2020-2021,ESP
Alejandro Pozo Pozo,3c16d927,esESP,"DF,MF",Eibar,21.0,1999.0,2020-2021,ESP
Antonio Puertas,c77a8043,esESP,MF,Granada,28.0,1992.0,2020-2021,ESP
Riqui Puig,f090a37a,esESP,MF,Barcelona,20.0,1999.0,2020-2021,ESP
Jorge Pulido,978cd030,esESP,DF,Huesca,29.0,1991.0,2020-2021,ESP
Domingos Quina,41fb0f4e,ptPOR,MF,Granada,20.0,1999.0,2020-2021,ESP
Quini,7a538238,esESP,DF,Granada,30.0,1989.0,2020-2021,ESP
Quique,c966fce1,esESP,"FW,MF",Eibar,30.0,1990.0,2020-2021,ESP
Dani Raba,ea6a7ab4,esESP,MF,Villarreal,24.0,1995.0,2020-2021,ESP
Uroš Račić,faed84db,rsSRB,MF,Valencia,22.0,1998.0,2020-2021,ESP
Nemanja Radoja,b5dd3469,rsSRB,MF,Levante,27.0,1993.0,2020-2021,ESP
Ivan Rakitić,89f951b5,hrCRO,MF,Sevilla,32.0,1988.0,2020-2021,ESP
Jonás Ramalho,be3a0121,esESP,DF,Osasuna,27.0,1993.0,2020-2021,ESP
Sandro Ramírez,833fb62e,esESP,FW,Huesca,25.0,1995.0,2020-2021,ESP
Sergio Ramos,08511d65,esESP,DF,Real Madrid,34.0,1986.0,2020-2021,ESP
Recio,54073b28,esESP,MF,Eibar,29.0,1991.0,2020-2021,ESP
Francisco Reis Ferreira,4b3c863f,ptPOR,DF,Valencia,23.0,1997.0,2020-2021,ESP
Karim Rekik,3376a776,nlNED,DF,Sevilla,25.0,1994.0,2020-2021,ESP
Álex Remiro,374ee424,esESP,GK,Real Sociedad,25.0,1995.0,2020-2021,ESP
Oriol Rey,e8a0d2f7,esESP,MF,Valladolid,22.0,1998.0,2020-2021,ESP
Mikel Rico,def69cd0,esESP,MF,Huesca,35.0,1984.0,2020-2021,ESP
Emiliano Rigoni,a1216563,arARG,MF,Elche,27.0,1993.0,2020-2021,ESP
Luis Rioja,eb3dd471,esESP,MF,Alavés,26.0,1993.0,2020-2021,ESP
Rober,c00097d2,esESP,"DF,MF",Levante,25.0,1995.0,2020-2021,ESP
Roberto,ba3ca78f,esESP,GK,Valladolid,34.0,1986.0,2020-2021,ESP
Sergi Roberto,335fa267,esESP,"DF,MF",Barcelona,28.0,1992.0,2020-2021,ESP
Joel Robles,cda0b317,esESP,GK,Real Betis,30.0,1990.0,2020-2021,ESP
Rubén Rochina,ecd8c01e,esESP,MF,Levante,29.0,1991.0,2020-2021,ESP
Rodri,85bed4ee,esESP,MF,Real Betis,20.0,2000.0,2020-2021,ESP
Kévin Rodrigues,f1bed920,ptPOR,"MF,DF",Eibar,26.0,1994.0,2020-2021,ESP
Ángel Rodríguez,8cfc2f69,esESP,FW,Getafe,33.0,1987.0,2020-2021,ESP
Óscar Rodríguez Arnaiz,19709006,esESP,"FW,MF",Sevilla,22.0,1998.0,2020-2021,ESP
Guido Rodríguez,34e393f2,arARG,MF,Real Betis,26.0,1994.0,2020-2021,ESP
Miguel Rodríguez,958d67bb,esESP,MF,Celta Vigo,17.0,2003.0,2020-2021,ESP
Víctor Rodríguez,15781606,esESP,MF,Elche,31.0,1989.0,2020-2021,ESP
Rodrygo,8f5e92a6,brBRA,"FW,MF",Real Madrid,19.0,2001.0,2020-2021,ESP
Facundo Roncaglia,51e3954c,arARG,DF,Osasuna,33.0,1987.0,2020-2021,ESP
Rubén,24279b8b,esESP,GK,Osasuna,36.0,1984.0,2020-2021,ESP
Waldo Rubio,ccaa5728,esESP,MF,Valladolid,24.0,1995.0,2020-2021,ESP
Aitor Ruibal,a55d8df5,esESP,MF,Real Betis,24.0,1996.0,2020-2021,ESP
Isma Ruiz,6e36226f,esESP,MF,Granada,19.0,2001.0,2020-2021,ESP
Víctor Ruiz,b3dc6eca,esESP,DF,Real Betis,31.0,1989.0,2020-2021,ESP
Gerónimo Rulli,625c144a,arARG,GK,Villarreal,28.0,1992.0,2020-2021,ESP
Modibo Sagnan,76d679c7,mlMLI,DF,Real Sociedad,21.0,1999.0,2020-2021,ESP
Borja Sainz,1b40049a,esESP,MF,Alavés,19.0,2001.0,2020-2021,ESP
Salvi,405f267a,esESP,MF,Cádiz,29.0,1991.0,2020-2021,ESP
Fede San Emeterio,efecd633,esESP,MF,Valladolid,23.0,1997.0,2020-2021,ESP
Antonio Sanabria,0a447501,pyPAR,FW,Real Betis,24.0,1996.0,2020-2021,ESP
Oihan Sancet,bdb624a3,esESP,FW,Athletic Club,20.0,2000.0,2020-2021,ESP
Ricard Sánchez,fce521d7,esESP,DF,Atlético Madrid,20.0,2000.0,2020-2021,ESP
Germán Sánchez,ea9b2ef9,esESP,DF,Granada,33.0,1986.0,2020-2021,ESP
Javi Sánchez,60359288,esESP,DF,Valladolid,23.0,1997.0,2020-2021,ESP
Manu Sánchez,ffacd3d5,esESP,DF,Osasuna,19.0,2000.0,2020-2021,ESP
Manu Sánchez,ffacd3d5,esESP,DF,Atlético Madrid,19.0,2000.0,2020-2021,ESP
Juan Sánchez Miño,3ae7e4ea,arARG,"DF,MF",Elche,30.0,1990.0,2020-2021,ESP
Pepe Sánchez,6583a8a9,esESP,DF,Granada,20.0,2000.0,2020-2021,ESP
Oier Sanjurjo,466824fb,esESP,MF,Osasuna,34.0,1986.0,2020-2021,ESP
Ivan Šaponjić,d2aea9ac,rsSRB,FW,Cádiz,22.0,1997.0,2020-2021,ESP
Stefan Savić,f6ac68c1,meMNE,DF,Atlético Madrid,29.0,1991.0,2020-2021,ESP
Jaime Seoane,a62b4888,esESP,MF,Huesca,23.0,1997.0,2020-2021,ESP
Edgar Sevikyan,3e8bb8ce,amARM,FW,Levante,18.0,2001.0,2020-2021,ESP
Sidnei,b14d0c5d,brBRA,DF,Real Betis,30.0,1989.0,2020-2021,ESP
David Silva,e2716bd0,esESP,MF,Real Sociedad,34.0,1986.0,2020-2021,ESP
Gastón Silva,47d493c3,uyURU,DF,Huesca,26.0,1994.0,2020-2021,ESP
Rui Silva,ea83bfa6,ptPOR,GK,Granada,26.0,1994.0,2020-2021,ESP
Unai Simón,5dcf3e90,esESP,GK,Athletic Club,23.0,1997.0,2020-2021,ESP
Dimitris Siovas,92d38e6c,grGRE,DF,Huesca,31.0,1988.0,2020-2021,ESP
Antonio Sivera,9970da54,esESP,GK,Alavés,23.0,1996.0,2020-2021,ESP
Rafa Soares,062fc2e6,ptPOR,DF,Eibar,25.0,1995.0,2020-2021,ESP
Rubén Sobrino,19b776e9,esESP,"FW,MF",Valencia,28.0,1992.0,2020-2021,ESP
Rubén Sobrino,19b776e9,esESP,"FW,MF",Cádiz,28.0,1992.0,2020-2021,ESP
Augusto Solari,3ca6106c,arARG,MF,Celta Vigo,28.0,1992.0,2020-2021,ESP
Roberto Soldado,9d66fbe3,esESP,FW,Granada,35.0,1985.0,2020-2021,ESP
Carlos Soler,fed17f5a,esESP,MF,Valencia,23.0,1997.0,2020-2021,ESP
Son,037dbd30,esESP,"DF,MF",Levante,26.0,1994.0,2020-2021,ESP
David Soria,8f8c6934,esESP,GK,Getafe,27.0,1993.0,2020-2021,ESP
Alberto Soro,452c3055,esESP,MF,Granada,21.0,1999.0,2020-2021,ESP
Hugo Sotelo,3aa74860,esESP,MF,Celta Vigo,16.0,2003.0,2020-2021,ESP
Damián Suárez,ba5004e1,uyURU,DF,Getafe,32.0,1988.0,2020-2021,ESP
Denis Suárez,12c50af5,esESP,MF,Celta Vigo,26.0,1994.0,2020-2021,ESP
Luis Suárez,a6154613,uyURU,FW,Atlético Madrid,33.0,1987.0,2020-2021,ESP
Suso,4e219ad2,esESP,FW,Sevilla,26.0,1993.0,2020-2021,ESP
Tachi,8b625720,esESP,DF,Alavés,22.0,1997.0,2020-2021,ESP
Renato Tapia,34269bdf,pePER,MF,Celta Vigo,25.0,1995.0,2020-2021,ESP
Tomás Tavares,0dce3356,ptPOR,DF,Alavés,19.0,2001.0,2020-2021,ESP
Álvaro Tejero,868ce848,esESP,DF,Eibar,24.0,1996.0,2020-2021,ESP
Cristian Tello,72a99e38,esESP,MF,Real Betis,28.0,1991.0,2020-2021,ESP
Marc-André ter Stegen,6f51e382,deGER,GK,Barcelona,28.0,1992.0,2020-2021,ESP
David Timor,174651c8,esESP,"MF,DF",Getafe,30.0,1989.0,2020-2021,ESP
Toño,d4ef9ac5,esESP,"DF,MF",Levante,30.0,1989.0,2020-2021,ESP
Lucas Torreira,52611641,uyURU,MF,Atlético Madrid,24.0,1996.0,2020-2021,ESP
Óliver Torres,58a9a4d9,esESP,MF,Sevilla,25.0,1994.0,2020-2021,ESP
Pau Torres,532e1e4f,esESP,DF,Villarreal,23.0,1997.0,2020-2021,ESP
Roberto Torres,d733aa38,esESP,MF,Osasuna,31.0,1989.0,2020-2021,ESP
Lucas Torró,0e4fef6e,esESP,MF,Osasuna,26.0,1994.0,2020-2021,ESP
Manu Trigueros,963829d0,esESP,MF,Villarreal,28.0,1991.0,2020-2021,ESP
Francisco Trincão,77e39b04,ptPOR,FW,Barcelona,20.0,1999.0,2020-2021,ESP
Kieran Trippier,21512407,engENG,"DF,MF",Atlético Madrid,29.0,1990.0,2020-2021,ESP
Samuel Umtiti,3eed9821,frFRA,DF,Barcelona,26.0,1993.0,2020-2021,ESP
Enes Ünal,f8eca1b6,trTUR,FW,Getafe,23.0,1997.0,2020-2021,ESP
Tomáš Vaclík,7b456af7,czCZE,GK,Sevilla,31.0,1989.0,2020-2021,ESP
Eugeni Valderrama,a75b4071,esESP,MF,Huesca,26.0,1994.0,2020-2021,ESP
Jesús Vallejo,c2111b45,esESP,DF,Granada,23.0,1997.0,2020-2021,ESP
Manu Vallejo,0bc4e720,esESP,"FW,MF",Valencia,23.0,1997.0,2020-2021,ESP
Federico Valverde,0959c2a2,uyURU,MF,Real Madrid,22.0,1998.0,2020-2021,ESP
Raphaël Varane,9f8e9423,frFRA,DF,Real Madrid,27.0,1993.0,2020-2021,ESP
Denis Vavro,08990838,skSVK,DF,Huesca,24.0,1996.0,2020-2021,ESP
Franco Vázquez,467bae22,arARG,MF,Sevilla,31.0,1989.0,2020-2021,ESP
Kevin Vázquez,ee923664,esESP,DF,Celta Vigo,27.0,1993.0,2020-2021,ESP
Lucas Vázquez,fd51b456,esESP,"DF,FW",Real Madrid,29.0,1991.0,2020-2021,ESP
Koke Vegas,bfb15d99,esESP,GK,Levante,24.0,1995.0,2020-2021,ESP
Gabriel Veiga,35a6e5c7,esESP,MF,Celta Vigo,18.0,2002.0,2020-2021,ESP
Unai Vencedor Paris,4112ace5,esESP,MF,Athletic Club,19.0,2000.0,2020-2021,ESP
Gonzalo Verdú,1c2c55fc,esESP,DF,Elche,31.0,1988.0,2020-2021,ESP
Mikel Vesga,b0fce72c,esESP,MF,Athletic Club,27.0,1993.0,2020-2021,ESP
Rúben Vezo,c67cd65c,ptPOR,DF,Levante,26.0,1994.0,2020-2021,ESP
Iñigo Vicente,afafac57,esESP,MF,Athletic Club,22.0,1998.0,2020-2021,ESP
Fede Vico,f681a8ef,esESP,MF,Granada,26.0,1994.0,2020-2021,ESP
Aleix Vidal,04965583,esESP,DF,Sevilla,30.0,1989.0,2020-2021,ESP
Nacho Vidal,3a9c4b7b,esESP,DF,Osasuna,25.0,1995.0,2020-2021,ESP
Toni Villa,636eae97,esESP,"MF,FW",Valladolid,25.0,1995.0,2020-2021,ESP
Asier Villalibre,57be54ec,esESP,FW,Athletic Club,22.0,1997.0,2020-2021,ESP
Iván Villar,cde52ef5,esESP,GK,Celta Vigo,23.0,1997.0,2020-2021,ESP
Vitolo,db750822,esESP,MF,Atlético Madrid,30.0,1989.0,2020-2021,ESP
Šime Vrsaljko,46a8347f,hrCRO,MF,Atlético Madrid,28.0,1992.0,2020-2021,ESP
Nikola Vukčević,4442fbcd,meMNE,MF,Levante,28.0,1991.0,2020-2021,ESP
Daniel Wass,d83bbc54,dkDEN,"MF,DF",Valencia,31.0,1989.0,2020-2021,ESP
Shon Weissman,379dc075,ilISR,FW,Valladolid,24.0,1996.0,2020-2021,ESP
Iñaki Williams,6a99e0b1,ghGHA,"FW,MF",Athletic Club,26.0,1994.0,2020-2021,ESP
Nico Williams,afdc14d7,esESP,MF,Athletic Club,18.0,2002.0,2020-2021,ESP
Jawad El Yamiq,f6f6b6e8,maMAR,DF,Valladolid,28.0,1992.0,2020-2021,ESP
Rubén Yáñez,039ae103,esESP,GK,Getafe,26.0,1993.0,2020-2021,ESP
Yoel,61bb7498,esESP,GK,Eibar,31.0,1988.0,2020-2021,ESP
Okay Yokuşlu,e49ce451,trTUR,MF,Celta Vigo,26.0,1994.0,2020-2021,ESP
Joseba Zaldúa,5ca20b7a,esESP,DF,Real Sociedad,28.0,1992.0,2020-2021,ESP
Oier Zarraga,968a1c2f,esESP,MF,Athletic Club,21.0,1999.0,2020-2021,ESP
Igor Zubeldia,5c7845f6,esESP,DF,Real Sociedad,23.0,1997.0,2020-2021,ESP
Martín Zubimendi,3ee0dd59,esESP,MF,Real Sociedad,21.0,1999.0,2020-2021,ESP
Martin Ødegaard,79300479,noNOR,MF,Real Madrid,21.0,1998.0,2020-2021,ESP
Patrick van Aanholt,5f09991f,nlNED,DF,Crystal Palace,29.0,1990.0,2020-2021,EPL
Tammy Abraham,f586779e,engENG,FW,Chelsea,22.0,1997.0,2020-2021,EPL
Che Adams,f2bf1b0f,sctSCO,FW,Southampton,24.0,1996.0,2020-2021,EPL
Tosin Adarabioyo,c81d773d,engENG,DF,Fulham,22.0,1997.0,2020-2021,EPL
Adrián,f76e6b4e,esESP,GK,Liverpool,33.0,1987.0,2020-2021,EPL
Sergio Agüero,4d034881,arARG,"FW,MF",Manchester City,32.0,1988.0,2020-2021,EPL
Ola Aina,246d153b,ngNGA,DF,Fulham,23.0,1996.0,2020-2021,EPL
Rayan Aït-Nouri,9b398aea,dzALG,"MF,DF",Wolves,19.0,2001.0,2020-2021,EPL
Semi Ajayi,d6192210,ngNGA,DF,West Bromwich Albion,26.0,1993.0,2020-2021,EPL
Nathan Aké,eaeca114,nlNED,DF,Manchester City,25.0,1995.0,2020-2021,EPL
Marc Albrighton,b827d5b3,engENG,MF,Leicester City,30.0,1989.0,2020-2021,EPL
Thiago Alcántara,77e84962,esESP,MF,Liverpool,29.0,1991.0,2020-2021,EPL
Toby Alderweireld,f7d50789,beBEL,DF,Tottenham Hotspur,31.0,1989.0,2020-2021,EPL
Rúnar Alex Rúnarsson,8fa8f8d2,isISL,GK,Arsenal,25.0,1995.0,2020-2021,EPL
Trent Alexander-Arnold,cd1acf9d,engENG,DF,Liverpool,21.0,1998.0,2020-2021,EPL
Ezgjan Alioski,1a7fcf39,mkMKD,"DF,MF",Leeds United,28.0,1992.0,2020-2021,EPL
Alisson,7a2e46a8,brBRA,GK,Liverpool,27.0,1992.0,2020-2021,EPL
Allan,cc700722,brBRA,MF,Everton,29.0,1991.0,2020-2021,EPL
Dele Alli,cea4ee8f,engENG,MF,Tottenham Hotspur,24.0,1996.0,2020-2021,EPL
Miguel Almirón,862a1c15,pyPAR,"MF,FW",Newcastle United,26.0,1994.0,2020-2021,EPL
Marcos Alonso,f4290206,esESP,"MF,DF",Chelsea,29.0,1990.0,2020-2021,EPL
Steven Alzate,ad1f61f3,coCOL,MF,Brighton,21.0,1998.0,2020-2021,EPL
Daniel Amartey,1a4ef233,ghGHA,DF,Leicester City,25.0,1994.0,2020-2021,EPL
Ethan Ampadu,10b9fa99,wlsWAL,"DF,MF",Sheffield United,19.0,2000.0,2020-2021,EPL
Joachim Andersen,e34fc66d,dkDEN,DF,Fulham,24.0,1996.0,2020-2021,EPL
Elliot Anderson,de31038e,engENG,MF,Newcastle United,17.0,2002.0,2020-2021,EPL
Felipe Anderson,9f1893b9,brBRA,"FW,MF",West Ham United,27.0,1993.0,2020-2021,EPL
Michail Antonio,ac05f970,jmJAM,FW,West Ham United,30.0,1990.0,2020-2021,EPL
Alphonse Areola,2f965a72,frFRA,GK,Fulham,27.0,1993.0,2020-2021,EPL
Stuart Armstrong,97333cf5,sctSCO,MF,Southampton,28.0,1992.0,2020-2021,EPL
Kepa Arrizabalaga,28d596a0,esESP,GK,Chelsea,25.0,1994.0,2020-2021,EPL
Pierre-Emerick Aubameyang,d5dd5f1f,gaGAB,"FW,MF",Arsenal,31.0,1989.0,2020-2021,EPL
Serge Aurier,5c2b4f07,ciCIV,"DF,MF",Tottenham Hotspur,27.0,1992.0,2020-2021,EPL
Charlie Austin,8d228291,engENG,FW,West Bromwich Albion,31.0,1989.0,2020-2021,EPL
Jordan Ayew,da052c14,ghGHA,"FW,MF",Crystal Palace,28.0,1991.0,2020-2021,EPL
Luke Ayling,420d7c7d,engENG,DF,Leeds United,28.0,1991.0,2020-2021,EPL
César Azpilicueta,53cad200,esESP,"DF,MF",Chelsea,30.0,1989.0,2020-2021,EPL
Eric Bailly,a1232f4e,ciCIV,DF,Manchester Utd,26.0,1994.0,2020-2021,EPL
Fabián Balbuena,3626f7d9,pyPAR,DF,West Ham United,28.0,1991.0,2020-2021,EPL
George Baldock,394854c4,grGRE,"MF,DF",Sheffield United,27.0,1993.0,2020-2021,EPL
Gareth Bale,a58bb1e1,wlsWAL,MF,Tottenham Hotspur,31.0,1989.0,2020-2021,EPL
Patrick Bamford,93feac6e,engENG,FW,Leeds United,26.0,1993.0,2020-2021,EPL
Phil Bardsley,1ae30132,sctSCO,DF,Burnley,35.0,1985.0,2020-2021,EPL
Ross Barkley,3a24769f,engENG,MF,Aston Villa,26.0,1993.0,2020-2021,EPL
Ross Barkley,3a24769f,engENG,MF,Chelsea,26.0,1993.0,2020-2021,EPL
Ashley Barnes,2691c772,engENG,FW,Burnley,30.0,1989.0,2020-2021,EPL
Harvey Barnes,3ea50f67,engENG,MF,Leicester City,22.0,1997.0,2020-2021,EPL
Kyle Bartley,18e96f64,engENG,DF,West Bromwich Albion,29.0,1991.0,2020-2021,EPL
Chris Basham,1aa84968,engENG,DF,Sheffield United,32.0,1988.0,2020-2021,EPL
Michy Batshuayi,2973d8ff,beBEL,FW,Crystal Palace,26.0,1993.0,2020-2021,EPL
Jan Bednarek,4115ce4e,plPOL,DF,Southampton,24.0,1996.0,2020-2021,EPL
Donny van de Beek,50dc94ce,nlNED,MF,Manchester Utd,23.0,1997.0,2020-2021,EPL
Héctor Bellerín,f874dd44,esESP,"DF,MF",Arsenal,25.0,1995.0,2020-2021,EPL
Saïd Benrahma,5a04fd92,dzALG,MF,West Ham United,24.0,1995.0,2020-2021,EPL
Josh Benson,bf3aeb61,engENG,MF,Burnley,20.0,1999.0,2020-2021,EPL
Christian Benteke,ab070c55,beBEL,FW,Crystal Palace,29.0,1990.0,2020-2021,EPL
Gaetano Berardi,5348aada,chSUI,DF,Leeds United,31.0,1988.0,2020-2021,EPL
Jóhann Berg Guðmundsson,f72293fc,isISL,MF,Burnley,29.0,1990.0,2020-2021,EPL
Sander Berge,d0b6129f,noNOR,MF,Sheffield United,22.0,1998.0,2020-2021,EPL
Steven Bergwijn,a29b1131,nlNED,"MF,FW",Tottenham Hotspur,22.0,1997.0,2020-2021,EPL
Bernard,ab4b3e35,brBRA,"MF,FW",Everton,27.0,1992.0,2020-2021,EPL
Bernardo,17370b95,brBRA,MF,Brighton,25.0,1995.0,2020-2021,EPL
Ryan Bertrand,01226327,engENG,DF,Southampton,30.0,1989.0,2020-2021,EPL
Yves Bissouma,6c203af0,mlMLI,MF,Brighton,23.0,1996.0,2020-2021,EPL
Jayden Bogle,ae5019e6,engENG,MF,Sheffield United,20.0,2000.0,2020-2021,EPL
Willy Boly,a4ac4b8f,ciCIV,DF,Wolves,29.0,1991.0,2020-2021,EPL
Jarrod Bowen,79c84d1c,engENG,"MF,FW",West Ham United,23.0,1996.0,2020-2021,EPL
Robbie Brady,96bb8cc2,ieIRL,MF,Burnley,28.0,1992.0,2020-2021,EPL
Rhian Brewster,30e81a88,engENG,FW,Sheffield United,20.0,2000.0,2020-2021,EPL
Nathan Broadhead,43309491,wlsWAL,"FW,MF",Everton,22.0,1998.0,2020-2021,EPL
Josh Brownhill,47369df8,engENG,MF,Burnley,24.0,1995.0,2020-2021,EPL
Joe Bryan,af69e7f0,engENG,"MF,DF",Fulham,26.0,1993.0,2020-2021,EPL
Kean Bryan,c684d3c9,engENG,DF,Sheffield United,23.0,1996.0,2020-2021,EPL
Oliver Burke,f631c17f,sctSCO,FW,Sheffield United,23.0,1997.0,2020-2021,EPL
Dan Burn,b2d31e83,engENG,"DF,MF",Brighton,28.0,1992.0,2020-2021,EPL
Jack Butland,cc70a1d5,engENG,GK,Crystal Palace,27.0,1993.0,2020-2021,EPL
David Button,e608ed4c,engENG,GK,West Bromwich Albion,31.0,1989.0,2020-2021,EPL
Oskar Buur,aa6f2f2c,dkDEN,"DF,MF",Wolves,22.0,1998.0,2020-2021,EPL
Willy Caballero,a179d516,arARG,GK,Chelsea,38.0,1981.0,2020-2021,EPL
Gary Cahill,7914b9fe,engENG,DF,Crystal Palace,34.0,1985.0,2020-2021,EPL
Tom Cairney,a8748947,sctSCO,MF,Fulham,29.0,1991.0,2020-2021,EPL
Dominic Calvert-Lewin,59e6e5bf,engENG,FW,Everton,23.0,1997.0,2020-2021,EPL
João Cancelo,bd6351cd,ptPOR,"DF,MF",Manchester City,26.0,1994.0,2020-2021,EPL
Andy Carroll,b581987a,engENG,FW,Newcastle United,31.0,1989.0,2020-2021,EPL
Scott Carson,3e1550ee,engENG,GK,Manchester City,34.0,1985.0,2020-2021,EPL
Fabio Carvalho,966e28d0,ptPOR,"FW,MF",Fulham,17.0,2002.0,2020-2021,EPL
Matty Cash,2389cdc2,plPOL,DF,Aston Villa,22.0,1997.0,2020-2021,EPL
Kiko Casilla,58bc7d18,esESP,GK,Leeds United,33.0,1986.0,2020-2021,EPL
Timothy Castagne,197640fd,beBEL,"DF,MF",Leicester City,24.0,1995.0,2020-2021,EPL
Jonny Castro,e28868f3,esESP,MF,Wolves,26.0,1994.0,2020-2021,EPL
Ivan Cavaleiro,979b811d,ptPOR,"FW,MF",Fulham,26.0,1993.0,2020-2021,EPL
Edinson Cavani,527f063d,uyURU,FW,Manchester Utd,33.0,1987.0,2020-2021,EPL
Dani Ceballos,c0617e2b,esESP,MF,Arsenal,23.0,1996.0,2020-2021,EPL
Calum Chambers,dc6f5bdd,engENG,DF,Arsenal,25.0,1995.0,2020-2021,EPL
Ben Chilwell,d2424d1b,engENG,"DF,MF",Chelsea,23.0,1996.0,2020-2021,EPL
Hamza Choudhury,7d2d3329,bdBAN,MF,Leicester City,22.0,1997.0,2020-2021,EPL
Andreas Christensen,1cb49278,dkDEN,DF,Chelsea,24.0,1996.0,2020-2021,EPL
Carney Chukwuemeka,b2f9c73e,engENG,MF,Aston Villa,16.0,2003.0,2020-2021,EPL
Ciaran Clark,2b91cf8e,ieIRL,DF,Newcastle United,30.0,1989.0,2020-2021,EPL
Nathaniel Clyne,0442183b,engENG,DF,Crystal Palace,29.0,1991.0,2020-2021,EPL
Conor Coady,2928dca2,engENG,DF,Wolves,27.0,1993.0,2020-2021,EPL
Séamus Coleman,0420d84f,ieIRL,"DF,MF",Everton,31.0,1988.0,2020-2021,EPL
Aaron Connolly,27c01749,ieIRL,"FW,MF",Brighton,20.0,2000.0,2020-2021,EPL
Liam Cooper,dc64b8b3,sctSCO,DF,Leeds United,28.0,1991.0,2020-2021,EPL
Theo Corbeanu,25b82f9a,caCAN,"FW,MF",Wolves,18.0,2002.0,2020-2021,EPL
Jack Cork,74e12f1e,engENG,MF,Burnley,31.0,1989.0,2020-2021,EPL
Hélder Costa,f13d02a6,aoANG,MF,Leeds United,26.0,1994.0,2020-2021,EPL
Vladimír Coufal,fdf3cb77,czCZE,"DF,MF",West Ham United,27.0,1992.0,2020-2021,EPL
Aaron Cresswell,4f974391,engENG,DF,West Ham United,30.0,1989.0,2020-2021,EPL
Patrick Cutrone,a4fe8cda,itITA,FW,Wolves,22.0,1998.0,2020-2021,EPL
Stuart Dallas,67ca8566,nirNIR,"MF,DF",Leeds United,29.0,1991.0,2020-2021,EPL
Scott Dann,52105203,engENG,DF,Crystal Palace,33.0,1987.0,2020-2021,EPL
Karl Darlow,cde3309f,wlsWAL,GK,Newcastle United,29.0,1990.0,2020-2021,EPL
Ben Davies,44781702,wlsWAL,DF,Tottenham Hotspur,27.0,1993.0,2020-2021,EPL
Tom Davies,9228b07c,engENG,MF,Everton,22.0,1998.0,2020-2021,EPL
Keinan Davis,9deaf2c8,engENG,FW,Aston Villa,22.0,1998.0,2020-2021,EPL
Leif Davis,8574c61f,engENG,"DF,MF",Leeds United,20.0,2000.0,2020-2021,EPL
Craig Dawson,3e9e06cb,engENG,DF,West Ham United,30.0,1990.0,2020-2021,EPL
Kevin De Bruyne,e46012d4,beBEL,MF,Manchester City,29.0,1991.0,2020-2021,EPL
Bobby De Cordova-Reid,0f7533cd,jmJAM,"MF,FW",Fulham,27.0,1993.0,2020-2021,EPL
Liam Delap,dd897ee7,engENG,FW,Manchester City,17.0,2003.0,2020-2021,EPL
Fabian Delph,111c3236,engENG,MF,Everton,30.0,1989.0,2020-2021,EPL
Leander Dendoncker,5a7301ae,beBEL,"MF,DF",Wolves,25.0,1995.0,2020-2021,EPL
Mbaye Diagne,dda3969e,snSEN,FW,West Bromwich Albion,28.0,1991.0,2020-2021,EPL
Amad Diallo,9dc96f10,ciCIV,MF,Manchester Utd,18.0,2002.0,2020-2021,EPL
Ibrahima Diallo,11ff3d56,frFRA,MF,Southampton,21.0,1999.0,2020-2021,EPL
Grady Diangana,f522d7ec,cdCOD,MF,West Bromwich Albion,22.0,1998.0,2020-2021,EPL
Rúben Dias,31c69ef1,ptPOR,DF,Manchester City,23.0,1997.0,2020-2021,EPL
Eric Dier,ac861941,engENG,DF,Tottenham Hotspur,26.0,1994.0,2020-2021,EPL
Lucas Digne,1b84dbe1,frFRA,"DF,MF",Everton,27.0,1993.0,2020-2021,EPL
Issa Diop,a712ca2b,frFRA,DF,West Ham United,23.0,1997.0,2020-2021,EPL
Moussa Djenepo,254147d4,mlMLI,MF,Southampton,22.0,1998.0,2020-2021,EPL
Matt Doherty,d557d734,ieIRL,"DF,MF",Tottenham Hotspur,28.0,1992.0,2020-2021,EPL
Abdoulaye Doucouré,02b29014,mlMLI,MF,Everton,27.0,1993.0,2020-2021,EPL
Martin Dúbravka,3a949a25,skSVK,GK,Newcastle United,31.0,1989.0,2020-2021,EPL
Paul Dummett,3fe6bd8c,wlsWAL,DF,Newcastle United,28.0,1991.0,2020-2021,EPL
Lewis Dunk,282f75f3,engENG,DF,Brighton,28.0,1991.0,2020-2021,EPL
Jimmy Dunne,1fdfd6da,ieIRL,DF,Burnley,22.0,1997.0,2020-2021,EPL
Ederson,3bb7b8b4,brBRA,GK,Manchester City,26.0,1993.0,2020-2021,EPL
Kyle Edwards,1566e437,engENG,MF,West Bromwich Albion,22.0,1998.0,2020-2021,EPL
John Egan,debe38a0,ieIRL,DF,Sheffield United,27.0,1992.0,2020-2021,EPL
Anthony Elanga,2fba6108,seSWE,"MF,FW",Manchester Utd,18.0,2002.0,2020-2021,EPL
Ahmed Elmohamady,615ef733,egEGY,DF,Aston Villa,32.0,1987.0,2020-2021,EPL
Mohamed Elneny,47a34c4f,egEGY,MF,Arsenal,28.0,1992.0,2020-2021,EPL
Jonny Evans,f8fcd2a5,nirNIR,DF,Leicester City,32.0,1988.0,2020-2021,EPL
Eberechi Eze,ae4fc6a4,engENG,MF,Crystal Palace,22.0,1998.0,2020-2021,EPL
Łukasz Fabiański,9328b835,plPOL,GK,West Ham United,35.0,1985.0,2020-2021,EPL
Fabinho,7f3b388c,brBRA,"DF,MF",Liverpool,26.0,1993.0,2020-2021,EPL
Bruno Fernandes,507c7bdf,ptPOR,MF,Manchester Utd,25.0,1994.0,2020-2021,EPL
Federico Fernández,f25b010f,arARG,DF,Newcastle United,31.0,1989.0,2020-2021,EPL
Fernandinho,101da2b5,brBRA,MF,Manchester City,35.0,1985.0,2020-2021,EPL
Sam Field,bd8a7d05,engENG,MF,West Bromwich Albion,22.0,1998.0,2020-2021,EPL
Roberto Firmino,4c370d81,brBRA,FW,Liverpool,28.0,1991.0,2020-2021,EPL
Will Fish,b2ee9d2c,engENG,DF,Manchester Utd,17.0,2003.0,2020-2021,EPL
John Fleck,b63e789d,sctSCO,MF,Sheffield United,28.0,1991.0,2020-2021,EPL
Phil Foden,ed1e53f3,engENG,"FW,MF",Manchester City,20.0,2000.0,2020-2021,EPL
Wesley Fofana,132a82f1,frFRA,DF,Leicester City,19.0,2000.0,2020-2021,EPL
Pablo Fornals,82927de4,esESP,MF,West Ham United,24.0,1996.0,2020-2021,EPL
Fraser Forster,c3e39f12,engENG,GK,Southampton,32.0,1988.0,2020-2021,EPL
Timothy Fosu-Mensah,a9142dc3,nlNED,DF,Manchester Utd,22.0,1998.0,2020-2021,EPL
Tyrese Francois,6722d4f0,auAUS,MF,Fulham,20.0,2000.0,2020-2021,EPL
Ryan Fraser,d56543a0,sctSCO,"FW,MF",Newcastle United,26.0,1994.0,2020-2021,EPL
Fred,b853e0ad,brBRA,MF,Manchester Utd,27.0,1993.0,2020-2021,EPL
Ryan Fredericks,c067631c,engENG,"DF,MF",West Ham United,27.0,1992.0,2020-2021,EPL
Christian Fuchs,a67a09fb,atAUT,DF,Leicester City,34.0,1986.0,2020-2021,EPL
Darnell Furlong,3ec9195b,engENG,"DF,MF",West Bromwich Albion,24.0,1995.0,2020-2021,EPL
Conor Gallagher,c2731c10,engENG,MF,West Bromwich Albion,20.0,2000.0,2020-2021,EPL
Eric García,2bed3eab,esESP,DF,Manchester City,19.0,2001.0,2020-2021,EPL
Dwight Gayle,e58a03c6,engENG,FW,Newcastle United,29.0,1990.0,2020-2021,EPL
Jean-Philippe Gbamin,6bd603db,ciCIV,"DF,MF",Everton,24.0,1995.0,2020-2021,EPL
David de Gea,7ba6d84e,esESP,GK,Manchester Utd,29.0,1990.0,2020-2021,EPL
Anwar El Ghazi,ffa90327,nlNED,"MF,FW",Aston Villa,25.0,1995.0,2020-2021,EPL
Kieran Gibbs,46ee5234,engENG,"DF,MF",West Bromwich Albion,30.0,1989.0,2020-2021,EPL
Morgan Gibbs-White,32f60ed8,engENG,"MF,FW",Wolves,20.0,2000.0,2020-2021,EPL
Billy Gilmour,df10e27c,sctSCO,MF,Chelsea,19.0,2001.0,2020-2021,EPL
Olivier Giroud,16ceb862,frFRA,FW,Chelsea,33.0,1986.0,2020-2021,EPL
Ben Godfrey,9f7c837d,engENG,DF,Everton,22.0,1998.0,2020-2021,EPL
André Gomes,1961b2aa,ptPOR,MF,Everton,27.0,1993.0,2020-2021,EPL
Joe Gomez,7a11550b,engENG,DF,Liverpool,23.0,1997.0,2020-2021,EPL
Anthony Gordon,2bd83368,engENG,MF,Everton,19.0,2001.0,2020-2021,EPL
Karlan Grant,87f7500e,engENG,"FW,MF",West Bromwich Albion,22.0,1997.0,2020-2021,EPL
Demarai Gray,4468ec10,jmJAM,"FW,MF",Leicester City,24.0,1996.0,2020-2021,EPL
Jack Grealish,b0b4fd3e,engENG,"MF,FW",Aston Villa,24.0,1995.0,2020-2021,EPL
Mason Greenwood,58eee997,engENG,"MF,FW",Manchester Utd,18.0,2001.0,2020-2021,EPL
Pascal Groß,8aec0537,deGER,MF,Brighton,29.0,1991.0,2020-2021,EPL
Kamil Grosicki,81d8091f,plPOL,MF,West Bromwich Albion,32.0,1988.0,2020-2021,EPL
Vicente Guaita,ab13a5aa,esESP,GK,Crystal Palace,33.0,1987.0,2020-2021,EPL
İlkay Gündoğan,819b3158,deGER,MF,Manchester City,29.0,1990.0,2020-2021,EPL
Antwoine Hackford,a7588cdc,engENG,FW,Sheffield United,16.0,2004.0,2020-2021,EPL
Sébastien Haller,ba115a40,ciCIV,FW,West Ham United,26.0,1994.0,2020-2021,EPL
Rekeem Harper,3c066877,engENG,MF,West Bromwich Albion,20.0,2000.0,2020-2021,EPL
Jack Harrison,aa849a12,engENG,MF,Leeds United,23.0,1996.0,2020-2021,EPL
Kortney Hause,bf8fad51,engENG,DF,Aston Villa,25.0,1995.0,2020-2021,EPL
Kai Havertz,fed7cb61,deGER,"MF,FW",Chelsea,21.0,1999.0,2020-2021,EPL
Isaac Hayden,c951a6df,jmJAM,"MF,DF",Newcastle United,25.0,1995.0,2020-2021,EPL
Michael Hector,5f1a2f31,jmJAM,DF,Fulham,28.0,1992.0,2020-2021,EPL
Ahmed Hegazi,5540c9dc,egEGY,DF,West Bromwich Albion,29.0,1991.0,2020-2021,EPL
Dean Henderson,e5a76dfe,engENG,GK,Manchester Utd,23.0,1997.0,2020-2021,EPL
Jordan Henderson,935e6b8f,engENG,"MF,DF",Liverpool,30.0,1990.0,2020-2021,EPL
Jeff Hendrick,989d5705,ieIRL,MF,Newcastle United,28.0,1992.0,2020-2021,EPL
Pablo Hernández,c0398aca,esESP,MF,Leeds United,35.0,1985.0,2020-2021,EPL
Son Heung-min,92e7e919,krKOR,"MF,FW",Tottenham Hotspur,28.0,1992.0,2020-2021,EPL
Ki-Jana Hoever,9a71e978,nlNED,"MF,DF",Wolves,18.0,2002.0,2020-2021,EPL
Rob Holding,d79a8c87,engENG,DF,Arsenal,24.0,1995.0,2020-2021,EPL
Mason Holgate,d0042ab9,jmJAM,DF,Everton,23.0,1996.0,2020-2021,EPL
Conor Hourihane,fcab00a0,ieIRL,MF,Aston Villa,29.0,1991.0,2020-2021,EPL
Callum Hudson-Odoi,15f3ec41,engENG,"MF,FW",Chelsea,19.0,2000.0,2020-2021,EPL
Niall Huggins,6d646ff7,wlsWAL,DF,Leeds United,19.0,2000.0,2020-2021,EPL
Pierre Højbjerg,8b04d6c1,dkDEN,MF,Tottenham Hotspur,24.0,1995.0,2020-2021,EPL
Odion Ighalo,03622183,ngNGA,FW,Manchester Utd,31.0,1989.0,2020-2021,EPL
Kelechi Iheanacho,c92e1a31,ngNGA,FW,Leicester City,23.0,1996.0,2020-2021,EPL
Danny Ings,07802f7f,engENG,FW,Southampton,28.0,1992.0,2020-2021,EPL
Branislav Ivanović,85f8571a,rsSRB,DF,West Bromwich Albion,36.0,1984.0,2020-2021,EPL
Alex Iwobi,6ca5ec4b,ngNGA,"MF,FW",Everton,24.0,1996.0,2020-2021,EPL
José Izquierdo,ca2bc3df,coCOL,"FW,MF",Brighton,28.0,1992.0,2020-2021,EPL
Phil Jagielka,3233eefd,engENG,DF,Sheffield United,37.0,1982.0,2020-2021,EPL
Alireza Jahanbakhsh,08452314,irIRN,"MF,FW",Brighton,26.0,1993.0,2020-2021,EPL
Daniel James,c931d9f9,wlsWAL,MF,Manchester Utd,22.0,1997.0,2020-2021,EPL
Reece James,1265a93a,engENG,"DF,MF",Chelsea,20.0,1999.0,2020-2021,EPL
Alexandre Jankewitz,7c39363f,chSUI,MF,Southampton,18.0,2001.0,2020-2021,EPL
Daniel Jebbison,03edb878,caCAN,FW,Sheffield United,16.0,2003.0,2020-2021,EPL
Gabriel Jesus,b66315ae,brBRA,FW,Manchester City,23.0,1997.0,2020-2021,EPL
Raúl Jiménez,b561db50,mxMEX,FW,Wolves,29.0,1991.0,2020-2021,EPL
Joelinton,c17bfb65,brBRA,"FW,MF",Newcastle United,23.0,1996.0,2020-2021,EPL
Ben Johnson,9319781b,engENG,MF,West Ham United,20.0,2000.0,2020-2021,EPL
Sam Johnstone,9e5708be,engENG,GK,West Bromwich Albion,27.0,1993.0,2020-2021,EPL
Curtis Jones,4fb9c88f,engENG,MF,Liverpool,19.0,2001.0,2020-2021,EPL
Jorginho,45db685d,itITA,MF,Chelsea,28.0,1991.0,2020-2021,EPL
Willian José,d87e2cae,brBRA,FW,Wolves,28.0,1991.0,2020-2021,EPL
Diogo Jota,178ae8f8,ptPOR,"FW,MF",Liverpool,23.0,1996.0,2020-2021,EPL
James Justin,fb614c44,engENG,"DF,MF",Leicester City,22.0,1998.0,2020-2021,EPL
Ozan Kabak,2d61d13a,trTUR,DF,Liverpool,20.0,2000.0,2020-2021,EPL
Aboubakar Kamara,4047c976,mrMTN,"MF,FW",Fulham,25.0,1995.0,2020-2021,EPL
Harry Kane,21a66f6a,engENG,FW,Tottenham Hotspur,27.0,1993.0,2020-2021,EPL
N'Golo Kanté,b9fbae28,frFRA,MF,Chelsea,29.0,1991.0,2020-2021,EPL
Moise Kean,3d50bcdb,itITA,FW,Everton,20.0,2000.0,2020-2021,EPL
Michael Keane,c5b7c315,engENG,DF,Everton,27.0,1993.0,2020-2021,EPL
Neeskens Kebano,18b999f4,cdCOD,MF,Fulham,28.0,1992.0,2020-2021,EPL
Naby Keïta,f25c8e3a,gnGUI,MF,Liverpool,25.0,1995.0,2020-2021,EPL
Caoimhín Kelleher,62d7ef38,ieIRL,GK,Liverpool,21.0,1998.0,2020-2021,EPL
Martin Kelly,d7492450,engENG,"DF,MF",Crystal Palace,30.0,1990.0,2020-2021,EPL
Jonjoe Kenny,099e666f,engENG,DF,Everton,23.0,1997.0,2020-2021,EPL
Reda Khadra,88acf83f,deGER,"FW,MF",Brighton,19.0,2001.0,2020-2021,EPL
Max Kilman,d0f72bf1,engENG,DF,Wolves,23.0,1997.0,2020-2021,EPL
Joshua King,43458538,noNOR,"FW,MF",Everton,28.0,1992.0,2020-2021,EPL
Mateusz Klich,282679b4,plPOL,MF,Leeds United,30.0,1990.0,2020-2021,EPL
Robin Koch,ea6bc03a,deGER,"DF,MF",Leeds United,24.0,1996.0,2020-2021,EPL
Sead Kolašinac,3935e52e,baBIH,DF,Arsenal,27.0,1993.0,2020-2021,EPL
Terence Kongolo,1f9a3a04,nlNED,DF,Fulham,26.0,1994.0,2020-2021,EPL
Ezri Konsa,0313a347,engENG,DF,Aston Villa,22.0,1997.0,2020-2021,EPL
Cheikhou Kouyaté,8d3c902d,snSEN,DF,Crystal Palace,30.0,1989.0,2020-2021,EPL
Mateo Kovačić,79c0821a,hrCRO,MF,Chelsea,26.0,1994.0,2020-2021,EPL
Emil Krafth,77cf6852,seSWE,DF,Newcastle United,25.0,1994.0,2020-2021,EPL
Filip Krovinović,c2dfedeb,hrCRO,MF,West Bromwich Albion,24.0,1995.0,2020-2021,EPL
Alexandre Lacazette,9dbb75ca,frFRA,FW,Arsenal,29.0,1991.0,2020-2021,EPL
Adam Lallana,99813635,engENG,"MF,FW",Brighton,32.0,1988.0,2020-2021,EPL
Érik Lamela,abe66106,arARG,"MF,FW",Tottenham Hotspur,28.0,1992.0,2020-2021,EPL
Tariq Lamptey,f4e433d4,ghGHA,MF,Brighton,19.0,2000.0,2020-2021,EPL
Manuel Lanzini,26f6dca8,arARG,MF,West Ham United,27.0,1993.0,2020-2021,EPL
Aymeric Laporte,119b9a8e,esESP,DF,Manchester City,26.0,1994.0,2020-2021,EPL
Jamaal Lascelles,450ab6fc,engENG,DF,Newcastle United,26.0,1993.0,2020-2021,EPL
Maxime Le Marchand,321a71a7,frFRA,DF,Fulham,30.0,1989.0,2020-2021,EPL
Mario Lemina,2b471f99,gaGAB,MF,Fulham,26.0,1993.0,2020-2021,EPL
Bernd Leno,2628fd2b,deGER,GK,Arsenal,28.0,1992.0,2020-2021,EPL
Khanya Leshabela,383e68b1,zaRSA,MF,Leicester City,20.0,1999.0,2020-2021,EPL
Jamal Lewis,efb9215a,nirNIR,DF,Newcastle United,22.0,1998.0,2020-2021,EPL
Victor Lindelöf,f5deef4c,seSWE,DF,Manchester Utd,26.0,1994.0,2020-2021,EPL
Jesse Lingard,810e3c74,engENG,"MF,FW",West Ham United,27.0,1992.0,2020-2021,EPL
Jake Livermore,b98570d1,engENG,MF,West Bromwich Albion,30.0,1989.0,2020-2021,EPL
Diego Llorente,bba30585,esESP,DF,Leeds United,26.0,1993.0,2020-2021,EPL
Hugo Lloris,8f62b6ee,frFRA,GK,Tottenham Hotspur,33.0,1986.0,2020-2021,EPL
Giovani Lo Celso,d7553721,arARG,MF,Tottenham Hotspur,24.0,1996.0,2020-2021,EPL
Ruben Loftus-Cheek,e97fd090,engENG,FW,Chelsea,24.0,1996.0,2020-2021,EPL
Ruben Loftus-Cheek,e97fd090,engENG,"MF,FW",Fulham,24.0,1996.0,2020-2021,EPL
Kevin Long,5a4280b1,ieIRL,DF,Burnley,29.0,1990.0,2020-2021,EPL
Shane Long,9f472354,ieIRL,FW,Southampton,33.0,1987.0,2020-2021,EPL
Matthew Longstaff,c0027d2d,engENG,MF,Newcastle United,20.0,2000.0,2020-2021,EPL
Sean Longstaff,a2b105e0,engENG,MF,Newcastle United,22.0,1997.0,2020-2021,EPL
Ademola Lookman,7c104bb7,ngNGA,"MF,FW",Fulham,22.0,1997.0,2020-2021,EPL
Max Lowe,7af88b33,engENG,"MF,DF",Sheffield United,23.0,1997.0,2020-2021,EPL
Matthew Lowton,9a9c05db,engENG,DF,Burnley,31.0,1989.0,2020-2021,EPL
David Luiz,c0e27d1a,brBRA,DF,Arsenal,33.0,1987.0,2020-2021,EPL
Douglas Luiz,6f7d826d,brBRA,MF,Aston Villa,22.0,1998.0,2020-2021,EPL
John Lundstram,0df2b165,engENG,MF,Sheffield United,26.0,1994.0,2020-2021,EPL
Alexis Mac Allister,83d074ff,arARG,"MF,FW",Brighton,21.0,1998.0,2020-2021,EPL
James Maddison,ee38d9c5,engENG,MF,Leicester City,23.0,1996.0,2020-2021,EPL
Gabriel Magalhães,67ac5bb8,brBRA,DF,Arsenal,22.0,1997.0,2020-2021,EPL
Harry Maguire,d8931174,engENG,DF,Manchester Utd,27.0,1993.0,2020-2021,EPL
Riyad Mahrez,892d5bb1,dzALG,"FW,MF",Manchester City,29.0,1991.0,2020-2021,EPL
Ainsley Maitland-Niles,e3a5814e,engENG,"MF,DF",Arsenal,22.0,1997.0,2020-2021,EPL
Ainsley Maitland-Niles,e3a5814e,engENG,MF,West Bromwich Albion,22.0,1997.0,2020-2021,EPL
Josh Maja,bc0bfc64,ngNGA,FW,Fulham,21.0,1998.0,2020-2021,EPL
Sadio Mané,c691bfe2,snSEN,FW,Liverpool,28.0,1992.0,2020-2021,EPL
Javier Manquillo,758dd7f0,esESP,DF,Newcastle United,26.0,1994.0,2020-2021,EPL
Fernando Marçal,9ae9eaea,brBRA,"DF,MF",Wolves,31.0,1989.0,2020-2021,EPL
Solly March,bb5fbd2b,engENG,MF,Brighton,26.0,1994.0,2020-2021,EPL
Pablo Marí,aa54ec6f,esESP,DF,Arsenal,26.0,1993.0,2020-2021,EPL
Anthony Martial,8b788c01,frFRA,"FW,MF",Manchester Utd,24.0,1995.0,2020-2021,EPL
Gabriel Martinelli,48a5a5d6,brBRA,"MF,FW",Arsenal,19.0,2001.0,2020-2021,EPL
Emiliano Martínez,7956236f,arARG,GK,Aston Villa,27.0,1992.0,2020-2021,EPL
Arthur Masuaku,57df7a11,cdCOD,"MF,DF",West Ham United,26.0,1993.0,2020-2021,EPL
Juan Mata,29733c72,esESP,MF,Manchester Utd,32.0,1988.0,2020-2021,EPL
Jean-Philippe Mateta,50e6dc35,frFRA,FW,Crystal Palace,23.0,1997.0,2020-2021,EPL
Nemanja Matić,eb7822d7,rsSRB,MF,Manchester Utd,31.0,1988.0,2020-2021,EPL
Joël Matip,b217ef29,cmCMR,DF,Liverpool,28.0,1991.0,2020-2021,EPL
Neal Maupay,4bcf39f6,frFRA,"FW,MF",Brighton,23.0,1996.0,2020-2021,EPL
James McArthur,cee31595,sctSCO,MF,Crystal Palace,32.0,1987.0,2020-2021,EPL
Oliver McBurnie,78b8ac63,sctSCO,FW,Sheffield United,24.0,1996.0,2020-2021,EPL
Alex McCarthy,36c2ca73,engENG,GK,Southampton,30.0,1989.0,2020-2021,EPL
James McCarthy,64b08de7,ieIRL,MF,Crystal Palace,29.0,1990.0,2020-2021,EPL
John McGinn,90f91999,sctSCO,MF,Aston Villa,25.0,1994.0,2020-2021,EPL
David McGoldrick,dbe56a33,ieIRL,FW,Sheffield United,32.0,1987.0,2020-2021,EPL
Dwight McNeil,fc15fb84,engENG,MF,Burnley,20.0,1999.0,2020-2021,EPL
Scott McTominay,d93c2511,sctSCO,MF,Manchester Utd,23.0,1996.0,2020-2021,EPL
Ben Mee,8df7a2fb,engENG,DF,Burnley,30.0,1989.0,2020-2021,EPL
Hannibal Mejbri,ca22ccb0,tnTUN,MF,Manchester Utd,17.0,2003.0,2020-2021,EPL
Benjamin Mendy,5271c8f1,frFRA,"DF,MF",Manchester City,26.0,1994.0,2020-2021,EPL
Edouard Mendy,33887998,snSEN,GK,Chelsea,28.0,1992.0,2020-2021,EPL
Nampalys Mendy,1598599e,snSEN,MF,Leicester City,28.0,1992.0,2020-2021,EPL
Illan Meslier,6b625ac2,frFRA,GK,Leeds United,20.0,2000.0,2020-2021,EPL
Luka Milivojević,2ce2508a,rsSRB,MF,Crystal Palace,29.0,1991.0,2020-2021,EPL
James Milner,2f90f6b8,engENG,MF,Liverpool,34.0,1986.0,2020-2021,EPL
Yerry Mina,6d5701f2,coCOL,DF,Everton,25.0,1994.0,2020-2021,EPL
Takumi Minamino,f833a830,jpJPN,"MF,FW",Southampton,25.0,1995.0,2020-2021,EPL
Takumi Minamino,f833a830,jpJPN,"MF,FW",Liverpool,25.0,1995.0,2020-2021,EPL
Tyrone Mings,8397a50c,engENG,DF,Aston Villa,27.0,1993.0,2020-2021,EPL
Tyrick Mitchell,5cbd1eb0,engENG,DF,Crystal Palace,20.0,1999.0,2020-2021,EPL
Aleksandar Mitrović,3925dbd6,rsSRB,FW,Fulham,25.0,1994.0,2020-2021,EPL
Jakub Moder,f230bc30,plPOL,MF,Brighton,21.0,1999.0,2020-2021,EPL
Jayson Molumby,c908a1bc,ieIRL,MF,Brighton,20.0,1999.0,2020-2021,EPL
Wesley Moraes,bfae110f,brBRA,FW,Aston Villa,23.0,1996.0,2020-2021,EPL
Wes Morgan,80c31c97,jmJAM,DF,Leicester City,36.0,1984.0,2020-2021,EPL
Mason Mount,9674002f,engENG,MF,Chelsea,21.0,1999.0,2020-2021,EPL
Lucas Moura,2b622f01,brBRA,"MF,FW",Tottenham Hotspur,27.0,1992.0,2020-2021,EPL
Lys Mousset,d9cfca3d,frFRA,FW,Sheffield United,24.0,1996.0,2020-2021,EPL
João Moutinho,f5a00fa4,ptPOR,MF,Wolves,33.0,1986.0,2020-2021,EPL
Joel Mumbongo,f8e588df,seSWE,FW,Burnley,21.0,1999.0,2020-2021,EPL
Jacob Murphy,de112b84,engENG,"DF,MF",Newcastle United,25.0,1995.0,2020-2021,EPL
Shkodran Mustafi,3f2d59fe,deGER,DF,Arsenal,28.0,1992.0,2020-2021,EPL
Marvelous Nakamba,de5b5570,zwZIM,MF,Aston Villa,26.0,1994.0,2020-2021,EPL
Iliman Ndiaye,5ed97752,snSEN,"FW,MF",Sheffield United,20.0,2000.0,2020-2021,EPL
Wilfred Ndidi,6b47c5db,ngNGA,"MF,DF",Leicester City,23.0,1996.0,2020-2021,EPL
Tanguy Ndombele,5cdddffa,frFRA,MF,Tottenham Hotspur,23.0,1996.0,2020-2021,EPL
Reiss Nelson,c5bdb6e3,engENG,"FW,MF",Arsenal,20.0,1999.0,2020-2021,EPL
Pedro Neto,7ba2eaa9,ptPOR,"MF,FW",Wolves,20.0,2000.0,2020-2021,EPL
Rúben Neves,44bfb6c5,ptPOR,MF,Wolves,23.0,1997.0,2020-2021,EPL
Eddie Nketiah,a53649b7,engENG,FW,Arsenal,21.0,1999.0,2020-2021,EPL
Niels Nkounkou,f5b281e7,frFRA,DF,Everton,19.0,2000.0,2020-2021,EPL
Dan Nlundulu,30040f5d,engENG,FW,Southampton,21.0,1999.0,2020-2021,EPL
Mark Noble,ff527768,engENG,MF,West Ham United,33.0,1987.0,2020-2021,EPL
Will Norris,c73ada83,engENG,GK,Burnley,26.0,1993.0,2020-2021,EPL
Oliver Norwood,43439614,nirNIR,MF,Sheffield United,29.0,1991.0,2020-2021,EPL
Jack O'Connell,312626c1,engENG,DF,Sheffield United,26.0,1994.0,2020-2021,EPL
Dara O'Shea,1d042188,ieIRL,DF,West Bromwich Albion,21.0,1999.0,2020-2021,EPL
Michael Obafemi,caa1a7f0,ieIRL,FW,Southampton,20.0,2000.0,2020-2021,EPL
Denis Odoi,f7750aa0,ghGHA,DF,Fulham,32.0,1988.0,2020-2021,EPL
Angelo Ogbonna,74b2cd7e,itITA,DF,West Ham United,32.0,1988.0,2020-2021,EPL
Robin Olsen,e7ee38c3,seSWE,GK,Everton,30.0,1990.0,2020-2021,EPL
Josh Onomah,6612cd8c,engENG,MF,Fulham,23.0,1997.0,2020-2021,EPL
Divock Origi,43a166b4,beBEL,FW,Liverpool,25.0,1995.0,2020-2021,EPL
Ben Osborn,79bc4c45,engENG,"MF,FW",Sheffield United,25.0,1994.0,2020-2021,EPL
Owen Otasowie,6956ff08,usUSA,MF,Wolves,19.0,2001.0,2020-2021,EPL
Alex Oxlade-Chamberlain,38c7feef,engENG,"MF,FW",Liverpool,26.0,1993.0,2020-2021,EPL
Emerson Palmieri,e0bc6fdc,itITA,"DF,MF",Chelsea,25.0,1994.0,2020-2021,EPL
Thomas Partey,529f49ab,ghGHA,MF,Arsenal,27.0,1993.0,2020-2021,EPL
Rui Patrício,79b0d6a0,ptPOR,GK,Wolves,32.0,1988.0,2020-2021,EPL
Bailey Peacock-Farrell,4879f8cb,nirNIR,GK,Burnley,23.0,1996.0,2020-2021,EPL
Lee Peltier,af341b88,engENG,DF,West Bromwich Albion,33.0,1986.0,2020-2021,EPL
Nicolas Pépé,57e3f0c7,ciCIV,"MF,FW",Arsenal,25.0,1995.0,2020-2021,EPL
Matheus Pereira,b04ee927,brBRA,MF,West Bromwich Albion,24.0,1996.0,2020-2021,EPL
Ricardo Pereira,75a72a99,ptPOR,"MF,DF",Leicester City,26.0,1993.0,2020-2021,EPL
Ayoze Pérez,819aa8e7,esESP,"MF,FW",Leicester City,27.0,1993.0,2020-2021,EPL
Kalvin Phillips,4f565d77,engENG,MF,Leeds United,24.0,1995.0,2020-2021,EPL
Matt Phillips,7bb5f40e,sctSCO,MF,West Bromwich Albion,29.0,1991.0,2020-2021,EPL
Nathaniel Phillips,515ebe8d,engENG,DF,Liverpool,23.0,1997.0,2020-2021,EPL
Jaden Philogene Bidace,19f4d211,engENG,"FW,MF",Aston Villa,18.0,2002.0,2020-2021,EPL
Jordan Pickford,4806ec67,engENG,GK,Everton,26.0,1994.0,2020-2021,EPL
Erik Pieters,1ef37668,nlNED,"DF,MF",Burnley,31.0,1988.0,2020-2021,EPL
Daniel Podence,7fcc71d8,ptPOR,"MF,FW",Wolves,24.0,1995.0,2020-2021,EPL
Paul Pogba,867239d3,frFRA,MF,Manchester Utd,27.0,1993.0,2020-2021,EPL
Nick Pope,4b40d9ca,engENG,GK,Burnley,28.0,1992.0,2020-2021,EPL
Ian Poveda,55b4f1d6,engENG,"FW,MF",Leeds United,20.0,2000.0,2020-2021,EPL
Dennis Praet,86695068,beBEL,MF,Leicester City,26.0,1994.0,2020-2021,EPL
Davy Pröpper,fdd85f94,nlNED,MF,Brighton,28.0,1991.0,2020-2021,EPL
Christian Pulisic,1bf33a9a,usUSA,"MF,FW",Chelsea,21.0,1998.0,2020-2021,EPL
Aaron Ramsdale,466fb2c5,engENG,GK,Sheffield United,22.0,1998.0,2020-2021,EPL
Jacob Ramsey,1544f145,engENG,MF,Aston Villa,19.0,2001.0,2020-2021,EPL
Kayne Ramsey,dc31b84c,engENG,DF,Southampton,19.0,2000.0,2020-2021,EPL
Darren Randolph,6385ebfb,ieIRL,GK,West Ham United,33.0,1987.0,2020-2021,EPL
Raphinha,3423f250,brBRA,MF,Leeds United,23.0,1996.0,2020-2021,EPL
Marcus Rashford,a1d5bd30,engENG,"MF,FW",Manchester Utd,22.0,1997.0,2020-2021,EPL
Tim Ream,28b40c9c,usUSA,DF,Fulham,32.0,1987.0,2020-2021,EPL
Nathan Redmond,ab651565,engENG,"MF,FW",Southampton,26.0,1994.0,2020-2021,EPL
Harrison Reed,803ae100,engENG,MF,Fulham,25.0,1995.0,2020-2021,EPL
Sergio Reguilón,3353737a,esESP,"DF,MF",Tottenham Hotspur,23.0,1996.0,2020-2021,EPL
Declan Rice,1c7012b8,engENG,MF,West Ham United,21.0,1999.0,2020-2021,EPL
Lewis Richardson,4fa62ae4,engENG,"FW,MF",Burnley,17.0,2003.0,2020-2021,EPL
Richarlison,fa031b34,brBRA,"FW,MF",Everton,23.0,1997.0,2020-2021,EPL
Jaïro Riedewald,7a1f2c08,nlNED,MF,Crystal Palace,23.0,1996.0,2020-2021,EPL
Matt Ritchie,71ef519e,sctSCO,"DF,MF",Newcastle United,30.0,1989.0,2020-2021,EPL
Tyler Roberts,6c17e046,wlsWAL,MF,Leeds United,21.0,1999.0,2020-2021,EPL
Andrew Robertson,2e4f5f03,sctSCO,DF,Liverpool,26.0,1994.0,2020-2021,EPL
Antonee Robinson,289601e6,usUSA,"DF,MF",Fulham,22.0,1997.0,2020-2021,EPL
Callum Robinson,e75750a3,ieIRL,"FW,MF",West Bromwich Albion,25.0,1995.0,2020-2021,EPL
Jack Robinson,7399c7a8,engENG,DF,Sheffield United,26.0,1993.0,2020-2021,EPL
Hal Robson-Kanu,fb2dec57,wlsWAL,FW,West Bromwich Albion,31.0,1989.0,2020-2021,EPL
Marek Rodák,17acc2ed,skSVK,GK,Fulham,23.0,1996.0,2020-2021,EPL
Joe Rodon,8d62d31a,wlsWAL,DF,Tottenham Hotspur,22.0,1997.0,2020-2021,EPL
Rodri,6434f10d,esESP,MF,Manchester City,24.0,1996.0,2020-2021,EPL
Rodrigo,1fb1c435,esESP,MF,Leeds United,29.0,1991.0,2020-2021,EPL
James Rodríguez,715bf047,coCOL,"FW,MF",Everton,29.0,1991.0,2020-2021,EPL
Jay Rodriguez,4ab53cdb,engENG,"FW,MF",Burnley,31.0,1989.0,2020-2021,EPL
Oriol Romeu,4b511457,esESP,MF,Southampton,28.0,1991.0,2020-2021,EPL
John Ruddy,da8b19e2,engENG,GK,Wolves,33.0,1986.0,2020-2021,EPL
Antonio Rüdiger,18b896d6,deGER,DF,Chelsea,27.0,1993.0,2020-2021,EPL
Mathew Ryan,4535e4bb,auAUS,GK,Arsenal,28.0,1992.0,2020-2021,EPL
Mathew Ryan,4535e4bb,auAUS,GK,Brighton,28.0,1992.0,2020-2021,EPL
Allan Saint-Maximin,2b16cb1a,frFRA,"FW,MF",Newcastle United,23.0,1997.0,2020-2021,EPL
Romain Saïss,9fbbcf39,maMAR,"DF,MF",Wolves,30.0,1990.0,2020-2021,EPL
Bukayo Saka,bc7dc64d,engENG,MF,Arsenal,18.0,2001.0,2020-2021,EPL
Mamadou Sakho,87935cf3,frFRA,DF,Crystal Palace,30.0,1990.0,2020-2021,EPL
Mohamed Salah,e342ad68,egEGY,FW,Liverpool,28.0,1992.0,2020-2021,EPL
Mohammed Salisu,0b33f6ad,ghGHA,DF,Southampton,21.0,1999.0,2020-2021,EPL
Davinson Sánchez,da7b447d,coCOL,DF,Tottenham Hotspur,24.0,1996.0,2020-2021,EPL
Robert Sánchez,6a713852,esESP,GK,Brighton,22.0,1997.0,2020-2021,EPL
Morgan Sanson,6e7f1353,frFRA,MF,Aston Villa,25.0,1994.0,2020-2021,EPL
Romaine Sawyers,77bb1522,knSKN,MF,West Bromwich Albion,28.0,1991.0,2020-2021,EPL
Dane Scarlett,21945a9e,engENG,FW,Tottenham Hotspur,16.0,2004.0,2020-2021,EPL
Fabian Schär,c8aa95da,chSUI,DF,Newcastle United,28.0,1991.0,2020-2021,EPL
Jeffrey Schlupp,3312f911,ghGHA,MF,Crystal Palace,27.0,1992.0,2020-2021,EPL
Kasper Schmeichel,53af52f3,dkDEN,GK,Leicester City,33.0,1986.0,2020-2021,EPL
Nélson Semedo,d04b94db,ptPOR,"MF,DF",Wolves,26.0,1993.0,2020-2021,EPL
Femi Seriki,e4e0deaa,engENG,DF,Sheffield United,18.0,2002.0,2020-2021,EPL
Jamie Shackleton,8d03ca5a,engENG,"MF,DF",Leeds United,20.0,1999.0,2020-2021,EPL
Xherdan Shaqiri,6421ec64,chSUI,"MF,FW",Liverpool,28.0,1991.0,2020-2021,EPL
Billy Sharp,e8c9f4e9,engENG,FW,Sheffield United,34.0,1986.0,2020-2021,EPL
Luke Shaw,9c94165b,engENG,DF,Manchester Utd,25.0,1995.0,2020-2021,EPL
Jonjo Shelvey,3727dd3c,engENG,MF,Newcastle United,28.0,1992.0,2020-2021,EPL
Shola Shoretire,00f0482f,engENG,"FW,MF",Manchester Utd,16.0,2004.0,2020-2021,EPL
Gylfi Sigurðsson,76dd1480,isISL,"MF,FW",Everton,30.0,1989.0,2020-2021,EPL
Bernardo Silva,3eb22ec9,ptPOR,"MF,FW",Manchester City,25.0,1994.0,2020-2021,EPL
Fábio Silva,e7aa9d7c,ptPOR,FW,Wolves,18.0,2002.0,2020-2021,EPL
Thiago Silva,86e7deaf,brBRA,DF,Chelsea,35.0,1984.0,2020-2021,EPL
Moussa Sissoko,2acd49b9,frFRA,MF,Tottenham Hotspur,30.0,1989.0,2020-2021,EPL
Islam Slimani,ffec9769,dzALG,FW,Leicester City,32.0,1988.0,2020-2021,EPL
William Smallbone,5e105217,ieIRL,MF,Southampton,20.0,2000.0,2020-2021,EPL
Emile Smith Rowe,17695062,engENG,MF,Arsenal,20.0,2000.0,2020-2021,EPL
Robert Snodgrass,9f4647e9,sctSCO,MF,West Bromwich Albion,32.0,1987.0,2020-2021,EPL
Robert Snodgrass,9f4647e9,sctSCO,"FW,MF",West Ham United,32.0,1987.0,2020-2021,EPL
Cédric Soares,839c14e1,ptPOR,DF,Arsenal,28.0,1991.0,2020-2021,EPL
Tomáš Souček,6613c819,czCZE,MF,West Ham United,25.0,1995.0,2020-2021,EPL
Çağlar Söyüncü,21166ff4,trTUR,DF,Leicester City,24.0,1996.0,2020-2021,EPL
Zack Steffen,42130443,usUSA,GK,Manchester City,25.0,1995.0,2020-2021,EPL
Dale Stephens,653ee42d,engENG,MF,Burnley,31.0,1989.0,2020-2021,EPL
Jack Stephens,6adbc307,engENG,DF,Southampton,26.0,1994.0,2020-2021,EPL
Raheem Sterling,b400bde0,engENG,"FW,MF",Manchester City,25.0,1994.0,2020-2021,EPL
Enda Stevens,17d4507a,ieIRL,"MF,DF",Sheffield United,30.0,1990.0,2020-2021,EPL
John Stones,5eecec3d,engENG,DF,Manchester City,26.0,1994.0,2020-2021,EPL
Pascal Struijk,f4d296e4,nlNED,"DF,MF",Leeds United,20.0,1999.0,2020-2021,EPL
Japhet Tanganga,e9971f2d,engENG,DF,Tottenham Hotspur,21.0,1999.0,2020-2021,EPL
Matt Targett,e514ab62,engENG,DF,Aston Villa,24.0,1995.0,2020-2021,EPL
James Tarkowski,15ea812b,engENG,DF,Burnley,27.0,1992.0,2020-2021,EPL
Percy Tau,4d0eb7d2,zaRSA,MF,Brighton,26.0,1994.0,2020-2021,EPL
Sidnei Tavares,3add8ed8,,MF,Leicester City,18.0,2001.0,2020-2021,EPL
Charlie Taylor,cc2d7ad5,engENG,DF,Burnley,26.0,1993.0,2020-2021,EPL
Neil Taylor,c2f9d19f,wlsWAL,"DF,MF",Aston Villa,31.0,1989.0,2020-2021,EPL
Allan Tchaptchet,ab7d7882,frFRA,DF,Southampton,18.0,2001.0,2020-2021,EPL
Nathan Tella,f1e94cd6,ngNGA,"FW,MF",Southampton,21.0,1999.0,2020-2021,EPL
Alex Telles,e73c9bb2,brBRA,DF,Manchester Utd,27.0,1992.0,2020-2021,EPL
Kenny Tete,77d7c96f,nlNED,"DF,MF",Fulham,24.0,1995.0,2020-2021,EPL
Luke Thomas,fc027d02,engENG,"MF,DF",Leicester City,19.0,2001.0,2020-2021,EPL
Youri Tielemans,56f7a928,beBEL,MF,Leicester City,23.0,1997.0,2020-2021,EPL
Kieran Tierney,fce2302c,sctSCO,DF,Arsenal,23.0,1997.0,2020-2021,EPL
James Tomkins,e7ca0439,engENG,DF,Crystal Palace,31.0,1989.0,2020-2021,EPL
Fikayo Tomori,7edfbb8a,engENG,DF,Chelsea,22.0,1997.0,2020-2021,EPL
Ferrán Torres,9e1035f8,esESP,"FW,MF",Manchester City,20.0,2000.0,2020-2021,EPL
Cenk Tosun,9a104dee,trTUR,"FW,MF",Everton,29.0,1991.0,2020-2021,EPL
Andros Townsend,b28bbd58,engENG,"MF,FW",Crystal Palace,29.0,1991.0,2020-2021,EPL
Conor Townsend,4dc4f138,engENG,DF,West Bromwich Albion,27.0,1993.0,2020-2021,EPL
Adama Traoré,9a28eba4,esESP,"FW,MF",Wolves,24.0,1996.0,2020-2021,EPL
Bertrand Traoré,c47541e0,bfBFA,"MF,FW",Aston Villa,24.0,1995.0,2020-2021,EPL
Trézéguet,3ae14ed1,egEGY,"MF,FW",Aston Villa,25.0,1994.0,2020-2021,EPL
Leandro Trossard,38ceb24a,beBEL,"MF,FW",Brighton,25.0,1994.0,2020-2021,EPL
Kostas Tsimikas,f315ca93,grGRE,DF,Liverpool,24.0,1996.0,2020-2021,EPL
Axel Tuanzebe,2baec6ce,cdCOD,DF,Manchester Utd,22.0,1997.0,2020-2021,EPL
Cengiz Ünder,1880614f,trTUR,MF,Leicester City,23.0,1997.0,2020-2021,EPL
Yan Valery,531a4aa8,tnTUN,DF,Southampton,21.0,1999.0,2020-2021,EPL
Virgil van Dijk,e06683ca,nlNED,DF,Liverpool,29.0,1991.0,2020-2021,EPL
Jamie Vardy,45963054,engENG,FW,Leicester City,33.0,1987.0,2020-2021,EPL
Joël Veltman,dad4b285,nlNED,"DF,MF",Brighton,28.0,1992.0,2020-2021,EPL
Jannik Vestergaard,1900032e,dkDEN,DF,Southampton,27.0,1992.0,2020-2021,EPL
Rúben Vinagre,b937e490,ptPOR,MF,Wolves,21.0,1999.0,2020-2021,EPL
Carlos Vinícius,8b529245,brBRA,FW,Tottenham Hotspur,25.0,1995.0,2020-2021,EPL
João Virgínia,728e9b2e,ptPOR,GK,Everton,20.0,1999.0,2020-2021,EPL
Vitinha,3b029691,ptPOR,MF,Wolves,20.0,2000.0,2020-2021,EPL
Jake Vokins,d484c261,engENG,DF,Southampton,20.0,2000.0,2020-2021,EPL
Matěj Vydra,0d4ceb32,czCZE,FW,Burnley,28.0,1992.0,2020-2021,EPL
Theo Walcott,1ecb65be,engENG,"MF,FW",Southampton,31.0,1989.0,2020-2021,EPL
Theo Walcott,1ecb65be,engENG,"FW,MF",Everton,31.0,1989.0,2020-2021,EPL
Kyle Walker,86dd77d1,engENG,DF,Manchester City,30.0,1990.0,2020-2021,EPL
Kyle Walker-Peters,984a5a64,engENG,DF,Southampton,23.0,1997.0,2020-2021,EPL
Aaron Wan-Bissaka,9e525177,cdCOD,DF,Manchester Utd,22.0,1997.0,2020-2021,EPL
Joel Ward,8a7ff278,engENG,DF,Crystal Palace,30.0,1989.0,2020-2021,EPL
James Ward-Prowse,3515d404,engENG,MF,Southampton,25.0,1994.0,2020-2021,EPL
Ollie Watkins,aed3a70f,engENG,FW,Aston Villa,24.0,1995.0,2020-2021,EPL
Caleb Watts,c7170b46,auAUS,MF,Southampton,18.0,2002.0,2020-2021,EPL
Adam Webster,c40b6180,engENG,DF,Brighton,25.0,1995.0,2020-2021,EPL
Danny Welbeck,ce5143da,engENG,FW,Brighton,29.0,1990.0,2020-2021,EPL
Timo Werner,49fe9070,deGER,"FW,MF",Chelsea,24.0,1996.0,2020-2021,EPL
Ashley Westwood,495945ef,engENG,MF,Burnley,30.0,1990.0,2020-2021,EPL
Ben White,35e413f1,engENG,"DF,MF",Brighton,22.0,1997.0,2020-2021,EPL
Georginio Wijnaldum,eb58eef0,nlNED,MF,Liverpool,29.0,1990.0,2020-2021,EPL
Brandon Williams,5e74d6c8,engENG,DF,Manchester Utd,19.0,2000.0,2020-2021,EPL
Neco Williams,dd323728,wlsWAL,DF,Liverpool,19.0,2001.0,2020-2021,EPL
Rhys Williams,012c975a,engENG,DF,Liverpool,19.0,2001.0,2020-2021,EPL
Willian,8b9ebd03,brBRA,"MF,FW",Arsenal,31.0,1988.0,2020-2021,EPL
Joe Willock,a3b03921,engENG,MF,Arsenal,20.0,1999.0,2020-2021,EPL
Joe Willock,a3b03921,engENG,MF,Newcastle United,20.0,1999.0,2020-2021,EPL
Callum Wilson,c596fcb0,engENG,FW,Newcastle United,28.0,1992.0,2020-2021,EPL
Harry Winks,2f7acede,engENG,MF,Tottenham Hotspur,24.0,1996.0,2020-2021,EPL
Chris Wood,4e9a0555,nzNZL,FW,Burnley,28.0,1991.0,2020-2021,EPL
Granit Xhaka,e61b8aee,chSUI,"MF,DF",Arsenal,27.0,1992.0,2020-2021,EPL
Andriy Yarmolenko,849c826a,uaUKR,MF,West Ham United,30.0,1989.0,2020-2021,EPL
DeAndre Yedlin,ae0a7ddf,usUSA,DF,Newcastle United,27.0,1993.0,2020-2021,EPL
Okay Yokuşlu,e49ce451,trTUR,MF,West Bromwich Albion,26.0,1994.0,2020-2021,EPL
Wilfried Zaha,b2bc3b1f,ciCIV,FW,Crystal Palace,27.0,1992.0,2020-2021,EPL
Andre-Frank Zambo Anguissa,6bb2c084,cmCMR,MF,Fulham,24.0,1995.0,2020-2021,EPL
Andi Zeqiri,d01231f0,chSUI,FW,Brighton,21.0,1999.0,2020-2021,EPL
Oleksandr Zinchenko,51cf8561,uaUKR,DF,Manchester City,23.0,1996.0,2020-2021,EPL
Hakim Ziyech,6622454d,maMAR,"FW,MF",Chelsea,27.0,1993.0,2020-2021,EPL
Kurt Zouma,ce4246f5,frFRA,DF,Chelsea,25.0,1994.0,2020-2021,EPL
Martin Ødegaard,79300479,noNOR,MF,Arsenal,21.0,1998.0,2020-2021,EPL
Gennaro Acampora,01040647,itITA,"MF,FW",Spezia,26.0,1994.0,2020-2021,ITA
Francesco Acerbi,b96b595c,itITA,DF,Lazio,32.0,1988.0,2020-2021,ITA
Andrea Adorante,7005ac66,itITA,FW,Parma,20.0,2000.0,2020-2021,ITA
Lucien Agoume,8bc8829a,frFRA,MF,Spezia,18.0,2002.0,2020-2021,ITA
Kevin Agudelo,46fa7204,coCOL,FW,Spezia,21.0,1998.0,2020-2021,ITA
Jean-Daniel Akpa-Akpro,fdf4b948,ciCIV,MF,Lazio,27.0,1992.0,2020-2021,ITA
Luis Alberto,5294a83f,esESP,MF,Lazio,27.0,1992.0,2020-2021,ITA
Bruno Alves,585a73a8,ptPOR,DF,Parma,38.0,1981.0,2020-2021,ITA
Wisdom Amey,35b4bc62,itITA,DF,Bologna,14.0,2005.0,2020-2021,ITA
Sofyan Amrabat,5a2cb25d,maMAR,MF,Fiorentina,23.0,1996.0,2020-2021,ITA
Djavan Anderson,ca241ad3,srSUR,MF,Lazio,25.0,1995.0,2020-2021,ITA
Nícolas Andrade,326d09ef,brBRA,GK,Udinese,32.0,1988.0,2020-2021,ITA
Davide Angelo Ghislandi,0e0e4422,itITA,MF,Atalanta,19.0,2001.0,2020-2021,ITA
Philip Ankhrah,f5409698,ghGHA,FW,Hellas Verona,17.0,2002.0,2020-2021,ITA
Cristian Ansaldi,bbafc0c4,arARG,MF,Torino,33.0,1986.0,2020-2021,ITA
Valentin Antov,8f68aa41,bgBUL,DF,Bologna,19.0,2000.0,2020-2021,ITA
Nicolò Armini,2f7407fa,itITA,DF,Lazio,19.0,2001.0,2020-2021,ITA
Tolgay Arslan,963a328b,deGER,MF,Udinese,29.0,1990.0,2020-2021,ITA
Kwadwo Asamoah,089550f5,ghGHA,MF,Cagliari,31.0,1988.0,2020-2021,ITA
Kristoffer Askildsen,a69cc629,noNOR,MF,Sampdoria,19.0,2001.0,2020-2021,ITA
Emil Audero,649b01d8,idIDN,GK,Sampdoria,23.0,1997.0,2020-2021,ITA
Tommaso Augello,3cd3b384,itITA,DF,Sampdoria,25.0,1994.0,2020-2021,ITA
Kaan Ayhan,2200181e,trTUR,DF,Sassuolo,25.0,1994.0,2020-2021,ITA
Milan Badelj,e8c930bb,hrCRO,MF,Genoa,31.0,1989.0,2020-2021,ITA
Tiemoué Bakayoko,59bf127b,frFRA,MF,Napoli,25.0,1994.0,2020-2021,ITA
Keita Baldé,509a4ccb,snSEN,FW,Sampdoria,25.0,1995.0,2020-2021,ITA
Botond Balogh,348bafd4,huHUN,DF,Parma,18.0,2002.0,2020-2021,ITA
Mattia Bani,0821331c,itITA,DF,Genoa,26.0,1993.0,2020-2021,ITA
Mattia Bani,0821331c,itITA,DF,Parma,26.0,1993.0,2020-2021,ITA
Antonín Barák,01efac19,czCZE,MF,Hellas Verona,25.0,1994.0,2020-2021,ITA
Federico Barba,c010b898,itITA,DF,Benevento,26.0,1993.0,2020-2021,ITA
Nicolò Barella,6928979a,itITA,MF,Inter,23.0,1997.0,2020-2021,ITA
Antonio Barreca,6a189491,itITA,MF,Fiorentina,25.0,1995.0,2020-2021,ITA
Musa Barrow,e5bf73f3,gmGAM,"MF,FW",Bologna,21.0,1998.0,2020-2021,ITA
Paolo Bartolomei,6029a945,itITA,MF,Spezia,30.0,1989.0,2020-2021,ITA
Daniele Baselli,ea06dd97,itITA,MF,Torino,28.0,1992.0,2020-2021,ITA
Alessandro Bastoni,75b86fb3,itITA,DF,Inter,21.0,1999.0,2020-2021,ITA
Simone Bastoni,1ac232b8,itITA,DF,Spezia,23.0,1996.0,2020-2021,ITA
Bastos,c01c66d9,aoANG,DF,Lazio,29.0,1991.0,2020-2021,ITA
Rodrigo Becão,19e4eab9,brBRA,DF,Udinese,24.0,1996.0,2020-2021,ITA
Valon Behrami,d3d758d8,chSUI,MF,Genoa,35.0,1985.0,2020-2021,ITA
Andrea Belotti,d705ba44,itITA,FW,Torino,26.0,1993.0,2020-2021,ITA
Ahmad Benali,a128b07e,lyLBY,MF,Crotone,28.0,1992.0,2020-2021,ITA
Ismaël Bennacer,db092d3b,dzALG,MF,Milan,22.0,1997.0,2020-2021,ITA
Rodrigo Bentancur,3b8674e6,uyURU,MF,Juventus,23.0,1997.0,2020-2021,ITA
Alessandro Berardi,ec1f737d,itITA,GK,Hellas Verona,29.0,1991.0,2020-2021,ITA
Domenico Berardi,53a0e358,itITA,MF,Sassuolo,25.0,1994.0,2020-2021,ITA
Álex Berenguer,dc1c2fce,esESP,MF,Torino,25.0,1995.0,2020-2021,ITA
Bartosz Bereszyński,61b3978f,plPOL,DF,Sampdoria,28.0,1992.0,2020-2021,ITA
Federico Bernardeschi,ee93c1a9,itITA,"MF,DF",Juventus,26.0,1994.0,2020-2021,ITA
Marco Bertini,4b520f96,itITA,MF,Lazio,17.0,2002.0,2020-2021,ITA
Daniel Bessa,88895312,itITA,MF,Hellas Verona,27.0,1993.0,2020-2021,ITA
Cristiano Biraghi,9e1577aa,itITA,"MF,DF",Fiorentina,27.0,1992.0,2020-2021,ITA
Davide Biraschi,64cd167d,itITA,"DF,MF",Genoa,26.0,1994.0,2020-2021,ITA
Jeremie Boga,fe012aca,ciCIV,MF,Sassuolo,23.0,1997.0,2020-2021,ITA
Giacomo Bonaventura,d995ed27,itITA,MF,Fiorentina,30.0,1989.0,2020-2021,ITA
Federico Bonazzoli,bf57eaab,itITA,FW,Torino,23.0,1997.0,2020-2021,ITA
Federico Bonazzoli,bf57eaab,itITA,FW,Sampdoria,23.0,1997.0,2020-2021,ITA
Kevin Bonifazi,fb77bfef,itITA,DF,Udinese,24.0,1996.0,2020-2021,ITA
Leonardo Bonucci,52ec54d0,itITA,DF,Juventus,33.0,1987.0,2020-2021,ITA
Mehdi Bourabia,0d077b88,maMAR,MF,Sassuolo,28.0,1991.0,2020-2021,ITA
Edoardo Bove,ae94a6c5,itITA,MF,Roma,18.0,2002.0,2020-2021,ITA
Jayden Braaf,c609e90e,nlNED,FW,Udinese,17.0,2002.0,2020-2021,ITA
Gleison Bremer,5fd5ed86,brBRA,DF,Torino,23.0,1997.0,2020-2021,ITA
Marcelo Brozović,33b8d077,hrCRO,MF,Inter,27.0,1992.0,2020-2021,ITA
Gastón Brugman,e947ee4a,uyURU,MF,Parma,27.0,1992.0,2020-2021,ITA
Juan Brunetta,d60099bc,arARG,"FW,MF",Parma,23.0,1997.0,2020-2021,ITA
Gianluigi Buffon,e40d028b,itITA,GK,Juventus,42.0,1978.0,2020-2021,ITA
Alessandro Buongiorno,4ae67f27,itITA,DF,Torino,21.0,1999.0,2020-2021,ITA
Maxime Busi,7b082ec2,beBEL,"DF,MF",Parma,20.0,1999.0,2020-2021,ITA
Martín Cáceres,e94d79e3,uyURU,"DF,MF",Fiorentina,33.0,1987.0,2020-2021,ITA
Felipe Caicedo,93b891d1,ecECU,FW,Lazio,31.0,1988.0,2020-2021,ITA
Arturo Calabresi,34bb6fbd,itITA,DF,Bologna,24.0,1996.0,2020-2021,ITA
Arturo Calabresi,34bb6fbd,itITA,DF,Cagliari,24.0,1996.0,2020-2021,ITA
Davide Calabria,2146785a,itITA,DF,Milan,23.0,1996.0,2020-2021,ITA
Riccardo Calafiori,aded8e6f,itITA,DF,Roma,18.0,2002.0,2020-2021,ITA
Mattia Caldara,ac7e640b,itITA,DF,Atalanta,26.0,1994.0,2020-2021,ITA
Luca Caldirola,226008f1,itITA,DF,Benevento,29.0,1991.0,2020-2021,ITA
Hakan Çalhanoğlu,cd0fa27b,trTUR,MF,Milan,26.0,1994.0,2020-2021,ITA
Fabrizio Caligara,22ca11f1,itITA,MF,Cagliari,20.0,2000.0,2020-2021,ITA
José Callejón,78841da9,esESP,"FW,MF",Fiorentina,33.0,1987.0,2020-2021,ITA
Drissa Camara,543d9d2b,ciCIV,MF,Parma,18.0,2002.0,2020-2021,ITA
Antonio Candreva,356c9002,itITA,MF,Sampdoria,33.0,1987.0,2020-2021,ITA
Elio Capradossi,174944a3,ugUGA,DF,Spezia,24.0,1996.0,2020-2021,ITA
Gianluca Caprari,54e53b7e,itITA,"MF,FW",Benevento,27.0,1993.0,2020-2021,ITA
Francesco Caputo,5bd72174,itITA,FW,Sassuolo,32.0,1987.0,2020-2021,ITA
Andrea Carboni,f7e2af2c,itITA,DF,Cagliari,19.0,2001.0,2020-2021,ITA
Giuseppe Caso,099a2de5,itITA,"FW,MF",Genoa,21.0,1998.0,2020-2021,ITA
Francesco Cassata,96960855,itITA,MF,Genoa,23.0,1997.0,2020-2021,ITA
Samu Castillejo,130a7a3f,esESP,MF,Milan,25.0,1995.0,2020-2021,ITA
Gaetano Castrovilli,0728bebe,itITA,MF,Fiorentina,23.0,1997.0,2020-2021,ITA
Danilo Cataldi,ba3d3bea,itITA,MF,Lazio,25.0,1994.0,2020-2021,ITA
Federico Ceccherini,d9624b51,itITA,DF,Hellas Verona,28.0,1992.0,2020-2021,ITA
Federico Ceccherini,d9624b51,itITA,DF,Fiorentina,28.0,1992.0,2020-2021,ITA
Luca Ceppitelli,7d50454d,itITA,DF,Cagliari,30.0,1989.0,2020-2021,ITA
Alberto Cerri,1079c685,itITA,FW,Cagliari,24.0,1996.0,2020-2021,ITA
Julian Chabot,ae7058f9,deGER,DF,Spezia,22.0,1998.0,2020-2021,ITA
Giorgio Chiellini,e85fb9b8,itITA,DF,Juventus,35.0,1984.0,2020-2021,ITA
Federico Chiesa,b0f7e36c,itITA,MF,Fiorentina,22.0,1997.0,2020-2021,ITA
Federico Chiesa,b0f7e36c,itITA,MF,Juventus,22.0,1997.0,2020-2021,ITA
Vlad Chiricheș,c316607a,roROU,DF,Sassuolo,30.0,1989.0,2020-2021,ITA
Luca Cigarini,ae64d449,itITA,MF,Crotone,34.0,1986.0,2020-2021,ITA
Antonio Cioffi,3f1107d5,itITA,FW,Napoli,17.0,2002.0,2020-2021,ITA
Ebrima Colley,bf356094,gmGAM,"MF,FW",Hellas Verona,20.0,2000.0,2020-2021,ITA
Omar Colley,8b95acda,gmGAM,DF,Sampdoria,27.0,1992.0,2020-2021,ITA
Simone Colombi,72be9309,itITA,GK,Parma,29.0,1991.0,2020-2021,ITA
Lorenzo Colombo,04df29a5,itITA,FW,Milan,18.0,2002.0,2020-2021,ITA
Andrea Consigli,8cabdc1e,itITA,GK,Sassuolo,33.0,1987.0,2020-2021,ITA
Andrea Conti,8fef5412,itITA,"DF,MF",Milan,26.0,1994.0,2020-2021,ITA
Andrea Conti,8fef5412,itITA,"DF,MF",Parma,26.0,1994.0,2020-2021,ITA
Alex Cordaz,e66ebabb,itITA,GK,Crotone,37.0,1983.0,2020-2021,ITA
Andreas Cornelius,c693347d,dkDEN,FW,Parma,27.0,1993.0,2020-2021,ITA
Joaquín Correa,45b9b619,arARG,FW,Lazio,25.0,1994.0,2020-2021,ITA
Félix Correia,c803c92a,ptPOR,"FW,MF",Juventus,19.0,2001.0,2020-2021,ITA
Douglas Costa,4fa7cb9b,brBRA,"FW,MF",Juventus,29.0,1990.0,2020-2021,ITA
Angelo da Costa Júnior,18736214,brBRA,GK,Bologna,36.0,1983.0,2020-2021,ITA
Mamadou Coulibaly,c976160c,snSEN,MF,Udinese,21.0,1999.0,2020-2021,ITA
Alessio Cragno,f554e29b,itITA,GK,Cagliari,26.0,1994.0,2020-2021,ITA
Gian Crespi,4dea2f2c,itITA,GK,Crotone,19.0,2001.0,2020-2021,ITA
Domenico Criscito,35dd6d80,itITA,DF,Genoa,33.0,1986.0,2020-2021,ITA
Bryan Cristante,16657b95,itITA,"DF,MF",Roma,25.0,1995.0,2020-2021,ITA
Giovanni Crociata,8c964914,itITA,MF,Crotone,22.0,1997.0,2020-2021,ITA
Juan Cuadrado,0ab1f153,coCOL,"DF,MF",Juventus,32.0,1988.0,2020-2021,ITA
Giuseppe Cuomo,ae5b04fe,itITA,DF,Crotone,22.0,1998.0,2020-2021,ITA
Patrick Cutrone,a4fe8cda,itITA,FW,Fiorentina,22.0,1998.0,2020-2021,ITA
Wylan Cyprien,3e092724,frFRA,MF,Parma,25.0,1995.0,2020-2021,ITA
Lennart-Marten Czyborra,7ba1f1ef,deGER,MF,Genoa,21.0,1999.0,2020-2021,ITA
Danilo D'Ambrosio,44eb9093,itITA,DF,Inter,31.0,1988.0,2020-2021,ITA
Bryan Dabo,c53083ad,bfBFA,MF,Benevento,28.0,1992.0,2020-2021,ITA
Diogo Dalot,d9565625,ptPOR,DF,Milan,21.0,1999.0,2020-2021,ITA
Mikkel Damsgaard,215f3907,dkDEN,"MF,FW",Sampdoria,20.0,2000.0,2020-2021,ITA
Danilo,94b2001f,brBRA,"DF,MF",Juventus,29.0,1991.0,2020-2021,ITA
Andrea Danzi,263b855a,itITA,MF,Hellas Verona,21.0,1999.0,2020-2021,ITA
Ebrima Darboe,cf043a33,gmGAM,MF,Roma,19.0,2001.0,2020-2021,ITA
Matteo Darmian,96e0490d,itITA,DF,Parma,30.0,1989.0,2020-2021,ITA
Matteo Darmian,96e0490d,itITA,MF,Inter,30.0,1989.0,2020-2021,ITA
Paweł Dawidowicz,16bb656a,plPOL,DF,Hellas Verona,25.0,1995.0,2020-2021,ITA
Sebastien De Maio,952a03fe,frFRA,DF,Udinese,33.0,1987.0,2020-2021,ITA
Rodrigo De Paul,162efffd,arARG,MF,Udinese,26.0,1994.0,2020-2021,ITA
Mattia De Sciglio,ae4e2852,itITA,"DF,MF",Juventus,27.0,1992.0,2020-2021,ITA
Lorenzo De Silvestri,e74f0e59,itITA,DF,Bologna,32.0,1988.0,2020-2021,ITA
Grégoire Defrel,854ee61a,mqMTQ,"MF,FW",Sassuolo,29.0,1991.0,2020-2021,ITA
Alessandro Deiola,7f267d66,itITA,MF,Spezia,24.0,1995.0,2020-2021,ITA
Alessandro Deiola,7f267d66,itITA,MF,Cagliari,24.0,1995.0,2020-2021,ITA
Lorenzo Del Pinto,081b6080,itITA,MF,Benevento,30.0,1990.0,2020-2021,ITA
Cristian Dell'Orco,b0243215,itITA,DF,Spezia,26.0,1994.0,2020-2021,ITA
Merih Demiral,e3cceee6,trTUR,DF,Juventus,22.0,1998.0,2020-2021,ITA
Diego Demme,dc3fa3b5,deGER,MF,Napoli,28.0,1991.0,2020-2021,ITA
Stefano Denswil,5832ebfe,srSUR,DF,Bologna,27.0,1993.0,2020-2021,ITA
Fabio Depaoli,d97f2e8d,itITA,"DF,MF",Benevento,23.0,1997.0,2020-2021,ITA
Fabio Depaoli,d97f2e8d,itITA,MF,Sampdoria,23.0,1997.0,2020-2021,ITA
Fabio Depaoli,d97f2e8d,itITA,MF,Atalanta,23.0,1997.0,2020-2021,ITA
Kastriot Dermaku,2990c466,alALB,DF,Parma,28.0,1992.0,2020-2021,ITA
Kiril Despodov,13c8e5f6,bgBUL,"FW,MF",Cagliari,23.0,1996.0,2020-2021,ITA
Mattia Destro,d7d32194,itITA,FW,Genoa,29.0,1991.0,2020-2021,ITA
Gerard Deulofeu,39583cfd,esESP,"FW,MF",Udinese,26.0,1994.0,2020-2021,ITA
Jacopo Dezi,e921b9db,itITA,FW,Parma,28.0,1992.0,2020-2021,ITA
Samuel Di Carmine,ef94dc2f,itITA,FW,Hellas Verona,31.0,1988.0,2020-2021,ITA
Samuel Di Carmine,ef94dc2f,itITA,FW,Crotone,31.0,1988.0,2020-2021,ITA
Giovanni Di Lorenzo,230a2fac,itITA,DF,Napoli,26.0,1993.0,2020-2021,ITA
Alessandro Di Pardo,e0ce7038,itITA,"DF,MF",Juventus,21.0,1999.0,2020-2021,ITA
Giuseppe Di Serio,5048486b,itITA,FW,Benevento,19.0,2001.0,2020-2021,ITA
Amad Diallo,9dc96f10,ciCIV,"FW,MF",Atalanta,18.0,2002.0,2020-2021,ITA
Amadou Diambo,c3a847c7,ghGHA,MF,Benevento,19.0,2001.0,2020-2021,ITA
Amadou Diawara,bf309d24,gnGUI,MF,Roma,23.0,1997.0,2020-2021,ITA
Brahim Díaz,407feb71,maMAR,MF,Milan,20.0,1999.0,2020-2021,ITA
Daan Dierckx,3a35db3d,beBEL,DF,Parma,17.0,2003.0,2020-2021,ITA
Mitchell Dijks,0a3065c8,nlNED,DF,Bologna,27.0,1993.0,2020-2021,ITA
Federico Dimarco,970b8574,itITA,"DF,MF",Hellas Verona,22.0,1997.0,2020-2021,ITA
Koffi Djidji,933d3b51,ciCIV,DF,Crotone,27.0,1992.0,2020-2021,ITA
Berat Djimsiti,6eee05f1,alALB,DF,Atalanta,27.0,1993.0,2020-2021,ITA
Nicolás Domínguez,20b3a502,arARG,MF,Bologna,22.0,1998.0,2020-2021,ITA
Gianluigi Donnarumma,08f5afaa,itITA,GK,Milan,21.0,1999.0,2020-2021,ITA
Bartłomiej Drągowski,085e71a7,plPOL,GK,Fiorentina,22.0,1997.0,2020-2021,ITA
Denis Drăguș,0e490f6e,roROU,FW,Crotone,21.0,1999.0,2020-2021,ITA
Radu Drăgușin,620922ed,roROU,DF,Juventus,18.0,2002.0,2020-2021,ITA
Léo Duarte,73ddc40c,brBRA,DF,Milan,24.0,1996.0,2020-2021,ITA
Alfred Duncan,528492ea,ghGHA,MF,Fiorentina,27.0,1993.0,2020-2021,ITA
Alfred Duncan,528492ea,ghGHA,MF,Cagliari,27.0,1993.0,2020-2021,ITA
Paulo Dybala,e0921a4f,arARG,FW,Juventus,26.0,1993.0,2020-2021,ITA
Edin Džeko,3bb7f478,baBIH,FW,Roma,34.0,1986.0,2020-2021,ITA
Steeve-Mike Ebongue,9d5ab351,frFRA,MF,Genoa,19.0,2001.0,2020-2021,ITA
Simone Edera,8697c095,itITA,MF,Torino,23.0,1997.0,2020-2021,ITA
Albin Ekdal,f503ea63,seSWE,MF,Sampdoria,31.0,1989.0,2020-2021,ITA
Elif Elmas,cf007308,mkMKD,MF,Napoli,20.0,1999.0,2020-2021,ITA
Alan Empereur,825b8997,brBRA,DF,Hellas Verona,26.0,1994.0,2020-2021,ITA
Christian Eriksen,980522ec,dkDEN,MF,Inter,28.0,1992.0,2020-2021,ITA
Martin Erlic,0fee6bda,hrCRO,DF,Spezia,22.0,1998.0,2020-2021,ITA
Gonzalo Escalante,3f79a1c8,arARG,MF,Lazio,27.0,1993.0,2020-2021,ITA
Nahuel Estévez,cec60a2f,arARG,MF,Spezia,24.0,1995.0,2020-2021,ITA
Valentin Eysseric,ae82fa48,frFRA,MF,Fiorentina,28.0,1992.0,2020-2021,ITA
Nicolò Fagioli,366be751,itITA,MF,Juventus,19.0,2001.0,2020-2021,ITA
Iago Falque,440c84ed,esESP,MF,Benevento,30.0,1990.0,2020-2021,ITA
Andri Fannar Baldursson,61f2f56a,isISL,MF,Bologna,18.0,2002.0,2020-2021,ITA
Paolo Faragò,9085dd7c,itITA,"DF,MF",Bologna,27.0,1993.0,2020-2021,ITA
Paolo Faragò,9085dd7c,itITA,DF,Cagliari,27.0,1993.0,2020-2021,ITA
Davide Faraoni,aae9d04a,itITA,MF,Hellas Verona,28.0,1991.0,2020-2021,ITA
Mohamed Fares,b7a5bc86,dzALG,MF,Lazio,24.0,1996.0,2020-2021,ITA
Diego Farias,157d29b6,brBRA,FW,Spezia,30.0,1990.0,2020-2021,ITA
Andrea Favilli,44510fde,itITA,FW,Hellas Verona,23.0,1997.0,2020-2021,ITA
Federico Fazio,4e358a2d,arARG,DF,Roma,33.0,1987.0,2020-2021,ITA
Luiz Felipe,15d0c248,itITA,DF,Lazio,23.0,1997.0,2020-2021,ITA
Alex Ferrari,d0dbca9f,itITA,DF,Sampdoria,26.0,1994.0,2020-2021,ITA
Salvador Ferrer,eb76987d,esESP,DF,Spezia,22.0,1998.0,2020-2021,ITA
Marco Festa,c195ae4a,itITA,GK,Crotone,28.0,1992.0,2020-2021,ITA
Fernando Forestieri,d60c26fc,itITA,FW,Udinese,30.0,1990.0,2020-2021,ITA
Daam Foulon,658d44be,beBEL,"DF,MF",Benevento,21.0,1999.0,2020-2021,ITA
Gianluca Frabotta,d80b1835,itITA,"DF,MF",Juventus,21.0,1999.0,2020-2021,ITA
Remo Freuler,98d2c2c4,chSUI,MF,Atalanta,28.0,1992.0,2020-2021,ITA
Daniel Fuzato,82328faf,brBRA,GK,Roma,23.0,1997.0,2020-2021,ITA
Matteo Gabbia,c235e803,itITA,DF,Milan,20.0,1999.0,2020-2021,ITA
Manolo Gabbiadini,8f866fe8,itITA,FW,Sampdoria,28.0,1991.0,2020-2021,ITA
Roberto Gagliardini,ce30bfc8,itITA,MF,Inter,26.0,1994.0,2020-2021,ITA
Riccardo Gagliolo,173061c0,seSWE,DF,Parma,30.0,1990.0,2020-2021,ITA
Adolfo Gaich,8dfed6e9,arARG,FW,Benevento,21.0,1999.0,2020-2021,ITA
Andrey Galabinov,0a1efd3c,bgBUL,FW,Spezia,31.0,1988.0,2020-2021,ITA
Manuel Gasparini,7033ca08,itITA,GK,Udinese,18.0,2002.0,2020-2021,ITA
Gervinho,e468c053,ciCIV,FW,Parma,33.0,1987.0,2020-2021,ITA
Paolo Ghiglione,71dc23da,itITA,MF,Genoa,23.0,1997.0,2020-2021,ITA
Faouzi Ghoulam,c5adc293,dzALG,DF,Napoli,29.0,1991.0,2020-2021,ITA
Kamil Glik,c6056d58,plPOL,DF,Benevento,32.0,1988.0,2020-2021,ITA
Diego Godín,fc4f85b1,uyURU,DF,Cagliari,34.0,1986.0,2020-2021,ITA
Amer Gojak,51ffa295,baBIH,"MF,FW",Torino,23.0,1997.0,2020-2021,ITA
Edoardo Goldaniga,4b029b31,itITA,"DF,MF",Genoa,26.0,1993.0,2020-2021,ITA
Vladimir Golemić,1db295e5,siSVN,DF,Crotone,29.0,1991.0,2020-2021,ITA
Pierluigi Gollini,f0f7f62f,itITA,GK,Atalanta,25.0,1995.0,2020-2021,ITA
Tomislav Gomelt,a5055b1b,hrCRO,MF,Crotone,25.0,1995.0,2020-2021,ITA
Papu Gómez,6e4df551,arARG,"MF,FW",Atalanta,32.0,1988.0,2020-2021,ITA
Robin Gosens,2d970560,deGER,MF,Atalanta,26.0,1994.0,2020-2021,ITA
Alberto Grassi,6cc97b6a,itITA,"MF,DF",Parma,25.0,1995.0,2020-2021,ITA
Koray Günter,f1f1f238,deGER,DF,Hellas Verona,25.0,1994.0,2020-2021,ITA
Manu Gyabuaa,a69eb5fd,itITA,MF,Atalanta,18.0,2001.0,2020-2021,ITA
Emmanuel Gyasi,f9758dae,ghGHA,FW,Spezia,26.0,1994.0,2020-2021,ITA
Achraf Hakimi,e42d61c7,maMAR,MF,Inter,21.0,1998.0,2020-2021,ITA
Samir Handanović,74419746,siSVN,GK,Inter,36.0,1984.0,2020-2021,ITA
Lukáš Haraslín,5c397195,skSVK,MF,Sassuolo,24.0,1996.0,2020-2021,ITA
Hans Hateboer,3b333ac3,nlNED,MF,Atalanta,26.0,1994.0,2020-2021,ITA
Eduardo Henrique,1bd5fc78,brBRA,MF,Crotone,25.0,1995.0,2020-2021,ITA
Theo Hernández,d4c9725f,frFRA,DF,Milan,22.0,1997.0,2020-2021,ITA
Hernani,6f5ead86,brBRA,MF,Parma,26.0,1994.0,2020-2021,ITA
Përparim Hetemaj,90b70194,fiFIN,MF,Benevento,33.0,1986.0,2020-2021,ITA
Aaron Hickey,1780bb4a,sctSCO,"DF,MF",Bologna,18.0,2002.0,2020-2021,ITA
Wesley Hoedt,875898c7,nlNED,DF,Lazio,26.0,1994.0,2020-2021,ITA
Elseid Hysaj,2f3452eb,alALB,DF,Napoli,26.0,1994.0,2020-2021,ITA
Simone Iacoponi,63071a3f,itITA,DF,Parma,33.0,1987.0,2020-2021,ITA
Roger Ibanez,82efe6fa,brBRA,DF,Roma,21.0,1998.0,2020-2021,ITA
Zlatan Ibrahimović,4cde5509,seSWE,FW,Milan,38.0,1981.0,2020-2021,ITA
Igor,a4e85758,brBRA,"DF,MF",Fiorentina,22.0,1998.0,2020-2021,ITA
Ivan Ilić,bb376bed,rsSRB,MF,Hellas Verona,19.0,2001.0,2020-2021,ITA
Josip Iličić,68252d6d,siSVN,"MF,FW",Atalanta,32.0,1988.0,2020-2021,ITA
Ciro Immobile,4431aed2,itITA,FW,Lazio,30.0,1990.0,2020-2021,ITA
Riccardo Improta,f6dfa5b8,itITA,"MF,DF",Benevento,26.0,1993.0,2020-2021,ITA
Roberto Inglese,6c1f7328,itITA,FW,Parma,28.0,1991.0,2020-2021,ITA
Lorenzo Insigne,2f557579,itITA,MF,Napoli,29.0,1991.0,2020-2021,ITA
Roberto Insigne,8faf7b3c,itITA,"MF,FW",Benevento,26.0,1994.0,2020-2021,ITA
Artur Ioniță,cedb3e36,mdMDA,MF,Benevento,29.0,1990.0,2020-2021,ITA
Ardian Ismajli,6b635f5c,alALB,DF,Spezia,23.0,1996.0,2020-2021,ITA
Armando Izzo,89976232,itITA,DF,Torino,28.0,1992.0,2020-2021,ITA
Mato Jajalo,8c65eb5f,baBIH,MF,Udinese,32.0,1988.0,2020-2021,ITA
Jakub Jankto,1ea5f91c,czCZE,MF,Sampdoria,24.0,1996.0,2020-2021,ITA
Juan Jesus,79083382,brBRA,DF,Roma,29.0,1991.0,2020-2021,ITA
Hamed Junior Traorè,570bb4b9,ciCIV,MF,Sassuolo,20.0,2000.0,2020-2021,ITA
Musa Juwara,7737dee2,gmGAM,MF,Bologna,18.0,2001.0,2020-2021,ITA
Nikola Kalinić,d4931a5a,hrCRO,FW,Hellas Verona,32.0,1988.0,2020-2021,ITA
Yayah Kallon,f95f49d2,slSLE,FW,Genoa,19.0,2001.0,2020-2021,ITA
Pierre Kalulu,85f7d1be,frFRA,DF,Milan,20.0,2000.0,2020-2021,ITA
Yann Karamoh,8b66d9cc,frFRA,"FW,MF",Parma,22.0,1998.0,2020-2021,ITA
Isaac Karamoko,4c7919df,frFRA,FW,Sassuolo,18.0,2002.0,2020-2021,ITA
Augustus Kargbo,0c8f27b5,slSLE,"FW,MF",Crotone,20.0,1999.0,2020-2021,ITA
Rick Karsdorp,9f84febe,nlNED,"MF,DF",Roma,25.0,1995.0,2020-2021,ITA
Franck Kessié,05e19d6a,ciCIV,MF,Milan,23.0,1996.0,2020-2021,ITA
Omar Khailoti,19d1c41f,itITA,DF,Bologna,18.0,2001.0,2020-2021,ITA
Simon Kjær,8b8a56ce,dkDEN,DF,Milan,31.0,1989.0,2020-2021,ITA
Ragnar Klavan,008a6e6d,eeEST,DF,Cagliari,34.0,1985.0,2020-2021,ITA
Justin Kluivert,4c3a6744,nlNED,"FW,MF",Roma,21.0,1999.0,2020-2021,ITA
Aleksandr Kokorin,fec5accc,ruRUS,"FW,MF",Fiorentina,29.0,1991.0,2020-2021,ITA
Aleksandar Kolarov,eda40760,rsSRB,DF,Inter,34.0,1985.0,2020-2021,ITA
Márk Kosznovszky,185bf610,huHUN,MF,Parma,18.0,2002.0,2020-2021,ITA
Christian Kouamé,58e933d2,ciCIV,"FW,MF",Fiorentina,22.0,1997.0,2020-2021,ITA
Kalidou Koulibaly,da974c7b,snSEN,DF,Napoli,29.0,1991.0,2020-2021,ITA
Viktor Kovalenko,9d60028d,uaUKR,MF,Atalanta,24.0,1996.0,2020-2021,ITA
Rade Krunić,817c6964,baBIH,MF,Milan,26.0,1993.0,2020-2021,ITA
Juraj Kucka,5aaef9ef,skSVK,"MF,FW",Parma,33.0,1987.0,2020-2021,ITA
Dejan Kulusevski,df3cda47,seSWE,"MF,FW",Juventus,20.0,2000.0,2020-2021,ITA
Marash Kumbulla,a40819d9,alALB,DF,Roma,20.0,2000.0,2020-2021,ITA
Jasmin Kurtić,144607cc,siSVN,MF,Parma,31.0,1989.0,2020-2021,ITA
Giorgos Kyriakopoulos,0a483542,grGRE,"DF,MF",Sassuolo,24.0,1996.0,2020-2021,ITA
Antonino La Gumina,822a7761,itITA,FW,Sampdoria,24.0,1996.0,2020-2021,ITA
Sam Lammers,c283ddef,nlNED,FW,Atalanta,23.0,1997.0,2020-2021,ITA
Gianluca Lapadula,2ead2809,pePER,FW,Benevento,30.0,1990.0,2020-2021,ITA
Danilo Larangeira,fed5f993,brBRA,DF,Bologna,36.0,1984.0,2020-2021,ITA
Kevin Lasagna,09538fdb,itITA,FW,Udinese,27.0,1992.0,2020-2021,ITA
Kevin Lasagna,09538fdb,itITA,FW,Hellas Verona,27.0,1992.0,2020-2021,ITA
Vincent Laurini,3535098b,frFRA,"DF,MF",Parma,31.0,1989.0,2020-2021,ITA
Darko Lazović,5128bde4,rsSRB,MF,Hellas Verona,29.0,1990.0,2020-2021,ITA
Manuel Lazzari,02caf6e0,itITA,MF,Lazio,26.0,1993.0,2020-2021,ITA
Rafael Leão,20730eae,ptPOR,"MF,FW",Milan,21.0,1999.0,2020-2021,ITA
Lucas Leiva,4c78b5ed,brBRA,MF,Lazio,33.0,1987.0,2020-2021,ITA
Lukas Lerager,1b82f8df,dkDEN,MF,Genoa,27.0,1993.0,2020-2021,ITA
Mehdi Léris,7d3cbc67,dzALG,"DF,MF",Sampdoria,22.0,1998.0,2020-2021,ITA
Karlo Letica,4a6914ff,hrCRO,GK,Sampdoria,23.0,1997.0,2020-2021,ITA
Gaetano Letizia,3dd45b70,itITA,DF,Benevento,30.0,1990.0,2020-2021,ITA
Matthijs de Ligt,d6e53a3a,nlNED,DF,Juventus,20.0,1999.0,2020-2021,ITA
Karol Linetty,d023d70f,plPOL,MF,Torino,25.0,1995.0,2020-2021,ITA
Pol Lirola,ff800ed8,esESP,MF,Fiorentina,22.0,1997.0,2020-2021,ITA
Fernando Llorente,82dbf623,esESP,FW,Udinese,35.0,1985.0,2020-2021,ITA
Fernando Llorente,82dbf623,esESP,FW,Napoli,35.0,1985.0,2020-2021,ITA
Stanislav Lobotka,e1cbb531,skSVK,MF,Napoli,25.0,1994.0,2020-2021,ITA
Manuel Locatelli,a8a874f1,itITA,MF,Sassuolo,22.0,1998.0,2020-2021,ITA
Maxime Lopez,20094685,frFRA,MF,Sassuolo,22.0,1997.0,2020-2021,ITA
Pau López,20b9f052,esESP,GK,Roma,25.0,1994.0,2020-2021,ITA
Matteo Lovato,5fa57166,itITA,DF,Hellas Verona,20.0,2000.0,2020-2021,ITA
Hirving Lozano,a69e4806,mxMEX,"MF,FW",Napoli,25.0,1995.0,2020-2021,ITA
José Luis Palomino,921f6058,arARG,DF,Atalanta,30.0,1990.0,2020-2021,ITA
Romelu Lukaku,5eae500a,beBEL,FW,Inter,27.0,1993.0,2020-2021,ITA
Saša Lukić,c6e8cf1f,rsSRB,MF,Torino,23.0,1996.0,2020-2021,ITA
Senad Lulić,7fd58fe3,baBIH,MF,Lazio,34.0,1986.0,2020-2021,ITA
Sebastiano Luperto,997fff07,itITA,DF,Crotone,23.0,1996.0,2020-2021,ITA
Lyanco,b5bf1770,brBRA,DF,Torino,23.0,1997.0,2020-2021,ITA
Charalampos Lykogiannis,5efc5389,grGRE,"DF,MF",Cagliari,26.0,1993.0,2020-2021,ITA
Lisandro Magallán,01a49bd2,arARG,DF,Crotone,26.0,1993.0,2020-2021,ITA
Christian Maggio,31d7f557,itITA,DF,Benevento,38.0,1982.0,2020-2021,ITA
Giulio Maggiore,957e4c87,itITA,MF,Spezia,22.0,1998.0,2020-2021,ITA
Francesco Magnanelli,07767f42,itITA,MF,Sassuolo,35.0,1984.0,2020-2021,ITA
Giangiacomo Magnani,cce9f582,itITA,DF,Hellas Verona,24.0,1995.0,2020-2021,ITA
Jean-Victor Makengo,22bfb57e,frFRA,MF,Udinese,22.0,1998.0,2020-2021,ITA
Nikola Maksimović,16b9d5cf,rsSRB,DF,Napoli,28.0,1991.0,2020-2021,ITA
Kévin Malcuit,d6a889ea,maMAR,MF,Fiorentina,29.0,1991.0,2020-2021,ITA
Kévin Malcuit,d6a889ea,maMAR,"DF,FW",Napoli,29.0,1991.0,2020-2021,ITA
Daniel Maldini,801831fe,itITA,MF,Milan,18.0,2001.0,2020-2021,ITA
Ruslan Malinovskyi,48d5bd33,uaUKR,"MF,FW",Atalanta,27.0,1993.0,2020-2021,ITA
Dennis Man,2079b3cc,roROU,"FW,MF",Parma,21.0,1998.0,2020-2021,ITA
Gianluca Mancini,5aa53281,itITA,DF,Roma,24.0,1996.0,2020-2021,ITA
Rolando Mandragora,c7259b83,itITA,MF,Udinese,23.0,1997.0,2020-2021,ITA
Rolando Mandragora,c7259b83,itITA,MF,Torino,23.0,1997.0,2020-2021,ITA
Mario Mandžukić,afa0d4e0,hrCRO,FW,Milan,34.0,1986.0,2020-2021,ITA
Niccolò Manfredini,e4b39692,itITA,GK,Benevento,32.0,1988.0,2020-2021,ITA
Kostas Manolas,c707411f,grGRE,DF,Napoli,29.0,1991.0,2020-2021,ITA
Juan Manuel Ramos,36d7971a,uyURU,DF,Spezia,23.0,1996.0,2020-2021,ITA
Federico Marchetti,f794b426,itITA,GK,Genoa,37.0,1983.0,2020-2021,ITA
Riccardo Marchizza,91d0fabf,itITA,DF,Spezia,22.0,1998.0,2020-2021,ITA
Gian Marco Ferrari,8650af85,itITA,DF,Sassuolo,28.0,1992.0,2020-2021,ITA
Răzvan Marin,7fac99d4,roROU,MF,Cagliari,24.0,1996.0,2020-2021,ITA
Marlon,cdf65d12,brBRA,DF,Sassuolo,24.0,1995.0,2020-2021,ITA
Luca Marrone,ea468ea8,itITA,DF,Crotone,30.0,1990.0,2020-2021,ITA
Lautaro Martínez,f7036e1c,arARG,FW,Inter,22.0,1997.0,2020-2021,ITA
Lucas Martínez Quarta,3ec3c1c9,arARG,DF,Fiorentina,24.0,1996.0,2020-2021,ITA
Adam Marušić,d4535821,meMNE,"MF,DF",Lazio,27.0,1992.0,2020-2021,ITA
Andrea Masiello,e0314d87,itITA,DF,Genoa,34.0,1986.0,2020-2021,ITA
Giuseppe Mastinu,26cd1bff,itITA,MF,Spezia,28.0,1991.0,2020-2021,ITA
Ryder Matos,7280b54f,brBRA,"FW,MF",Udinese,27.0,1993.0,2020-2021,ITA
Federico Mattiello,fba81826,itITA,"DF,MF",Spezia,25.0,1995.0,2020-2021,ITA
Borja Mayoral,64e8ed6d,esESP,FW,Roma,23.0,1997.0,2020-2021,ITA
Antonio Mazzotta,4366d5e9,itITA,MF,Crotone,30.0,1989.0,2020-2021,ITA
Ibrahima Mbaye,cfbf9881,snSEN,DF,Bologna,25.0,1994.0,2020-2021,ITA
Weston McKennie,01c3aff5,usUSA,MF,Juventus,21.0,1998.0,2020-2021,ITA
Gary Medel,563a68ad,clCHI,"DF,MF",Bologna,32.0,1987.0,2020-2021,ITA
Soualiho Meïté,5cec2c74,frFRA,MF,Torino,26.0,1994.0,2020-2021,ITA
Soualiho Meïté,5cec2c74,frFRA,MF,Milan,26.0,1994.0,2020-2021,ITA
Filippo Melegoni,6604165d,itITA,MF,Genoa,21.0,1999.0,2020-2021,ITA
Arthur Melo,48b3dd60,brBRA,MF,Juventus,23.0,1996.0,2020-2021,ITA
Alex Meret,9413b19f,itITA,GK,Napoli,23.0,1997.0,2020-2021,ITA
Yıldırım Mert Çetin,c730da00,trTUR,DF,Hellas Verona,23.0,1997.0,2020-2021,ITA
Dries Mertens,89b2c8a9,beBEL,"FW,MF",Napoli,33.0,1987.0,2020-2021,ITA
Junior Messias,f49c4ae9,brBRA,"MF,FW",Crotone,29.0,1991.0,2020-2021,ITA
Petar Mićin,259deea9,rsSRB,MF,Udinese,21.0,1998.0,2020-2021,ITA
Valentin Mihaila,81a4c239,roROU,FW,Parma,20.0,2000.0,2020-2021,ITA
Nikola Milenković,bee704fc,rsSRB,DF,Fiorentina,22.0,1997.0,2020-2021,ITA
Sergej Milinković-Savić,4e6dbac4,rsSRB,MF,Lazio,25.0,1995.0,2020-2021,ITA
Vanja Milinković-Savić,9fa26bc2,rsSRB,GK,Torino,23.0,1997.0,2020-2021,ITA
Vincenzo Millico,6817095b,itITA,FW,Torino,19.0,2000.0,2020-2021,ITA
Aleksei Miranchuk,a9aa0d1d,ruRUS,MF,Atalanta,24.0,1995.0,2020-2021,ITA
Antonio Mirante,30223b33,itITA,GK,Roma,37.0,1983.0,2020-2021,ITA
Henrikh Mkhitaryan,dd0daf32,amARM,MF,Roma,31.0,1989.0,2020-2021,ITA
Johan Mojica,608f2092,coCOL,MF,Atalanta,27.0,1992.0,2020-2021,ITA
Nahuel Molina,23610943,arARG,MF,Udinese,22.0,1998.0,2020-2021,ITA
Salvatore Molina,54ab971f,itITA,MF,Crotone,28.0,1992.0,2020-2021,ITA
Gabriele Moncini,c4efe2b4,itITA,FW,Benevento,24.0,1996.0,2020-2021,ITA
Cristóbal Montiel,dd52d069,esESP,MF,Fiorentina,20.0,2000.0,2020-2021,ITA
Lorenzo Montipò,c1d95617,itITA,GK,Benevento,24.0,1996.0,2020-2021,ITA
Luca Mora,42fff925,itITA,MF,Spezia,32.0,1988.0,2020-2021,ITA
Álvaro Morata,129af0db,esESP,FW,Juventus,27.0,1992.0,2020-2021,ITA
Raúl Moro,919dd4b1,esESP,MF,Lazio,17.0,2002.0,2020-2021,ITA
Mert Müldür,1295552e,trTUR,DF,Sassuolo,21.0,1999.0,2020-2021,ITA
Luis Muriel,eb2fe5b6,coCOL,"FW,MF",Atalanta,29.0,1991.0,2020-2021,ITA
Vedat Muriqi,0cadc46d,xkKVX,FW,Lazio,26.0,1994.0,2020-2021,ITA
Nicola Murru,d183e9d6,itITA,"MF,DF",Torino,25.0,1994.0,2020-2021,ITA
Mateo Musacchio,91899ca8,arARG,DF,Lazio,29.0,1990.0,2020-2021,ITA
Mateo Musacchio,91899ca8,arARG,DF,Milan,29.0,1990.0,2020-2021,ITA
Juan Musso,a111cf41,arARG,GK,Udinese,26.0,1994.0,2020-2021,ITA
Joakim Mæhle,c459a650,dkDEN,MF,Atalanta,23.0,1997.0,2020-2021,ITA
Radja Nainggolan,1f9328da,beBEL,MF,Cagliari,32.0,1988.0,2020-2021,ITA
Radja Nainggolan,1f9328da,beBEL,MF,Inter,32.0,1988.0,2020-2021,ITA
Nahitan Nández,95facda1,uyURU,MF,Cagliari,24.0,1995.0,2020-2021,ITA
Ilija Nestorovski,b1236c63,mkMKD,FW,Udinese,30.0,1990.0,2020-2021,ITA
Nicolas Nkoulou,93cf32a8,cmCMR,DF,Torino,30.0,1990.0,2020-2021,ITA
Bram Nuytinck,e33f36d5,nlNED,DF,Udinese,30.0,1990.0,2020-2021,ITA
Simeon Nwankwo,80dbbd10,ngNGA,FW,Crotone,28.0,1992.0,2020-2021,ITA
M'Bala Nzola,a4948e67,aoANG,FW,Spezia,23.0,1996.0,2020-2021,ITA
Pedro Obiang,ba1e04b3,gqEQG,MF,Sassuolo,28.0,1992.0,2020-2021,ITA
Brian Oddei,97e8ea97,itITA,FW,Sassuolo,17.0,2002.0,2020-2021,ITA
Stefano Okaka,601ef102,itITA,FW,Udinese,30.0,1989.0,2020-2021,ITA
Christian Oliva,d3b888e3,uyURU,MF,Cagliari,24.0,1996.0,2020-2021,ITA
Maximiliano Olivera,32a33c68,uyURU,DF,Fiorentina,28.0,1992.0,2020-2021,ITA
Jérôme Onguéné,e81f0356,cmCMR,DF,Genoa,22.0,1997.0,2020-2021,ITA
Riccardo Orsolini,e14ec482,itITA,MF,Bologna,23.0,1997.0,2020-2021,ITA
Victor Osimhen,8c90fd7a,ngNGA,FW,Napoli,21.0,1998.0,2020-2021,ITA
Yordan Osorio,4d17df3e,veVEN,DF,Parma,26.0,1994.0,2020-2021,ITA
David Ospina,82b1198a,coCOL,GK,Napoli,31.0,1988.0,2020-2021,ITA
Adam Ounas,ed90babd,dzALG,FW,Crotone,23.0,1996.0,2020-2021,ITA
Adam Ounas,ed90babd,dzALG,MF,Cagliari,23.0,1996.0,2020-2021,ITA
Thomas Ouwejan,36d9dabe,nlNED,MF,Udinese,23.0,1996.0,2020-2021,ITA
Daniele Padelli,cf1c23d8,itITA,GK,Inter,34.0,1985.0,2020-2021,ITA
Mattia Pagliuca,ad84294f,itITA,FW,Bologna,18.0,2002.0,2020-2021,ITA
Rodrigo Palacio,8d8178ac,arARG,FW,Bologna,38.0,1982.0,2020-2021,ITA
Alberto Paleari,94a3606c,itITA,GK,Genoa,27.0,1992.0,2020-2021,ITA
Antonio Palumbo,33e98344,itITA,MF,Sampdoria,23.0,1996.0,2020-2021,ITA
Martin Palumbo,f8d41a8c,noNOR,MF,Udinese,18.0,2002.0,2020-2021,ITA
Goran Pandev,d711d04f,mkMKD,"FW,MF",Genoa,37.0,1983.0,2020-2021,ITA
Ivor Pandur,457cb02f,hrCRO,GK,Hellas Verona,20.0,2000.0,2020-2021,ITA
Vittorio Parigini,75efed2e,itITA,"FW,MF",Genoa,24.0,1996.0,2020-2021,ITA
Marco Parolo,ed5886d2,itITA,"MF,DF",Lazio,35.0,1985.0,2020-2021,ITA
Mario Pašalić,e599253a,hrCRO,MF,Atalanta,25.0,1995.0,2020-2021,ITA
Christian Pastina,38bf62b5,itITA,DF,Benevento,19.0,2001.0,2020-2021,ITA
Javier Pastore,881ef58c,arARG,MF,Roma,31.0,1989.0,2020-2021,ITA
Patric,f7223718,esESP,DF,Lazio,27.0,1993.0,2020-2021,ITA
Leonardo Pavoletti,d37b0350,itITA,FW,Cagliari,31.0,1988.0,2020-2021,ITA
Nehuén Paz,42b1a58a,arARG,DF,Bologna,27.0,1993.0,2020-2021,ITA
Pedro,3ca7254a,esESP,MF,Roma,33.0,1987.0,2020-2021,ITA
João Pedro,81255c03,itITA,"FW,MF",Cagliari,28.0,1992.0,2020-2021,ITA
Gianluca Pegolo,f058ed1f,itITA,GK,Sassuolo,39.0,1981.0,2020-2021,ITA
Graziano Pellè,9654d8de,itITA,FW,Parma,35.0,1985.0,2020-2021,ITA
Lorenzo Pellegrini,4a5a45c7,itITA,MF,Roma,24.0,1996.0,2020-2021,ITA
Luca Pellegrini,3b61c9ec,itITA,"MF,DF",Genoa,21.0,1999.0,2020-2021,ITA
Federico Peluso,4f2908e5,itITA,DF,Sassuolo,36.0,1984.0,2020-2021,ITA
Andreas Pereira,6639e500,brBRA,"MF,FW",Lazio,24.0,1996.0,2020-2021,ITA
Pedro Pereira,c77be0cf,ptPOR,MF,Crotone,22.0,1998.0,2020-2021,ITA
Gastón Pereiro,7ec7738e,uyURU,MF,Cagliari,25.0,1995.0,2020-2021,ITA
Bruno Peres,852351df,brBRA,MF,Roma,30.0,1990.0,2020-2021,ITA
Roberto Pereyra,75f2c59f,arARG,"MF,FW",Udinese,29.0,1991.0,2020-2021,ITA
Carles Pérez,a8f21b9f,esESP,"MF,FW",Roma,22.0,1998.0,2020-2021,ITA
Mattia Perin,4c62d0c8,itITA,GK,Genoa,27.0,1992.0,2020-2021,ITA
Ivan Perišić,6fe90922,hrCRO,MF,Inter,31.0,1989.0,2020-2021,ITA
Matteo Pessina,780e3631,itITA,MF,Atalanta,23.0,1997.0,2020-2021,ITA
Andrea Petagna,03f946ed,itITA,FW,Napoli,25.0,1995.0,2020-2021,ITA
Jacopo Petriccione,909bce7f,itITA,MF,Crotone,25.0,1995.0,2020-2021,ITA
Jens Petter Hauge,12c35abe,noNOR,MF,Milan,20.0,1999.0,2020-2021,ITA
Germán Pezzella,8c725b43,arARG,DF,Fiorentina,29.0,1991.0,2020-2021,ITA
Giuseppe Pezzella,149c5f5d,itITA,DF,Parma,22.0,1997.0,2020-2021,ITA
Cristiano Piccini,32c0491f,itITA,DF,Atalanta,27.0,1992.0,2020-2021,ITA
Roberto Piccoli,1cadaf34,itITA,FW,Spezia,19.0,2001.0,2020-2021,ITA
Andrea Pinamonti,08aa9cd1,itITA,FW,Inter,21.0,1999.0,2020-2021,ITA
Carlo Pinsoglio,f6a06749,itITA,GK,Juventus,30.0,1990.0,2020-2021,ITA
Fabio Pisacane,56400c01,itITA,DF,Cagliari,34.0,1986.0,2020-2021,ITA
Marko Pjaca,2c38b327,hrCRO,"FW,MF",Genoa,25.0,1995.0,2020-2021,ITA
Tommaso Pobega,55a1cac2,itITA,MF,Spezia,21.0,1999.0,2020-2021,ITA
Andrea Poli,b3fd7075,itITA,MF,Bologna,30.0,1989.0,2020-2021,ITA
Matteo Politano,5e861944,itITA,MF,Napoli,26.0,1993.0,2020-2021,ITA
Manolo Portanova,c8c0dccd,itITA,"FW,MF",Genoa,20.0,2000.0,2020-2021,ITA
Manolo Portanova,c8c0dccd,itITA,MF,Juventus,20.0,2000.0,2020-2021,ITA
Ivan Provedel,277da414,itITA,GK,Spezia,26.0,1994.0,2020-2021,ITA
Erick Pulgar,4611e028,clCHI,MF,Fiorentina,26.0,1994.0,2020-2021,ITA
Ignacio Pussetto,62437b4f,arARG,FW,Udinese,24.0,1995.0,2020-2021,ITA
Fabio Quagliarella,ee4f2f3b,itITA,FW,Sampdoria,37.0,1983.0,2020-2021,ITA
Simone Rabbi,3688af6c,itITA,FW,Bologna,18.0,2001.0,2020-2021,ITA
Adrien Rabiot,8794e251,frFRA,MF,Juventus,25.0,1995.0,2020-2021,ITA
Ivan Radovanović,023937a9,rsSRB,"DF,MF",Genoa,31.0,1988.0,2020-2021,ITA
Ionuț Radu,67f649be,roROU,GK,Inter,23.0,1997.0,2020-2021,ITA
Ștefan Radu,53de807a,roROU,DF,Lazio,33.0,1986.0,2020-2021,ITA
Rafael,dd06d56c,brBRA,GK,Spezia,38.0,1982.0,2020-2021,ITA
Antonio Raimondo,ce1a6c7e,itITA,FW,Bologna,16.0,2004.0,2020-2021,ITA
Gastón Ramírez,2c851997,uyURU,"FW,MF",Sampdoria,29.0,1990.0,2020-2021,ITA
Aaron Ramsey,ef619b0b,wlsWAL,MF,Juventus,29.0,1990.0,2020-2021,ITA
Andrea Ranocchia,539230cf,itITA,DF,Inter,32.0,1988.0,2020-2021,ITA
Giacomo Raspadori,6e058f06,itITA,FW,Sassuolo,20.0,2000.0,2020-2021,ITA
Federico Ravaglia,6662d731,itITA,GK,Bologna,20.0,1999.0,2020-2021,ITA
Ante Rebić,536cebe5,hrCRO,"MF,FW",Milan,26.0,1993.0,2020-2021,ITA
Arkadiusz Reca,6213fd82,plPOL,MF,Crotone,25.0,1995.0,2020-2021,ITA
Vasco Regini,339c6ed4,itITA,DF,Sampdoria,29.0,1990.0,2020-2021,ITA
Pepe Reina,e358587b,esESP,GK,Lazio,37.0,1982.0,2020-2021,ITA
Bryan Reynolds,2306bf5c,usUSA,"MF,DF",Roma,19.0,2001.0,2020-2021,ITA
Franck Ribéry,f61c7c4e,frFRA,FW,Fiorentina,37.0,1983.0,2020-2021,ITA
Federico Ricci,524eb8c5,itITA,"FW,MF",Sassuolo,26.0,1994.0,2020-2021,ITA
Giacomo Ricci,cfb38237,itITA,"DF,MF",Parma,23.0,1996.0,2020-2021,ITA
Matteo Ricci,3cf7dc7e,itITA,MF,Spezia,26.0,1994.0,2020-2021,ITA
Tomás Rincón,f1cfc209,veVEN,MF,Torino,32.0,1988.0,2020-2021,ITA
Andrea Rispoli,39ee6cb6,itITA,MF,Crotone,31.0,1988.0,2020-2021,ITA
Emmanuel Rivière,2bae5658,frFRA,FW,Crotone,30.0,1990.0,2020-2021,ITA
Ricardo Rodríguez,7f78ad23,chSUI,"DF,MF",Torino,27.0,1992.0,2020-2021,ITA
Marko Rog,b6b2b820,hrCRO,MF,Cagliari,25.0,1995.0,2020-2021,ITA
Rogério,10e7f486,brBRA,DF,Sassuolo,22.0,1998.0,2020-2021,ITA
Luis Rojas,11e0904f,clCHI,MF,Crotone,18.0,2002.0,2020-2021,ITA
Alessio Romagnoli,3ead85f9,itITA,DF,Milan,25.0,1995.0,2020-2021,ITA
Cristian Romero,a3d94a58,arARG,DF,Atalanta,22.0,1998.0,2020-2021,ITA
Cristiano Ronaldo,dea698d9,ptPOR,FW,Juventus,35.0,1985.0,2020-2021,ITA
Marten de Roon,2a1beb34,nlNED,MF,Atalanta,29.0,1991.0,2020-2021,ITA
Nicolò Rovella,e58cbfd5,itITA,MF,Genoa,18.0,2001.0,2020-2021,ITA
Amir Rrahmani,4b3e1a38,xkKVX,DF,Napoli,26.0,1994.0,2020-2021,ITA
Kevin Rüegg,90573602,chSUI,MF,Hellas Verona,21.0,1998.0,2020-2021,ITA
Daniele Rugani,14b8fcdf,itITA,DF,Cagliari,26.0,1994.0,2020-2021,ITA
Matteo Ruggeri,ae9898c5,itITA,MF,Atalanta,18.0,2002.0,2020-2021,ITA
Mário Rui,0b5a292a,ptPOR,DF,Napoli,29.0,1991.0,2020-2021,ITA
Fabián Ruiz Peña,c0c7ff58,esESP,MF,Napoli,24.0,1996.0,2020-2021,ITA
Alexis Saelemaekers,ee251371,beBEL,MF,Milan,21.0,1999.0,2020-2021,ITA
Jacopo Sala,da5a981b,itITA,DF,Spezia,28.0,1991.0,2020-2021,ITA
Eddie Salcedo,0489bb30,itITA,"MF,FW",Hellas Verona,18.0,2001.0,2020-2021,ITA
Antonio Sanabria,0a447501,pyPAR,FW,Torino,24.0,1996.0,2020-2021,ITA
Alexis Sánchez,2c0f8e9e,clCHI,FW,Inter,31.0,1988.0,2020-2021,ITA
Alex Sandro,0d82903c,brBRA,"DF,MF",Juventus,29.0,1991.0,2020-2021,ITA
Siriki Sanogo,ff120e44,ciCIV,FW,Benevento,18.0,2001.0,2020-2021,ITA
Nicola Sansone,7eb97a8e,itITA,MF,Bologna,28.0,1991.0,2020-2021,ITA
Federico Santander,df85d472,pyPAR,FW,Bologna,29.0,1991.0,2020-2021,ITA
Davide Santon,88c89891,itITA,"MF,DF",Roma,29.0,1991.0,2020-2021,ITA
Samir Santos,92b4758e,brBRA,DF,Udinese,25.0,1994.0,2020-2021,ITA
Riccardo Saponara,3bb7af3b,itITA,"FW,MF",Fiorentina,28.0,1991.0,2020-2021,ITA
Riccardo Saponara,3bb7af3b,itITA,"FW,MF",Spezia,28.0,1991.0,2020-2021,ITA
Marco Sau,1ad1f50d,itITA,"MF,FW",Benevento,32.0,1987.0,2020-2021,ITA
Gianluca Scamacca,8790f988,itITA,FW,Genoa,21.0,1999.0,2020-2021,ITA
Nicolás Schiappacasse,afe31d55,uyURU,FW,Sassuolo,21.0,1999.0,2020-2021,ITA
Pasquale Schiattarella,bd84fc61,itITA,MF,Benevento,33.0,1987.0,2020-2021,ITA
Jerdy Schouten,2cfae697,nlNED,MF,Bologna,23.0,1997.0,2020-2021,ITA
Matteo Scozzarella,ea164f99,itITA,MF,Parma,32.0,1988.0,2020-2021,ITA
Simone Scuffet,41bd99ea,itITA,GK,Udinese,24.0,1996.0,2020-2021,ITA
Jacopo Segre,3cb132e6,itITA,MF,Torino,23.0,1997.0,2020-2021,ITA
Léo Sena,1de40dae,brBRA,MF,Spezia,24.0,1995.0,2020-2021,ITA
Stefano Sensi,b70bde8f,itITA,MF,Inter,24.0,1995.0,2020-2021,ITA
Luigi Sepe,343f753a,itITA,GK,Parma,29.0,1991.0,2020-2021,ITA
Stephan El Shaarawy,d3aaad90,itITA,MF,Roma,27.0,1992.0,2020-2021,ITA
Eldor Shomurodov,57469b2d,uzUZB,FW,Genoa,25.0,1995.0,2020-2021,ITA
Luca Siligardi,1cac99dc,itITA,"FW,MF",Crotone,32.0,1988.0,2020-2021,ITA
Luca Siligardi,1cac99dc,itITA,"FW,MF",Parma,32.0,1988.0,2020-2021,ITA
Adrien Silva,d6f88a1d,ptPOR,MF,Sampdoria,31.0,1989.0,2020-2021,ITA
Marco Silvestri,0d422df7,itITA,GK,Hellas Verona,29.0,1991.0,2020-2021,ITA
Giovanni Simeone,343c0d52,arARG,FW,Cagliari,25.0,1995.0,2020-2021,ITA
Wilfried Singo,8b609c34,ciCIV,MF,Torino,19.0,2000.0,2020-2021,ITA
Salvatore Sirigu,10dc46f0,itITA,GK,Torino,33.0,1987.0,2020-2021,ITA
Łukasz Skorupski,ab4449d6,plPOL,GK,Bologna,29.0,1991.0,2020-2021,ITA
Andreas Skov Olsen,c50cee19,dkDEN,MF,Bologna,20.0,1999.0,2020-2021,ITA
Milan Škriniar,30f5ffa9,skSVK,DF,Inter,25.0,1995.0,2020-2021,ITA
Chris Smalling,b6964eb6,engENG,DF,Roma,30.0,1989.0,2020-2021,ITA
Simon Sohm,a5f458d9,chSUI,"MF,FW",Parma,19.0,2001.0,2020-2021,ITA
Roberto Soriano,9d4c45d6,itITA,MF,Bologna,29.0,1991.0,2020-2021,ITA
Riccardo Sottil,94816803,itITA,MF,Cagliari,21.0,1999.0,2020-2021,ITA
Adama Soumaoro,7b075c75,frFRA,DF,Bologna,28.0,1992.0,2020-2021,ITA
Leonardo Spinazzola,3626daea,itITA,"MF,DF",Roma,27.0,1993.0,2020-2021,ITA
Marco Sportiello,ac4003af,itITA,GK,Atalanta,28.0,1992.0,2020-2021,ITA
Mattia Sprocati,bdd0692f,itITA,"FW,MF",Parma,27.0,1993.0,2020-2021,ITA
Thomas Strakosha,339fe0e8,alALB,GK,Lazio,25.0,1995.0,2020-2021,ITA
Kevin Strootman,ef2e5e1a,nlNED,MF,Genoa,30.0,1990.0,2020-2021,ITA
Jens Stryger Larsen,f91e81c9,dkDEN,MF,Udinese,29.0,1991.0,2020-2021,ITA
Stefano Sturaro,2334478a,itITA,MF,Hellas Verona,27.0,1993.0,2020-2021,ITA
Stefano Sturaro,2334478a,itITA,"MF,FW",Genoa,27.0,1993.0,2020-2021,ITA
Bosko Sutalo,1d0bb7e4,hrCRO,"DF,MF",Atalanta,20.0,2000.0,2020-2021,ITA
Mattias Svanberg,92d83c27,seSWE,MF,Bologna,21.0,1999.0,2020-2021,ITA
Wojciech Szczęsny,01b8a2b2,plPOL,GK,Juventus,30.0,1990.0,2020-2021,ITA
Adrien Tameze,8da74c05,cmCMR,MF,Hellas Verona,26.0,1994.0,2020-2021,ITA
Ciprian Tătărușanu,b056e3da,roROU,GK,Milan,34.0,1986.0,2020-2021,ITA
Andrés Tello,5f951ef1,coCOL,MF,Benevento,23.0,1996.0,2020-2021,ITA
Hidde ter Avest,18f9dbd0,nlNED,MF,Udinese,23.0,1997.0,2020-2021,ITA
Pietro Terracciano,e1b0a70d,itITA,GK,Fiorentina,30.0,1990.0,2020-2021,ITA
Claudio Terzi,5570e6fb,itITA,DF,Spezia,36.0,1984.0,2020-2021,ITA
Morten Thorsby,d1b49282,noNOR,MF,Sampdoria,24.0,1996.0,2020-2021,ITA
Jeremy Toljan,a96e5dc0,deGER,"DF,MF",Sassuolo,25.0,1994.0,2020-2021,ITA
Rafael Tolói,c56dc39e,itITA,DF,Atalanta,29.0,1990.0,2020-2021,ITA
Takehiro Tomiyasu,b3af9be1,jpJPN,DF,Bologna,21.0,1998.0,2020-2021,ITA
Fikayo Tomori,7edfbb8a,engENG,DF,Milan,22.0,1997.0,2020-2021,ITA
Sandro Tonali,0db169ae,itITA,MF,Milan,20.0,2000.0,2020-2021,ITA
Lorenzo Tonelli,8cc29864,itITA,DF,Sampdoria,30.0,1990.0,2020-2021,ITA
Ernesto Torregrossa,bf39bdec,veVEN,FW,Sampdoria,28.0,1992.0,2020-2021,ITA
Mattéo Tramoni,2e0ae188,frFRA,"FW,MF",Cagliari,20.0,2000.0,2020-2021,ITA
Chaka Traorè,ee6e2b92,ciCIV,FW,Parma,15.0,2004.0,2020-2021,ITA
Alessandro Tripaldelli,4571fa88,itITA,"DF,MF",Cagliari,21.0,1999.0,2020-2021,ITA
Alessandro Tuia,26c54058,itITA,DF,Benevento,30.0,1990.0,2020-2021,ITA
Ľubomír Tupta,b02af64f,skSVK,MF,Hellas Verona,22.0,1998.0,2020-2021,ITA
Destiny Udogie,7cd520e8,itITA,"DF,MF",Hellas Verona,17.0,2002.0,2020-2021,ITA
Samir Ujkani,96640846,xkKVX,GK,Torino,32.0,1988.0,2020-2021,ITA
Kacper Urbanski,2d9d9e42,plPOL,MF,Bologna,15.0,2004.0,2020-2021,ITA
Lautaro Valenti,55db5c36,arARG,DF,Parma,21.0,1999.0,2020-2021,ITA
Borja Valero,0e21fc3c,esESP,"MF,FW",Fiorentina,35.0,1985.0,2020-2021,ITA
Denis Vavro,08990838,skSVK,DF,Lazio,24.0,1996.0,2020-2021,ITA
Matías Vecino,44ac04e9,uyURU,MF,Inter,28.0,1991.0,2020-2021,ITA
Miguel Veloso,ab1ca213,ptPOR,MF,Hellas Verona,34.0,1986.0,2020-2021,ITA
Lorenzo Venuti,983ff2c7,itITA,MF,Fiorentina,25.0,1995.0,2020-2021,ITA
Daniele Verde,d3298c99,itITA,FW,Spezia,24.0,1996.0,2020-2021,ITA
Simone Verdi,0375723e,itITA,"FW,MF",Torino,28.0,1992.0,2020-2021,ITA
Jordan Veretout,4a56052c,frFRA,MF,Roma,27.0,1993.0,2020-2021,ITA
Edoardo Vergani,2873973b,itITA,FW,Bologna,19.0,2001.0,2020-2021,ITA
Valerio Verre,33ecf462,itITA,MF,Sampdoria,26.0,1994.0,2020-2021,ITA
Guglielmo Vicario,77d6fd4d,itITA,GK,Cagliari,23.0,1996.0,2020-2021,ITA
Arturo Vidal,67cdbc0e,clCHI,MF,Inter,33.0,1987.0,2020-2021,ITA
Ronaldo Vieira,75e60d75,gwGNB,MF,Hellas Verona,22.0,1998.0,2020-2021,ITA
Luca Vignali,c1e8e74e,itITA,DF,Spezia,24.0,1996.0,2020-2021,ITA
Emanuel Vignato,ec5dae45,itITA,MF,Bologna,19.0,2000.0,2020-2021,ITA
Gonzalo Villar,bdc74a8f,esESP,MF,Roma,22.0,1998.0,2020-2021,ITA
Nicolas Viola,45392b06,itITA,MF,Benevento,30.0,1989.0,2020-2021,ITA
Dušan Vlahović,79443529,rsSRB,FW,Fiorentina,20.0,2000.0,2020-2021,ITA
Mërgim Vojvoda,be2706c0,xkKVX,"MF,DF",Torino,25.0,1995.0,2020-2021,ITA
Stefan de Vrij,d0d8dd44,nlNED,DF,Inter,28.0,1992.0,2020-2021,ITA
Giacomo Vrioni,bf4d31d3,alALB,FW,Juventus,21.0,1998.0,2020-2021,ITA
Miloš Vulić,5944af8f,rsSRB,MF,Crotone,23.0,1996.0,2020-2021,ITA
Walace,26db8853,brBRA,MF,Udinese,25.0,1995.0,2020-2021,ITA
Sebastian Walukiewicz,217875a4,plPOL,DF,Cagliari,20.0,2000.0,2020-2021,ITA
Maya Yoshida,caffaf5a,jpJPN,DF,Sampdoria,31.0,1988.0,2020-2021,ITA
Ashley Young,be927d03,engENG,MF,Inter,35.0,1985.0,2020-2021,ITA
Mattia Zaccagni,d85c238b,itITA,MF,Hellas Verona,25.0,1995.0,2020-2021,ITA
Vasilios Zagaritis,b4a3d61a,grGRE,DF,Parma,19.0,2001.0,2020-2021,ITA
Miha Zajc,83e4643e,siSVN,MF,Genoa,26.0,1994.0,2020-2021,ITA
Nicola Zalewski,45191c29,plPOL,MF,Roma,18.0,2002.0,2020-2021,ITA
Niccolò Zanellato,741e058f,itITA,MF,Crotone,22.0,1998.0,2020-2021,ITA
Cristián Zapata,b1deecf8,coCOL,DF,Genoa,33.0,1986.0,2020-2021,ITA
Duván Zapata,d3de9af0,coCOL,FW,Atalanta,29.0,1991.0,2020-2021,ITA
Gabriele Zappa,ca3db240,itITA,"DF,MF",Cagliari,20.0,1999.0,2020-2021,ITA
Davide Zappacosta,7fe90ccd,itITA,MF,Genoa,28.0,1992.0,2020-2021,ITA
Simone Zaza,9592289a,itITA,FW,Torino,29.0,1991.0,2020-2021,ITA
Marvin Zeegelaar,8abd0c03,nlNED,"MF,DF",Udinese,29.0,1990.0,2020-2021,ITA
Piotr Zieliński,a5296e55,plPOL,MF,Napoli,26.0,1994.0,2020-2021,ITA
Joshua Zirkzee,028e70b9,nlNED,FW,Parma,19.0,2001.0,2020-2021,ITA
Jeroen Zoet,cc1a0c57,nlNED,GK,Spezia,29.0,1991.0,2020-2021,ITA
Filip Đuričić,eccbe56a,rsSRB,MF,Sassuolo,28.0,1992.0,2020-2021,ITA
David Abraham,565bf0da,arARG,DF,Eintracht Frankfurt,34.0,1986.0,2020-2021,GER
Amir Abrashi,1c08a3c8,alALB,MF,Freiburg,30.0,1990.0,2020-2021,GER
Ragnar Ache,dc38e3bc,deGER,FW,Eintracht Frankfurt,22.0,1998.0,2020-2021,GER
Tyler Adams,2b09d998,usUSA,MF,RB Leipzig,21.0,1999.0,2020-2021,GER
Sargis Adamyan,22919e97,amARM,MF,Hoffenheim,27.0,1993.0,2020-2021,GER
Felix Agu,cb6d81b3,ngNGA,MF,Werder Bremen,20.0,1999.0,2020-2021,GER
Naouirou Ahamada,a6c58494,frFRA,MF,Stuttgart,18.0,2002.0,2020-2021,GER
Manuel Akanji,89ac64a6,chSUI,DF,Dortmund,25.0,1995.0,2020-2021,GER
Kevin Akpoguma,6ec6fde0,ngNGA,"DF,MF",Hoffenheim,25.0,1995.0,2020-2021,GER
David Alaba,05439de2,atAUT,"DF,MF",Bayern Munich,28.0,1992.0,2020-2021,GER
Lucas Alario,834d0be5,arARG,FW,Leverkusen,27.0,1992.0,2020-2021,GER
Omar Alderete,bb08bce9,pyPAR,DF,Hertha BSC,23.0,1996.0,2020-2021,GER
Nadiem Amiri,555d5edd,deGER,MF,Leverkusen,23.0,1996.0,2020-2021,GER
Sebastian Andersson,b4cf5806,seSWE,FW,Köln,29.0,1991.0,2020-2021,GER
Robert Andrich,e0b113a7,deGER,MF,Union Berlin,25.0,1994.0,2020-2021,GER
Angeliño,30941e96,esESP,"MF,DF",RB Leipzig,23.0,1997.0,2020-2021,GER
Waldemar Anton,5e66fa06,deGER,DF,Stuttgart,24.0,1996.0,2020-2021,GER
Charles Aránguiz,56413b1f,clCHI,MF,Leverkusen,31.0,1989.0,2020-2021,GER
Santiago Arias,fdd60087,coCOL,DF,Leverkusen,28.0,1992.0,2020-2021,GER
Maximilian Arnold,86e119e0,deGER,MF,Wolfsburg,26.0,1994.0,2020-2021,GER
Tolu Arokodare,a42760bc,ngNGA,FW,Köln,19.0,2000.0,2020-2021,GER
Santiago Ascacíbar,e26fcca3,arARG,MF,Hertha BSC,23.0,1997.0,2020-2021,GER
Ludwig Augustinsson,9fec8860,seSWE,"MF,DF",Werder Bremen,26.0,1994.0,2020-2021,GER
Taiwo Awoniyi,e5478b87,ngNGA,FW,Union Berlin,22.0,1997.0,2020-2021,GER
Mehmet Aydin,fe46e261,deGER,MF,Schalke 04,18.0,2002.0,2020-2021,GER
Leon Bailey,3a233281,jmJAM,"FW,MF",Leverkusen,22.0,1997.0,2020-2021,GER
Ridle Baku,442b56fa,deGER,"MF,DF",Wolfsburg,22.0,1998.0,2020-2021,GER
Ridle Baku,442b56fa,deGER,DF,Mainz 05,22.0,1998.0,2020-2021,GER
Philipp Bargfrede,3f7cd8f1,deGER,MF,Werder Bremen,31.0,1989.0,2020-2021,GER
Aymen Barkok,a2a85828,maMAR,"MF,FW",Eintracht Frankfurt,22.0,1998.0,2020-2021,GER
Leandro Barreiro Martins,00242b75,luLUX,MF,Mainz 05,20.0,2000.0,2020-2021,GER
Jacob Barrett Laursen,c0d3bd23,dkDEN,DF,Arminia,25.0,1994.0,2020-2021,GER
Oliver Baumann,47064058,deGER,GK,Hoffenheim,30.0,1990.0,2020-2021,GER
Julian Baumgartlinger,69374ff5,atAUT,MF,Leverkusen,32.0,1988.0,2020-2021,GER
Christoph Baumgartner,437f2b00,atAUT,"MF,FW",Hoffenheim,20.0,1999.0,2020-2021,GER
Noah Joel Sarenren Bazee,fbbc8e15,ngNGA,"FW,MF",Augsburg,23.0,1996.0,2020-2021,GER
Ihlas Bebou,a53b661f,tgTOG,"FW,MF",Hoffenheim,26.0,1994.0,2020-2021,GER
Sheraldo Becker,8eb55dbb,srSUR,"MF,FW",Union Berlin,25.0,1995.0,2020-2021,GER
Timo Becker,543ddcaf,deGER,DF,Schalke 04,23.0,1997.0,2020-2021,GER
Brian Behrendt,b1a21aca,deGER,"DF,MF",Arminia,28.0,1991.0,2020-2021,GER
Maximilian Beier,5db45ee5,deGER,"FW,MF",Hoffenheim,17.0,2002.0,2020-2021,GER
Ishak Belfodil,ff182fdc,dzALG,FW,Hoffenheim,28.0,1992.0,2020-2021,GER
Stefan Bell,857a5abe,deGER,DF,Mainz 05,28.0,1991.0,2020-2021,GER
Karim Bellarabi,bee0bab1,deGER,MF,Leverkusen,30.0,1990.0,2020-2021,GER
Jude Bellingham,57d88cf9,engENG,MF,Dortmund,17.0,2003.0,2020-2021,GER
Lars Bender,c50281a0,deGER,DF,Leverkusen,31.0,1989.0,2020-2021,GER
Sven Bender,070ec0b1,deGER,DF,Leverkusen,31.0,1989.0,2020-2021,GER
László Bénes,fe888e39,skSVK,"MF,FW",Augsburg,22.0,1997.0,2020-2021,GER
László Bénes,fe888e39,skSVK,MF,Gladbach,22.0,1997.0,2020-2021,GER
Ramy Bensebaini,378825c7,dzALG,DF,Gladbach,25.0,1995.0,2020-2021,GER
Nabil Bentaleb,3189f61a,dzALG,MF,Schalke 04,25.0,1994.0,2020-2021,GER
Jordan Beyer,9af1f9ff,deGER,DF,Gladbach,20.0,2000.0,2020-2021,GER
Bartosz Białek,763b8b37,plPOL,FW,Wolfsburg,18.0,2001.0,2020-2021,GER
Ermin Bičakčić,7aac47fe,baBIH,DF,Hoffenheim,30.0,1990.0,2020-2021,GER
Leonardo Bittencourt,dc62fbee,deGER,MF,Werder Bremen,26.0,1993.0,2020-2021,GER
Jérôme Boateng,2db2fd7b,deGER,DF,Bayern Munich,31.0,1988.0,2020-2021,GER
Jean-Paul Boëtius,635f2732,srSUR,"MF,FW",Mainz 05,26.0,1994.0,2020-2021,GER
Melayro Bogarde,1fda91b3,nlNED,DF,Hoffenheim,18.0,2002.0,2020-2021,GER
Elias Bördner,8758ddf4,deGER,GK,Eintracht Frankfurt,18.0,2002.0,2020-2021,GER
Dennis Borkowski,78b9e99c,deGER,"FW,MF",RB Leipzig,18.0,2002.0,2020-2021,GER
Sebastiaan Bornauw,01834aa0,beBEL,DF,Köln,21.0,1999.0,2020-2021,GER
Nassim Boujellab,541127d5,maMAR,"MF,FW",Schalke 04,21.0,1999.0,2020-2021,GER
Dedryck Boyata,7c473e12,beBEL,DF,Hertha BSC,29.0,1990.0,2020-2021,GER
Can Bozdogan,b797f558,deGER,MF,Schalke 04,19.0,2001.0,2020-2021,GER
Julian Brandt,a167537f,deGER,"MF,FW",Dortmund,24.0,1996.0,2020-2021,GER
Fabian Bredlow,d28339cb,deGER,GK,Stuttgart,25.0,1995.0,2020-2021,GER
Josip Brekalo,d4a2533d,hrCRO,"MF,FW",Wolfsburg,22.0,1998.0,2020-2021,GER
Joshua Brenet,2b5527c4,cwCUW,DF,Hoffenheim,26.0,1994.0,2020-2021,GER
John Brooks,e27da244,usUSA,DF,Wolfsburg,27.0,1993.0,2020-2021,GER
Daniel Brosinski,a7813ac4,deGER,"DF,MF",Mainz 05,32.0,1988.0,2020-2021,GER
Cédric Brunner,f0a37d36,chSUI,DF,Arminia,26.0,1994.0,2020-2021,GER
Jacob Bruun Larsen,4e204552,dkDEN,MF,Hoffenheim,21.0,1998.0,2020-2021,GER
Marius Bülter,ab5b7dc1,deGER,"MF,FW",Union Berlin,27.0,1993.0,2020-2021,GER
Jonathan Burkardt,05f99a4a,deGER,"MF,FW",Mainz 05,20.0,2000.0,2020-2021,GER
Nishan Burkart,c59b67ed,chSUI,"FW,MF",Freiburg,20.0,2000.0,2020-2021,GER
Roman Bürki,9d12e142,chSUI,GK,Dortmund,29.0,1990.0,2020-2021,GER
Kerim Calhanoglu,d1db4b83,deGER,MF,Schalke 04,17.0,2002.0,2020-2021,GER
Daniel Caligiuri,d1273f09,itITA,MF,Augsburg,32.0,1988.0,2020-2021,GER
Emre Can,a65ce836,deGER,"DF,MF",Dortmund,26.0,1994.0,2020-2021,GER
Koen Casteels,db401046,beBEL,GK,Wolfsburg,28.0,1992.0,2020-2021,GER
Gonzalo Castro,68829001,deGER,MF,Stuttgart,33.0,1987.0,2020-2021,GER
Sava Cestic,0b7dae21,rsSRB,DF,Köln,19.0,2001.0,2020-2021,GER
Timothy Chandler,b3b7f5a6,usUSA,MF,Eintracht Frankfurt,30.0,1990.0,2020-2021,GER
Kwon Chang-hoon,7961f7aa,krKOR,FW,Freiburg,26.0,1994.0,2020-2021,GER
Tahith Chong,2696b6a9,cwCUW,"MF,FW",Werder Bremen,20.0,1999.0,2020-2021,GER
Darko Churlinov,c6608135,mkMKD,"FW,MF",Stuttgart,20.0,2000.0,2020-2021,GER
Tim Civeja,59a48c59,alALB,MF,Augsburg,18.0,2002.0,2020-2021,GER
Kingsley Coman,042e8a49,frFRA,MF,Bayern Munich,24.0,1996.0,2020-2021,GER
Jhon Córdoba,9f381d8b,coCOL,FW,Hertha BSC,27.0,1993.0,2020-2021,GER
Sergio Córdova,229cd98a,veVEN,"FW,MF",Arminia,22.0,1997.0,2020-2021,GER
Danny da Costa,5ddb8f9f,deGER,MF,Mainz 05,27.0,1993.0,2020-2021,GER
Danny da Costa,5ddb8f9f,deGER,MF,Eintracht Frankfurt,27.0,1993.0,2020-2021,GER
Douglas Costa,4fa7cb9b,brBRA,MF,Bayern Munich,29.0,1990.0,2020-2021,GER
Tanguy Coulibaly,05ba9d7c,frFRA,"MF,FW",Stuttgart,19.0,2001.0,2020-2021,GER
Mickaël Cuisance,5722eced,frFRA,MF,Bayern Munich,20.0,1999.0,2020-2021,GER
Matheus Cunha,dc62b55d,brBRA,"MF,FW",Hertha BSC,21.0,1999.0,2020-2021,GER
Rafael Czichos,b0a0698b,deGER,DF,Köln,30.0,1990.0,2020-2021,GER
Moanes Dabbur,eac044ad,ilISR,FW,Hoffenheim,28.0,1992.0,2020-2021,GER
Finn Dahmen,dee3013b,deGER,GK,Mainz 05,22.0,1998.0,2020-2021,GER
Mahmoud Dahoud,db4ed67b,deGER,MF,Dortmund,24.0,1996.0,2020-2021,GER
Leon Dajaku,aeaf1bc1,deGER,"FW,MF",Union Berlin,19.0,2001.0,2020-2021,GER
Tiago Dantas,234204f4,ptPOR,MF,Bayern Munich,19.0,2000.0,2020-2021,GER
Márton Dárdai,41bff4fa,huHUN,"DF,MF",Hertha BSC,18.0,2002.0,2020-2021,GER
Vladimír Darida,3eb0f2df,czCZE,MF,Hertha BSC,29.0,1990.0,2020-2021,GER
Alphonso Davies,d781d855,caCAN,DF,Bayern Munich,19.0,2000.0,2020-2021,GER
Thomas Delaney,fe641c1a,dkDEN,MF,Dortmund,28.0,1991.0,2020-2021,GER
Kerem Demirbay,54b4dc4e,deGER,MF,Leverkusen,27.0,1993.0,2020-2021,GER
Ermedin Demirović,ed79b7d3,baBIH,FW,Freiburg,22.0,1998.0,2020-2021,GER
Emmanuel Dennis,2c44a35d,ngNGA,FW,Köln,22.0,1997.0,2020-2021,GER
Mike van der Hoorn,25f50295,nlNED,DF,Arminia,27.0,1992.0,2020-2021,GER
Moussa Diaby,aeed5c06,frFRA,"FW,MF",Leverkusen,21.0,1999.0,2020-2021,GER
Daniel Didavi,d3096421,deGER,"MF,FW",Stuttgart,30.0,1990.0,2020-2021,GER
Javairô Dilrosun,34a0f5ff,nlNED,"MF,FW",Hertha BSC,22.0,1998.0,2020-2021,GER
Eren Dinkçi,4ccd8957,deGER,MF,Werder Bremen,18.0,2001.0,2020-2021,GER
Jonas Dirkner,d699d8ef,deGER,MF,Hertha BSC,18.0,2002.0,2020-2021,GER
Ritsu Doan,d01bbb6f,jpJPN,"MF,FW",Arminia,22.0,1998.0,2020-2021,GER
Ji Dong-won,7d841904,krKOR,"FW,MF",Mainz 05,29.0,1991.0,2020-2021,GER
Bas Dost,dc90cfbe,nlNED,FW,Eintracht Frankfurt,31.0,1989.0,2020-2021,GER
Aleksandar Dragović,6fd8a334,atAUT,DF,Leverkusen,29.0,1991.0,2020-2021,GER
Dominick Drexler,809940aa,deGER,"MF,FW",Köln,30.0,1990.0,2020-2021,GER
Ondrej Duda,79ca3e23,skSVK,"FW,MF",Köln,25.0,1994.0,2020-2021,GER
Erik Durm,cf623c78,deGER,MF,Eintracht Frankfurt,28.0,1992.0,2020-2021,GER
Johannes Eggestein,d571df78,deGER,FW,Werder Bremen,22.0,1998.0,2020-2021,GER
Maximilian Eggestein,beb882a8,deGER,MF,Werder Bremen,23.0,1996.0,2020-2021,GER
Lilian Egloff,2f7fec15,deGER,MF,Stuttgart,17.0,2002.0,2020-2021,GER
Kingsley Ehizibue,76b2817e,nlNED,"DF,MF",Köln,25.0,1995.0,2020-2021,GER
Nico Elvedi,48035304,chSUI,DF,Gladbach,23.0,1996.0,2020-2021,GER
Breel Embolo,0b4f388a,chSUI,"FW,MF",Gladbach,23.0,1997.0,2020-2021,GER
Keita Endo,1a83027b,jpJPN,MF,Union Berlin,22.0,1997.0,2020-2021,GER
Wataru Endo,c149016b,jpJPN,MF,Stuttgart,27.0,1993.0,2020-2021,GER
Patrick Erras,e3f6253d,deGER,"DF,MF",Werder Bremen,25.0,1995.0,2020-2021,GER
Ralf Fährmann,1e43fad8,deGER,GK,Schalke 04,31.0,1988.0,2020-2021,GER
Ohis Felix Uduokhai,677da306,deGER,DF,Augsburg,22.0,1997.0,2020-2021,GER
Edimilson Fernandes,3bb625ac,chSUI,"MF,DF",Mainz 05,24.0,1996.0,2020-2021,GER
Alfreð Finnbogason,f9e7c4ac,isISL,FW,Augsburg,31.0,1989.0,2020-2021,GER
Mark Flekken,a92ab7be,nlNED,GK,Freiburg,27.0,1993.0,2020-2021,GER
Florian Flick,9642c929,deGER,MF,Schalke 04,20.0,2000.0,2020-2021,GER
Emil Forsberg,9a2e0ccc,seSWE,"FW,MF",RB Leipzig,28.0,1991.0,2020-2021,GER
Philipp Förster,76fa965f,deGER,MF,Stuttgart,25.0,1995.0,2020-2021,GER
Timothy Fosu-Mensah,a9142dc3,nlNED,DF,Leverkusen,22.0,1998.0,2020-2021,GER
Raphael Framberger,626fab5f,deGER,DF,Augsburg,24.0,1995.0,2020-2021,GER
Marco Friedl,f86ad3f5,atAUT,DF,Werder Bremen,22.0,1998.0,2020-2021,GER
Marvin Friedrich,b77f44a4,deGER,DF,Union Berlin,24.0,1995.0,2020-2021,GER
Jeremie Frimpong,74f2e748,nlNED,"DF,MF",Leverkusen,19.0,2000.0,2020-2021,GER
Niclas Füllkrug,4f16405e,deGER,"FW,MF",Werder Bremen,27.0,1993.0,2020-2021,GER
Mijat Gaćinović,16daec92,rsSRB,"MF,FW",Hoffenheim,25.0,1995.0,2020-2021,GER
Christian Gebauer,d847944b,atAUT,MF,Arminia,26.0,1993.0,2020-2021,GER
Theodor Gebre Selassie,3f65898c,czCZE,"MF,DF",Werder Bremen,33.0,1986.0,2020-2021,GER
Emrehan Gedikli,62f94e47,deGER,FW,Leverkusen,17.0,2003.0,2020-2021,GER
Dennis Geiger,37f606f0,deGER,MF,Hoffenheim,22.0,1998.0,2020-2021,GER
Christian Gentner,a4f94a0d,deGER,MF,Union Berlin,34.0,1985.0,2020-2021,GER
Yannick Gerhardt,62ab9184,deGER,MF,Wolfsburg,26.0,1994.0,2020-2021,GER
Hamadi Al Ghaddioui,5723931e,maMAR,FW,Stuttgart,29.0,1990.0,2020-2021,GER
Niko Gießelmann,7242b495,deGER,"MF,DF",Union Berlin,28.0,1991.0,2020-2021,GER
Rafał Gikiewicz,17376543,plPOL,GK,Augsburg,32.0,1987.0,2020-2021,GER
Daniel Ginczek,e5f63987,deGER,FW,Wolfsburg,29.0,1991.0,2020-2021,GER
Matthias Ginter,f521b80a,deGER,DF,Gladbach,26.0,1994.0,2020-2021,GER
Robert Glatzel,18a9efe4,deGER,FW,Mainz 05,26.0,1994.0,2020-2021,GER
Serge Gnabry,88e357ef,deGER,MF,Bayern Munich,25.0,1995.0,2020-2021,GER
Akaki Gogia,deee6467,deGER,"FW,MF",Union Berlin,28.0,1992.0,2020-2021,GER
Nicolás González,2374aaca,arARG,"FW,MF",Stuttgart,22.0,1998.0,2020-2021,GER
Leon Goretzka,cc86b9a3,deGER,MF,Bayern Munich,25.0,1995.0,2020-2021,GER
Jeffrey Gouweleeuw,1025db8e,nlNED,DF,Augsburg,29.0,1991.0,2020-2021,GER
Demarai Gray,4468ec10,jmJAM,"FW,MF",Leverkusen,24.0,1996.0,2020-2021,GER
Michael Gregoritsch,8e235926,atAUT,"FW,MF",Augsburg,26.0,1994.0,2020-2021,GER
Sebastian Griesbeck,a8db7ebb,deGER,MF,Union Berlin,29.0,1990.0,2020-2021,GER
Vincenzo Grifo,54e4866f,itITA,"MF,FW",Freiburg,27.0,1993.0,2020-2021,GER
Lennart Grill,37998008,deGER,GK,Leverkusen,21.0,1999.0,2020-2021,GER
Florian Grillitsch,ffbbc83b,atAUT,"MF,DF",Hoffenheim,24.0,1995.0,2020-2021,GER
Christian Groß,14a7af33,deGER,"MF,DF",Werder Bremen,31.0,1989.0,2020-2021,GER
Ilia Gruev,1fc4f3d1,bgBUL,MF,Werder Bremen,20.0,2000.0,2020-2021,GER
Carlos Gruezo,f2dd9a21,ecECU,MF,Augsburg,25.0,1995.0,2020-2021,GER
Mattéo Guendouzi,5ea8ef20,frFRA,MF,Hertha BSC,21.0,1999.0,2020-2021,GER
Raphaël Guerreiro,048a1cbc,ptPOR,"DF,MF",Dortmund,26.0,1993.0,2020-2021,GER
Josuha Guilavogui,e6c43eec,frFRA,"MF,DF",Wolfsburg,29.0,1990.0,2020-2021,GER
Péter Gulácsi,bcb2ccd8,huHUN,GK,RB Leipzig,30.0,1990.0,2020-2021,GER
Manuel Gulde,25ab9c9c,deGER,DF,Freiburg,29.0,1991.0,2020-2021,GER
Robert Gumny,1df0c0b9,plPOL,DF,Augsburg,22.0,1998.0,2020-2021,GER
Christian Günter,8593f88c,deGER,"DF,MF",Freiburg,27.0,1993.0,2020-2021,GER
Erling Haaland,1f44ac21,noNOR,FW,Dortmund,20.0,2000.0,2020-2021,GER
Janik Haberer,70dcf94d,deGER,"MF,FW",Freiburg,26.0,1994.0,2020-2021,GER
Alexander Hack,a5ec3ede,deGER,DF,Mainz 05,26.0,1993.0,2020-2021,GER
André Hahn,cd82452e,deGER,"MF,FW",Augsburg,29.0,1990.0,2020-2021,GER
Amadou Haidara,92432bc6,mlMLI,MF,RB Leipzig,22.0,1998.0,2020-2021,GER
Marcel Halstenberg,8ff2354e,deGER,DF,RB Leipzig,28.0,1991.0,2020-2021,GER
Amine Harit,e7d59f4f,maMAR,"MF,FW",Schalke 04,23.0,1997.0,2020-2021,GER
Marcel Hartel,614eca9b,deGER,MF,Arminia,24.0,1996.0,2020-2021,GER
Makoto Hasebe,9ab16552,jpJPN,"MF,DF",Eintracht Frankfurt,36.0,1984.0,2020-2021,GER
Thorgan Hazard,50871bcc,beBEL,"MF,FW",Dortmund,27.0,1993.0,2020-2021,GER
Jonas Hector,c2009df3,deGER,MF,Köln,30.0,1990.0,2020-2021,GER
Hwang Hee-chan,169fd162,krKOR,"FW,MF",RB Leipzig,24.0,1996.0,2020-2021,GER
Dominique Heintz,699fb8db,deGER,DF,Freiburg,26.0,1993.0,2020-2021,GER
Benjamin Henrichs,0a89e877,deGER,"MF,DF",RB Leipzig,23.0,1997.0,2020-2021,GER
Lucas Hernández,c3ee18ef,frFRA,DF,Bayern Munich,24.0,1996.0,2020-2021,GER
Patrick Herrmann,dfb6490a,deGER,"MF,FW",Gladbach,29.0,1991.0,2020-2021,GER
Martin Hinteregger,080440a4,atAUT,DF,Eintracht Frankfurt,27.0,1992.0,2020-2021,GER
Marwin Hitz,2e7ff968,chSUI,GK,Dortmund,32.0,1987.0,2020-2021,GER
Nicolas Höfler,5d8e331f,deGER,MF,Freiburg,30.0,1990.0,2020-2021,GER
Jonas Hofmann,2903a856,deGER,MF,Gladbach,28.0,1992.0,2020-2021,GER
Marco Höger,4114f306,deGER,DF,Köln,30.0,1989.0,2020-2021,GER
Lucas Höler,ca618d23,deGER,"FW,MF",Freiburg,26.0,1994.0,2020-2021,GER
Matthew Hoppe,1bc432b7,usUSA,FW,Schalke 04,19.0,2001.0,2020-2021,GER
Jannes Horn,2b83fa49,deGER,"DF,MF",Köln,23.0,1997.0,2020-2021,GER
Timo Horn,3cd9e95a,deGER,GK,Köln,27.0,1993.0,2020-2021,GER
Lukáš Hrádecký,ad3389d5,fiFIN,GK,Leverkusen,30.0,1989.0,2020-2021,GER
Ajdin Hrustic,1f2d714c,auAUS,MF,Eintracht Frankfurt,24.0,1996.0,2020-2021,GER
Florian Hübner,e87ad81a,deGER,DF,Union Berlin,29.0,1991.0,2020-2021,GER
Mats Hummels,05d548d8,deGER,DF,Dortmund,31.0,1988.0,2020-2021,GER
Klaas-Jan Huntelaar,5042e5c2,nlNED,FW,Schalke 04,36.0,1983.0,2020-2021,GER
Iago,054849d2,brBRA,"DF,MF",Augsburg,23.0,1997.0,2020-2021,GER
Vedad Ibišević,c3fd9887,baBIH,FW,Schalke 04,35.0,1984.0,2020-2021,GER
Blendi Idrizi,58450270,xkKVX,MF,Schalke 04,22.0,1998.0,2020-2021,GER
Stefan Ilsanker,8494acc4,atAUT,"MF,DF",Eintracht Frankfurt,31.0,1989.0,2020-2021,GER
Marcus Ingvartsen,271b8617,dkDEN,MF,Union Berlin,24.0,1996.0,2020-2021,GER
Abass Issah,2590ddf7,ghGHA,"FW,MF",Mainz 05,21.0,1998.0,2020-2021,GER
Ismail Jakobs,a0415710,snSEN,"MF,DF",Köln,20.0,1999.0,2020-2021,GER
Tony Jantschke,34b54da7,deGER,DF,Gladbach,30.0,1990.0,2020-2021,GER
Rune Jarstein,27d2618c,noNOR,GK,Hertha BSC,35.0,1984.0,2020-2021,GER
Tin Jedvaj,f820504e,hrCRO,DF,Leverkusen,24.0,1995.0,2020-2021,GER
Fredrik Jensen,3eeb80e0,fiFIN,FW,Augsburg,22.0,1997.0,2020-2021,GER
Marco John,d9e196bf,deGER,MF,Hoffenheim,18.0,2002.0,2020-2021,GER
Luka Jović,4d8cd038,rsSRB,FW,Eintracht Frankfurt,22.0,1997.0,2020-2021,GER
Ozan Kabak,2d61d13a,trTUR,DF,Schalke 04,20.0,2000.0,2020-2021,GER
Pavel Kadeřábek,79c90e45,czCZE,"MF,DF",Hoffenheim,28.0,1992.0,2020-2021,GER
Florian Kainz,94c18565,atAUT,MF,Köln,27.0,1992.0,2020-2021,GER
Sasa Kalajdzic,15f24fe7,atAUT,FW,Stuttgart,23.0,1997.0,2020-2021,GER
Daichi Kamada,15b287da,jpJPN,MF,Eintracht Frankfurt,23.0,1996.0,2020-2021,GER
Marcin Kamiński,463503e2,plPOL,DF,Stuttgart,28.0,1992.0,2020-2021,GER
Kevin Kampl,b825a650,siSVN,MF,RB Leipzig,29.0,1990.0,2020-2021,GER
Jimmy Kaparos,11bc43f4,doDOM,MF,Schalke 04,18.0,2001.0,2020-2021,GER
Atakan Karazor,5762be5c,trTUR,"DF,MF",Stuttgart,23.0,1996.0,2020-2021,GER
Loris Karius,32e7ce92,deGER,GK,Union Berlin,27.0,1993.0,2020-2021,GER
Silas Katompa,de4cac2d,cdCOD,MF,Stuttgart,21.0,1998.0,2020-2021,GER
Noah Katterbach,e27de4fa,deGER,"DF,MF",Köln,19.0,2001.0,2020-2021,GER
Yannik Keitel,d2c580ce,deGER,MF,Freiburg,20.0,2000.0,2020-2021,GER
Marc-Oliver Kempf,815c314f,deGER,DF,Stuttgart,25.0,1995.0,2020-2021,GER
Rani Khedira,59e4b92e,deGER,MF,Augsburg,26.0,1994.0,2020-2021,GER
Sami Khedira,38ac43d3,deGER,MF,Hertha BSC,33.0,1987.0,2020-2021,GER
Luca Kilian,610aa1e9,deGER,DF,Mainz 05,20.0,1999.0,2020-2021,GER
Joshua Kimmich,49296448,deGER,MF,Bayern Munich,25.0,1995.0,2020-2021,GER
Davy Klaassen,15fd5593,nlNED,MF,Werder Bremen,27.0,1993.0,2020-2021,GER
Felix Klaus,aeda1f69,deGER,DF,Wolfsburg,27.0,1992.0,2020-2021,GER
Klauss,f5ae006d,brBRA,FW,Hoffenheim,23.0,1997.0,2020-2021,GER
Philipp Klement,0cddeaa7,deGER,MF,Stuttgart,27.0,1992.0,2020-2021,GER
Mateo Klimowicz,2b7c56b4,deGER,"FW,MF",Stuttgart,20.0,2000.0,2020-2021,GER
Fabian Klos,e21042ae,deGER,FW,Arminia,32.0,1987.0,2020-2021,GER
Lukas Klostermann,ca8033cb,deGER,DF,RB Leipzig,24.0,1996.0,2020-2021,GER
Justin Kluivert,4c3a6744,nlNED,"MF,FW",RB Leipzig,21.0,1999.0,2020-2021,GER
Lukas Klünter,92948149,deGER,DF,Hertha BSC,24.0,1996.0,2020-2021,GER
Ansgar Knauff,19a967ab,deGER,MF,Dortmund,18.0,2002.0,2020-2021,GER
Robin Knoche,6bd5cd5d,deGER,DF,Union Berlin,28.0,1992.0,2020-2021,GER
Gregor Kobel,cd59b9df,chSUI,GK,Stuttgart,22.0,1997.0,2020-2021,GER
Dominik Kohr,0fbecd11,deGER,MF,Mainz 05,26.0,1994.0,2020-2021,GER
Dominik Kohr,0fbecd11,deGER,MF,Eintracht Frankfurt,26.0,1994.0,2020-2021,GER
Sead Kolašinac,3935e52e,baBIH,"MF,DF",Schalke 04,27.0,1993.0,2020-2021,GER
Ibrahima Konaté,5ed9b537,frFRA,DF,RB Leipzig,21.0,1999.0,2020-2021,GER
Filip Kostić,b1cd37e6,rsSRB,MF,Eintracht Frankfurt,27.0,1992.0,2020-2021,GER
Andrej Kramarić,603cb947,hrCRO,"FW,MF",Hoffenheim,29.0,1991.0,2020-2021,GER
Christoph Kramer,496aeede,deGER,MF,Gladbach,29.0,1991.0,2020-2021,GER
Max Kruse,f9446dcd,deGER,"FW,MF",Union Berlin,32.0,1988.0,2020-2021,GER
Lukas Kübler,2a29eb9b,deGER,DF,Freiburg,27.0,1992.0,2020-2021,GER
Pierre Kunde,9ceb7642,cmCMR,MF,Mainz 05,25.0,1995.0,2020-2021,GER
Fabian Kunze,d25fee56,deGER,MF,Arminia,22.0,1998.0,2020-2021,GER
Ahmed Kutucu,beda9675,trTUR,"FW,MF",Schalke 04,20.0,2000.0,2020-2021,GER
Maxence Lacroix,277c49ed,frFRA,DF,Wolfsburg,20.0,2000.0,2020-2021,GER
Konrad Laimer,c1b7847c,atAUT,MF,RB Leipzig,23.0,1997.0,2020-2021,GER
Stefan Lainer,4aea5077,atAUT,"DF,MF",Gladbach,27.0,1992.0,2020-2021,GER
Michael Langer,d20f088b,atAUT,GK,Schalke 04,35.0,1985.0,2020-2021,GER
Danny Latza,33b554b7,deGER,MF,Mainz 05,30.0,1989.0,2020-2021,GER
Valentino Lazaro,016ff750,atAUT,"MF,DF",Gladbach,24.0,1996.0,2020-2021,GER
Mathew Leckie,b93b7882,auAUS,MF,Hertha BSC,29.0,1991.0,2020-2021,GER
Christopher Lenz,bbd86530,deGER,"MF,DF",Union Berlin,25.0,1994.0,2020-2021,GER
Robert Lewandowski,8d78e732,plPOL,FW,Bayern Munich,31.0,1988.0,2020-2021,GER
Philipp Lienhart,302527b2,atAUT,DF,Freiburg,24.0,1996.0,2020-2021,GER
Dimitris Limnios,62c7067a,grGRE,MF,Köln,22.0,1998.0,2020-2021,GER
Niklas Lomb,9321b8ed,deGER,GK,Leverkusen,27.0,1993.0,2020-2021,GER
Eduard Löwen,70678132,deGER,MF,Hertha BSC,23.0,1997.0,2020-2021,GER
Jan Luca Schuler,6ca598d5,deGER,FW,Schalke 04,21.0,1999.0,2020-2021,GER
Anderson Lucoqui,5569bf9a,aoANG,DF,Arminia,23.0,1997.0,2020-2021,GER
Kilian Ludewig,9b1b7d78,deGER,"MF,DF",Schalke 04,20.0,2000.0,2020-2021,GER
Dodi Lukebakio,0c61c77c,beBEL,"FW,MF",Hertha BSC,22.0,1997.0,2020-2021,GER
Andreas Luthe,7fe12375,deGER,GK,Union Berlin,33.0,1987.0,2020-2021,GER
Tim Maciejewski,bfd522a6,deGER,MF,Union Berlin,19.0,2001.0,2020-2021,GER
Luca Mack,81868f73,deGER,MF,Stuttgart,20.0,2000.0,2020-2021,GER
Mikail Maden,fc0f3ef3,noNOR,MF,Schalke 04,18.0,2002.0,2020-2021,GER
Arne Maier,ab700320,deGER,MF,Arminia,21.0,1999.0,2020-2021,GER
Arne Maier,ab700320,deGER,MF,Hertha BSC,21.0,1999.0,2020-2021,GER
Yunus Mallı,f3722c97,trTUR,MF,Wolfsburg,28.0,1992.0,2020-2021,GER
Orel Mangala,a572e291,beBEL,MF,Stuttgart,22.0,1998.0,2020-2021,GER
Omar Marmoush,0e0102eb,egEGY,"FW,MF",Wolfsburg,21.0,1999.0,2020-2021,GER
Aarón Martín,2f3e911a,esESP,"MF,DF",Mainz 05,23.0,1997.0,2020-2021,GER
Javi Martínez,7f97771d,esESP,"MF,DF",Bayern Munich,31.0,1988.0,2020-2021,GER
Josep Martinez,11d8aff0,esESP,GK,RB Leipzig,22.0,1998.0,2020-2021,GER
Omar Mascarell,11fd2b75,gqEQG,MF,Schalke 04,27.0,1993.0,2020-2021,GER
Roberto Massimo,fc62fdf4,deGER,MF,Stuttgart,19.0,2000.0,2020-2021,GER
Jean-Philippe Mateta,50e6dc35,frFRA,FW,Mainz 05,23.0,1997.0,2020-2021,GER
Rabbi Matondo,33144cc5,wlsWAL,"MF,FW",Schalke 04,19.0,2000.0,2020-2021,GER
Henning Matriciani,ab3f1bdf,deGER,DF,Schalke 04,20.0,2000.0,2020-2021,GER
Konstantinos Mavropanos,00963611,grGRE,DF,Stuttgart,22.0,1997.0,2020-2021,GER
Eric Maxim Choupo-Moting,0e6bc38c,cmCMR,"FW,MF",Bayern Munich,31.0,1989.0,2020-2021,GER
Kevin Mbabu,493924a7,chSUI,DF,Wolfsburg,25.0,1995.0,2020-2021,GER
Jean-Manuel Mbom,1a5d7cb9,deGER,MF,Werder Bremen,20.0,2000.0,2020-2021,GER
Nathan de Medina,d686dbc0,beBEL,DF,Arminia,22.0,1997.0,2020-2021,GER
Joshua Mees,4b6dd263,deGER,"FW,MF",Union Berlin,24.0,1996.0,2020-2021,GER
Admir Mehmedi,b500b384,chSUI,"MF,FW",Wolfsburg,29.0,1991.0,2020-2021,GER
Hamza Mendyl,f99fe221,maMAR,MF,Schalke 04,22.0,1997.0,2020-2021,GER
Levent Mercan,33340bd6,deGER,"DF,MF",Schalke 04,19.0,2000.0,2020-2021,GER
Jorge Meré,9f979eb2,esESP,DF,Köln,23.0,1997.0,2020-2021,GER
Thomas Meunier,e162b013,beBEL,"DF,MF",Dortmund,28.0,1991.0,2020-2021,GER
Max Meyer,eba42d2b,deGER,MF,Köln,24.0,1995.0,2020-2021,GER
Jonas Michelbrink,f95d2f9d,deGER,MF,Hertha BSC,19.0,2001.0,2020-2021,GER
Maximilian Mittelstädt,88d4144a,deGER,"DF,MF",Hertha BSC,23.0,1997.0,2020-2021,GER
Anthony Modeste,34e4343c,frFRA,FW,Köln,32.0,1988.0,2020-2021,GER
Kevin Möhwald,a5ce09f2,deGER,MF,Werder Bremen,27.0,1993.0,2020-2021,GER
Niklas Moisander,00844823,fiFIN,DF,Werder Bremen,34.0,1985.0,2020-2021,GER
Alkhaly Momo Cissé,c51e68be,gnGUI,FW,Stuttgart,17.0,2002.0,2020-2021,GER
Jan Morávek,e7d22eae,czCZE,MF,Augsburg,30.0,1989.0,2020-2021,GER
Mateu Morey,5fd5e542,esESP,"DF,MF",Dortmund,20.0,2000.0,2020-2021,GER
Youssoufa Moukoko,6ce43701,deGER,FW,Dortmund,15.0,2004.0,2020-2021,GER
Nordi Mukiele,ac73ec79,frFRA,"DF,MF",RB Leipzig,22.0,1997.0,2020-2021,GER
Florian Müller,cbac6ec9,deGER,GK,Freiburg,22.0,1997.0,2020-2021,GER
Sebastian Müller,d3585b17,deGER,"FW,MF",Arminia,19.0,2001.0,2020-2021,GER
Thomas Müller,3c6089ab,deGER,MF,Bayern Munich,30.0,1989.0,2020-2021,GER
Petar Musa,4567a0b4,hrCRO,FW,Union Berlin,22.0,1998.0,2020-2021,GER
Jamal Musiala,2c0558b8,deGER,MF,Bayern Munich,17.0,2003.0,2020-2021,GER
Shkodran Mustafi,3f2d59fe,deGER,DF,Schalke 04,28.0,1992.0,2020-2021,GER
Phillipp Mwene,2ff76adc,atAUT,"MF,DF",Mainz 05,26.0,1994.0,2020-2021,GER
Obite N'Dicka,441197b8,ciCIV,DF,Eintracht Frankfurt,20.0,1999.0,2020-2021,GER
Matija Nastasić,f35430a4,rsSRB,DF,Schalke 04,27.0,1993.0,2020-2021,GER
Paul Nebel,1b6d8083,deGER,"FW,MF",Mainz 05,17.0,2002.0,2020-2021,GER
Luca Netz,e79269bd,deGER,DF,Hertha BSC,17.0,2003.0,2020-2021,GER
Manuel Neuer,8778c910,deGER,GK,Bayern Munich,34.0,1986.0,2020-2021,GER
Florian Neuhaus,36a59ba4,deGER,MF,Gladbach,23.0,1997.0,2020-2021,GER
Jessic Ngankam,bc249af8,deGER,FW,Hertha BSC,20.0,2000.0,2020-2021,GER
Moussa Niakhate,00242715,snSEN,DF,Mainz 05,24.0,1996.0,2020-2021,GER
Tanguy Nianzou,5853ac44,frFRA,DF,Bayern Munich,18.0,2002.0,2020-2021,GER
Florian Niederlechner,d6862409,deGER,FW,Augsburg,29.0,1990.0,2020-2021,GER
Joakim Nilsson,c562c5b4,seSWE,DF,Arminia,26.0,1994.0,2020-2021,GER
Christopher Nkunku,7c56da38,frFRA,"MF,FW",RB Leipzig,22.0,1997.0,2020-2021,GER
Håvard Nordtveit,6cafd68d,noNOR,DF,Hoffenheim,30.0,1990.0,2020-2021,GER
Alexander Nübel,afb0c500,deGER,GK,Bayern Munich,23.0,1996.0,2020-2021,GER
Kasim Nuhu,93a50d2c,ghGHA,DF,Hoffenheim,25.0,1995.0,2020-2021,GER
Bastian Oczipka,d1661819,deGER,"DF,MF",Schalke 04,31.0,1989.0,2020-2021,GER
Masaya Okugawa,63b9cc6d,jpJPN,MF,Arminia,24.0,1996.0,2020-2021,GER
Dani Olmo,ae44e8e2,esESP,MF,RB Leipzig,22.0,1998.0,2020-2021,GER
Karim Onisiwo,f26834c7,atAUT,"FW,MF",Mainz 05,28.0,1992.0,2020-2021,GER
Willi Orban,20030c06,huHUN,DF,RB Leipzig,27.0,1992.0,2020-2021,GER
Stefan Ortega,c1242d4e,deGER,GK,Arminia,27.0,1992.0,2020-2021,GER
Yuya Osako,f69fba57,jpJPN,"FW,MF",Werder Bremen,30.0,1990.0,2020-2021,GER
Paulo Otávio,1cbe4984,brBRA,DF,Wolfsburg,25.0,1994.0,2020-2021,GER
Reece Oxford,8b6e0db2,engENG,DF,Augsburg,21.0,1998.0,2020-2021,GER
Salih Özcan,15413fa5,trTUR,MF,Köln,22.0,1998.0,2020-2021,GER
Levin Öztunalı,66385c46,deGER,"MF,DF",Mainz 05,24.0,1996.0,2020-2021,GER
Gonçalo Paciência,962e54cb,ptPOR,FW,Schalke 04,25.0,1994.0,2020-2021,GER
Exequiel Palacios,e82adcab,arARG,MF,Leverkusen,21.0,1998.0,2020-2021,GER
Merveille Papela,b4b08774,deGER,MF,Mainz 05,19.0,2001.0,2020-2021,GER
Felix Passlack,5c899683,deGER,"DF,MF",Dortmund,22.0,1998.0,2020-2021,GER
Paulinho,53070b63,brBRA,FW,Leverkusen,20.0,2000.0,2020-2021,GER
Benjamin Pavard,45a03961,frFRA,DF,Bayern Munich,24.0,1996.0,2020-2021,GER
Jiří Pavlenka,0a1cb833,czCZE,GK,Werder Bremen,28.0,1992.0,2020-2021,GER
Vasileios Pavlidis,75422cbf,grGRE,DF,Schalke 04,17.0,2002.0,2020-2021,GER
Mads Pedersen,582a5247,dkDEN,"DF,MF",Augsburg,23.0,1996.0,2020-2021,GER
Peter Pekarík,c18d22f5,skSVK,DF,Hertha BSC,33.0,1986.0,2020-2021,GER
Philipp Pentke,c41f7379,deGER,GK,Hoffenheim,35.0,1985.0,2020-2021,GER
Pavao Pervan,c89e8aae,atAUT,GK,Wolfsburg,32.0,1987.0,2020-2021,GER
Nils Petersen,f93e6e94,deGER,FW,Freiburg,31.0,1988.0,2020-2021,GER
Lukas Petkov,f503ef6e,bgBUL,"FW,MF",Augsburg,19.0,2000.0,2020-2021,GER
Maximilian Philipp,061e8e23,deGER,MF,Wolfsburg,26.0,1994.0,2020-2021,GER
Krzysztof Piątek,17f3620a,plPOL,FW,Hertha BSC,25.0,1995.0,2020-2021,GER
Amos Pieper,526ea7cc,deGER,DF,Arminia,22.0,1998.0,2020-2021,GER
Łukasz Piszczek,fe2db476,plPOL,DF,Dortmund,35.0,1985.0,2020-2021,GER
Marvin Plattenhardt,f7aa75bd,deGER,DF,Hertha BSC,28.0,1992.0,2020-2021,GER
Alassane Pléa,bc6bd723,frFRA,FW,Gladbach,27.0,1993.0,2020-2021,GER
Joel Pohjanpalo,ea003d07,fiFIN,FW,Union Berlin,25.0,1994.0,2020-2021,GER
Joel Pohjanpalo,ea003d07,fiFIN,FW,Leverkusen,25.0,1994.0,2020-2021,GER
Marin Pongračić,2a6cd437,hrCRO,DF,Wolfsburg,22.0,1997.0,2020-2021,GER
Stefan Posch,7f609bfc,atAUT,DF,Hoffenheim,23.0,1997.0,2020-2021,GER
Yussuf Poulsen,d2416c2e,dkDEN,FW,RB Leipzig,26.0,1994.0,2020-2021,GER
Manuel Prietl,901c0f97,atAUT,MF,Arminia,28.0,1991.0,2020-2021,GER
Grischa Prömel,924f9191,deGER,MF,Union Berlin,25.0,1995.0,2020-2021,GER
Robin Quaison,74c7c2db,seSWE,"MF,FW",Mainz 05,26.0,1993.0,2020-2021,GER
Nemanja Radonjić,0630eb63,rsSRB,"MF,FW",Hertha BSC,24.0,1996.0,2020-2021,GER
Benito Raman,867501bf,beBEL,"MF,FW",Schalke 04,25.0,1994.0,2020-2021,GER
Milot Rashica,6c6a3300,xkKVX,"MF,FW",Werder Bremen,24.0,1996.0,2020-2021,GER
Daishawn Redan,16b4260e,nlNED,FW,Hertha BSC,19.0,2001.0,2020-2021,GER
Reinier,6b21b7b5,brBRA,MF,Dortmund,18.0,2002.0,2020-2021,GER
Rocco Reitz,cc971106,deGER,MF,Gladbach,18.0,2002.0,2020-2021,GER
Marco Reus,36a3ff67,deGER,"MF,FW",Dortmund,31.0,1989.0,2020-2021,GER
Elvis Rexhbeçaj,1ae836b1,xkKVX,MF,Köln,22.0,1997.0,2020-2021,GER
Gio Reyna,7fa4e703,usUSA,MF,Dortmund,17.0,2002.0,2020-2021,GER
Chris Richards,0a3d6d2b,usUSA,DF,Hoffenheim,20.0,2000.0,2020-2021,GER
Chris Richards,0a3d6d2b,usUSA,DF,Bayern Munich,20.0,2000.0,2020-2021,GER
Marco Richter,f972644c,deGER,"MF,FW",Augsburg,22.0,1997.0,2020-2021,GER
Marc Roca,da27e268,esESP,MF,Bayern Munich,23.0,1996.0,2020-2021,GER
Sebastian Rode,e12b0b5b,deGER,MF,Eintracht Frankfurt,29.0,1990.0,2020-2021,GER
Jérôme Roussillon,13203c45,frFRA,DF,Wolfsburg,27.0,1993.0,2020-2021,GER
Sebastian Rudy,80f36c88,deGER,MF,Hoffenheim,30.0,1990.0,2020-2021,GER
Sebastian Rudy,80f36c88,deGER,DF,Schalke 04,30.0,1990.0,2020-2021,GER
Georginio Rutter,c64c01fc,frFRA,FW,Hoffenheim,18.0,2002.0,2020-2021,GER
Julian Ryerson,009a4f60,noNOR,"MF,DF",Union Berlin,22.0,1997.0,2020-2021,GER
Frederik Rønnow,a70b8345,dkDEN,GK,Schalke 04,27.0,1992.0,2020-2021,GER
Victor Sá,1a1033a1,brBRA,"MF,FW",Wolfsburg,26.0,1994.0,2020-2021,GER
Marcel Sabitzer,e280527c,atAUT,MF,RB Leipzig,26.0,1994.0,2020-2021,GER
Roland Sallai,bf075f6b,huHUN,"MF,FW",Freiburg,23.0,1997.0,2020-2021,GER
Lazar Samardzic,217c93a1,rsSRB,MF,RB Leipzig,18.0,2002.0,2020-2021,GER
Diadie Samassékou,08593525,mlMLI,MF,Hoffenheim,24.0,1996.0,2020-2021,GER
Jadon Sancho,dbf053da,engENG,MF,Dortmund,20.0,2000.0,2020-2021,GER
Leroy Sané,2b114be3,deGER,MF,Bayern Munich,24.0,1996.0,2020-2021,GER
Salif Sané,791abba1,snSEN,DF,Schalke 04,29.0,1990.0,2020-2021,GER
Mohamed Sankoh,be625686,nlNED,FW,Stuttgart,16.0,2003.0,2020-2021,GER
Baptiste Santamaria,5e22e2a4,frFRA,MF,Freiburg,25.0,1995.0,2020-2021,GER
Josh Sargent,a8d4428b,usUSA,"FW,MF",Werder Bremen,20.0,2000.0,2020-2021,GER
Bouna Sarr,1a4b9094,snSEN,DF,Bayern Munich,28.0,1992.0,2020-2021,GER
Patrik Schick,5d4f7d61,czCZE,FW,Leverkusen,24.0,1996.0,2020-2021,GER
Sven Schipplock,53eeaf6a,deGER,FW,Arminia,31.0,1988.0,2020-2021,GER
Xaver Schlager,8f056768,atAUT,MF,Wolfsburg,22.0,1997.0,2020-2021,GER
Keven Schlotterbeck,f6bdc830,deGER,DF,Freiburg,23.0,1997.0,2020-2021,GER
Nico Schlotterbeck,34e12499,deGER,DF,Union Berlin,20.0,1999.0,2020-2021,GER
Jonathan Schmid,088ca1bd,frFRA,"MF,DF",Freiburg,30.0,1990.0,2020-2021,GER
Romano Schmid,220ace7e,atAUT,"MF,FW",Werder Bremen,20.0,2000.0,2020-2021,GER
Benno Schmitz,ad00b1a8,deGER,DF,Köln,25.0,1994.0,2020-2021,GER
Alessandro Schöpf,106bca06,atAUT,MF,Schalke 04,26.0,1994.0,2020-2021,GER
Nico Schulz,fa274d97,deGER,"DF,MF",Dortmund,27.0,1993.0,2020-2021,GER
Alexander Schwolow,0d55d942,deGER,GK,Hertha BSC,28.0,1992.0,2020-2021,GER
Christopher Scott,2723ce5d,deGER,MF,Bayern Munich,18.0,2002.0,2020-2021,GER
Davie Selke,1238a3f9,deGER,FW,Werder Bremen,25.0,1995.0,2020-2021,GER
Suat Serdar,b3325a30,deGER,MF,Schalke 04,23.0,1997.0,2020-2021,GER
Ryan Sessegnon,6aa3e78b,engENG,"DF,MF",Hoffenheim,20.0,2000.0,2020-2021,GER
Nils Seufert,0da32a38,deGER,MF,Arminia,23.0,1997.0,2020-2021,GER
Tim Siersleben,f761c901,deGER,DF,Wolfsburg,20.0,2000.0,2020-2021,GER
André Silva,3effaa34,ptPOR,FW,Eintracht Frankfurt,24.0,1995.0,2020-2021,GER
Jóan Símun Edmundsson,1be390b3,foFRO,"FW,MF",Arminia,29.0,1991.0,2020-2021,GER
Daley Sinkgraven,73000a79,nlNED,"DF,MF",Leverkusen,25.0,1995.0,2020-2021,GER
Tobias Sippel,0d8a37c2,deGER,GK,Gladbach,32.0,1988.0,2020-2021,GER
Ellyes Skhiri,c2211709,tnTUN,MF,Köln,25.0,1995.0,2020-2021,GER
Robert Skov,ff98492b,dkDEN,"MF,FW",Hoffenheim,24.0,1996.0,2020-2021,GER
Steven Skrzybski,58ce23e5,deGER,"MF,FW",Schalke 04,27.0,1992.0,2020-2021,GER
Yann Sommer,420c18a1,chSUI,GK,Gladbach,31.0,1988.0,2020-2021,GER
Borna Sosa,af0d79a9,hrCRO,"MF,DF",Stuttgart,22.0,1998.0,2020-2021,GER
Cebio Soukou,3c4b7820,bjBEN,"MF,FW",Arminia,27.0,1992.0,2020-2021,GER
Djibril Sow,4c6facae,chSUI,MF,Eintracht Frankfurt,23.0,1997.0,2020-2021,GER
Jerry St. Juste,90339309,nlNED,DF,Mainz 05,23.0,1996.0,2020-2021,GER
Benjamin Stambouli,5939baa2,frFRA,"DF,MF",Schalke 04,29.0,1990.0,2020-2021,GER
Josip Stanišić,7ed08d5c,hrCRO,DF,Bayern Munich,20.0,2000.0,2020-2021,GER
Niklas Stark,aad48be9,deGER,"DF,MF",Hertha BSC,25.0,1995.0,2020-2021,GER
Renato Steffen,dd669209,chSUI,MF,Wolfsburg,28.0,1991.0,2020-2021,GER
Pascal Stenzel,99f7e9aa,deGER,DF,Stuttgart,24.0,1996.0,2020-2021,GER
Lars Stindl,7cd6badb,deGER,"MF,FW",Gladbach,31.0,1988.0,2020-2021,GER
Kevin Stöger,e5649a78,atAUT,MF,Mainz 05,26.0,1993.0,2020-2021,GER
Tobias Strobl,17780d2b,deGER,MF,Augsburg,30.0,1990.0,2020-2021,GER
Marek Suchý,c5224618,czCZE,DF,Augsburg,32.0,1988.0,2020-2021,GER
Niklas Süle,e33c06cf,deGER,DF,Bayern Munich,24.0,1995.0,2020-2021,GER
Ádám Szalai,53e07d0b,huHUN,FW,Mainz 05,32.0,1987.0,2020-2021,GER
Frederik Sørensen,68635c10,dkDEN,DF,Köln,28.0,1992.0,2020-2021,GER
Alexander Sørloth,e92cd3f7,noNOR,FW,RB Leipzig,24.0,1995.0,2020-2021,GER
Jonathan Tah,bd142efb,deGER,DF,Leverkusen,24.0,1996.0,2020-2021,GER
Edmond Tapsoba,a73c8f95,bfBFA,DF,Leverkusen,21.0,1999.0,2020-2021,GER
Niklas Tauer,27270af4,deGER,FW,Mainz 05,19.0,2001.0,2020-2021,GER
Lino Tempelmann,4e3a947f,deGER,MF,Freiburg,21.0,1999.0,2020-2021,GER
Cedric Teuchert,f956479d,deGER,"FW,MF",Union Berlin,23.0,1997.0,2020-2021,GER
Malick Thiaw,ff5ea0bf,deGER,DF,Schalke 04,18.0,2001.0,2020-2021,GER
Jan Thielmann,fd53759d,deGER,"FW,MF",Köln,18.0,2002.0,2020-2021,GER
Erik Thommy,df8e7b62,deGER,"MF,FW",Stuttgart,25.0,1994.0,2020-2021,GER
Marcus Thuram,6f8cd6d0,frFRA,"MF,FW",Gladbach,22.0,1997.0,2020-2021,GER
Steffen Tigges,6b8887c2,deGER,FW,Dortmund,22.0,1998.0,2020-2021,GER
Guus Til,6e44569a,nlNED,FW,Freiburg,22.0,1997.0,2020-2021,GER
Corentin Tolisso,652d4c37,frFRA,MF,Bayern Munich,25.0,1994.0,2020-2021,GER
Ömer Toprak,c5fd13e9,trTUR,DF,Werder Bremen,31.0,1989.0,2020-2021,GER
Jordan Torunarigha,f86cabbd,deGER,DF,Hertha BSC,22.0,1997.0,2020-2021,GER
Almamy Touré,c8c60119,mlMLI,MF,Eintracht Frankfurt,24.0,1996.0,2020-2021,GER
Lucas Tousart,71ec39ef,frFRA,MF,Hertha BSC,23.0,1997.0,2020-2021,GER
Ibrahima Traoré,096a77c4,gnGUI,MF,Gladbach,32.0,1988.0,2020-2021,GER
Kevin Trapp,ce17b5eb,deGER,GK,Eintracht Frankfurt,30.0,1990.0,2020-2021,GER
Christopher Trimmel,056d2d95,atAUT,"MF,DF",Union Berlin,33.0,1987.0,2020-2021,GER
Tuta,35d64857,brBRA,DF,Eintracht Frankfurt,21.0,1999.0,2020-2021,GER
Dayot Upamecano,d248cd8f,frFRA,DF,RB Leipzig,21.0,1998.0,2020-2021,GER
Mark Uth,a3ddb1b9,deGER,"FW,MF",Schalke 04,28.0,1991.0,2020-2021,GER
Ruben Vargas,6ecbddf6,chSUI,"MF,FW",Augsburg,21.0,1998.0,2020-2021,GER
Miloš Veljković,a5ae8f8e,rsSRB,DF,Werder Bremen,24.0,1995.0,2020-2021,GER
Michel Vlap,02760e49,nlNED,"MF,FW",Arminia,23.0,1997.0,2020-2021,GER
Andreas Voglsammer,daa78200,deGER,"FW,MF",Arminia,28.0,1992.0,2020-2021,GER
Kevin Vogt,1d8e9add,deGER,DF,Hoffenheim,28.0,1991.0,2020-2021,GER
Wout Weghorst,c4e87b8b,nlNED,FW,Wolfsburg,27.0,1992.0,2020-2021,GER
Mitchell Weiser,30c220c3,deGER,DF,Leverkusen,26.0,1994.0,2020-2021,GER
Wendell,f9acca3a,brBRA,"DF,MF",Leverkusen,27.0,1993.0,2020-2021,GER
Oscar Wendt,b69261a0,seSWE,"DF,MF",Gladbach,34.0,1985.0,2020-2021,GER
William,d4d0a9ad,brBRA,"DF,MF",Wolfsburg,25.0,1995.0,2020-2021,GER
William,d4d0a9ad,brBRA,"MF,FW",Schalke 04,25.0,1995.0,2020-2021,GER
Marten Winkler,e0d515ef,deGER,MF,Hertha BSC,17.0,2002.0,2020-2021,GER
Florian Wirtz,e7fcf289,deGER,MF,Leverkusen,17.0,2003.0,2020-2021,GER
Axel Witsel,5dfc6ad5,beBEL,MF,Dortmund,31.0,1989.0,2020-2021,GER
Hannes Wolf,be42a291,atAUT,MF,Gladbach,21.0,1999.0,2020-2021,GER
Marius Wolf,fa661778,deGER,"MF,DF",Köln,25.0,1995.0,2020-2021,GER
Nick Woltemade,7ca196eb,deGER,MF,Werder Bremen,18.0,2002.0,2020-2021,GER
Jeong Woo-yeong,6190474d,krKOR,"FW,MF",Freiburg,20.0,1999.0,2020-2021,GER
Joscha Wosz,80c9e555,deGER,MF,RB Leipzig,18.0,2002.0,2020-2021,GER
Reinhold Yabo,7dca49f6,deGER,MF,Arminia,28.0,1992.0,2020-2021,GER
Amin Younes,228f73ae,deGER,MF,Eintracht Frankfurt,26.0,1993.0,2020-2021,GER
Dan-Axel Zagadou,a4effc55,frFRA,DF,Dortmund,21.0,1999.0,2020-2021,GER
Denis Zakaria,384d58d9,chSUI,"MF,DF",Gladbach,23.0,1996.0,2020-2021,GER
Deyovaisio Zeefuik,58a2e9f6,nlNED,"MF,DF",Hertha BSC,22.0,1998.0,2020-2021,GER
Robin Zentner,5c4bf6ba,deGER,GK,Mainz 05,25.0,1994.0,2020-2021,GER
Ron-Robert Zieler,a0606ae8,deGER,GK,Köln,31.0,1989.0,2020-2021,GER
Joshua Zirkzee,028e70b9,nlNED,FW,Bayern Munich,19.0,2001.0,2020-2021,GER
Steven Zuber,b6a6e0a7,chSUI,MF,Eintracht Frankfurt,28.0,1991.0,2020-2021,GER
Ismael Aaneba,a7e4760c,frFRA,DF,Strasbourg,21.0,1999.0,2020-2021,FRA
Yunis Abdelhamid,32c2d95f,maMAR,DF,Reims,32.0,1987.0,2020-2021,FRA
Mehdi Abeid,a4c3f7af,dzALG,MF,Nantes,27.0,1992.0,2020-2021,FRA
Laurent Abergel,31626657,frFRA,MF,Lorient,27.0,1993.0,2020-2021,FRA
Charles Abi,469d3d84,frFRA,"FW,MF",Saint-Étienne,20.0,2000.0,2020-2021,FRA
Matthis Abline,0e46fa2f,frFRA,FW,Rennes,17.0,2003.0,2020-2021,FRA
Pape Abou Cissé,8bc373ea,snSEN,DF,Saint-Étienne,24.0,1995.0,2020-2021,FRA
Yacine Adli,26777636,frFRA,MF,Bordeaux,20.0,2000.0,2020-2021,FRA
Nayef Aguerd,288e1e13,maMAR,DF,Rennes,24.0,1996.0,2020-2021,FRA
Ruben Aguilar,3dd738a1,frFRA,"DF,MF",Monaco,27.0,1993.0,2020-2021,FRA
Matteo Ahlinvi,5ea9ebd4,bjBEN,MF,Nîmes,21.0,1999.0,2020-2021,FRA
Jean-Eudes Aholou,48b28bfd,ciCIV,"MF,DF",Strasbourg,26.0,1994.0,2020-2021,FRA
Jean-Eudes Aholou,48b28bfd,ciCIV,MF,Monaco,26.0,1994.0,2020-2021,FRA
Rayan Aït-Nouri,9b398aea,dzALG,DF,Angers,19.0,2001.0,2020-2021,FRA
Ludovic Ajorque,462475ed,frFRA,FW,Strasbourg,26.0,1994.0,2020-2021,FRA
Marley Aké,414e1f69,frFRA,"FW,MF",Marseille,19.0,2001.0,2020-2021,FRA
Sofiane Alakouch,5314e067,maMAR,DF,Nîmes,22.0,1998.0,2020-2021,FRA
Mohamed Ali Cho,f8405304,frFRA,FW,Angers,16.0,2004.0,2020-2021,FRA
Rachid Alioui,bdedd861,maMAR,FW,Angers,28.0,1992.0,2020-2021,FRA
Saturnin Allagbé,b052b8bf,bjBEN,GK,Dijon,26.0,1993.0,2020-2021,FRA
Ibrahim Amadou,9260926b,frFRA,MF,Angers,27.0,1993.0,2020-2021,FRA
Romain Amalfitano,d7bf3d19,frFRA,MF,Dijon,30.0,1989.0,2020-2021,FRA
Jordan Amavi,22721b88,frFRA,"DF,MF",Marseille,26.0,1994.0,2020-2021,FRA
Thierry Ambrose,2945f4b7,gpGLP,"FW,MF",Metz,23.0,1997.0,2020-2021,FRA
Joachim Andersen,e34fc66d,dkDEN,DF,Lyon,24.0,1996.0,2020-2021,FRA
Benjamin André,ef9c1c95,frFRA,MF,Lille,29.0,1990.0,2020-2021,FRA
Victorien Angban,d8992b84,ciCIV,MF,Metz,23.0,1996.0,2020-2021,FRA
Houssem Aouar,a5db0bec,dzALG,MF,Lyon,22.0,1998.0,2020-2021,FRA
Adil Aouchiche,b94b8be1,frFRA,"MF,FW",Saint-Étienne,18.0,2002.0,2020-2021,FRA
Dennis Appiah,feb5d3ab,frFRA,DF,Nantes,28.0,1992.0,2020-2021,FRA
Luiz Araújo,fa18c72e,brBRA,MF,Lille,24.0,1996.0,2020-2021,FRA
Karim Aribi,08534272,dzALG,FW,Nîmes,26.0,1994.0,2020-2021,FRA
Roger Assalé,5d5219b1,ciCIV,"MF,FW",Dijon,26.0,1993.0,2020-2021,FRA
Youcef Atal,6a827d8e,dzALG,"MF,DF",Nice,24.0,1996.0,2020-2021,FRA
Jean-Kévin Augustin,97bfa797,frFRA,FW,Nantes,23.0,1997.0,2020-2021,FRA
Ludovic Baal,d3ce9f1f,gfGUF,DF,Brest,34.0,1986.0,2020-2021,FRA
Loïc Bade,114bbdee,frFRA,DF,Lens,20.0,2000.0,2020-2021,FRA
Benoît Badiashile,06df8256,frFRA,DF,Monaco,19.0,2001.0,2020-2021,FRA
Stéphane Bahoken,5046b7d4,cmCMR,FW,Angers,28.0,1992.0,2020-2021,FRA
Stefan Bajic,be13e5a8,frFRA,GK,Saint-Étienne,18.0,2001.0,2020-2021,FRA
Mitchel Bakker,a8567629,nlNED,"DF,MF",Paris Saint-Germain,20.0,2000.0,2020-2021,FRA
Dilane Bakwa,2b5a35e5,frFRA,"FW,MF",Bordeaux,17.0,2002.0,2020-2021,FRA
Leonardo Balerdi,7c3ed041,arARG,DF,Marseille,21.0,1999.0,2020-2021,FRA
Fodé Ballo-Touré,f449640d,snSEN,DF,Monaco,23.0,1997.0,2020-2021,FRA
Abdoulaye Bamba,7fecbcdb,ciCIV,DF,Angers,30.0,1990.0,2020-2021,FRA
Jonathan Bamba,b2bd0f6c,ciCIV,MF,Lille,24.0,1996.0,2020-2021,FRA
Robson Bambu,d4fa7d01,brBRA,DF,Nice,22.0,1997.0,2020-2021,FRA
Simon Banza,be47b750,cdCOD,FW,Lens,23.0,1996.0,2020-2021,FRA
Danilo Barbosa,0557ff4f,brBRA,DF,Nice,24.0,1996.0,2020-2021,FRA
Melvin Bard,1ddbc7ca,frFRA,DF,Lyon,19.0,2000.0,2020-2021,FRA
Toma Bašić,80556f08,hrCRO,MF,Bordeaux,23.0,1996.0,2020-2021,FRA
Cristian Battocchio,0f9b8301,itITA,MF,Brest,28.0,1992.0,2020-2021,FRA
Paul Baysse,2515040a,frFRA,DF,Bordeaux,32.0,1988.0,2020-2021,FRA
Erwan Belhadji,7615f332,frFRA,FW,Dijon,19.0,2001.0,2020-2021,FRA
Haris Belkebla,2b1bed19,dzALG,MF,Brest,26.0,1994.0,2020-2021,FRA
Jean-Ricner Bellegarde,10f0fdd3,htHAI,MF,Strasbourg,22.0,1998.0,2020-2021,FRA
Sami Ben Amar,c05d65d1,maMAR,FW,Nîmes,22.0,1998.0,2020-2021,FRA
Hatem Ben Arfa,74dc806c,frFRA,"MF,FW",Bordeaux,33.0,1987.0,2020-2021,FRA
Salim Ben Seghir,1f6298f2,frFRA,FW,Nice,17.0,2003.0,2020-2021,FRA
Wissam Ben Yedder,942b4f90,frFRA,FW,Monaco,29.0,1990.0,2020-2021,FRA
Samy Benchamma,90c99c5c,frFRA,MF,Montpellier,20.0,2000.0,2020-2021,FRA
Darío Benedetto,bef0a7ac,arARG,FW,Marseille,30.0,1990.0,2020-2021,FRA
Walter Benítez,8a2248b4,arARG,GK,Nice,27.0,1993.0,2020-2021,FRA
Loris Benito,f5b6fb78,chSUI,DF,Bordeaux,28.0,1992.0,2020-2021,FRA
Bilal Benkhedim,b6047994,frFRA,FW,Saint-Étienne,19.0,2001.0,2020-2021,FRA
Djamel Benlamri,2ab14aaa,dzALG,DF,Lyon,30.0,1989.0,2020-2021,FRA
Yassine Benrahou,fbf76716,frFRA,MF,Nîmes,21.0,1999.0,2020-2021,FRA
Yassine Benzia,6fbde63a,dzALG,"MF,FW",Dijon,25.0,1994.0,2020-2021,FRA
Valon Berisha,d5575935,xkKVX,MF,Reims,27.0,1993.0,2020-2021,FRA
Paul Bernardoni,28dabd43,frFRA,GK,Angers,23.0,1997.0,2020-2021,FRA
Juan Bernat,433dc9a2,esESP,DF,Paris Saint-Germain,27.0,1993.0,2020-2021,FRA
Dimitry Bertaud,380a15e2,cdCOD,GK,Montpellier,22.0,1998.0,2020-2021,FRA
Loïc Bessile,4e9957ff,tgTOG,DF,Bordeaux,21.0,1999.0,2020-2021,FRA
Giulian Biancone,de40e38c,frFRA,DF,Monaco,20.0,2000.0,2020-2021,FRA
El Bilal Touré,47c609d5,mlMLI,FW,Reims,18.0,2001.0,2020-2021,FRA
Ludovic Blas,6191093d,frFRA,"MF,FW",Nantes,22.0,1997.0,2020-2021,FRA
Antonin Bobichon,7d937aa1,frFRA,"MF,FW",Angers,24.0,1995.0,2020-2021,FRA
Sacha Boey,6c8ddd52,frFRA,DF,Dijon,19.0,2000.0,2020-2021,FRA
Sacha Boey,6c8ddd52,frFRA,DF,Rennes,19.0,2000.0,2020-2021,FRA
Quentin Boisgard,f6496133,frFRA,"MF,FW",Lorient,23.0,1997.0,2020-2021,FRA
Sven Botman,ccce7025,nlNED,DF,Lille,20.0,2000.0,2020-2021,FRA
Denis Bouanga,0b0cbe5b,gaGAB,"MF,FW",Saint-Étienne,25.0,1994.0,2020-2021,FRA
Hicham Boudaoui,f9d5908e,dzALG,MF,Nice,20.0,1999.0,2020-2021,FRA
Ryad Boudebouz,1001ae82,dzALG,"MF,FW",Saint-Étienne,30.0,1990.0,2020-2021,FRA
Sofiane Boufal,b0c71810,maMAR,MF,Angers,26.0,1993.0,2020-2021,FRA
Farid Boulaya,a0791826,dzALG,"MF,FW",Metz,27.0,1993.0,2020-2021,FRA
Ismaël Boura,62e02107,kmCOM,"MF,DF",Lens,19.0,2000.0,2020-2021,FRA
Benjamin Bourigeaud,20e73fac,frFRA,"MF,FW",Rennes,26.0,1994.0,2020-2021,FRA
John Boye,861227d2,ghGHA,DF,Metz,33.0,1987.0,2020-2021,FRA
Umut Bozok,6e2c94ad,trTUR,FW,Lorient,23.0,1996.0,2020-2021,FRA
Domagoj Bradarić,8bbe2df5,hrCRO,DF,Lille,20.0,1999.0,2020-2021,FRA
Lilian Brassier,5b146df3,frFRA,DF,Brest,20.0,1999.0,2020-2021,FRA
Anthony Briançon,16324e1d,frFRA,DF,Nîmes,25.0,1994.0,2020-2021,FRA
Jimmy Briand,f83c8d6c,frFRA,MF,Bordeaux,34.0,1985.0,2020-2021,FRA
Dylan Bronn,edd81e2a,tnTUN,DF,Metz,25.0,1995.0,2020-2021,FRA
Lucas Buadés,f9921b7f,frFRA,MF,Nîmes,22.0,1997.0,2020-2021,FRA
Patrick Burner,8746d5d0,mqMTQ,"DF,MF",Nice,24.0,1996.0,2020-2021,FRA
Patrick Burner,8746d5d0,mqMTQ,DF,Nîmes,24.0,1996.0,2020-2021,FRA
Marcin Bułka,db87a2c4,plPOL,GK,Paris Saint-Germain,20.0,1999.0,2020-2021,FRA
Jimmy Cabot,46359159,frFRA,MF,Angers,26.0,1994.0,2020-2021,FRA
Anthony Caci,0118c54c,frFRA,DF,Strasbourg,23.0,1997.0,2020-2021,FRA
Mathieu Cafaro,2a657da0,frFRA,MF,Reims,23.0,1997.0,2020-2021,FRA
Yannick Cahuzac,677ee102,frFRA,MF,Lens,35.0,1985.0,2020-2021,FRA
Marc-Aurèle Caillard,5ee6e943,frFRA,GK,Metz,26.0,1994.0,2020-2021,FRA
Duje Ćaleta-Car,94f8d10c,hrCRO,DF,Marseille,23.0,1996.0,2020-2021,FRA
Mahdi Camara,8577e60a,frFRA,"MF,DF",Saint-Étienne,22.0,1998.0,2020-2021,FRA
Eduardo Camavinga,7b9c2d84,frFRA,MF,Rennes,17.0,2002.0,2020-2021,FRA
Pierrick Capelle,79b2399c,frFRA,"MF,DF",Angers,33.0,1987.0,2020-2021,FRA
Maxence Caqueret,f81ef10d,frFRA,MF,Lyon,20.0,2000.0,2020-2021,FRA
Irvin Cardona,5e080f73,mtMLT,FW,Brest,22.0,1997.0,2020-2021,FRA
Lionel Carole,5b5724d2,frFRA,DF,Strasbourg,29.0,1991.0,2020-2021,FRA
Moreto Cassamã,f54d2149,gwGNB,MF,Reims,22.0,1998.0,2020-2021,FRA
Jean-Charles Castelletto,e0f3a1f6,cmCMR,DF,Nantes,25.0,1995.0,2020-2021,FRA
Zeki Çelik,31a62dc7,trTUR,DF,Lille,23.0,1997.0,2020-2021,FRA
Bersant Celina,3043d33f,xkKVX,MF,Dijon,23.0,1996.0,2020-2021,FRA
Fabien Centonze,3c6bbbab,frFRA,"DF,MF",Metz,24.0,1996.0,2020-2021,FRA
Nassim Chadli,5c61496e,frFRA,MF,Nîmes,19.0,2001.0,2020-2021,FRA
Fouad Chafik,edd1466a,maMAR,DF,Dijon,33.0,1986.0,2020-2021,FRA
Mehdi Chahiri,1787195f,maMAR,MF,Strasbourg,24.0,1996.0,2020-2021,FRA
Aníbal Chalá,84c0768a,ecECU,"DF,MF",Dijon,24.0,1996.0,2020-2021,FRA
Trevoh Chalobah,5515376c,engENG,"DF,MF",Lorient,21.0,1999.0,2020-2021,FRA
Gaëtan Charbonnier,18ebca4b,frFRA,"MF,FW",Brest,31.0,1988.0,2020-2021,FRA
Brendan Chardonnet,16aa7d4c,frFRA,DF,Brest,25.0,1994.0,2020-2021,FRA
Xavier Chavalerin,279ddf6a,frFRA,MF,Reims,29.0,1991.0,2020-2021,FRA
Pape Cheikh Diop,873ce3a2,snSEN,MF,Dijon,22.0,1997.0,2020-2021,FRA
Rayan Cherki,b34c63a5,frFRA,"FW,MF",Lyon,16.0,2003.0,2020-2021,FRA
Pedro Chirivella,68a26d51,esESP,MF,Nantes,23.0,1997.0,2020-2021,FRA
Joris Chotard,7909ffa4,frFRA,MF,Montpellier,18.0,2001.0,2020-2021,FRA
Mounir Chouiar,45c1c326,frFRA,"MF,FW",Dijon,21.0,1999.0,2020-2021,FRA
Sébastien Cibois,2b9b37b2,frFRA,GK,Brest,22.0,1998.0,2020-2021,FRA
Alexis Claude-Maurice,741418c3,frFRA,"MF,FW",Nice,22.0,1998.0,2020-2021,FRA
Jonathan Clauss,5219ab4a,frFRA,"MF,DF",Lens,27.0,1992.0,2020-2021,FRA
Marcus Coco,3010aefb,frFRA,MF,Nantes,24.0,1996.0,2020-2021,FRA
Racine Coly,166a981d,snSEN,DF,Nice,24.0,1995.0,2020-2021,FRA
Daniel Congré,3f5b4635,frFRA,DF,Montpellier,35.0,1985.0,2020-2021,FRA
Sébastien Corchia,0e7ccfc4,frFRA,"DF,MF",Nantes,29.0,1990.0,2020-2021,FRA
Maxwel Cornet,beb391dd,ciCIV,"DF,MF",Lyon,23.0,1996.0,2020-2021,FRA
David Costa,59948ef7,ptPOR,MF,Lens,19.0,2001.0,2020-2021,FRA
Charles Costes,aa67d758,frFRA,MF,Dijon,17.0,2002.0,2020-2021,FRA
Benoît Costil,2434f24a,frFRA,GK,Bordeaux,33.0,1987.0,2020-2021,FRA
Kalifa Coulibaly,9980269a,mlMLI,FW,Nantes,28.0,1991.0,2020-2021,FRA
Lassana Coulibaly,85a44ecc,mlMLI,MF,Angers,24.0,1996.0,2020-2021,FRA
Senou Coulibaly,67b7357e,mlMLI,DF,Dijon,25.0,1994.0,2020-2021,FRA
Nicolas Cozza,8f325097,frFRA,DF,Montpellier,21.0,1999.0,2020-2021,FRA
Andrés Cubas,9b40a6ea,pyPAR,MF,Nîmes,24.0,1996.0,2020-2021,FRA
Mickaël Cuisance,5722eced,frFRA,"MF,FW",Marseille,20.0,1999.0,2020-2021,FRA
Damien Da Silva,1ec7e1c5,frFRA,DF,Rennes,32.0,1988.0,2020-2021,FRA
Colin Dagba,29c02c9f,frFRA,DF,Paris Saint-Germain,21.0,1998.0,2020-2021,FRA
Flavius Daniliuc,7ef972c3,atAUT,DF,Nice,19.0,2001.0,2020-2021,FRA
Dante,fd2bc67d,brBRA,DF,Nice,36.0,1983.0,2020-2021,FRA
Jonathan David,ce50fd99,caCAN,FW,Lille,20.0,2000.0,2020-2021,FRA
Mattia De Sciglio,ae4e2852,itITA,DF,Lyon,27.0,1992.0,2020-2021,FRA
Thibault De Smet,5fdcb075,beBEL,DF,Reims,22.0,1998.0,2020-2021,FRA
Lucas Deaux,44f8c299,frFRA,"MF,DF",Nîmes,31.0,1988.0,2020-2021,FRA
Mathieu Debuchy,92232aad,frFRA,DF,Saint-Étienne,35.0,1985.0,2020-2021,FRA
Romain Del Castillo,0be95d34,frFRA,"MF,FW",Rennes,24.0,1996.0,2020-2021,FRA
Thomas Delaine,8332db56,frFRA,"MF,DF",Metz,28.0,1992.0,2020-2021,FRA
Jonathan Delaplace,79685569,frFRA,DF,Lorient,34.0,1986.0,2020-2021,FRA
Sacha Delaye,e4448c8c,frFRA,MF,Montpellier,18.0,2002.0,2020-2021,FRA
Andy Delort,d33c706e,dzALG,FW,Montpellier,28.0,1991.0,2020-2021,FRA
Moussa Dembélé,e7986081,frFRA,FW,Lyon,24.0,1996.0,2020-2021,FRA
Jason Denayer,47af88b8,beBEL,DF,Lyon,25.0,1995.0,2020-2021,FRA
Kévin Denkey,0d3585b5,tgTOG,FW,Nîmes,19.0,2000.0,2020-2021,FRA
Clément Depres,e53ab10b,frFRA,FW,Nîmes,25.0,1994.0,2020-2021,FRA
Ángel Di María,19cda00b,arARG,"FW,MF",Paris Saint-Germain,32.0,1988.0,2020-2021,FRA
Boulaye Dia,244bc2c8,snSEN,FW,Reims,23.0,1996.0,2020-2021,FRA
Abdou Diallo,fc62f087,snSEN,DF,Paris Saint-Germain,24.0,1996.0,2020-2021,FRA
Habib Diallo,6605d143,snSEN,"FW,MF",Strasbourg,25.0,1995.0,2020-2021,FRA
Habib Diallo,6605d143,snSEN,FW,Metz,25.0,1995.0,2020-2021,FRA
Ibrahima Diallo,11ff3d56,frFRA,MF,Brest,21.0,1999.0,2020-2021,FRA
Stéphane Diarra,29939a1d,frFRA,"MF,FW",Lorient,21.0,1998.0,2020-2021,FRA
Krépin Diatta,8104e41e,snSEN,MF,Monaco,21.0,1999.0,2020-2021,FRA
Bamba Dieng,40774c6b,snSEN,FW,Marseille,20.0,2000.0,2020-2021,FRA
Junior Dina Ebimbe,95bb6ddc,cmCMR,"MF,FW",Dijon,19.0,2000.0,2020-2021,FRA
Tristan Dingomé,92b56413,cmCMR,"DF,MF",Reims,29.0,1991.0,2020-2021,FRA
Sinaly Diomande,6de23ab0,ciCIV,DF,Lyon,19.0,2001.0,2020-2021,FRA
Lois Diony,4be0b467,frFRA,FW,Angers,27.0,1992.0,2020-2021,FRA
Sofiane Diop,19053e31,maMAR,MF,Monaco,20.0,2000.0,2020-2021,FRA
Andy Diouf,9b5237b1,frFRA,MF,Rennes,17.0,2003.0,2020-2021,FRA
Yehvann Diouf,eedea60b,snSEN,GK,Reims,20.0,1999.0,2020-2021,FRA
Assane Dioussé,7f622eef,snSEN,MF,Saint-Étienne,22.0,1997.0,2020-2021,FRA
Axel Disasi,ad82197c,frFRA,DF,Monaco,22.0,1998.0,2020-2021,FRA
Tiago Djaló,b2336681,ptPOR,DF,Lille,20.0,2000.0,2020-2021,FRA
Alexander Djiku,43e7a164,ghGHA,"DF,MF",Strasbourg,25.0,1994.0,2020-2021,FRA
Mihai Dobre,a1f3f5a0,roROU,"MF,FW",Dijon,21.0,1998.0,2020-2021,FRA
Jeremy Doku,fffea3e5,beBEL,"MF,FW",Rennes,18.0,2002.0,2020-2021,FRA
Kasper Dolberg,cc83b74d,dkDEN,FW,Nice,22.0,1997.0,2020-2021,FRA
Keagan Dolly,ccb1c3af,zaRSA,MF,Montpellier,27.0,1993.0,2020-2021,FRA
Anastasios Donis,0f26fd24,grGRE,MF,Reims,23.0,1996.0,2020-2021,FRA
Cheick Doucouré,ce4f40c7,mlMLI,MF,Lens,20.0,2000.0,2020-2021,FRA
Fodé Doucouré,1bfe34dc,mlMLI,DF,Reims,19.0,2001.0,2020-2021,FRA
Mahamadou Doucouré,9826ea33,mlMLI,FW,Nîmes,20.0,2000.0,2020-2021,FRA
Moussa Doumbia,6481421d,mlMLI,"MF,FW",Reims,25.0,1994.0,2020-2021,FRA
Souleyman Doumbia,9daeac61,ciCIV,DF,Angers,23.0,1996.0,2020-2021,FRA
Mouhamadou Drammeh,309937e7,gmGAM,MF,Reims,21.0,1999.0,2020-2021,FRA
Julian Draxler,1a992676,deGER,MF,Paris Saint-Germain,26.0,1993.0,2020-2021,FRA
Matthieu Dreyer,fbf83734,frFRA,GK,Lorient,31.0,1989.0,2020-2021,FRA
Leo Dubois,ff0ab48c,frFRA,"DF,MF",Lyon,25.0,1994.0,2020-2021,FRA
Haris Duljević,9b6556d2,baBIH,"MF,FW",Nîmes,26.0,1993.0,2020-2021,FRA
Jean-Kevin Duverne,0cbc8baa,htHAI,DF,Brest,23.0,1997.0,2020-2021,FRA
Enzo Ebosse,9ba7b4fa,cmCMR,DF,Angers,21.0,1999.0,2020-2021,FRA
Bruno Ecuele Manga,72a0fb65,gaGAB,DF,Dijon,32.0,1988.0,2020-2021,FRA
Hugo Ekitike,5b92d896,frFRA,FW,Reims,18.0,2002.0,2020-2021,FRA
Niclas Eliasson,0033fb1b,seSWE,"MF,FW",Nîmes,24.0,1995.0,2020-2021,FRA
Renaud Emond,5c9ac7f0,beBEL,FW,Nantes,28.0,1991.0,2020-2021,FRA
Yoann Etienne,a59d55b1,frFRA,DF,Lorient,23.0,1997.0,2020-2021,FRA
Fábio,bc7b4580,brBRA,DF,Nantes,30.0,1990.0,2020-2021,FRA
Cesc Fàbregas,33508c78,esESP,MF,Monaco,33.0,1987.0,2020-2021,FRA
Bandiougou Fadiga,45bb4303,frFRA,MF,Paris Saint-Germain,19.0,2001.0,2020-2021,FRA
Bandiougou Fadiga,45bb4303,frFRA,MF,Brest,19.0,2001.0,2020-2021,FRA
Wout Faes,9c221d14,beBEL,DF,Reims,22.0,1998.0,2020-2021,FRA
Romain Faivre,745ca0a3,frFRA,"MF,FW",Brest,22.0,1998.0,2020-2021,FRA
Wuilker Faríñez,2c127b6f,veVEN,GK,Lens,22.0,1998.0,2020-2021,FRA
Noah Fatar,2693f6bc,frFRA,FW,Angers,18.0,2002.0,2020-2021,FRA
Julien Faussurier,767212e6,frFRA,DF,Brest,33.0,1987.0,2020-2021,FRA
Zinedine Ferhat,005c0807,dzALG,"MF,FW",Nîmes,27.0,1993.0,2020-2021,FRA
Jordan Ferri,375622c5,frFRA,MF,Montpellier,28.0,1992.0,2020-2021,FRA
Alexis Flips,caef7840,frFRA,MF,Reims,20.0,2000.0,2020-2021,FRA
Alessandro Florenzi,e288d4b3,itITA,"DF,MF",Paris Saint-Germain,29.0,1991.0,2020-2021,FRA
Mamadou Fofana,4c4ffacc,mlMLI,"MF,DF",Metz,22.0,1998.0,2020-2021,FRA
Seko Fofana,5313ed43,ciCIV,MF,Lens,25.0,1995.0,2020-2021,FRA
Wesley Fofana,132a82f1,frFRA,DF,Saint-Étienne,19.0,2000.0,2020-2021,FRA
Youssouf Fofana,822d51d7,frFRA,MF,Monaco,21.0,1999.0,2020-2021,FRA
Thomas Foket,90eb507d,beBEL,DF,Reims,25.0,1994.0,2020-2021,FRA
Lamine Fomba,2145368f,frFRA,MF,Nîmes,22.0,1998.0,2020-2021,FRA
Thomas Fontaine,9f90c06b,mgMAD,DF,Lorient,29.0,1991.0,2020-2021,FRA
José Fonte,90f87966,ptPOR,DF,Lille,36.0,1983.0,2020-2021,FRA
Steven Fortes,574aa9ec,cvCPV,DF,Lens,28.0,1992.0,2020-2021,FRA
Yassin Fortune,ddcc9e22,htHAI,FW,Angers,21.0,1999.0,2020-2021,FRA
Angelo Fulgini,4b96c347,frFRA,MF,Angers,23.0,1996.0,2020-2021,FRA
Baptiste Gabard,bc224243,frFRA,MF,Saint-Étienne,20.0,2000.0,2020-2021,FRA
Idrissa Gana Gueye,72c812f3,snSEN,MF,Paris Saint-Germain,30.0,1989.0,2020-2021,FRA
Ignatius Ganago,23c63b7f,cmCMR,FW,Lens,21.0,1999.0,2020-2021,FRA
Yann Gboho,6be41a31,frFRA,MF,Rennes,19.0,2001.0,2020-2021,FRA
Valère Germain,ea0ff634,frFRA,"FW,MF",Marseille,30.0,1990.0,2020-2021,FRA
Willem Geubbels,9836e892,frFRA,"MF,FW",Monaco,18.0,2001.0,2020-2021,FRA
Andrei Girotto,3befc2b6,brBRA,"DF,MF",Nantes,28.0,1992.0,2020-2021,FRA
Aleksandr Golovin,3708e9fa,ruRUS,MF,Monaco,24.0,1996.0,2020-2021,FRA
Alfred Gomis,cecbce23,snSEN,GK,Dijon,26.0,1993.0,2020-2021,FRA
Alfred Gomis,cecbce23,snSEN,GK,Rennes,26.0,1993.0,2020-2021,FRA
Vagner Gonçalves,743fd71f,cvCPV,"FW,MF",Metz,24.0,1996.0,2020-2021,FRA
Álvaro González,42dcf26d,esESP,DF,Marseille,30.0,1990.0,2020-2021,FRA
Amine Gouiri,aad56ca3,dzALG,"FW,MF",Nice,20.0,2000.0,2020-2021,FRA
Lucas Gourna-Douath,3cd7820a,frFRA,MF,Saint-Étienne,16.0,2003.0,2020-2021,FRA
Jonathan Gradit,06c48679,frFRA,DF,Lens,27.0,1992.0,2020-2021,FRA
Andrew Gravillon,49136c42,gpGLP,DF,Lorient,22.0,1998.0,2020-2021,FRA
Adrian Grbić,4a987ffa,atAUT,FW,Lorient,23.0,1996.0,2020-2021,FRA
Etienne Green,667b65da,engENG,GK,Saint-Étienne,20.0,2000.0,2020-2021,FRA
Clément Grenier,8b298f56,frFRA,MF,Rennes,29.0,1991.0,2020-2021,FRA
Evann Guessand,b73f17f8,ciCIV,"FW,MF",Nice,19.0,2001.0,2020-2021,FRA
Kelyan Guessoum,fe296c72,dzALG,DF,Nîmes,21.0,1999.0,2020-2021,FRA
Lamine Gueye,9d5dcc23,snSEN,"FW,MF",Metz,22.0,1998.0,2020-2021,FRA
Pape Gueye,7155e3e1,snSEN,MF,Marseille,21.0,1999.0,2020-2021,FRA
Frederic Guilbert,5d8d7454,frFRA,"DF,MF",Strasbourg,25.0,1994.0,2020-2021,FRA
Bruno Guimarães,82518f62,brBRA,MF,Lyon,22.0,1997.0,2020-2021,FRA
Serhou Guirassy,923f4dda,gnGUI,FW,Rennes,24.0,1996.0,2020-2021,FRA
Malo Gusto,d56b9520,frFRA,DF,Lyon,17.0,2003.0,2020-2021,FRA
Massadio Haïdara,5167c97e,mlMLI,"MF,DF",Lens,27.0,1992.0,2020-2021,FRA
Pierre-Yves Hamel,a99da9ec,frFRA,FW,Lorient,26.0,1994.0,2020-2021,FRA
Romain Hamouma,0b4d8274,frFRA,"FW,MF",Saint-Étienne,33.0,1987.0,2020-2021,FRA
Dalbert Henrique,f45f9427,brBRA,DF,Rennes,26.0,1993.0,2020-2021,FRA
Luis Henrique,f36d5624,brBRA,MF,Marseille,18.0,2001.0,2020-2021,FRA
Christophe Hérelle,3681cfff,mqMTQ,DF,Brest,27.0,1992.0,2020-2021,FRA
Jérôme Hergault,a84f9a4b,frFRA,"DF,MF",Lorient,34.0,1986.0,2020-2021,FRA
Ander Herrera,436a9dd0,esESP,MF,Paris Saint-Germain,30.0,1989.0,2020-2021,FRA
Vitorino Hilton,c4bbea9f,brBRA,DF,Montpellier,42.0,1977.0,2020-2021,FRA
Franck Honorat,db7849ca,frFRA,MF,Brest,23.0,1996.0,2020-2021,FRA
Fraser Hornby,29aee77c,sctSCO,"FW,MF",Reims,20.0,1999.0,2020-2021,FRA
Adrien Hunou,d14229f3,frFRA,FW,Rennes,26.0,1994.0,2020-2021,FRA
Didier Ibrahim Ndong,885b7aa7,gaGAB,MF,Dijon,26.0,1994.0,2020-2021,FRA
Mauro Icardi,43b78598,arARG,FW,Paris Saint-Germain,27.0,1993.0,2020-2021,FRA
Jonathan Ikone,42eaa028,frFRA,"MF,FW",Lille,22.0,1998.0,2020-2021,FRA
Yun Il-lok,23bf644d,krKOR,"MF,FW",Montpellier,28.0,1992.0,2020-2021,FRA
Corentin Jean,7d9b37bf,frFRA,FW,Lens,25.0,1995.0,2020-2021,FRA
Jesé,4a537185,esESP,"FW,MF",Paris Saint-Germain,27.0,1993.0,2020-2021,FRA
Stevan Jovetić,f36c432f,meMNE,FW,Monaco,30.0,1989.0,2020-2021,FRA
Abdoul Kader Bamba,32f3d97e,frFRA,MF,Nantes,26.0,1994.0,2020-2021,FRA
Tino Kadewere,7d08063d,zwZIM,FW,Lyon,24.0,1996.0,2020-2021,FRA
Gaël Kakuta,5b1bf5e3,cdCOD,"MF,FW",Lens,29.0,1991.0,2020-2021,FRA
Arnaud Kalimuendo,bf4c41f9,frFRA,FW,Paris Saint-Germain,18.0,2002.0,2020-2021,FRA
Arnaud Kalimuendo,bf4c41f9,frFRA,FW,Lens,18.0,2002.0,2020-2021,FRA
Samuel Kalu,b8d22478,ngNGA,"MF,FW",Bordeaux,22.0,1997.0,2020-2021,FRA
Aboubakar Kamara,4047c976,mrMTN,"FW,MF",Dijon,25.0,1995.0,2020-2021,FRA
Bingourou Kamara,3814120d,snSEN,GK,Strasbourg,23.0,1996.0,2020-2021,FRA
Boubacar Kamara,cc77354e,frFRA,MF,Marseille,20.0,1999.0,2020-2021,FRA
Hassane Kamara,19a12bed,ciCIV,"DF,MF",Nice,26.0,1994.0,2020-2021,FRA
Wilfried Kanga,b4c816a9,ciCIV,FW,Angers,22.0,1998.0,2020-2021,FRA
Eiji Kawashima,a4527d33,jpJPN,GK,Strasbourg,37.0,1983.0,2020-2021,FRA
Moise Kean,3d50bcdb,itITA,FW,Paris Saint-Germain,20.0,2000.0,2020-2021,FRA
Thilo Kehrer,51dbeea9,deGER,DF,Paris Saint-Germain,23.0,1996.0,2020-2021,FRA
Habib Keita,cc588cbe,mlMLI,MF,Lyon,18.0,2002.0,2020-2021,FRA
Saîf-Eddine Khaoui,796b1c41,tnTUN,MF,Marseille,25.0,1995.0,2020-2021,FRA
Wahbi Khazri,2677a1de,tnTUN,"FW,MF",Saint-Étienne,29.0,1991.0,2020-2021,FRA
Presnel Kimpembe,aef6e670,frFRA,DF,Paris Saint-Germain,24.0,1995.0,2020-2021,FRA
Randal Kolo Muani,c0b3669f,frFRA,FW,Nantes,21.0,1998.0,2020-2021,FRA
Timothée Kolodziejczak,ab096c6f,frFRA,DF,Saint-Étienne,28.0,1991.0,2020-2021,FRA
Ghislain Konan,6b2c894b,ciCIV,DF,Reims,24.0,1995.0,2020-2021,FRA
Moussa Konaté,fcbcbd94,snSEN,FW,Dijon,27.0,1993.0,2020-2021,FRA
Lamine Koné,a46472d0,ciCIV,DF,Strasbourg,31.0,1989.0,2020-2021,FRA
Moussa Koné,3ef68782,snSEN,FW,Nîmes,23.0,1996.0,2020-2021,FRA
Laurent Koscielny,f5efb153,frFRA,DF,Bordeaux,34.0,1985.0,2020-2021,FRA
Boubakar Kouyaté,562a4799,mlMLI,DF,Metz,23.0,1997.0,2020-2021,FRA
Jean-Philippe Krasso,037f2523,ciCIV,FW,Saint-Étienne,23.0,1997.0,2020-2021,FRA
Layvin Kurzawa,41e7ef1c,frFRA,DF,Paris Saint-Germain,27.0,1992.0,2020-2021,FRA
Dereck Kutesa,1b6862e8,chSUI,MF,Reims,22.0,1997.0,2020-2021,FRA
Enock Kwateng,4bf69118,frFRA,DF,Bordeaux,23.0,1997.0,2020-2021,FRA
Gaëtan Laborde,7cdda3bf,frFRA,"FW,MF",Montpellier,26.0,1994.0,2020-2021,FRA
Tom Lacoux,295ba708,frFRA,MF,Bordeaux,18.0,2002.0,2020-2021,FRA
Alban Lafont,4e7db402,ciCIV,GK,Nantes,21.0,1999.0,2020-2021,FRA
Kenny Lala,770d7eb8,mgMAD,"DF,MF",Strasbourg,28.0,1991.0,2020-2021,FRA
Loïck Landre,08082af0,frFRA,DF,Nîmes,28.0,1992.0,2020-2021,FRA
Julien Laporte,f066022d,frFRA,DF,Lorient,26.0,1993.0,2020-2021,FRA
Gautier Larsonneur,b49729cb,frFRA,GK,Brest,23.0,1997.0,2020-2021,FRA
Paul Lasne,542cc80f,frFRA,MF,Brest,31.0,1989.0,2020-2021,FRA
Armand Lauriente,2d22cea7,frFRA,"MF,FW",Lorient,21.0,1998.0,2020-2021,FRA
Wesley Lautoa,6e5b5a45,ncNCL,"MF,DF",Dijon,32.0,1987.0,2020-2021,FRA
Jérémy Le Douaron,88c4d190,frFRA,MF,Brest,22.0,1998.0,2020-2021,FRA
Enzo Le Fée,6f806d99,frFRA,MF,Lorient,20.0,2000.0,2020-2021,FRA
Vincent Le Goff,2321ea6e,frFRA,"DF,MF",Lorient,30.0,1989.0,2020-2021,FRA
Damien Le Tallec,8f4d116f,frFRA,MF,Montpellier,30.0,1990.0,2020-2021,FRA
James Lea Siliki,7cf431a5,cmCMR,MF,Rennes,24.0,1996.0,2020-2021,FRA
Jean-Louis Leca,edbe46dc,frFRA,GK,Lens,34.0,1985.0,2020-2021,FRA
Benjamin Lecomte,2fa2a875,frFRA,GK,Monaco,29.0,1991.0,2020-2021,FRA
Pierre Lees-Melou,f5044e54,frFRA,MF,Nice,27.0,1993.0,2020-2021,FRA
Fabien Lemoine,54d51e22,frFRA,MF,Lorient,33.0,1987.0,2020-2021,FRA
Aaron Leya Iseka,29ef0f49,beBEL,FW,Metz,22.0,1997.0,2020-2021,FRA
Yanis Lhery,cc972842,frFRA,FW,Saint-Étienne,17.0,2003.0,2020-2021,FRA
Dimitri Liénard,f7691f63,frFRA,"MF,FW",Strasbourg,32.0,1988.0,2020-2021,FRA
Isaac Lihadji,57a46f3f,frFRA,MF,Lille,18.0,2002.0,2020-2021,FRA
Pol Lirola,ff800ed8,esESP,"MF,DF",Marseille,22.0,1997.0,2020-2021,FRA
Anthony Lopes,f00de885,ptPOR,GK,Lyon,29.0,1990.0,2020-2021,FRA
Rony Lopes,7c2965bb,ptPOR,"FW,MF",Nice,24.0,1995.0,2020-2021,FRA
Maxime Lopez,20094685,frFRA,FW,Marseille,22.0,1997.0,2020-2021,FRA
Dion Lopy,64c14d49,snSEN,MF,Reims,18.0,2002.0,2020-2021,FRA
Jordan Lotomba,fc4cf6a7,chSUI,"DF,MF",Nice,21.0,1998.0,2020-2021,FRA
Adrien Louveau,85847c67,frFRA,MF,Lens,20.0,2000.0,2020-2021,FRA
Imran Louza,e1df6989,maMAR,MF,Nantes,21.0,1999.0,2020-2021,FRA
Jean Lucas,a99138af,brBRA,MF,Lyon,22.0,1998.0,2020-2021,FRA
Jean Lucas,a99138af,brBRA,MF,Brest,22.0,1998.0,2020-2021,FRA
Florentino Luís,881cd6be,ptPOR,MF,Monaco,20.0,1999.0,2020-2021,FRA
Yann M'Vila,d4133fa1,frFRA,MF,Saint-Étienne,30.0,1990.0,2020-2021,FRA
Yvann Macon,0bb6e193,frFRA,DF,Saint-Étienne,21.0,1998.0,2020-2021,FRA
Hugo Magnetti,d4d35152,frFRA,MF,Brest,22.0,1998.0,2020-2021,FRA
Hicham Mahou,f329ec76,frFRA,"FW,MF",Nice,21.0,1999.0,2020-2021,FRA
Habib Maïga,e768de1f,ciCIV,MF,Metz,24.0,1996.0,2020-2021,FRA
Mike Maignan,fcb38f57,frFRA,GK,Lille,25.0,1995.0,2020-2021,FRA
Josh Maja,bc0bfc64,ngNGA,FW,Bordeaux,21.0,1998.0,2020-2021,FRA
Radosław Majecki,20de219a,plPOL,GK,Monaco,20.0,1999.0,2020-2021,FRA
Abdul Majeed Waris,46907171,ghGHA,"MF,FW",Strasbourg,28.0,1991.0,2020-2021,FRA
Marco Majouga,a27ecdc2,cfCTA,FW,Nîmes,19.0,2001.0,2020-2021,FRA
Hianga Mananga Mbock,0f86995c,frFRA,MF,Brest,20.0,1999.0,2020-2021,FRA
Vincent Manceau,c26a3918,frFRA,DF,Angers,31.0,1989.0,2020-2021,FRA
Steve Mandanda,1d2d5cc8,frFRA,GK,Marseille,35.0,1985.0,2020-2021,FRA
Reinildo Mandava,c20bdcd7,mzMOZ,DF,Lille,26.0,1994.0,2020-2021,FRA
Thomas Mangani,c801616a,frFRA,MF,Angers,33.0,1987.0,2020-2021,FRA
Vito Mannone,c4173f1a,itITA,GK,Monaco,32.0,1988.0,2020-2021,FRA
Myziane Maolida,706a60e1,kmCOM,"FW,MF",Nice,21.0,1999.0,2020-2021,FRA
Faitout Maouassa,e54a9890,frFRA,DF,Rennes,22.0,1998.0,2020-2021,FRA
Sekou Mara,3544641e,frFRA,FW,Bordeaux,18.0,2002.0,2020-2021,FRA
Fernando Marçal,9ae9eaea,brBRA,DF,Lyon,31.0,1989.0,2020-2021,FRA
Marcelo,e3d0b0c4,brBRA,DF,Lyon,33.0,1987.0,2020-2021,FRA
Dario Maresic,5d93ccee,atAUT,DF,Reims,20.0,1999.0,2020-2021,FRA
Jordan Marié,0d2158d5,frFRA,MF,Dijon,28.0,1991.0,2020-2021,FRA
Guillermo Maripán,d9764034,clCHI,DF,Monaco,26.0,1994.0,2020-2021,FRA
Marquinhos,d5f2f82b,brBRA,DF,Paris Saint-Germain,26.0,1994.0,2020-2021,FRA
Jonas Martin,468fdbad,frFRA,MF,Rennes,30.0,1990.0,2020-2021,FRA
Pablo Martinez,1ad8cb67,frFRA,DF,Nîmes,31.0,1989.0,2020-2021,FRA
Gelson Martins,3ef0fa48,ptPOR,"MF,FW",Monaco,25.0,1995.0,2020-2021,FRA
Sylvain Marveaux,4ef705ab,frFRA,MF,Lorient,34.0,1986.0,2020-2021,FRA
Pape Matar Sarr,feb5d972,snSEN,MF,Metz,17.0,2002.0,2020-2021,FRA
Eliot Matazo,15944afd,beBEL,MF,Monaco,18.0,2002.0,2020-2021,FRA
Chrislain Matsima,cf1ef7ec,frFRA,DF,Monaco,18.0,2002.0,2020-2021,FRA
Tony Mauricio,96e5168e,frFRA,MF,Lens,26.0,1994.0,2020-2021,FRA
Stephy Mavididi,30144daa,engENG,"FW,MF",Montpellier,22.0,1998.0,2020-2021,FRA
Youssef Maziz,514270e8,frFRA,MF,Metz,22.0,1998.0,2020-2021,FRA
Kylian Mbappé,42fd9c7f,frFRA,"FW,MF",Paris Saint-Germain,21.0,1998.0,2020-2021,FRA
Nathanael Mbuku,46750e9c,cdCOD,"MF,FW",Reims,18.0,2002.0,2020-2021,FRA
Facundo Medina,6f5ec8bb,arARG,DF,Lens,21.0,1999.0,2020-2021,FRA
Farid El Melali,d21e361a,dzALG,MF,Angers,23.0,1997.0,2020-2021,FRA
Birger Meling,70c52749,noNOR,DF,Nîmes,25.0,1994.0,2020-2021,FRA
Memphis,8f696594,nlNED,"FW,MF",Lyon,26.0,1994.0,2020-2021,FRA
Houboulang Mendes,1545cf15,gwGNB,DF,Lorient,22.0,1998.0,2020-2021,FRA
Pedro Mendes,6690ef25,ptPOR,DF,Montpellier,29.0,1990.0,2020-2021,FRA
Thiago Mendes,c6e5d20f,brBRA,MF,Lyon,28.0,1992.0,2020-2021,FRA
Batista Mendy,e472a6f6,frFRA,"DF,MF",Nantes,20.0,2000.0,2020-2021,FRA
Edouard Mendy,33887998,snSEN,GK,Rennes,28.0,1992.0,2020-2021,FRA
Mexer,ce492295,mzMOZ,DF,Bordeaux,31.0,1988.0,2020-2021,FRA
Clément Michelin,cb9ec45d,frFRA,"MF,DF",Lens,23.0,1997.0,2020-2021,FRA
Edouard Michut,fe6c1add,frFRA,MF,Paris Saint-Germain,17.0,2003.0,2020-2021,FRA
Florian Miguel,b66d1d8a,frFRA,DF,Nîmes,23.0,1996.0,2020-2021,FRA
Arkadiusz Milik,85613cf0,plPOL,FW,Marseille,26.0,1994.0,2020-2021,FRA
Enzo Millot,f76022e7,frFRA,MF,Monaco,18.0,2002.0,2020-2021,FRA
Stefan Mitrović,e6777e6b,rsSRB,DF,Strasbourg,30.0,1990.0,2020-2021,FRA
Anthony Modeste,34e4343c,frFRA,FW,Saint-Étienne,32.0,1988.0,2020-2021,FRA
Terem Moffi,065dc209,ngNGA,FW,Lorient,21.0,1999.0,2020-2021,FRA
Florent Mollet,7e82a78f,frFRA,MF,Montpellier,28.0,1991.0,2020-2021,FRA
Thomas Monconduit,84d94b91,frFRA,MF,Lorient,29.0,1991.0,2020-2021,FRA
Kévin Monnet-Paquet,4a57580c,frFRA,MF,Saint-Étienne,31.0,1988.0,2020-2021,FRA
Jérémy Morel,e97150c0,mgMAD,DF,Lorient,36.0,1984.0,2020-2021,FRA
Aimen Moueffek,2591b066,frFRA,"DF,MF",Saint-Étienne,19.0,2001.0,2020-2021,FRA
Harold Moukoudi,5f26e0c5,cmCMR,DF,Saint-Étienne,22.0,1997.0,2020-2021,FRA
Jessy Moulin,28a65a2c,frFRA,GK,Saint-Étienne,34.0,1986.0,2020-2021,FRA
Steve Mounié,19ba6c6d,bjBEN,FW,Brest,25.0,1994.0,2020-2021,FRA
Samuel Moutoussamy,af0c835b,cdCOD,FW,Nantes,23.0,1996.0,2020-2021,FRA
Loris Mouyokolo,96726741,frFRA,DF,Lorient,19.0,2001.0,2020-2021,FRA
Marshall Munetsi,2acf0cd7,zwZIM,"MF,DF",Reims,24.0,1996.0,2020-2021,FRA
Kévin N'Doram,e50623a0,frFRA,MF,Metz,24.0,1996.0,2020-2021,FRA
Stanley N'Soki,61590953,frFRA,DF,Nice,21.0,1999.0,2020-2021,FRA
Yuto Nagatomo,4b6960d2,jpJPN,"DF,MF",Marseille,33.0,1986.0,2020-2021,FRA
Kenny Nagera,833ce5f0,frFRA,FW,Paris Saint-Germain,18.0,2002.0,2020-2021,FRA
Paul Nardi,2d70dbe5,frFRA,GK,Lorient,26.0,1994.0,2020-2021,FRA
Keylor Navas,ecada4fc,crCRC,GK,Paris Saint-Germain,33.0,1986.0,2020-2021,FRA
Papa Ndiaga Yade,87e9c7cd,mrMTN,"FW,MF",Metz,20.0,2000.0,2020-2021,FRA
Bridge Ndilu,602fc7b5,frFRA,FW,Nantes,20.0,2000.0,2020-2021,FRA
Dan Ndoye,8e697a8f,chSUI,"MF,FW",Nice,19.0,2000.0,2020-2021,FRA
Neymar,69384e5d,brBRA,"MF,FW",Paris Saint-Germain,28.0,1992.0,2020-2021,FRA
Yvan Neyou,0ad37003,cmCMR,MF,Saint-Étienne,23.0,1997.0,2020-2021,FRA
Muzinga Ngonda,b748968d,cdCOD,DF,Dijon,25.0,1994.0,2020-2021,FRA
Ahmad Ngouyamsa,8413ceb1,tdCHA,DF,Dijon,19.0,2000.0,2020-2021,FRA
Opa Nguette,75a63397,snSEN,"FW,MF",Metz,26.0,1994.0,2020-2021,FRA
Ibrahima Niane,46faabfa,snSEN,FW,Metz,21.0,1999.0,2020-2021,FRA
M'Baye Niang,2054d037,snSEN,FW,Rennes,25.0,1994.0,2020-2021,FRA
Casimir Ninga,91f2da4c,tdCHA,"FW,MF",Angers,27.0,1993.0,2020-2021,FRA
Arnaud Nordin,7b9a9e25,frFRA,"MF,FW",Saint-Étienne,22.0,1998.0,2020-2021,FRA
Olivier Ntcham,6554bb97,cmCMR,MF,Marseille,24.0,1996.0,2020-2021,FRA
Gerzino Nyamsi,6043997c,cmCMR,DF,Rennes,23.0,1997.0,2020-2021,FRA
Steven Nzonzi,c7526c18,frFRA,MF,Rennes,31.0,1988.0,2020-2021,FRA
Jonas Omlin,c631f952,chSUI,GK,Montpellier,26.0,1994.0,2020-2021,FRA
Henry Onyekuru,e90dc1d5,ngNGA,FW,Monaco,23.0,1997.0,2020-2021,FRA
Otávio,243f4a0b,brBRA,MF,Bordeaux,26.0,1994.0,2020-2021,FRA
Remi Oudin,ea02beaf,frFRA,"MF,FW",Bordeaux,23.0,1996.0,2020-2021,FRA
Alexandre Oukidja,ae7d0ecd,dzALG,GK,Metz,32.0,1988.0,2020-2021,FRA
Zinédine Ould Khaled,6b4436ba,frFRA,MF,Angers,20.0,2000.0,2020-2021,FRA
Ambroise Oyongo,e3e05edf,cmCMR,"DF,MF",Montpellier,29.0,1991.0,2020-2021,FRA
Pablo,29d8ad3f,brBRA,DF,Bordeaux,29.0,1991.0,2020-2021,FRA
Vincent Pajot,f86ca403,frFRA,MF,Metz,29.0,1990.0,2020-2021,FRA
Nicolas Pallois,779847d6,frFRA,DF,Nantes,32.0,1987.0,2020-2021,FRA
Jonathan Panzo,c795c408,engENG,DF,Dijon,19.0,2000.0,2020-2021,FRA
Lucas Paquetá,9b6f7fd5,brBRA,MF,Lyon,22.0,1997.0,2020-2021,FRA
Gaëtan Paquiez,475583ff,frFRA,DF,Nîmes,26.0,1994.0,2020-2021,FRA
Rubén Pardo,2306bfde,esESP,MF,Bordeaux,27.0,1992.0,2020-2021,FRA
Leandro Paredes,dff153a4,arARG,MF,Paris Saint-Germain,26.0,1994.0,2020-2021,FRA
Mateo Pavlović,450e277f,baBIH,DF,Angers,30.0,1990.0,2020-2021,FRA
Strahinja Pavlović,25146df0,rsSRB,DF,Monaco,19.0,2001.0,2020-2021,FRA
Dimitri Payet,58ae47b2,frFRA,"MF,FW",Marseille,33.0,1987.0,2020-2021,FRA
Yohann Pelé,76806215,frFRA,GK,Marseille,37.0,1982.0,2020-2021,FRA
Pietro Pellegri,a44d3a3c,itITA,FW,Monaco,19.0,2001.0,2020-2021,FRA
Andy Pelmard,f18d7ab2,mgMAD,DF,Nice,20.0,2000.0,2020-2021,FRA
Timothee Pembele,f8ce97ca,frFRA,"DF,MF",Paris Saint-Germain,17.0,2002.0,2020-2021,FRA
Danilo Pereira,8fd9996f,ptPOR,"MF,DF",Paris Saint-Germain,28.0,1991.0,2020-2021,FRA
Mathias Pereira Lage,8846a40f,ptPOR,MF,Angers,23.0,1996.0,2020-2021,FRA
Manuel Perez,88970207,frFRA,MF,Lens,29.0,1991.0,2020-2021,FRA
Romain Perraud,6dfd8f05,frFRA,DF,Brest,22.0,1997.0,2020-2021,FRA
Lucas Perrin,49070d66,frFRA,DF,Marseille,21.0,1998.0,2020-2021,FRA
Rayan Philippe,a046fc35,frFRA,FW,Dijon,19.0,2000.0,2020-2021,FRA
Romain Philippoteaux,f98b15f0,frFRA,MF,Nîmes,32.0,1988.0,2020-2021,FRA
Romain Philippoteaux,f98b15f0,frFRA,"MF,FW",Brest,32.0,1988.0,2020-2021,FRA
Jérémy Pied,a634b9d2,frFRA,DF,Lille,31.0,1989.0,2020-2021,FRA
Ronaël Pierre-Gabriel,64ba07c0,frFRA,DF,Brest,22.0,1998.0,2020-2021,FRA
Maxime Poundjé,b92edde2,frFRA,DF,Bordeaux,27.0,1992.0,2020-2021,FRA
Sanjin Prcić,51c30111,baBIH,MF,Strasbourg,26.0,1993.0,2020-2021,FRA
Nicolas de Préville,b0547a87,frFRA,"MF,FW",Bordeaux,29.0,1991.0,2020-2021,FRA
Anthony Racioppi,abc06eb3,chSUI,GK,Dijon,21.0,1998.0,2020-2021,FRA
Nemanja Radonjić,0630eb63,rsSRB,"MF,FW",Marseille,24.0,1996.0,2020-2021,FRA
Aleksandar Radovanović,09507ffa,rsSRB,DF,Lens,26.0,1993.0,2020-2021,FRA
Rafinha,0c2ac3cb,brBRA,MF,Paris Saint-Germain,27.0,1993.0,2020-2021,FRA
Predrag Rajković,58ad9383,rsSRB,GK,Reims,24.0,1995.0,2020-2021,FRA
Raphinha,3423f250,brBRA,"FW,MF",Rennes,23.0,1996.0,2020-2021,FRA
Jeff Reine-Adélaïde,d504b3e1,frFRA,"MF,FW",Nice,22.0,1998.0,2020-2021,FRA
Jeff Reine-Adélaïde,d504b3e1,frFRA,"FW,MF",Lyon,22.0,1998.0,2020-2021,FRA
Panagiotis Retsos,4bd00a50,grGRE,DF,Saint-Étienne,21.0,1998.0,2020-2021,FRA
Baptiste Reynet,bcf1b2e9,frFRA,GK,Nîmes,29.0,1990.0,2020-2021,FRA
Sergio Rico,5f0241b2,esESP,GK,Paris Saint-Germain,26.0,1993.0,2020-2021,FRA
Renaud Ripart,beae3a73,frFRA,"MF,FW",Nîmes,27.0,1993.0,2020-2021,FRA
Mihailo Ristić,ea0aa7e0,rsSRB,"DF,MF",Montpellier,24.0,1995.0,2020-2021,FRA
Maxence Rivera,46a7b605,frFRA,MF,Saint-Étienne,18.0,2002.0,2020-2021,FRA
Christopher Rocchia,aa21406e,frFRA,DF,Marseille,22.0,1998.0,2020-2021,FRA
Valentin Rongier,ed45c4a5,frFRA,MF,Marseille,25.0,1994.0,2020-2021,FRA
Nolan Roux,3071a619,frFRA,FW,Nîmes,32.0,1988.0,2020-2021,FRA
Daniele Rugani,14b8fcdf,itITA,DF,Rennes,26.0,1994.0,2020-2021,FRA
Kays Ruiz,90a9cc01,frFRA,FW,Paris Saint-Germain,17.0,2002.0,2020-2021,FRA
Georginio Rutter,c64c01fc,frFRA,"FW,MF",Rennes,18.0,2002.0,2020-2021,FRA
Roli Pereira de Sa,60f58477,frFRA,MF,Nantes,23.0,1996.0,2020-2021,FRA
Idriss Saadi,17f29fb0,dzALG,FW,Strasbourg,28.0,1992.0,2020-2021,FRA
Youssouf Sabaly,fbbb9269,snSEN,DF,Bordeaux,27.0,1993.0,2020-2021,FRA
Mathys Saban,7d9f3d69,frFRA,MF,Saint-Étienne,18.0,2002.0,2020-2021,FRA
Moïse Sahi Dion,cdc4458b,ciCIV,FW,Strasbourg,18.0,2001.0,2020-2021,FRA
Hiroki Sakai,d63e2912,jpJPN,DF,Marseille,30.0,1990.0,2020-2021,FRA
Moïse Sakava,329e7a13,cmCMR,MF,Reims,19.0,2000.0,2020-2021,FRA
William Saliba,972aeb2a,frFRA,DF,Nice,19.0,2001.0,2020-2021,FRA
Romain Salin,74733221,frFRA,GK,Rennes,36.0,1984.0,2020-2021,FRA
Mama Samba Baldé,fb14aa28,gwGNB,"FW,MF",Dijon,24.0,1995.0,2020-2021,FRA
Junior Sambia,24eb7ed6,frFRA,"DF,MF",Montpellier,23.0,1996.0,2020-2021,FRA
Frédéric Sammaritano,8802c1d5,frFRA,"MF,FW",Dijon,34.0,1986.0,2020-2021,FRA
Renato Sanches,032f894e,ptPOR,MF,Lille,22.0,1997.0,2020-2021,FRA
Morgan Sanson,6e7f1353,frFRA,MF,Marseille,25.0,1994.0,2020-2021,FRA
Baptiste Santamaria,5e22e2a4,frFRA,MF,Angers,25.0,1995.0,2020-2021,FRA
Pablo Sarabia,9744ff80,esESP,"FW,MF",Paris Saint-Germain,28.0,1992.0,2020-2021,FRA
Bouna Sarr,1a4b9094,snSEN,"DF,MF",Marseille,28.0,1992.0,2020-2021,FRA
Sidy Sarr,a0b65401,snSEN,MF,Nîmes,24.0,1996.0,2020-2021,FRA
Téji Savanier,6bde367b,frFRA,MF,Montpellier,28.0,1991.0,2020-2021,FRA
Aurélien Scheidler,bc9479b9,frFRA,FW,Dijon,22.0,1998.0,2020-2021,FRA
Morgan Schneiderlin,51b41c5c,frFRA,MF,Nice,30.0,1989.0,2020-2021,FRA
Malik Sellouki,c0f706f3,frFRA,MF,Nice,20.0,2000.0,2020-2021,FRA
Matz Sels,834b5c4c,beBEL,GK,Strasbourg,28.0,1992.0,2020-2021,FRA
Jean Seri,10efd0e1,ciCIV,MF,Bordeaux,29.0,1991.0,2020-2021,FRA
Mahame Siby,6d075c67,mlMLI,MF,Strasbourg,24.0,1996.0,2020-2021,FRA
Abdoulaye Sidibé,a13028f6,frFRA,FW,Saint-Étienne,18.0,2002.0,2020-2021,FRA
Djibril Sidibé,4c5b714f,frFRA,DF,Monaco,28.0,1992.0,2020-2021,FRA
Kaj Sierhuis,9c2b1f11,nlNED,FW,Reims,22.0,1998.0,2020-2021,FRA
Caio Henrique Oliveira Silva,30af8b93,brBRA,"DF,MF",Monaco,23.0,1997.0,2020-2021,FRA
Florent da Silva,8db95f95,frFRA,MF,Lyon,17.0,2003.0,2020-2021,FRA
Gabriel Silva,4914ed4a,brBRA,DF,Saint-Étienne,29.0,1991.0,2020-2021,FRA
Mohamed Simakan,fcb27134,frFRA,"DF,MF",Strasbourg,20.0,2000.0,2020-2021,FRA
Moses Simon,5f3eaaf5,ngNGA,"MF,FW",Nantes,25.0,1995.0,2020-2021,FRA
Xavi Simons,da4d670f,nlNED,"FW,MF",Paris Saint-Germain,17.0,2003.0,2020-2021,FRA
Issouf Sissokho,792a9d41,mlMLI,MF,Bordeaux,18.0,2002.0,2020-2021,FRA
Ibrahima Sissoko,0f8418aa,mlMLI,MF,Strasbourg,22.0,1997.0,2020-2021,FRA
Nelson Sissoko,12bd0579,frFRA,"DF,MF",Saint-Étienne,23.0,1997.0,2020-2021,FRA
Jacques Siwe,c39b09e3,frFRA,FW,Dijon,19.0,2001.0,2020-2021,FRA
Petar Škuletić,d9a66c60,rsSRB,FW,Montpellier,30.0,1990.0,2020-2021,FRA
Islam Slimani,ffec9769,dzALG,FW,Lyon,32.0,1988.0,2020-2021,FRA
Brandon Soppy,28f66c2e,frFRA,DF,Rennes,18.0,2002.0,2020-2021,FRA
Florian Sotoca,7a42d0df,frFRA,FW,Lens,29.0,1990.0,2020-2021,FRA
Cheick Souaré,39c0c75b,frFRA,MF,Marseille,17.0,2002.0,2020-2021,FRA
Rayan Souici,e3ad3368,frFRA,MF,Saint-Étienne,22.0,1998.0,2020-2021,FRA
Adama Soumaoro,7b075c75,frFRA,DF,Lille,28.0,1992.0,2020-2021,FRA
Boubakary Soumaré,ae59b359,frFRA,MF,Lille,21.0,1999.0,2020-2021,FRA
Yaya Soumaré,d87e6889,frFRA,FW,Lyon,20.0,2000.0,2020-2021,FRA
Arnaud Souquet,4e0afc5d,frFRA,"MF,DF",Montpellier,28.0,1992.0,2020-2021,FRA
Ansou Sow,754d5c33,snSEN,FW,Lens,20.0,2000.0,2020-2021,FRA
Saidou Sow,f6b94e8d,gnGUI,DF,Saint-Étienne,18.0,2002.0,2020-2021,FRA
Kevin Strootman,ef2e5e1a,nlNED,MF,Marseille,30.0,1990.0,2020-2021,FRA
Abdoulaye Sylla,2aeb43f1,gnGUI,DF,Nantes,20.0,2000.0,2020-2021,FRA
Issiaga Sylla,b99bec05,gnGUI,MF,Lens,26.0,1994.0,2020-2021,FRA
Eddy Sylvestre,ff3a6a60,frFRA,FW,Nice,20.0,1999.0,2020-2021,FRA
Waniss Taibi,95192fe4,frFRA,MF,Angers,18.0,2002.0,2020-2021,FRA
Flavien Tait,a0f9b535,frFRA,MF,Rennes,27.0,1993.0,2020-2021,FRA
Heriberto Tavares,2d9f280e,cvCPV,"FW,MF",Brest,23.0,1997.0,2020-2021,FRA
Warren Tchimbembé,93b8f9f4,cgCGO,MF,Metz,22.0,1998.0,2020-2021,FRA
Aurélien Tchouaméni,4f255115,frFRA,MF,Monaco,20.0,2000.0,2020-2021,FRA
Martin Terrier,5148dcc5,frFRA,"FW,MF",Rennes,23.0,1997.0,2020-2021,FRA
Kenny Tete,77d7c96f,nlNED,DF,Lyon,24.0,1995.0,2020-2021,FRA
Florian Thauvin,2b9fdeea,frFRA,"MF,FW",Marseille,27.0,1993.0,2020-2021,FRA
Sada Thioub,f4bc42b1,snSEN,"MF,FW",Angers,25.0,1995.0,2020-2021,FRA
Romain Thomas,275e2c51,frFRA,DF,Angers,32.0,1988.0,2020-2021,FRA
Adrien Thomasson,c76b7567,frFRA,"MF,FW",Strasbourg,26.0,1993.0,2020-2021,FRA
Khéphren Thuram,7d9397f8,frFRA,MF,Nice,19.0,2001.0,2020-2021,FRA
Cheikh Tidiane Sabaly,9ddf7fae,snSEN,"FW,MF",Metz,21.0,1999.0,2020-2021,FRA
Jean-Clair Todibo,88f130ed,frFRA,DF,Nice,20.0,1999.0,2020-2021,FRA
Karl Toko Ekambi,5ceba7fc,cmCMR,"FW,MF",Lyon,27.0,1992.0,2020-2021,FRA
Tyron Tormin,0d99c6e1,frFRA,FW,Saint-Étienne,19.0,2001.0,2020-2021,FRA
Abdoulaye Touré,ef7cd87a,gnGUI,MF,Nantes,26.0,1994.0,2020-2021,FRA
Amadou Traore,4eb0686f,frFRA,FW,Bordeaux,18.0,2002.0,2020-2021,FRA
Boubacar Traoré,999ceb5f,mlMLI,MF,Metz,18.0,2001.0,2020-2021,FRA
Charles Traore,de488e56,mlMLI,DF,Nantes,28.0,1992.0,2020-2021,FRA
Cheick Traoré,bfcef334,mlMLI,"DF,MF",Lens,25.0,1995.0,2020-2021,FRA
Hamari Traoré,a4b1028a,mlMLI,DF,Rennes,28.0,1992.0,2020-2021,FRA
Ismaël Traoré,b666421b,ciCIV,DF,Angers,33.0,1986.0,2020-2021,FRA
Miguel Trauco,e4b72e34,pePER,DF,Saint-Étienne,27.0,1992.0,2020-2021,FRA
Alexis Trouillet,0a8d6b91,frFRA,MF,Nice,19.0,2000.0,2020-2021,FRA
Adrien Truffert,5d0e0a1f,frFRA,"DF,MF",Rennes,18.0,2001.0,2020-2021,FRA
Marvin Tshibuabua,7a0b1e96,frFRA,DF,Saint-Étienne,18.0,2002.0,2020-2021,FRA
Matthieu Udol,cc41f558,frFRA,"DF,MF",Metz,24.0,1996.0,2020-2021,FRA
Naomichi Ueda,539b4f25,jpJPN,DF,Nîmes,25.0,1994.0,2020-2021,FRA
Lesley Ugochukwu,1df4a109,frFRA,MF,Rennes,16.0,2004.0,2020-2021,FRA
Hwang Ui-jo,a2d873dd,krKOR,"FW,MF",Bordeaux,27.0,1992.0,2020-2021,FRA
Antoine Valerio,95981861,frFRA,MF,Nîmes,20.0,1999.0,2020-2021,FRA
Marco Verratti,1467af0d,itITA,MF,Paris Saint-Germain,27.0,1992.0,2020-2021,FRA
Clément Vidal,b2791a55,frFRA,DF,Montpellier,20.0,2000.0,2020-2021,FRA
Kevin Volland,64f69877,deGER,"FW,MF",Monaco,28.0,1992.0,2020-2021,FRA
Franklin Wadja,7cbf91b2,cmCMR,MF,Lorient,25.0,1995.0,2020-2021,FRA
Elye Wahi,0d7b6576,frFRA,"FW,MF",Montpellier,17.0,2003.0,2020-2021,FRA
Timothy Weah,8eec784d,usUSA,"MF,FW",Lille,20.0,2000.0,2020-2021,FRA
Yoane Wissa,2500cef9,cdCOD,"MF,FW",Lorient,23.0,1996.0,2020-2021,FRA
Xeka,f3600c02,ptPOR,MF,Lille,25.0,1994.0,2020-2021,FRA
Yusuf Yazıcı,f5c8b425,trTUR,"FW,MF",Lille,23.0,1997.0,2020-2021,FRA
Burak Yılmaz,165a2e40,trTUR,FW,Lille,35.0,1985.0,2020-2021,FRA
Wilitty Younoussa,2736b85e,cmCMR,MF,Dijon,18.0,2001.0,2020-2021,FRA
Zaydou Youssouf,e2f9bb5f,kmCOM,MF,Saint-Étienne,21.0,1999.0,2020-2021,FRA
Arthur Zagre,3225654e,frFRA,DF,Dijon,18.0,2001.0,2020-2021,FRA
Arber Zeneli,095e4199,xkKVX,MF,Reims,25.0,1995.0,2020-2021,FRA
Mehdi Zerkane,53f6306f,dzALG,"MF,FW",Bordeaux,21.0,1999.0,2020-2021,FRA
Kévin Zohi,775185ae,mlMLI,MF,Strasbourg,23.0,1996.0,2020-2021,FRA
