player,player_id,nationality,position,squad,age,birth_year,season,league
Max Aarons,774cf58b,engENG,DF,Valencia,24.0,2000.0,2024-2025,ESP
Rodrigo Abajas,69c99fce,esESP,DF,Valencia,21.0,2003.0,2024-2025,ESP
Nabil Aberdin,cadfa7d1,frFRA,MF,Getafe,21.0,2002.0,2024-2025,ESP
Abdel Abqar,2bc7f211,maMAR,DF,Alavés,25.0,1999.0,2024-2025,ESP
Akor Adams,2ccd39ed,ngNGA,FW,Sevilla,24.0,2000.0,2024-2025,ESP
Adrián,f76e6b4e,esESP,GK,Real Betis,37.0,1987.0,2024-2025,ESP
Julen Agirrezabala,a2c1a8d3,esESP,GK,Athletic Club,23.0,2000.0,2024-2025,ESP
Lucien Agoume,8bc8829a,frFRA,MF,Sevilla,22.0,2002.0,2024-2025,ESP
Álvaro Aguado,014aa7bd,esESP,MF,Espanyol,28.0,1996.0,2024-2025,ESP
Lorenzo Aguado,beae81e1,esESP,DF,Real Madrid,21.0,2002.0,2024-2025,ESP
Nayef Aguerd,288e1e13,maMAR,DF,Real Sociedad,28.0,1996.0,2024-2025,ESP
Joseph Aidoo,18abe173,ghGHA,DF,Valladolid,28.0,1995.0,2024-2025,ESP
Joseph Aidoo,18abe173,ghGHA,DF,Celta Vigo,28.0,1995.0,2024-2025,ESP
Ilias Akhomach,b8bd60fe,maMAR,MF,Villarreal,20.0,2004.0,2024-2025,ESP
David Alaba,05439de2,atAUT,DF,Real Madrid,32.0,1992.0,2024-2025,ESP
Ibrahim Alani,36fd9c52,ngNGA,MF,Valladolid,18.0,2006.0,2024-2025,ESP
Raúl Albiol,4bd414c1,esESP,DF,Villarreal,38.0,1985.0,2024-2025,ESP
Omar Alderete,bb08bce9,pyPAR,DF,Getafe,27.0,1996.0,2024-2025,ESP
Carles Aleñá,6c811eb7,esESP,MF,Getafe,26.0,1998.0,2024-2025,ESP
Carles Aleñá,6c811eb7,esESP,MF,Alavés,26.0,1998.0,2024-2025,ESP
Alfon,1c772b46,esESP,"FW,MF",Celta Vigo,25.0,1999.0,2024-2025,ESP
Tadeo Allende,75a66bed,arARG,MF,Celta Vigo,25.0,1999.0,2024-2025,ESP
Domingos André Ribeiro Almeida,e6697917,ptPOR,"MF,FW",Valencia,24.0,2000.0,2024-2025,ESP
Iker Almena,0b32f721,esESP,MF,Girona,20.0,2004.0,2024-2025,ESP
Marcos Alonso,f4290206,esESP,DF,Celta Vigo,33.0,1990.0,2024-2025,ESP
Adrià Altimira,757a3431,esESP,"DF,MF",Leganés,23.0,2001.0,2024-2025,ESP
Sergi Altimira,94acdd4e,esESP,MF,Real Betis,22.0,2001.0,2024-2025,ESP
Hugo Álvarez,6f392eb8,esESP,MF,Celta Vigo,21.0,2003.0,2024-2025,ESP
Julián Álvarez,15ab5a2b,arARG,FW,Atlético Madrid,24.0,2000.0,2024-2025,ESP
Yeray Álvarez,3ecc11d8,esESP,DF,Athletic Club,29.0,1995.0,2024-2025,ESP
Selim Amallah,00eba9c9,maMAR,MF,Valladolid,27.0,1996.0,2024-2025,ESP
Amath,f3b1d9a2,snSEN,"FW,MF",Valladolid,28.0,1996.0,2024-2025,ESP
Marcos André,ae86d473,brBRA,FW,Valladolid,27.0,1996.0,2024-2025,ESP
Leandro Antonetti,2febb559,prPUR,FW,Sevilla,21.0,2003.0,2024-2025,ESP
Antoniu,af784a9e,esESP,MF,Espanyol,21.0,2002.0,2024-2025,ESP
Antony,99127249,brBRA,MF,Real Betis,24.0,2000.0,2024-2025,ESP
Anuar,c93231dc,maMAR,"MF,FW",Valladolid,29.0,1995.0,2024-2025,ESP
Aritz Arambarri,f28876e5,esESP,DF,Leganés,26.0,1998.0,2024-2025,ESP
Mauro Arambarri,58afe001,uyURU,MF,Getafe,28.0,1995.0,2024-2025,ESP
Jon Aramburu,dc7a172e,veVEN,DF,Real Sociedad,22.0,2002.0,2024-2025,ESP
Ronald Araújo,2bef2bca,uyURU,DF,Barcelona,25.0,1999.0,2024-2025,ESP
Adu Ares,a461f098,esESP,MF,Athletic Club,22.0,2001.0,2024-2025,ESP
Jesús Areso,94e01ec6,esESP,DF,Osasuna,25.0,1999.0,2024-2025,ESP
David Argüelles,a1b81f14,esESP,DF,Getafe,22.0,2002.0,2024-2025,ESP
José Arnaiz,46e07328,esESP,MF,Osasuna,29.0,1995.0,2024-2025,ESP
Sergio Arribas,ff31f01f,esESP,DF,Real Betis,21.0,2003.0,2024-2025,ESP
Takuma Asano,13ddc856,jpJPN,"MF,FW",Mallorca,29.0,1994.0,2024-2025,ESP
Raúl Asencio,4731cd4c,esESP,DF,Real Madrid,21.0,2003.0,2024-2025,ESP
Iago Aspas,7dcf86f6,esESP,"FW,MF",Celta Vigo,36.0,1987.0,2024-2025,ESP
Yaser Asprilla,d139daf9,coCOL,"MF,FW",Girona,20.0,2003.0,2024-2025,ESP
Ezequiel Ávila,253a06b9,arARG,"MF,FW",Real Betis,30.0,1994.0,2024-2025,ESP
Adam Aznou,e678d983,maMAR,"DF,MF",Valladolid,18.0,2006.0,2024-2025,ESP
César Azpilicueta,53cad200,esESP,DF,Atlético Madrid,34.0,1989.0,2024-2025,ESP
Papa Ba,e0b0f636,esESP,FW,Girona,19.0,2004.0,2024-2025,ESP
Loïc Bade,114bbdee,frFRA,DF,Sevilla,24.0,2000.0,2024-2025,ESP
Alex Baena,518f2234,esESP,"MF,FW",Villarreal,23.0,2001.0,2024-2025,ESP
Eric Bailly,a1232f4e,ciCIV,DF,Villarreal,30.0,1994.0,2024-2025,ESP
Stefan Bajcetic,32e8417f,esESP,"MF,DF",Las Palmas,19.0,2004.0,2024-2025,ESP
Cédric Bakambu,0af4dcf0,cdCOD,FW,Real Betis,33.0,1991.0,2024-2025,ESP
Alejandro Balde,5ccc9672,esESP,DF,Barcelona,20.0,2003.0,2024-2025,ESP
Iván Balliu,cee88597,alALB,DF,Rayo Vallecano,32.0,1992.0,2024-2025,ESP
Jonathan Bamba,b2bd0f6c,ciCIV,"MF,FW",Celta Vigo,28.0,1996.0,2024-2025,ESP
Adrian Baquerin,218bc8d2,esESP,FW,Valladolid,17.0,2007.0,2024-2025,ESP
Valentín Barco,b9f282ec,arARG,DF,Sevilla,20.0,2004.0,2024-2025,ESP
Borna Barišić,712dd708,hrCRO,DF,Leganés,31.0,1992.0,2024-2025,ESP
Kike Barja,aad53e64,esESP,"FW,MF",Osasuna,27.0,1997.0,2024-2025,ESP
Enzo Barrenechea,6caffe81,arARG,MF,Valencia,23.0,2001.0,2024-2025,ESP
Ander Barrenetxea,200e89e1,esESP,MF,Real Sociedad,22.0,2001.0,2024-2025,ESP
Pablo Barrios,45736cec,esESP,MF,Atlético Madrid,21.0,2003.0,2024-2025,ESP
Thierno Barry,52c3244b,frFRA,FW,Villarreal,21.0,2002.0,2024-2025,ESP
Marc Bartra,b742cc0d,esESP,DF,Real Betis,33.0,1991.0,2024-2025,ESP
Aboubacar Bassinga,22a312ec,ciCIV,MF,Las Palmas,19.0,2005.0,2024-2025,ESP
Augusto Batalla,fc627681,arARG,GK,Rayo Vallecano,28.0,1996.0,2024-2025,ESP
Rafael Bauza,c6b930b1,esESP,MF,Espanyol,19.0,2005.0,2024-2025,ESP
Sheraldo Becker,8eb55dbb,srSUR,"MF,FW",Real Sociedad,29.0,1995.0,2024-2025,ESP
Donny van de Beek,50dc94ce,nlNED,MF,Girona,27.0,1997.0,2024-2025,ESP
Luken Beitia,1406fae0,esESP,DF,Real Sociedad,20.0,2004.0,2024-2025,ESP
Ismael Bekhoucha,e42c0f53,maMAR,DF,Getafe,19.0,2004.0,2024-2025,ESP
Héctor Bellerín,f874dd44,esESP,DF,Real Betis,29.0,1995.0,2024-2025,ESP
Jude Bellingham,57d88cf9,engENG,MF,Real Madrid,21.0,2003.0,2024-2025,ESP
Fran Beltrán,ed5c5fa3,esESP,MF,Celta Vigo,25.0,1999.0,2024-2025,ESP
Carlos Benavídez,9fb45456,uyURU,MF,Alavés,26.0,1998.0,2024-2025,ESP
Iker Benito,50cbc806,esESP,"FW,MF",Osasuna,21.0,2002.0,2024-2025,ESP
Yuri Berchiche,b6e50615,esESP,DF,Athletic Club,34.0,1990.0,2024-2025,ESP
Álex Berenguer,dc1c2fce,esESP,"MF,FW",Athletic Club,29.0,1995.0,2024-2025,ESP
Marc Bernal,29117812,esESP,MF,Barcelona,17.0,2007.0,2024-2025,ESP
Juan Bernat,433dc9a2,esESP,DF,Villarreal,31.0,1993.0,2024-2025,ESP
Juan Bernat,433dc9a2,esESP,MF,Getafe,31.0,1993.0,2024-2025,ESP
Juan Berrocal,377ef3a6,esESP,DF,Getafe,25.0,1999.0,2024-2025,ESP
Antonio Blanco,506daeac,esESP,MF,Alavés,24.0,2000.0,2024-2025,ESP
Daley Blind,691bef82,nlNED,DF,Girona,34.0,1990.0,2024-2025,ESP
Adama Boiro,e7992f7b,esESP,DF,Athletic Club,22.0,2002.0,2024-2025,ESP
Enzo Boyomo,3a99bc13,cmCMR,DF,Osasuna,22.0,2001.0,2024-2025,ESP
Enzo Boyomo,3a99bc13,cmCMR,DF,Valladolid,22.0,2001.0,2024-2025,ESP
Darko Brašanac,4accb7e0,rsSRB,MF,Leganés,32.0,1992.0,2024-2025,ESP
Abel Bretones,40b6bd38,esESP,"DF,MF",Osasuna,23.0,2000.0,2024-2025,ESP
Tajon Buchanan,3aca6420,caCAN,MF,Villarreal,25.0,1999.0,2024-2025,ESP
Ante Budimir,8f3565b3,hrCRO,FW,Osasuna,33.0,1991.0,2024-2025,ESP
Manu Bueno,c5642098,esESP,MF,Sevilla,20.0,2004.0,2024-2025,ESP
Endika Buján,72699f75,esESP,FW,Athletic Club,21.0,2003.0,2024-2025,ESP
Pau Cabanes,53440b64,esESP,FW,Villarreal,19.0,2005.0,2024-2025,ESP
Pau Cabanes,53440b64,esESP,MF,Alavés,19.0,2005.0,2024-2025,ESP
Leandro Cabrera,69cbc8b6,uyURU,DF,Espanyol,33.0,1991.0,2024-2025,ESP
Fernando Calero,41b3069f,esESP,DF,Espanyol,28.0,1995.0,2024-2025,ESP
Eduardo Camavinga,7b9c2d84,frFRA,"MF,DF",Real Madrid,21.0,2002.0,2024-2025,ESP
Sergio Camello,873619c6,esESP,FW,Rayo Vallecano,23.0,2001.0,2024-2025,ESP
José Campaña,61220da2,esESP,MF,Las Palmas,31.0,1993.0,2024-2025,ESP
Peio Canales,3b5d2ab7,esESP,MF,Athletic Club,19.0,2005.0,2024-2025,ESP
Antonio Candela,d4307c52,itITA,DF,Valladolid,24.0,2000.0,2024-2025,ESP
Sergi Canós,1137759d,esESP,MF,Valencia,27.0,1997.0,2024-2025,ESP
Dani Cárdenas,e1846dde,esESP,GK,Rayo Vallecano,27.0,1997.0,2024-2025,ESP
Irvin Cardona,5e080f73,mtMLT,"FW,MF",Espanyol,26.0,1997.0,2024-2025,ESP
Marc Cardona,b92b456a,esESP,FW,Las Palmas,29.0,1995.0,2024-2025,ESP
Sergi Cardona,74e90475,esESP,DF,Villarreal,25.0,1999.0,2024-2025,ESP
Johnny Cardoso,7426f085,usUSA,MF,Real Betis,22.0,2001.0,2024-2025,ESP
José Carlos González,79fe48ae,esESP,MF,Las Palmas,18.0,2006.0,2024-2025,ESP
Carmona,2dce876a,esESP,DF,Sevilla,22.0,2002.0,2024-2025,ESP
Sergio Carreira,8d6a9c93,esESP,MF,Celta Vigo,23.0,2000.0,2024-2025,ESP
Dani Carvajal,4958bfb2,esESP,DF,Real Madrid,32.0,1992.0,2024-2025,ESP
William Carvalho,dee86451,ptPOR,MF,Real Betis,32.0,1992.0,2024-2025,ESP
Marc Casado,2ef08833,esESP,MF,Barcelona,20.0,2003.0,2024-2025,ESP
Catena,274ab13c,esESP,DF,Osasuna,29.0,1994.0,2024-2025,ESP
Maximiliano Caufriez,c92c24f0,beBEL,DF,Valencia,27.0,1997.0,2024-2025,ESP
Dani Ceballos,c0617e2b,esESP,MF,Real Madrid,27.0,1996.0,2024-2025,ESP
Franco Cervi,5e1028e5,arARG,"MF,FW",Celta Vigo,30.0,1994.0,2024-2025,ESP
Raúl Chasco,61d964b8,esESP,DF,Valladolid,20.0,2003.0,2024-2025,ESP
Pep Chavarría,63c5e56b,esESP,DF,Rayo Vallecano,26.0,1998.0,2024-2025,ESP
Walid Cheddira,0545a08e,maMAR,FW,Espanyol,26.0,1998.0,2024-2025,ESP
Chema,39ef21fa,esESP,MF,Real Madrid,19.0,2005.0,2024-2025,ESP
Julián Chicco,92dacb99,arARG,"MF,DF",Leganés,26.0,1998.0,2024-2025,ESP
Chiquinho,dc6c2f02,ptPOR,MF,Mallorca,24.0,2000.0,2024-2025,ESP
Andreas Christensen,1cb49278,dkDEN,DF,Barcelona,28.0,1996.0,2024-2025,ESP
Jasper Cillessen,04ac8285,nlNED,GK,Las Palmas,35.0,1989.0,2024-2025,ESP
Pathé Ciss,9a0408b6,snSEN,"MF,DF",Rayo Vallecano,30.0,1994.0,2024-2025,ESP
Seydouba Cissé,0d13e455,gnGUI,MF,Leganés,23.0,2001.0,2024-2025,ESP
Silvi Clúa,b793dea2,esESP,MF,Girona,19.0,2005.0,2024-2025,ESP
Eray Cömert,15937e17,chSUI,"DF,MF",Valladolid,26.0,1998.0,2024-2025,ESP
Santi Comesaña,5ae499d0,esESP,MF,Villarreal,27.0,1996.0,2024-2025,ESP
Diego Conde,4eae5bc4,esESP,GK,Villarreal,25.0,1998.0,2024-2025,ESP
Tomás Conechny,f61143dd,arARG,"MF,FW",Alavés,26.0,1998.0,2024-2025,ESP
Copete,0f26ffd7,esESP,DF,Mallorca,24.0,1999.0,2024-2025,ESP
Iker Córdoba,f35d5b6a,esESP,DF,Valencia,18.0,2005.0,2024-2025,ESP
Ángel Correa,01eb744d,arARG,FW,Atlético Madrid,29.0,1995.0,2024-2025,ESP
Thierry Correia,c78b352d,ptPOR,DF,Valencia,25.0,1999.0,2024-2025,ESP
Coba da Costa,0b3358f0,esESP,MF,Getafe,22.0,2002.0,2024-2025,ESP
Logan Costa,bfb2056e,cvCPV,DF,Villarreal,23.0,2001.0,2024-2025,ESP
Samu Costa,76c2a023,ptPOR,MF,Mallorca,23.0,2000.0,2024-2025,ESP
Thibaut Courtois,1840e36d,beBEL,GK,Real Madrid,32.0,1992.0,2024-2025,ESP
Juan Cruz Armada,a56da3ba,esESP,DF,Osasuna,32.0,1992.0,2024-2025,ESP
Juan Cruz,cc2dd8a5,esESP,"MF,DF",Leganés,24.0,2000.0,2024-2025,ESP
Pau Cubarsí,cc7888f3,esESP,DF,Barcelona,17.0,2007.0,2024-2025,ESP
Cucho,71b47ab9,coCOL,FW,Real Betis,25.0,1999.0,2024-2025,ESP
Arnaut Danjuma,f08490a6,nlNED,FW,Villarreal,27.0,1997.0,2024-2025,ESP
Arnaut Danjuma,f08490a6,nlNED,"MF,FW",Girona,27.0,1997.0,2024-2025,ESP
Sergi Darder,070a3904,esESP,MF,Mallorca,30.0,1993.0,2024-2025,ESP
Rodrigo De Paul,162efffd,arARG,MF,Atlético Madrid,30.0,1994.0,2024-2025,ESP
Mouctar Diakhaby,d2110326,gnGUI,DF,Valencia,27.0,1996.0,2024-2025,ESP
Assane Diao,8ae7d0ec,snSEN,FW,Real Betis,18.0,2005.0,2024-2025,ESP
Moussa Diarra,698f11e3,mlMLI,DF,Alavés,23.0,2000.0,2024-2025,ESP
Brahim Díaz,407feb71,maMAR,"MF,FW",Real Madrid,24.0,1999.0,2024-2025,ESP
Daniel Díaz,423680ee,esESP,FW,Real Sociedad,18.0,2006.0,2024-2025,ESP
Pedro Díaz,eea5130e,esESP,MF,Rayo Vallecano,26.0,1998.0,2024-2025,ESP
Diego,b85a5126,esESP,"FW,MF",Leganés,24.0,2000.0,2024-2025,ESP
Stole Dimitrievski,fc70e345,mkMKD,GK,Valencia,30.0,1993.0,2024-2025,ESP
Yan Diomandé,919f5f54,ciCIV,MF,Leganés,17.0,2006.0,2024-2025,ESP
Álvaro djaló,45c29ae7,gwGNB,"MF,FW",Athletic Club,24.0,1999.0,2024-2025,ESP
Djené,a4971d84,tgTOG,"DF,MF",Getafe,32.0,1991.0,2024-2025,ESP
Marko Dmitrović,ac295d9e,rsSRB,GK,Leganés,32.0,1992.0,2024-2025,ESP
Marc Domenech,54880c9b,esESP,"FW,MF",Mallorca,18.0,2006.0,2024-2025,ESP
Carlos Dominguez,3521abfe,esESP,DF,Celta Vigo,23.0,2001.0,2024-2025,ESP
Israel Domínguez,d2ba7592,esESP,MF,Sevilla,21.0,2003.0,2024-2025,ESP
Sergi Dominguez,88507352,esESP,DF,Barcelona,19.0,2005.0,2024-2025,ESP
Anastasios Douvikas,853ca71c,grGRE,FW,Celta Vigo,24.0,1999.0,2024-2025,ESP
Domingos Duarte,93090f69,ptPOR,DF,Getafe,29.0,1995.0,2024-2025,ESP
Duk,777c02e8,cvCPV,MF,Leganés,24.0,2000.0,2024-2025,ESP
Pablo Durán,6db116ec,esESP,"FW,MF",Celta Vigo,23.0,2001.0,2024-2025,ESP
Hugo Duro,37e103f8,esESP,FW,Valencia,24.0,1999.0,2024-2025,ESP
Chidera Ejuke,e7f3e8a7,ngNGA,"MF,FW",Sevilla,26.0,1998.0,2024-2025,ESP
Aritz Elustondo,f7dc2ae5,esESP,DF,Real Sociedad,30.0,1994.0,2024-2025,ESP
Adri Embarba,db8f0eba,esESP,"MF,FW",Rayo Vallecano,32.0,1992.0,2024-2025,ESP
Endrick,a2728fbf,brBRA,FW,Real Madrid,18.0,2006.0,2024-2025,ESP
Alfonso Espino,db001fa9,uyURU,DF,Rayo Vallecano,32.0,1992.0,2024-2025,ESP
Dario Essugo,1e4319ac,ptPOR,MF,Las Palmas,19.0,2005.0,2024-2025,ESP
Etienne Eto'o,7ecd41a2,cmCMR,FW,Rayo Vallecano,21.0,2002.0,2024-2025,ESP
Karl Etta Eyong,f0f499ea,cmCMR,FW,Villarreal,20.0,2003.0,2024-2025,ESP
Edu Expósito,283c7121,esESP,MF,Espanyol,27.0,1996.0,2024-2025,ESP
Abde Ezzalzouli,bed68338,maMAR,MF,Real Betis,22.0,2001.0,2024-2025,ESP
Ansu Fati,0ba976e4,esESP,MF,Barcelona,21.0,2002.0,2024-2025,ESP
Nabil Fekir,bece776f,frFRA,MF,Real Betis,31.0,1993.0,2024-2025,ESP
Kiko Femenía,e5d01ecf,esESP,DF,Villarreal,33.0,1991.0,2024-2025,ESP
Aitor Fernández,a01c3d54,esESP,GK,Osasuna,33.0,1991.0,2024-2025,ESP
Álvaro Fernández,f127d782,esESP,GK,Sevilla,26.0,1998.0,2024-2025,ESP
Pelayo Fernandez,ce46e850,esESP,DF,Rayo Vallecano,21.0,2003.0,2024-2025,ESP
Roberto Férnandez,c981fc98,esESP,FW,Espanyol,22.0,2002.0,2024-2025,ESP
Valery Fernández,4acd733a,esESP,MF,Mallorca,24.0,1999.0,2024-2025,ESP
André Ferreira,12c6cbef,ptPOR,GK,Valladolid,28.0,1996.0,2024-2025,ESP
Mateo Flores,90dcf851,esESP,MF,Real Betis,20.0,2004.0,2024-2025,ESP
Pablo Fornals,82927de4,esESP,MF,Real Betis,28.0,1996.0,2024-2025,ESP
Héctor Fort,2e31f3a6,esESP,DF,Barcelona,17.0,2006.0,2024-2025,ESP
Dimitri Foulquier,45e17712,frFRA,DF,Valencia,31.0,1993.0,2024-2025,ESP
Juan Foyth,6c7762c3,arARG,DF,Villarreal,26.0,1998.0,2024-2025,ESP
Fran,5e550a91,esESP,GK,Real Madrid,19.0,2005.0,2024-2025,ESP
Alejandro Francés,3e78a188,esESP,DF,Girona,21.0,2002.0,2024-2025,ESP
Enric Franquesa,40883e3a,esESP,"MF,DF",Leganés,27.0,1997.0,2024-2025,ESP
Jorge de Frutos,38ce1150,esESP,"MF,FW",Rayo Vallecano,27.0,1997.0,2024-2025,ESP
Darío Fuentes,893268ab,esESP,DF,Sevilla,21.0,2003.0,2024-2025,ESP
Manuel Fuster,618f396a,esESP,"MF,FW",Las Palmas,26.0,1997.0,2024-2025,ESP
Javi Galán,a4b00319,esESP,DF,Atlético Madrid,29.0,1994.0,2024-2025,ESP
Iñigo Ruiz de Galarreta,91f7631f,esESP,MF,Athletic Club,30.0,1993.0,2024-2025,ESP
Conor Gallagher,c2731c10,engENG,MF,Atlético Madrid,24.0,2000.0,2024-2025,ESP
Facundo Garcés,20c88f8f,myMAS,DF,Alavés,24.0,1999.0,2024-2025,ESP
Álvaro García,90bbd822,esESP,"MF,FW",Rayo Vallecano,31.0,1992.0,2024-2025,ESP
Eric García,2bed3eab,esESP,"DF,MF",Barcelona,23.0,2001.0,2024-2025,ESP
Fran Garcia,7226539b,esESP,DF,Real Madrid,24.0,1999.0,2024-2025,ESP
Gonzalo García,74c2d562,esESP,MF,Real Madrid,20.0,2004.0,2024-2025,ESP
Joan García,87b498b0,esESP,GK,Espanyol,23.0,2001.0,2024-2025,ESP
Pablo Garcia,9925419c,esESP,FW,Real Betis,18.0,2006.0,2024-2025,ESP
Rubén García,5c96b017,esESP,"FW,MF",Osasuna,31.0,1993.0,2024-2025,ESP
Unai García,4a633cfe,esESP,DF,Osasuna,32.0,1992.0,2024-2025,ESP
Yarek Gasiorowski,20a65cdf,esESP,DF,Valencia,19.0,2005.0,2024-2025,ESP
Gavi,19cae58d,esESP,MF,Barcelona,19.0,2004.0,2024-2025,ESP
Paulo Gazzaniga,63d17038,arARG,GK,Girona,32.0,1992.0,2024-2025,ESP
Bryan Gil,7b5ab7f2,esESP,"MF,FW",Girona,23.0,2001.0,2024-2025,ESP
Dani Gómez,0e5ddc7c,esESP,FW,Valencia,26.0,1998.0,2024-2025,ESP
Moi Gómez,5a626448,esESP,"MF,FW",Osasuna,30.0,1994.0,2024-2025,ESP
Sergi Gómez,bc6f5f06,esESP,DF,Espanyol,32.0,1992.0,2024-2025,ESP
Sergio Gómez,01e5f06e,esESP,MF,Real Sociedad,23.0,2000.0,2024-2025,ESP
Unai Gómez,37db6cae,esESP,"MF,FW",Athletic Club,21.0,2003.0,2024-2025,ESP
Fabio González,5418d47c,esESP,MF,Las Palmas,27.0,1997.0,2024-2025,ESP
Peter González,1ccd3dae,doDOM,MF,Getafe,22.0,2002.0,2024-2025,ESP
Urko González,c4f5eb61,esESP,MF,Espanyol,23.0,2001.0,2024-2025,ESP
Urko González,c4f5eb61,esESP,MF,Real Sociedad,23.0,2001.0,2024-2025,ESP
Andoni Gorosabel,6f5f82c0,esESP,DF,Athletic Club,27.0,1996.0,2024-2025,ESP
José Gragera,ee45d138,esESP,MF,Espanyol,23.0,2000.0,2024-2025,ESP
Dominik Greif,30061f53,skSVK,GK,Mallorca,27.0,1997.0,2024-2025,ESP
Antoine Griezmann,df69b544,frFRA,"FW,MF",Atlético Madrid,33.0,1991.0,2024-2025,ESP
Florian Grillitsch,ffbbc83b,atAUT,MF,Valladolid,28.0,1995.0,2024-2025,ESP
Vicente Guaita,ab13a5aa,esESP,GK,Celta Vigo,37.0,1987.0,2024-2025,ESP
Sergi Guardiola,32974271,esESP,FW,Rayo Vallecano,33.0,1991.0,2024-2025,ESP
Nemanja Gudelj,0076ab7f,rsSRB,"MF,DF",Sevilla,32.0,1991.0,2024-2025,ESP
Javier Guerra,3828f130,esESP,MF,Valencia,21.0,2003.0,2024-2025,ESP
Ander Guevara,8e48dc61,esESP,MF,Alavés,27.0,1997.0,2024-2025,ESP
Pape Gueye,7155e3e1,snSEN,"MF,FW",Villarreal,25.0,1999.0,2024-2025,ESP
Hugo Guillamón,f7c12fbf,esESP,MF,Valencia,24.0,2000.0,2024-2025,ESP
Carlos Guirao,4d9f02df,esESP,MF,Real Betis,21.0,2003.0,2024-2025,ESP
Arda Güler,3741ca58,trTUR,"MF,FW",Real Madrid,19.0,2005.0,2024-2025,ESP
Gerard Gumbau,ac454a4f,esESP,MF,Rayo Vallecano,29.0,1994.0,2024-2025,ESP
Jon Guridi,4c0a6a48,esESP,MF,Alavés,29.0,1995.0,2024-2025,ESP
Gorka Guruzeta,6b5ea2f4,esESP,FW,Athletic Club,27.0,1996.0,2024-2025,ESP
Miguel Gutiérrez,7e98cff1,esESP,"DF,MF",Girona,23.0,2001.0,2024-2025,ESP
Munir El Haddadi,8696bc90,maMAR,"MF,FW",Leganés,28.0,1995.0,2024-2025,ESP
Sébastien Haller,ba115a40,ciCIV,FW,Leganés,30.0,1994.0,2024-2025,ESP
Henrique,f28474a4,brBRA,DF,Valladolid,30.0,1994.0,2024-2025,ESP
Javi Hernández,9a76c2e9,esESP,DF,Leganés,26.0,1998.0,2024-2025,ESP
Aridane Hernández,132ac341,esESP,DF,Rayo Vallecano,35.0,1989.0,2024-2025,ESP
Jorge Herrando,e19c989c,esESP,DF,Osasuna,23.0,2001.0,2024-2025,ESP
Ander Herrera,436a9dd0,esESP,MF,Athletic Club,34.0,1989.0,2024-2025,ESP
Sergio Herrera,a4995f48,esESP,GK,Osasuna,31.0,1993.0,2024-2025,ESP
Yangel Herrera,5083a734,veVEN,MF,Girona,26.0,1998.0,2024-2025,ESP
Juan Herzog,3a18abe2,esESP,DF,Las Palmas,21.0,2003.0,2024-2025,ESP
Omar El Hilali,139560df,maMAR,DF,Espanyol,20.0,2003.0,2024-2025,ESP
Roger Hinojo,1c33932b,esESP,DF,Espanyol,19.0,2005.0,2024-2025,ESP
Dinko Horkaš,8fafc04d,hrCRO,GK,Las Palmas,25.0,1999.0,2024-2025,ESP
Pablo Ibáñez,3701906c,esESP,MF,Osasuna,25.0,1998.0,2024-2025,ESP
Stanis Idumbo,53551b98,beBEL,MF,Sevilla,19.0,2005.0,2024-2025,ESP
Iglesias,974322dc,esESP,"DF,MF",Getafe,26.0,1998.0,2024-2025,ESP
Borja Iglesias,75645f0e,esESP,FW,Celta Vigo,31.0,1993.0,2024-2025,ESP
Kelechi Iheanacho,c92e1a31,ngNGA,FW,Sevilla,27.0,1996.0,2024-2025,ESP
Isco,a0b4bb3e,esESP,MF,Real Betis,32.0,1992.0,2024-2025,ESP
Diego Iturralde,9d33c71a,esESP,MF,Sevilla,21.0,2003.0,2024-2025,ESP
Ivan Jaime Pajuelo,90ba7fa6,esESP,MF,Valencia,23.0,2000.0,2024-2025,ESP
Karl Jakob Hein,aa81d8f8,eeEST,GK,Valladolid,22.0,2002.0,2024-2025,ESP
Adnan Januzaj,4737cebe,beBEL,"MF,FW",Las Palmas,29.0,1995.0,2024-2025,ESP
Mikel Jauregizar,2f5c78ca,esESP,MF,Athletic Club,20.0,2003.0,2024-2025,ESP
John Joe,fd01216a,ieIRL,MF,Getafe,20.0,2003.0,2024-2025,ESP
Jofre,030ef8d6,esESP,MF,Espanyol,23.0,2001.0,2024-2025,ESP
Frenkie de Jong,1bacc518,nlNED,MF,Barcelona,27.0,1997.0,2024-2025,ESP
Joan Jordán,2a0c8ba4,esESP,MF,Alavés,30.0,1994.0,2024-2025,ESP
Juanmi,84399660,esESP,FW,Getafe,31.0,1993.0,2024-2025,ESP
Juanmi,84399660,esESP,MF,Real Betis,31.0,1993.0,2024-2025,ESP
Juanpe,1633fc8a,esESP,DF,Girona,33.0,1991.0,2024-2025,ESP
Abdulai Juma Bah,7b505397,slSLE,DF,Valladolid,18.0,2006.0,2024-2025,ESP
Luiz Lúcio Reis Júnior,d0530e29,brBRA,GK,Villarreal,23.0,2001.0,2024-2025,ESP
Vinicius Júnior,7111d552,brBRA,"FW,MF",Real Madrid,24.0,2000.0,2024-2025,ESP
Stanko Jurić,21a87181,hrCRO,MF,Valladolid,27.0,1996.0,2024-2025,ESP
Willy Kambwala,6a7353d7,frFRA,DF,Villarreal,19.0,2004.0,2024-2025,ESP
Abdoulaye Keita,154b6735,esESP,MF,Getafe,21.0,2002.0,2024-2025,ESP
Kenedy,5eebbfdf,brBRA,"FW,MF",Valladolid,28.0,1996.0,2024-2025,ESP
Kiké,e897d8ba,esESP,FW,Alavés,34.0,1989.0,2024-2025,ESP
Koke,55126f3b,esESP,MF,Atlético Madrid,32.0,1992.0,2024-2025,ESP
Jules Koundé,4d1666ff,frFRA,DF,Barcelona,25.0,1998.0,2024-2025,ESP
Alex Král,e717705a,czCZE,MF,Espanyol,26.0,1998.0,2024-2025,ESP
Vladyslav Krapyvtsov,66daeaf7,uaUKR,GK,Girona,19.0,2005.0,2024-2025,ESP
Ladislav Krejčí,5b5c2228,czCZE,DF,Girona,25.0,1999.0,2024-2025,ESP
Takefusa Kubo,16aa3654,jpJPN,"MF,FW",Real Sociedad,23.0,2001.0,2024-2025,ESP
Marash Kumbulla,a40819d9,alALB,DF,Espanyol,24.0,2000.0,2024-2025,ESP
Luca de la Torre,e9241b40,usUSA,MF,Celta Vigo,26.0,1998.0,2024-2025,ESP
Yoel Lago,edd4e7a5,esESP,DF,Celta Vigo,20.0,2004.0,2024-2025,ESP
Cyle Larin,e7af9060,caCAN,FW,Mallorca,29.0,1995.0,2024-2025,ESP
Juanmi Latasa,2bea832e,esESP,FW,Valladolid,23.0,2001.0,2024-2025,ESP
Toni Lato,8e088e04,esESP,DF,Mallorca,26.0,1997.0,2024-2025,ESP
Robin Le Normand,9a64e67e,esESP,DF,Atlético Madrid,27.0,1996.0,2024-2025,ESP
Florian Lejeune,6eaed4eb,frFRA,DF,Rayo Vallecano,33.0,1991.0,2024-2025,ESP
Iñigo Lekue,59b7d823,esESP,DF,Athletic Club,31.0,1993.0,2024-2025,ESP
Thomas Lemar,4dbd0916,frFRA,MF,Atlético Madrid,28.0,1995.0,2024-2025,ESP
Clément Lenglet,4f28a6ff,frFRA,DF,Atlético Madrid,29.0,1995.0,2024-2025,ESP
Robert Lewandowski,8d78e732,plPOL,FW,Barcelona,35.0,1988.0,2024-2025,ESP
Samuel Lino,2a295d33,brBRA,MF,Atlético Madrid,24.0,1999.0,2024-2025,ESP
Javier Llabrés,38b0cf42,esESP,MF,Mallorca,21.0,2002.0,2024-2025,ESP
Diego Llorente,bba30585,esESP,DF,Real Betis,30.0,1993.0,2024-2025,ESP
Marcos Llorente,02c15616,esESP,"DF,MF",Atlético Madrid,29.0,1995.0,2024-2025,ESP
Giovani Lo Celso,d7553721,arARG,MF,Real Betis,28.0,1996.0,2024-2025,ESP
Enzo Loiodice,6bca20fe,frFRA,MF,Las Palmas,23.0,2000.0,2024-2025,ESP
David López,0924357d,esESP,DF,Mallorca,21.0,2003.0,2024-2025,ESP
David López,f03f284b,esESP,DF,Girona,34.0,1989.0,2024-2025,ESP
Diego López,c487901c,esESP,MF,Valencia,22.0,2002.0,2024-2025,ESP
Fer López,675cacff,esESP,"FW,MF",Celta Vigo,20.0,2004.0,2024-2025,ESP
Fermin López,c1fe5f0b,esESP,MF,Barcelona,21.0,2003.0,2024-2025,ESP
Javi López,e9ada8cf,esESP,DF,Real Sociedad,22.0,2002.0,2024-2025,ESP
Pau López,20b9f052,esESP,GK,Girona,29.0,1994.0,2024-2025,ESP
Roberto López,2a8c9f98,esESP,MF,Leganés,24.0,2000.0,2024-2025,ESP
Unai López,88050721,esESP,MF,Rayo Vallecano,28.0,1995.0,2024-2025,ESP
Iker Losada,41521385,esESP,"MF,FW",Celta Vigo,22.0,2001.0,2024-2025,ESP
Iker Losada,41521385,esESP,MF,Real Betis,22.0,2001.0,2024-2025,ESP
Pol Lozano,ea610f00,esESP,MF,Espanyol,24.0,1999.0,2024-2025,ESP
José Luis Gayà,b05e2dbd,esESP,DF,Valencia,29.0,1995.0,2024-2025,ESP
Dodi Lukebakio,0c61c77c,beBEL,"MF,FW",Sevilla,26.0,1997.0,2024-2025,ESP
Daniel Luna,410b16e3,coCOL,MF,Mallorca,21.0,2003.0,2024-2025,ESP
Andriy Lunin,3061e1ec,uaUKR,GK,Real Madrid,25.0,1999.0,2024-2025,ESP
Darwin Machís,ed6ea4d9,veVEN,"MF,FW",Valladolid,31.0,1993.0,2024-2025,ESP
Pablo Maffeo,5db04597,esESP,DF,Mallorca,27.0,1997.0,2024-2025,ESP
Jon Magunazelaia,d4808594,esESP,MF,Real Sociedad,23.0,2001.0,2024-2025,ESP
Giorgi Mamardashvili,d4b73232,geGEO,GK,Valencia,23.0,2000.0,2024-2025,ESP
Reinildo Mandava,c20bdcd7,mzMOZ,"DF,MF",Atlético Madrid,30.0,1994.0,2024-2025,ESP
Javier Manquillo,758dd7f0,esESP,DF,Celta Vigo,30.0,1994.0,2024-2025,ESP
Marcão,133faa84,brBRA,DF,Sevilla,28.0,1996.0,2024-2025,ESP
Óscar de Marcos,9f323c71,esESP,DF,Athletic Club,35.0,1989.0,2024-2025,ESP
Alberto Marí,44330c36,esESP,FW,Valencia,23.0,2001.0,2024-2025,ESP
José María Giménez,f0da930c,uyURU,DF,Atlético Madrid,29.0,1995.0,2024-2025,ESP
Arkaitz Mariezkurrena,7c2c671c,esESP,FW,Real Sociedad,19.0,2005.0,2024-2025,ESP
Pablo Marín,a83c19cf,esESP,MF,Real Sociedad,21.0,2003.0,2024-2025,ESP
Mika Mármol,e7630876,esESP,DF,Las Palmas,23.0,2001.0,2024-2025,ESP
Mario Maroto,b518c5ab,esESP,MF,Valladolid,20.0,2003.0,2024-2025,ESP
Unai Marrero,f0fe87dc,esESP,GK,Real Sociedad,22.0,2001.0,2024-2025,ESP
Carlos Martín,64035864,esESP,"MF,FW",Alavés,22.0,2002.0,2024-2025,ESP
Diego Martín,db28ad66,esESP,FW,Las Palmas,20.0,2003.0,2024-2025,ESP
Gerard Martín,b792c59d,esESP,DF,Barcelona,22.0,2002.0,2024-2025,ESP
Iván Martín,ae48c5cb,esESP,MF,Girona,25.0,1999.0,2024-2025,ESP
Jon Martin,df33ecb5,esESP,DF,Real Sociedad,18.0,2006.0,2024-2025,ESP
Mario Martín,a9aff11a,esESP,MF,Valladolid,20.0,2004.0,2024-2025,ESP
Arnau Martinez,c3e66ffe,esESP,"DF,MF",Girona,21.0,2003.0,2024-2025,ESP
Iñigo Martínez,3fc45c73,esESP,DF,Barcelona,33.0,1991.0,2024-2025,ESP
Javi Martínez,3672b352,esESP,MF,Osasuna,24.0,1999.0,2024-2025,ESP
Ramón Martínez,a04f40c8,esESP,DF,Sevilla,21.0,2002.0,2024-2025,ESP
Toni Martínez,f3945e07,esESP,FW,Alavés,27.0,1997.0,2024-2025,ESP
Javi Martón,2381eead,esESP,FW,Athletic Club,25.0,1999.0,2024-2025,ESP
Marvin,efaefda0,esESP,"DF,MF",Las Palmas,24.0,2000.0,2024-2025,ESP
Omar Mascarell,11fd2b75,gqEQG,MF,Mallorca,31.0,1993.0,2024-2025,ESP
Jaime Mata,02319ad7,esESP,"MF,FW",Las Palmas,35.0,1988.0,2024-2025,ESP
Borja Mayoral,64e8ed6d,esESP,FW,Getafe,27.0,1997.0,2024-2025,ESP
Kylian Mbappé,42fd9c7f,frFRA,FW,Real Madrid,25.0,1998.0,2024-2025,ESP
Oliver McBurnie,78b8ac63,sctSCO,FW,Las Palmas,28.0,1996.0,2024-2025,ESP
Scott McKenna,4e5a4cbc,sctSCO,DF,Las Palmas,27.0,1996.0,2024-2025,ESP
Mateo Mejía,a96e9b5c,esESP,FW,Sevilla,21.0,2003.0,2024-2025,ESP
Arthur Melo,48b3dd60,brBRA,MF,Girona,27.0,1996.0,2024-2025,ESP
Brais Méndez,c9e39d91,esESP,"MF,FW",Real Sociedad,27.0,1997.0,2024-2025,ESP
Ferland Mendy,3cefcaef,frFRA,DF,Real Madrid,29.0,1995.0,2024-2025,ESP
Nobel Mendy,7e64e657,frFRA,DF,Real Betis,19.0,2004.0,2024-2025,ESP
Víctor Meseguer,428a06a7,esESP,MF,Valladolid,25.0,1999.0,2024-2025,ESP
Miguel,6763373d,esESP,FW,Leganés,24.0,1999.0,2024-2025,ESP
Éder Militão,2784f898,brBRA,DF,Real Madrid,26.0,1998.0,2024-2025,ESP
Luis Milla,19c36442,esESP,MF,Getafe,29.0,1994.0,2024-2025,ESP
Pere Milla,335039a2,esESP,MF,Espanyol,31.0,1992.0,2024-2025,ESP
Óscar Mingueza,056269d7,esESP,"MF,DF",Celta Vigo,25.0,1999.0,2024-2025,ESP
Kim Minsu,11e36e68,krKOR,FW,Girona,18.0,2006.0,2024-2025,ESP
Bojan Miovski,72e442c5,mkMKD,FW,Girona,25.0,1999.0,2024-2025,ESP
Rafa Mir,bbf5c11b,esESP,"FW,MF",Valencia,27.0,1997.0,2024-2025,ESP
Luka Modrić,6025fab1,hrCRO,MF,Real Madrid,38.0,1985.0,2024-2025,ESP
Johan Mojica,608f2092,coCOL,DF,Mallorca,31.0,1992.0,2024-2025,ESP
Alberto Moleiro,c2c8897d,esESP,MF,Las Palmas,20.0,2003.0,2024-2025,ESP
Nahuel Molina,23610943,arARG,DF,Atlético Madrid,26.0,1998.0,2024-2025,ESP
Jon Moncayola,9939e168,esESP,MF,Osasuna,26.0,1998.0,2024-2025,ESP
Gonzalo Montiel,374d5158,arARG,DF,Sevilla,27.0,1997.0,2024-2025,ESP
Gerard Moreno,81f0781e,esESP,FW,Villarreal,32.0,1992.0,2024-2025,ESP
Xavier Moreno,b7584ab8,esESP,FW,Valladolid,19.0,2004.0,2024-2025,ESP
Mateu Morey,5fd5e542,esESP,DF,Mallorca,24.0,2000.0,2024-2025,ESP
Ilaix Moriba,f4c69aa6,gnGUI,MF,Celta Vigo,21.0,2003.0,2024-2025,ESP
Manu Morlanes,a0255c67,esESP,MF,Mallorca,25.0,1999.0,2024-2025,ESP
Raúl Moro,919dd4b1,esESP,"MF,FW",Valladolid,21.0,2002.0,2024-2025,ESP
Cristhian Mosquera,dc1ce4f5,esESP,DF,Valencia,20.0,2004.0,2024-2025,ESP
Santiago Mouriño,91ee5785,uyURU,DF,Alavés,22.0,2002.0,2024-2025,ESP
Abdul Mumin,5487adcd,ghGHA,DF,Rayo Vallecano,26.0,1998.0,2024-2025,ESP
Aihen Muñoz,228b0d9d,esESP,DF,Real Sociedad,26.0,1997.0,2024-2025,ESP
Álex Muñoz,853f211e,esESP,DF,Las Palmas,30.0,1994.0,2024-2025,ESP
Iker Muñoz,175ece4c,esESP,MF,Osasuna,21.0,2002.0,2024-2025,ESP
Javier Muñoz,ec7c84c2,esESP,"MF,DF",Las Palmas,29.0,1995.0,2024-2025,ESP
Víctor Muñoz,f8b5680f,esESP,FW,Real Madrid,21.0,2003.0,2024-2025,ESP
Vedat Muriqi,0cadc46d,xkKVX,FW,Mallorca,30.0,1994.0,2024-2025,ESP
Juan Musso,a111cf41,arARG,GK,Atlético Madrid,30.0,1994.0,2024-2025,ESP
Matija Nastasić,f35430a4,rsSRB,DF,Leganés,31.0,1993.0,2024-2025,ESP
Natan,94bccc82,brBRA,DF,Real Betis,23.0,2001.0,2024-2025,ESP
Pau Navarro,3171351c,esESP,DF,Villarreal,19.0,2005.0,2024-2025,ESP
Roberto Navarro,c997b942,esESP,MF,Mallorca,22.0,2002.0,2024-2025,ESP
Jesús Navas,3f10bd22,esESP,"MF,FW",Sevilla,38.0,1985.0,2024-2025,ESP
Yvan Neyou,0ad37003,cmCMR,MF,Leganés,27.0,1997.0,2024-2025,ESP
Tanguy Nianzou,5853ac44,frFRA,DF,Sevilla,22.0,2002.0,2024-2025,ESP
Saúl Ñíguez,c14bc029,esESP,MF,Sevilla,29.0,1994.0,2024-2025,ESP
Tamás Nikitscher,a1c7fe4e,huHUN,"MF,DF",Valladolid,24.0,1999.0,2024-2025,ESP
Adrian Niño,5b9067c9,esESP,FW,Atlético Madrid,20.0,2004.0,2024-2025,ESP
Hugo Novoa,5458f670,esESP,"MF,DF",Alavés,21.0,2003.0,2024-2025,ESP
Randy Nteka,a6103274,aoANG,FW,Rayo Vallecano,26.0,1997.0,2024-2025,ESP
Unai Núñez,be170419,esESP,DF,Athletic Club,27.0,1997.0,2024-2025,ESP
Ørjan Nyland,bdedffac,noNOR,GK,Sevilla,33.0,1990.0,2024-2025,ESP
Allan Nyom,97572117,cmCMR,"MF,DF",Getafe,36.0,1988.0,2024-2025,ESP
Jan Oblak,ee8508c0,siSVN,GK,Atlético Madrid,31.0,1993.0,2024-2025,ESP
Lucas Ocampos,a08b974a,arARG,"MF,FW",Sevilla,30.0,1994.0,2024-2025,ESP
Álvaro Odriozola,1d1691ad,esESP,DF,Real Sociedad,28.0,1995.0,2024-2025,ESP
Thiago Ojeda,06bb141c,arARG,MF,Villarreal,21.0,2003.0,2024-2025,ESP
Aingeru Olabarrieta,b7e92b0e,esESP,MF,Athletic Club,18.0,2005.0,2024-2025,ESP
Olasagasti,3d99999d,esESP,MF,Real Sociedad,23.0,2000.0,2024-2025,ESP
Brian Oliván,a3e4bf46,esESP,DF,Espanyol,30.0,1994.0,2024-2025,ESP
Lucas Oliveira Rosa,5132b92c,brBRA,DF,Valladolid,24.0,2000.0,2024-2025,ESP
Dani Olmo,ae44e8e2,esESP,MF,Barcelona,26.0,1998.0,2024-2025,ESP
Aimar Oroz,7c363088,esESP,MF,Osasuna,22.0,2001.0,2024-2025,ESP
Ángel Ortíz,a2f3bbb9,esESP,DF,Real Betis,20.0,2004.0,2024-2025,ESP
Gabriel Osei Misehouy,349a7574,nlNED,FW,Girona,19.0,2005.0,2024-2025,ESP
David Otorbi,c83e3553,esESP,FW,Valencia,16.0,2007.0,2024-2025,ESP
Jesús Owono,d6e3d7fb,gqEQG,GK,Alavés,23.0,2001.0,2024-2025,ESP
Mikel Oyarzabal,8c3c640c,esESP,FW,Real Sociedad,27.0,1997.0,2024-2025,ESP
Cenk Özkacar,9a93efc9,trTUR,DF,Valladolid,23.0,2000.0,2024-2025,ESP
Jon Pacheco,44150beb,esESP,DF,Real Sociedad,23.0,2001.0,2024-2025,ESP
Alex Padilla,a275838a,esESP,GK,Athletic Club,20.0,2003.0,2024-2025,ESP
Isaac Palazón Camacho,49dbab27,esESP,"MF,FW",Rayo Vallecano,29.0,1994.0,2024-2025,ESP
Aitor Paredes,b906757a,esESP,DF,Athletic Club,24.0,2000.0,2024-2025,ESP
Daniel Parejo,7460ca0d,esESP,MF,Villarreal,35.0,1989.0,2024-2025,ESP
Iago Parente,c9bdd4b2,esESP,DF,Valladolid,18.0,2006.0,2024-2025,ESP
Álvaro Pascual,68ad2350,esESP,FW,Sevilla,22.0,2002.0,2024-2025,ESP
Alfonso Pedraza,63f04c6c,esESP,"DF,MF",Villarreal,28.0,1996.0,2024-2025,ESP
Pedri,0d9b2d31,esESP,MF,Barcelona,21.0,2002.0,2024-2025,ESP
Adrià Pedrosa,112521d1,esESP,DF,Sevilla,26.0,1998.0,2024-2025,ESP
Pejiño,8c4e56cb,esESP,MF,Las Palmas,28.0,1996.0,2024-2025,ESP
Andy Pelmard,f18d7ab2,mgMAD,DF,Las Palmas,24.0,2000.0,2024-2025,ESP
Iñaki Peña,cc1c5035,esESP,GK,Barcelona,25.0,1999.0,2024-2025,ESP
Rubén Peña,1f079188,esESP,"FW,DF",Osasuna,33.0,1991.0,2024-2025,ESP
Nicolas Pépé,57e3f0c7,ciCIV,"FW,MF",Villarreal,29.0,1995.0,2024-2025,ESP
Peque,cb971b4f,esESP,"MF,FW",Sevilla,21.0,2002.0,2024-2025,ESP
Ayoze Pérez,819aa8e7,esESP,FW,Villarreal,31.0,1993.0,2024-2025,ESP
Carles Pérez,a8f21b9f,esESP,MF,Getafe,26.0,1998.0,2024-2025,ESP
Francisco Perez,3d79a68c,esESP,MF,Valencia,21.0,2002.0,2024-2025,ESP
Kike Pérez,237a3851,esESP,MF,Valladolid,27.0,1997.0,2024-2025,ESP
Luis Pérez,b7c04927,esESP,DF,Valladolid,29.0,1995.0,2024-2025,ESP
Romain Perraud,6dfd8f05,frFRA,DF,Real Betis,26.0,1997.0,2024-2025,ESP
Valentín Pezzolesi,06d00fbd,esESP,DF,Las Palmas,17.0,2007.0,2024-2025,ESP
Pica,9b30eda5,esESP,DF,Alavés,22.0,2002.0,2024-2025,ESP
Yeremi Pino,540ec57b,esESP,MF,Villarreal,21.0,2002.0,2024-2025,ESP
Portu,1bda5842,esESP,"FW,MF",Girona,32.0,1992.0,2024-2025,ESP
Beñat Prados,1f60244a,esESP,MF,Athletic Club,23.0,2001.0,2024-2025,ESP
Abdón Prats,d1b060e2,esESP,"FW,MF",Mallorca,31.0,1992.0,2024-2025,ESP
Javi Puado,2683eda7,esESP,"MF,FW",Espanyol,26.0,1998.0,2024-2025,ESP
Dani Raba,ea6a7ab4,esESP,"MF,FW",Leganés,28.0,1995.0,2024-2025,ESP
Arnau Rafús,05d950c4,esESP,GK,Valladolid,21.0,2003.0,2024-2025,ESP
Antonio Raillo,b857bd29,esESP,DF,Mallorca,32.0,1991.0,2024-2025,ESP
Benito Ramírez,db714daf,esESP,"MF,DF",Las Palmas,29.0,1995.0,2024-2025,ESP
Sandro Ramírez,833fb62e,esESP,"MF,FW",Las Palmas,29.0,1995.0,2024-2025,ESP
Jacobo Ramón,4772b1d1,esESP,DF,Real Madrid,19.0,2005.0,2024-2025,ESP
Raphinha,3423f250,brBRA,"MF,FW",Barcelona,27.0,1996.0,2024-2025,ESP
Andrei Ratiu,b1b99435,roROU,"DF,MF",Rayo Vallecano,26.0,1998.0,2024-2025,ESP
Raúl,18f0a9f0,esESP,FW,Osasuna,23.0,2000.0,2024-2025,ESP
Abde Rebbach,9a796115,dzALG,"MF,FW",Alavés,25.0,1998.0,2024-2025,ESP
Álex Remiro,374ee424,esESP,GK,Real Sociedad,29.0,1995.0,2024-2025,ESP
Daniel Requena,34d29ab9,esESP,MF,Villarreal,20.0,2004.0,2024-2025,ESP
Diego Rico,d9ba39fc,esESP,DF,Getafe,31.0,1993.0,2024-2025,ESP
Luis Rioja,eb3dd471,esESP,MF,Alavés,30.0,1993.0,2024-2025,ESP
Luis Rioja,eb3dd471,esESP,MF,Valencia,30.0,1993.0,2024-2025,ESP
Rodrigo Riquelme,65154df0,esESP,"MF,DF",Atlético Madrid,24.0,2000.0,2024-2025,ESP
Alberto Risco,36286814,esESP,MF,Getafe,18.0,2005.0,2024-2025,ESP
Mihailo Ristić,ea0aa7e0,rsSRB,"MF,DF",Celta Vigo,28.0,1995.0,2024-2025,ESP
Gorka Rivera Alonso,f1124008,esESP,DF,Getafe,19.0,2004.0,2024-2025,ESP
Marc Roca,da27e268,esESP,MF,Real Betis,27.0,1996.0,2024-2025,ESP
Rodri,85bed4ee,esESP,MF,Real Betis,24.0,2000.0,2024-2025,ESP
Adrian Rodriguez,bf17fb4a,esESP,GK,Alavés,23.0,2000.0,2024-2025,ESP
Álvaro Rodríguez,49a6ecbb,uyURU,FW,Getafe,20.0,2004.0,2024-2025,ESP
Óscar Rodríguez Arnaiz,19709006,esESP,MF,Leganés,26.0,1998.0,2024-2025,ESP
Arturo Rodríguez,8516f382,esESP,FW,Las Palmas,17.0,2006.0,2024-2025,ESP
Damián Rodríguez,22371dee,esESP,MF,Celta Vigo,21.0,2003.0,2024-2025,ESP
Dani Rodríguez,70f8e0bd,esESP,"MF,FW",Mallorca,36.0,1988.0,2024-2025,ESP
Daniel Rodriguez,f9cbad15,esESP,MF,Barcelona,18.0,2005.0,2024-2025,ESP
James Rodríguez,715bf047,coCOL,MF,Rayo Vallecano,33.0,1991.0,2024-2025,ESP
Javi Rodríguez,08ec5e71,esESP,DF,Celta Vigo,21.0,2003.0,2024-2025,ESP
Jesus Rodríguez,f9f74e43,esESP,MF,Real Betis,18.0,2005.0,2024-2025,ESP
Kirian Rodríguez,9b130479,esESP,MF,Las Palmas,28.0,1996.0,2024-2025,ESP
Ricardo Rodríguez,7f78ad23,chSUI,DF,Real Betis,31.0,1992.0,2024-2025,ESP
Rodrygo,8f5e92a6,brBRA,"MF,FW",Real Madrid,23.0,2001.0,2024-2025,ESP
Leo Román,924ff27e,esESP,GK,Mallorca,24.0,2000.0,2024-2025,ESP
Carlos Romero,23cbf863,esESP,"DF,MF",Espanyol,22.0,2001.0,2024-2025,ESP
Isaac Romero,be719093,esESP,FW,Sevilla,24.0,2000.0,2024-2025,ESP
Luka Romero,ca6edaa0,arARG,"MF,FW",Alavés,19.0,2004.0,2024-2025,ESP
Oriol Romeu,4b511457,esESP,MF,Girona,32.0,1991.0,2024-2025,ESP
Vitor Roque,cb00f1e6,brBRA,FW,Real Betis,19.0,2005.0,2024-2025,ESP
Valentin Rosier,9b6d9b53,frFRA,DF,Leganés,27.0,1996.0,2024-2025,ESP
Antonio Rüdiger,18b896d6,deGER,DF,Real Madrid,31.0,1993.0,2024-2025,ESP
Aitor Ruibal,a55d8df5,esESP,"DF,FW",Real Betis,28.0,1996.0,2024-2025,ESP
Abel Ruiz,6cbf8d0d,esESP,FW,Girona,24.0,2000.0,2024-2025,ESP
Ferrán Ruiz,4e4b8e97,esESP,DF,Girona,21.0,2003.0,2024-2025,ESP
Youssouf Sabaly,fbbb9269,snSEN,DF,Real Betis,31.0,1993.0,2024-2025,ESP
Umar Sadiq,686cbe7d,ngNGA,FW,Valencia,27.0,1997.0,2024-2025,ESP
Umar Sadiq,686cbe7d,ngNGA,FW,Real Sociedad,27.0,1997.0,2024-2025,ESP
Jorge Sáenz,bfca375c,esESP,DF,Leganés,27.0,1996.0,2024-2025,ESP
Jan Salas,59bb99d1,esESP,MF,Mallorca,18.0,2005.0,2024-2025,ESP
Kike Salas,0a69de7b,esESP,DF,Sevilla,22.0,2002.0,2024-2025,ESP
Albert Sambi Lokonga,1b4f1169,beBEL,MF,Sevilla,24.0,1999.0,2024-2025,ESP
Chuky san jose,0525a80f,esESP,"MF,FW",Valladolid,20.0,2004.0,2024-2025,ESP
Oihan Sancet,bdb624a3,esESP,MF,Athletic Club,24.0,2000.0,2024-2025,ESP
Antonio Sánchez,a254bbe0,esESP,"MF,DF",Mallorca,27.0,1997.0,2024-2025,ESP
Iván Sánchez,70107d4d,esESP,MF,Valladolid,31.0,1992.0,2024-2025,ESP
Javi Sánchez,60359288,esESP,DF,Valladolid,27.0,1997.0,2024-2025,ESP
Juanlu Sánchez,cc6de655,esESP,"MF,DF",Sevilla,20.0,2003.0,2024-2025,ESP
Manu Sánchez,ffacd3d5,esESP,DF,Alavés,23.0,2000.0,2024-2025,ESP
Maroan Sannadi,bea2537a,maMAR,FW,Athletic Club,23.0,2001.0,2024-2025,ESP
Yellu Santiago,bc49fd34,esESP,MF,Getafe,20.0,2004.0,2024-2025,ESP
Aleksandar Sedlar,a35134ae,rsSRB,DF,Alavés,32.0,1991.0,2024-2025,ESP
Sergi,65ac6ea0,esESP,DF,Leganés,32.0,1992.0,2024-2025,ESP
Nicolás Serrano,2ad0e5e5,esESP,MF,Athletic Club,21.0,2003.0,2024-2025,ESP
Fábio Silva,e7aa9d7c,ptPOR,FW,Las Palmas,22.0,2002.0,2024-2025,ESP
Rui Silva,ea83bfa6,ptPOR,GK,Real Betis,30.0,1994.0,2024-2025,ESP
Giuliano Simeone,a6536561,arARG,MF,Atlético Madrid,21.0,2002.0,2024-2025,ESP
Unai Simón,5dcf3e90,esESP,GK,Athletic Club,27.0,1997.0,2024-2025,ESP
Daley Sinkgraven,73000a79,nlNED,DF,Las Palmas,29.0,1995.0,2024-2025,ESP
Jailson Siqueira,b4819112,brBRA,DF,Celta Vigo,28.0,1995.0,2024-2025,ESP
Antonio Sivera,9970da54,esESP,GK,Alavés,27.0,1996.0,2024-2025,ESP
Justin Smith,a496d4a2,caCAN,MF,Espanyol,21.0,2003.0,2024-2025,ESP
Alex Sola,5fa714d5,esESP,MF,Getafe,25.0,1999.0,2024-2025,ESP
Arnau Solà,c8c8ce16,esESP,DF,Villarreal,21.0,2003.0,2024-2025,ESP
Jhon Solis,1282939a,coCOL,MF,Girona,19.0,2004.0,2024-2025,ESP
David Soria,8f8c6934,esESP,GK,Getafe,31.0,1993.0,2024-2025,ESP
Juan Soriano,5512b1a9,esESP,GK,Leganés,26.0,1997.0,2024-2025,ESP
Hugo Sotelo,3aa74860,esESP,MF,Celta Vigo,20.0,2003.0,2024-2025,ESP
Djibril Sow,4c6facae,chSUI,MF,Sevilla,27.0,1997.0,2024-2025,ESP
Carl Starfelt,5cfec13d,seSWE,DF,Celta Vigo,29.0,1995.0,2024-2025,ESP
Orri Steinn Óskarsson,d0b8e745,isISL,FW,Real Sociedad,19.0,2004.0,2024-2025,ESP
Stoichkov,4e257184,esESP,"MF,FW",Alavés,30.0,1993.0,2024-2025,ESP
Cristhian Stuani,220c11f1,uyURU,FW,Girona,37.0,1986.0,2024-2025,ESP
Álex Suárez,9c137b36,esESP,DF,Las Palmas,31.0,1993.0,2024-2025,ESP
Denis Suárez,12c50af5,esESP,MF,Villarreal,30.0,1994.0,2024-2025,ESP
Luka Sučić,1e1378e1,hrCRO,MF,Real Sociedad,21.0,2002.0,2024-2025,ESP
Suso,4e219ad2,esESP,"MF,FW",Sevilla,30.0,1993.0,2024-2025,ESP
Williot Swedberg,184fe4b2,seSWE,"FW,MF",Celta Vigo,20.0,2004.0,2024-2025,ESP
Mamadou Sylla,e5ec95f8,snSEN,"FW,MF",Valladolid,30.0,1994.0,2024-2025,ESP
Wojciech Szczęsny,01b8a2b2,plPOL,GK,Barcelona,34.0,1990.0,2024-2025,ESP
Alexander Sørloth,e92cd3f7,noNOR,FW,Atlético Madrid,28.0,1995.0,2024-2025,ESP
Renato Tapia,34269bdf,pePER,"MF,DF",Leganés,29.0,1995.0,2024-2025,ESP
César Tárrega,59c29820,esESP,DF,Valencia,22.0,2002.0,2024-2025,ESP
Aurélien Tchouaméni,4f255115,frFRA,"DF,MF",Real Madrid,24.0,2000.0,2024-2025,ESP
Álvaro Tejero,868ce848,esESP,"MF,DF",Espanyol,28.0,1996.0,2024-2025,ESP
Martín Tejón,f99cc198,esESP,MF,Valencia,20.0,2004.0,2024-2025,ESP
Nahuel Tenaglia,66654daa,arARG,DF,Alavés,28.0,1996.0,2024-2025,ESP
Marc-André ter Stegen,6f51e382,deGER,GK,Barcelona,32.0,1992.0,2024-2025,ESP
Ramón Terrats,f36016a5,esESP,FW,Villarreal,23.0,2000.0,2024-2025,ESP
Ramón Terrats,f36016a5,esESP,"MF,FW",Getafe,23.0,2000.0,2024-2025,ESP
Raúl de Tomás,02ef8778,esESP,FW,Rayo Vallecano,29.0,1994.0,2024-2025,ESP
Pablo Torre,04e531b6,esESP,MF,Barcelona,21.0,2003.0,2024-2025,ESP
David Torres,381dbcfc,esESP,DF,Valladolid,21.0,2003.0,2024-2025,ESP
Ferrán Torres,9e1035f8,esESP,"FW,MF",Barcelona,24.0,2000.0,2024-2025,ESP
Lucas Torró,0e4fef6e,esESP,MF,Osasuna,30.0,1994.0,2024-2025,ESP
Hamari Traoré,a4b1028a,mlMLI,DF,Real Sociedad,32.0,1992.0,2024-2025,ESP
Óscar Trejo,fc647b34,arARG,MF,Rayo Vallecano,36.0,1988.0,2024-2025,ESP
Viktor Tsyhankov,f7e87032,uaUKR,"MF,FW",Girona,26.0,1997.0,2024-2025,ESP
Beñat Turrientes,068f4dec,esESP,MF,Real Sociedad,22.0,2002.0,2024-2025,ESP
Christantus Uche,87941696,ngNGA,"FW,MF",Getafe,21.0,2003.0,2024-2025,ESP
Naci Ünüvar,bf25cb29,nlNED,"FW,MF",Espanyol,21.0,2003.0,2024-2025,ESP
Óscar Valentín,592f3158,esESP,MF,Rayo Vallecano,29.0,1994.0,2024-2025,ESP
Germán Valera,84f55b4a,esESP,MF,Valencia,22.0,2002.0,2024-2025,ESP
Martin Valjent,f2c6ac01,skSVK,DF,Mallorca,28.0,1995.0,2024-2025,ESP
Jesús Vallejo,c2111b45,esESP,DF,Real Madrid,27.0,1997.0,2024-2025,ESP
Federico Valverde,0959c2a2,uyURU,"MF,DF",Real Madrid,26.0,1998.0,2024-2025,ESP
Siebe Van Der Heyden,cf9bdd43,beBEL,DF,Mallorca,26.0,1998.0,2024-2025,ESP
Ruben Vargas,6ecbddf6,chSUI,"MF,FW",Sevilla,25.0,1998.0,2024-2025,ESP
José Luis García Vayá,27dc1378,esESP,MF,Valencia,25.0,1998.0,2024-2025,ESP
Jesus Vazquez,106c142c,esESP,DF,Valencia,21.0,2003.0,2024-2025,ESP
Lucas Vázquez,fd51b456,esESP,DF,Real Madrid,33.0,1991.0,2024-2025,ESP
Alejo Véliz,3f7bafbe,arARG,FW,Espanyol,20.0,2003.0,2024-2025,ESP
Mikel Vesga,b0fce72c,esESP,MF,Athletic Club,31.0,1993.0,2024-2025,ESP
Carlos Vicente,90df343e,esESP,MF,Alavés,25.0,1999.0,2024-2025,ESP
Pau Victor,e6e7c819,esESP,FW,Barcelona,22.0,2001.0,2024-2025,ESP
Nacho Vidal,3a9c4b7b,esESP,DF,Osasuna,29.0,1995.0,2024-2025,ESP
Fran Vieites,2ae958ab,esESP,GK,Real Betis,25.0,1999.0,2024-2025,ESP
Sergio Viera,36b300b8,esESP,MF,Las Palmas,19.0,2005.0,2024-2025,ESP
Asier Villalibre,57be54ec,esESP,FW,Alavés,26.0,1997.0,2024-2025,ESP
Iván Villar,cde52ef5,esESP,GK,Celta Vigo,27.0,1997.0,2024-2025,ESP
Viti,c56a2d27,esESP,DF,Las Palmas,26.0,1997.0,2024-2025,ESP
Daniel Vivian,ab7bf91d,esESP,DF,Athletic Club,25.0,1999.0,2024-2025,ESP
Iñaki Williams,6a99e0b1,ghGHA,"MF,FW",Athletic Club,30.0,1994.0,2024-2025,ESP
Nico Williams,afdc14d7,esESP,MF,Athletic Club,22.0,2002.0,2024-2025,ESP
Axel Witsel,5dfc6ad5,beBEL,DF,Atlético Madrid,35.0,1989.0,2024-2025,ESP
Lamine Yamal,82ec26c1,esESP,"MF,FW",Barcelona,17.0,2007.0,2024-2025,ESP
Daniel Yáñez,79310b33,esESP,MF,Real Madrid,17.0,2007.0,2024-2025,ESP
Bertuğ Yıldırım,7410d325,trTUR,FW,Getafe,22.0,2002.0,2024-2025,ESP
Arsen Zakharyan,7f14ec2a,ruRUS,MF,Real Sociedad,21.0,2003.0,2024-2025,ESP
Bryan Zaragoza,a96103b2,esESP,"MF,FW",Osasuna,22.0,2001.0,2024-2025,ESP
Igor Zubeldia,5c7845f6,esESP,DF,Real Sociedad,27.0,1997.0,2024-2025,ESP
Martín Zubimendi,3ee0dd59,esESP,MF,Real Sociedad,25.0,1999.0,2024-2025,ESP
Max Aarons,774cf58b,engENG,DF,Bournemouth,24.0,2000.0,2024-2025,EPL
Joshua Acheampong,b7e62e1d,engENG,DF,Chelsea,18.0,2006.0,2024-2025,EPL
Tyler Adams,2b09d998,usUSA,MF,Bournemouth,25.0,1999.0,2024-2025,EPL
Tosin Adarabioyo,c81d773d,engENG,DF,Chelsea,26.0,1997.0,2024-2025,EPL
Simon Adingra,4dcec659,ciCIV,MF,Brighton,22.0,2002.0,2024-2025,EPL
Emmanuel Agbadou,75f1ed80,ciCIV,DF,Wolves,27.0,1997.0,2024-2025,EPL
Asher Agbinone,6a10efb3,engENG,MF,Crystal Palace,18.0,2005.0,2024-2025,EPL
Ola Aina,246d153b,ngNGA,DF,Nottingham Forest,27.0,1996.0,2024-2025,EPL
Rayan Aït-Nouri,9b398aea,dzALG,"MF,DF",Wolves,23.0,2001.0,2024-2025,EPL
Kristoffer Ajer,a8c0acb7,noNOR,DF,Brentford,26.0,1998.0,2024-2025,EPL
Manuel Akanji,89ac64a6,chSUI,"DF,MF",Manchester City,29.0,1995.0,2024-2025,EPL
Nathan Aké,eaeca114,nlNED,DF,Manchester City,29.0,1995.0,2024-2025,EPL
Carlos Alcaraz,4abac767,arARG,MF,Southampton,21.0,2002.0,2024-2025,EPL
Carlos Alcaraz,4abac767,arARG,MF,Everton,21.0,2002.0,2024-2025,EPL
Trent Alexander-Arnold,cd1acf9d,engENG,DF,Liverpool,25.0,1998.0,2024-2025,EPL
Alisson,7a2e46a8,brBRA,GK,Liverpool,31.0,1992.0,2024-2025,EPL
Miguel Almirón,862a1c15,pyPAR,FW,Newcastle United,30.0,1994.0,2024-2025,EPL
Olabade Aluko,12bb637a,,DF,Leicester City,,,2024-2025,EPL
Edson Álvarez,8b3ab7ad,mxMEX,MF,West Ham United,26.0,1997.0,2024-2025,EPL
Will Alves,39ef5a7b,engENG,MF,Leicester City,19.0,2005.0,2024-2025,EPL
Harry Amass,7b47100c,engENG,MF,Manchester Utd,17.0,2007.0,2024-2025,EPL
Samuel Amo-Ameyaw,9eedf0e0,engENG,"FW,MF",Southampton,18.0,2006.0,2024-2025,EPL
Mathis Amougou,f93cca97,frFRA,MF,Chelsea,18.0,2006.0,2024-2025,EPL
Joachim Andersen,e34fc66d,dkDEN,DF,Crystal Palace,28.0,1996.0,2024-2025,EPL
Joachim Andersen,e34fc66d,dkDEN,DF,Fulham,28.0,1996.0,2024-2025,EPL
Elliot Anderson,de31038e,engENG,MF,Nottingham Forest,21.0,2002.0,2024-2025,EPL
André,ec604e2c,brBRA,MF,Wolves,23.0,2001.0,2024-2025,EPL
Michail Antonio,ac05f970,jmJAM,FW,West Ham United,34.0,1990.0,2024-2025,EPL
Antony,99127249,brBRA,"FW,MF",Manchester Utd,24.0,2000.0,2024-2025,EPL
Julian Araujo,8f4541c2,mxMEX,DF,Bournemouth,22.0,2001.0,2024-2025,EPL
Cameron Archer,05e8ca6d,engENG,FW,Southampton,23.0,2001.0,2024-2025,EPL
Alphonse Areola,2f965a72,frFRA,GK,West Ham United,31.0,1993.0,2024-2025,EPL
Joe Aribo,328f7d51,ngNGA,MF,Southampton,28.0,1996.0,2024-2025,EPL
Adam Armstrong,68c720b5,engENG,"FW,MF",Southampton,27.0,1997.0,2024-2025,EPL
Harrison Armstrong,de59e609,engENG,MF,Everton,17.0,2007.0,2024-2025,EPL
Kepa Arrizabalaga,28d596a0,esESP,GK,Bournemouth,29.0,1994.0,2024-2025,EPL
Marco Asensio,45af8a54,esESP,MF,Aston Villa,28.0,1996.0,2024-2025,EPL
Brandon Austin,5e253986,engENG,GK,Tottenham Hotspur,25.0,1999.0,2024-2025,EPL
Taiwo Awoniyi,e5478b87,ngNGA,FW,Nottingham Forest,26.0,1997.0,2024-2025,EPL
Yasin Ayari,f173303a,seSWE,MF,Brighton,20.0,2003.0,2024-2025,EPL
Jordan Ayew,da052c14,ghGHA,"FW,MF",Crystal Palace,32.0,1991.0,2024-2025,EPL
Jordan Ayew,da052c14,ghGHA,MF,Leicester City,32.0,1991.0,2024-2025,EPL
Benoît Badiashile,06df8256,frFRA,DF,Chelsea,23.0,2001.0,2024-2025,EPL
Leon Bailey,3a233281,jmJAM,MF,Aston Villa,26.0,1997.0,2024-2025,EPL
Carlos Baleba,a1390d2f,cmCMR,MF,Brighton,20.0,2004.0,2024-2025,EPL
Ross Barkley,3a24769f,engENG,MF,Aston Villa,30.0,1993.0,2024-2025,EPL
Harvey Barnes,3ea50f67,engENG,"FW,MF",Newcastle United,26.0,1997.0,2024-2025,EPL
Calvin Bassey,a36524bf,ngNGA,DF,Fulham,24.0,1999.0,2024-2025,EPL
Altay Bayındır,072e68ed,trTUR,GK,Manchester Utd,26.0,1998.0,2024-2025,EPL
Jan Bednarek,4115ce4e,plPOL,DF,Southampton,28.0,1996.0,2024-2025,EPL
Armel Bella Kotchap,a39d11bc,deGER,DF,Southampton,22.0,2001.0,2024-2025,EPL
Jean-Ricner Bellegarde,10f0fdd3,htHAI,MF,Wolves,26.0,1998.0,2024-2025,EPL
Rodrigo Bentancur,3b8674e6,uyURU,MF,Tottenham Hotspur,27.0,1997.0,2024-2025,EPL
Daniel Bentley,68db6358,engENG,GK,Wolves,31.0,1993.0,2024-2025,EPL
Sander Berge,d0b6129f,noNOR,MF,Fulham,26.0,1998.0,2024-2025,EPL
Lucas Bergvall,a109e5c8,seSWE,MF,Tottenham Hotspur,18.0,2006.0,2024-2025,EPL
Victor Bernth Kristiansen,505486d6,dkDEN,"DF,MF",Leicester City,21.0,2002.0,2024-2025,EPL
Beto,ed5c0319,gwGNB,FW,Everton,26.0,1998.0,2024-2025,EPL
Philip Billing,d328a254,dkDEN,MF,Bournemouth,28.0,1996.0,2024-2025,EPL
Yves Bissouma,6c203af0,mlMLI,MF,Tottenham Hotspur,27.0,1996.0,2024-2025,EPL
Oscar Bobb,eed2427e,noNOR,"FW,MF",Manchester City,21.0,2003.0,2024-2025,EPL
Lamare Bogarde,bca5c4a7,nlNED,"DF,MF",Aston Villa,20.0,2004.0,2024-2025,EPL
Willy Boly,a4ac4b8f,ciCIV,DF,Nottingham Forest,33.0,1991.0,2024-2025,EPL
Sven Botman,ccce7025,nlNED,DF,Newcastle United,24.0,2000.0,2024-2025,EPL
Jarrod Bowen,79c84d1c,engENG,"MF,FW",West Ham United,27.0,1996.0,2024-2025,EPL
Conor Bradley,bbd67769,nirNIR,DF,Liverpool,21.0,2003.0,2024-2025,EPL
Jarrad Branthwaite,c1949191,engENG,DF,Everton,22.0,2002.0,2024-2025,EPL
James Bree,c07b7c5c,engENG,"DF,MF",Southampton,26.0,1997.0,2024-2025,EPL
Ben Brereton,57827369,clCHI,"FW,MF",Southampton,25.0,1999.0,2024-2025,EPL
Nathan Broadhead,43309491,wlsWAL,MF,Ipswich Town,26.0,1998.0,2024-2025,EPL
Armando Broja,97220da2,alALB,FW,Everton,22.0,2001.0,2024-2025,EPL
David Brooks,dc4cae05,wlsWAL,MF,Bournemouth,27.0,1997.0,2024-2025,EPL
Emi Buendía,66b76d44,arARG,"FW,MF",Aston Villa,27.0,1996.0,2024-2025,EPL
Santiago Bueno,edc98fac,uyURU,DF,Wolves,25.0,1998.0,2024-2025,EPL
Facundo Buonanotte,468a7a91,arARG,"MF,FW",Leicester City,19.0,2004.0,2024-2025,EPL
Cameron Burgess,da61ca98,auAUS,DF,Ipswich Town,28.0,1995.0,2024-2025,EPL
Dan Burn,b2d31e83,engENG,DF,Newcastle United,32.0,1992.0,2024-2025,EPL
Wes Burns,b3fe23c6,wlsWAL,MF,Ipswich Town,29.0,1994.0,2024-2025,EPL
Nathan Butler-Oyedeji,3a686640,engENG,FW,Arsenal,21.0,2003.0,2024-2025,EPL
Moisés Caicedo,16264a81,ecECU,"MF,DF",Chelsea,22.0,2001.0,2024-2025,EPL
Tom Cairney,a8748947,sctSCO,MF,Fulham,33.0,1991.0,2024-2025,EPL
Jens Cajuste,928a4a61,seSWE,MF,Ipswich Town,24.0,1999.0,2024-2025,EPL
Riccardo Calafiori,aded8e6f,itITA,DF,Arsenal,22.0,2002.0,2024-2025,EPL
Dominic Calvert-Lewin,59e6e5bf,engENG,FW,Everton,27.0,1997.0,2024-2025,EPL
Diego Carlos,b4a014b1,brBRA,DF,Aston Villa,31.0,1993.0,2024-2025,EPL
Fabio Carvalho,966e28d0,ptPOR,"FW,MF",Brentford,21.0,2002.0,2024-2025,EPL
Casemiro,4d224fe8,brBRA,MF,Manchester Utd,32.0,1992.0,2024-2025,EPL
Kaelan Casey,cd4b2c5f,engENG,DF,West Ham United,19.0,2004.0,2024-2025,EPL
Matty Cash,2389cdc2,plPOL,DF,Aston Villa,26.0,1997.0,2024-2025,EPL
Eiran Cashin,f557c3b8,ieIRL,DF,Brighton,22.0,2001.0,2024-2025,EPL
Timothy Castagne,197640fd,beBEL,"DF,MF",Fulham,28.0,1995.0,2024-2025,EPL
Trevoh Chalobah,5515376c,engENG,DF,Crystal Palace,25.0,1999.0,2024-2025,EPL
Trevoh Chalobah,5515376c,engENG,DF,Chelsea,25.0,1999.0,2024-2025,EPL
Conor Chaplin,4ec55b87,engENG,"MF,FW",Ipswich Town,27.0,1997.0,2024-2025,EPL
Youssef Chermiti,890f108d,ptPOR,FW,Everton,20.0,2004.0,2024-2025,EPL
Federico Chiesa,b0f7e36c,itITA,FW,Liverpool,26.0,1997.0,2024-2025,EPL
Ben Chilwell,d2424d1b,engENG,MF,Crystal Palace,27.0,1996.0,2024-2025,EPL
Chiquinho,dc6c2f02,ptPOR,MF,Wolves,24.0,2000.0,2024-2025,EPL
Hamza Choudhury,7d2d3329,bdBAN,MF,Leicester City,26.0,1997.0,2024-2025,EPL
Ryan Christie,26ce2263,sctSCO,MF,Bournemouth,29.0,1995.0,2024-2025,EPL
Harry Clarke,a64f2573,engENG,DF,Ipswich Town,23.0,2001.0,2024-2025,EPL
Jack Clarke,e16932d8,engENG,MF,Ipswich Town,23.0,2000.0,2024-2025,EPL
Nathaniel Clyne,0442183b,engENG,"DF,MF",Crystal Palace,33.0,1991.0,2024-2025,EPL
Conor Coady,2928dca2,engENG,DF,Leicester City,31.0,1993.0,2024-2025,EPL
Séamus Coleman,0420d84f,ieIRL,DF,Everton,35.0,1988.0,2024-2025,EPL
Nathan Collins,a8c19eb8,ieIRL,DF,Brentford,23.0,2001.0,2024-2025,EPL
Toby Collyer,4f9091bc,engENG,MF,Manchester Utd,20.0,2004.0,2024-2025,EPL
Levi Colwill,700783e7,engENG,DF,Chelsea,21.0,2003.0,2024-2025,EPL
Lewis Cook,2afc7272,engENG,"MF,DF",Bournemouth,27.0,1997.0,2024-2025,EPL
Maxwel Cornet,beb391dd,ciCIV,MF,Southampton,27.0,1996.0,2024-2025,EPL
Vladimír Coufal,fdf3cb77,czCZE,"DF,MF",West Ham United,31.0,1992.0,2024-2025,EPL
Woyo Coulibaly,beb6e3a6,mlMLI,DF,Leicester City,25.0,1999.0,2024-2025,EPL
Aaron Cresswell,4f974391,engENG,DF,West Ham United,34.0,1989.0,2024-2025,EPL
Marc Cucurella,1daec722,esESP,DF,Chelsea,26.0,1998.0,2024-2025,EPL
Jorge Cuenca,0abc51f2,esESP,DF,Fulham,24.0,1999.0,2024-2025,EPL
Matheus Cunha,dc62b55d,brBRA,MF,Wolves,25.0,1999.0,2024-2025,EPL
Patson Daka,ca45605e,zmZAM,"MF,FW",Leicester City,25.0,1998.0,2024-2025,EPL
Diogo Dalot,d9565625,ptPOR,"MF,DF",Manchester Utd,25.0,1999.0,2024-2025,EPL
Mikkel Damsgaard,215f3907,dkDEN,MF,Brentford,24.0,2000.0,2024-2025,EPL
Danilo,a816dbfb,brBRA,MF,Nottingham Forest,23.0,2001.0,2024-2025,EPL
Jayden Danns,003cf4d1,engENG,FW,Liverpool,18.0,2006.0,2024-2025,EPL
Kevin Danso,6e33125f,atAUT,DF,Tottenham Hotspur,25.0,1998.0,2024-2025,EPL
Ben Davies,44781702,wlsWAL,DF,Tottenham Hotspur,31.0,1993.0,2024-2025,EPL
Leif Davis,8574c61f,engENG,DF,Ipswich Town,24.0,2000.0,2024-2025,EPL
Craig Dawson,3e9e06cb,engENG,DF,Wolves,34.0,1990.0,2024-2025,EPL
Kevin De Bruyne,e46012d4,beBEL,"MF,FW",Manchester City,33.0,1991.0,2024-2025,EPL
Bobby De Cordova-Reid,0f7533cd,jmJAM,"MF,FW",Leicester City,31.0,1993.0,2024-2025,EPL
Liam Delap,dd897ee7,engENG,FW,Ipswich Town,21.0,2003.0,2024-2025,EPL
Sepp van den Berg,7bf9400b,nlNED,DF,Brentford,22.0,2001.0,2024-2025,EPL
Justin Devenny,6c2b66fc,nirNIR,MF,Crystal Palace,20.0,2003.0,2024-2025,EPL
Kiernan Dewsbury-Hall,5c74c0f5,engENG,MF,Chelsea,25.0,1998.0,2024-2025,EPL
Amad Diallo,9dc96f10,ciCIV,"MF,FW",Manchester Utd,22.0,2002.0,2024-2025,EPL
Rúben Dias,31c69ef1,ptPOR,"DF,MF",Manchester City,27.0,1997.0,2024-2025,EPL
Luis Díaz,4a1a9578,coCOL,"FW,MF",Liverpool,27.0,1997.0,2024-2025,EPL
Tyler Dibling,bdcc89ae,engENG,"MF,FW",Southampton,18.0,2006.0,2024-2025,EPL
Lucas Digne,1b84dbe1,frFRA,DF,Aston Villa,31.0,1993.0,2024-2025,EPL
Issa Diop,a712ca2b,frFRA,DF,Fulham,27.0,1997.0,2024-2025,EPL
Axel Disasi,ad82197c,frFRA,DF,Aston Villa,26.0,1998.0,2024-2025,EPL
Axel Disasi,ad82197c,frFRA,DF,Chelsea,26.0,1998.0,2024-2025,EPL
Roman Dixon,6fba4dba,engENG,DF,Everton,19.0,2004.0,2024-2025,EPL
Nasser Djiga,1a7a4d84,bfBFA,DF,Wolves,21.0,2002.0,2024-2025,EPL
Matt Doherty,d557d734,ieIRL,"DF,MF",Wolves,32.0,1992.0,2024-2025,EPL
Jeremy Doku,fffea3e5,beBEL,"MF,FW",Manchester City,22.0,2002.0,2024-2025,EPL
Nicolás Domínguez,20b3a502,arARG,MF,Nottingham Forest,26.0,1998.0,2024-2025,EPL
Patrick Dorgu,e6536124,dkDEN,MF,Manchester Utd,19.0,2004.0,2024-2025,EPL
Alfie Dorrington,ac1ef440,engENG,DF,Tottenham Hotspur,19.0,2005.0,2024-2025,EPL
Abdoulaye Doucouré,02b29014,mlMLI,MF,Everton,31.0,1993.0,2024-2025,EPL
Cheick Doucouré,ce4f40c7,mlMLI,MF,Crystal Palace,24.0,2000.0,2024-2025,EPL
Flynn Downes,69fdb896,engENG,MF,Southampton,25.0,1999.0,2024-2025,EPL
Tommy Doyle,5526deb1,engENG,MF,Wolves,22.0,2001.0,2024-2025,EPL
Radu Drăgușin,620922ed,roROU,DF,Tottenham Hotspur,22.0,2002.0,2024-2025,EPL
Martin Dúbravka,3a949a25,skSVK,GK,Newcastle United,35.0,1989.0,2024-2025,EPL
Lewis Dunk,282f75f3,engENG,DF,Brighton,32.0,1991.0,2024-2025,EPL
Jáder Durán,414184f7,coCOL,FW,Aston Villa,20.0,2003.0,2024-2025,EPL
Claudio Echeverri,49a605df,arARG,MF,Manchester City,18.0,2006.0,2024-2025,EPL
Ederson,3bb7b8b4,brBRA,GK,Manchester City,30.0,1993.0,2024-2025,EPL
George Edmundson,46ff3923,engENG,DF,Ipswich Town,26.0,1997.0,2024-2025,EPL
Odsonne Édouard,0562b7f1,frFRA,MF,Crystal Palace,26.0,1998.0,2024-2025,EPL
Odsonne Édouard,0562b7f1,frFRA,FW,Leicester City,26.0,1998.0,2024-2025,EPL
Samuel Edozie,007414dd,engENG,"FW,MF",Southampton,21.0,2003.0,2024-2025,EPL
Ronnie Edwards,be90c4b0,engENG,DF,Southampton,21.0,2003.0,2024-2025,EPL
Anthony Elanga,2fba6108,seSWE,"MF,FW",Nottingham Forest,22.0,2002.0,2024-2025,EPL
Harvey Elliott,b9e1436c,engENG,MF,Liverpool,21.0,2003.0,2024-2025,EPL
Yunus Emre Konak,e02b5b36,trTUR,MF,Brentford,18.0,2006.0,2024-2025,EPL
Julio Enciso,9cfbad36,pyPAR,MF,Ipswich Town,20.0,2004.0,2024-2025,EPL
Julio Enciso,9cfbad36,pyPAR,MF,Brighton,20.0,2004.0,2024-2025,EPL
Wataru Endo,c149016b,jpJPN,MF,Liverpool,31.0,1993.0,2024-2025,EPL
Christian Eriksen,980522ec,dkDEN,MF,Manchester Utd,32.0,1992.0,2024-2025,EPL
Romain Esse,87189f25,engENG,MF,Crystal Palace,19.0,2005.0,2024-2025,EPL
Pervis Estupiñán,d38fdf53,ecECU,DF,Brighton,26.0,1998.0,2024-2025,EPL
Evanilson,6f3cc2fe,brBRA,FW,Bournemouth,24.0,1999.0,2024-2025,EPL
Jake Evans,cb7bcef0,engENG,MF,Leicester City,15.0,2008.0,2024-2025,EPL
Jonny Evans,f8fcd2a5,nirNIR,DF,Manchester Utd,36.0,1988.0,2024-2025,EPL
Eberechi Eze,ae4fc6a4,engENG,MF,Crystal Palace,26.0,1998.0,2024-2025,EPL
Łukasz Fabiański,9328b835,plPOL,GK,West Ham United,39.0,1985.0,2024-2025,EPL
Wout Faes,9c221d14,beBEL,DF,Leicester City,26.0,1998.0,2024-2025,EPL
Abdul Fatawu Issahaku,bceda5ff,ghGHA,"MF,FW",Leicester City,20.0,2004.0,2024-2025,EPL
João Félix,8aafd64f,ptPOR,MF,Chelsea,24.0,1999.0,2024-2025,EPL
Evan Ferguson,4596da74,ieIRL,FW,West Ham United,19.0,2004.0,2024-2025,EPL
Evan Ferguson,4596da74,ieIRL,FW,Brighton,19.0,2004.0,2024-2025,EPL
Bruno Fernandes,507c7bdf,ptPOR,MF,Manchester Utd,29.0,1994.0,2024-2025,EPL
Mateus Fernandes,ef491564,ptPOR,MF,Southampton,20.0,2004.0,2024-2025,EPL
Enzo Fernández,5ff4ab71,arARG,MF,Chelsea,23.0,2001.0,2024-2025,EPL
Mark Flekken,a92ab7be,nlNED,GK,Brentford,31.0,1993.0,2024-2025,EPL
Phil Foden,ed1e53f3,engENG,"MF,FW",Manchester City,24.0,2000.0,2024-2025,EPL
Wesley Fofana,132a82f1,frFRA,DF,Chelsea,23.0,2000.0,2024-2025,EPL
Carlos Forbs,8a310070,ptPOR,MF,Wolves,20.0,2004.0,2024-2025,EPL
Fraser Forster,c3e39f12,engENG,GK,Tottenham Hotspur,36.0,1988.0,2024-2025,EPL
Matheus França,077faf72,brBRA,FW,Crystal Palace,20.0,2004.0,2024-2025,EPL
Ryan Fraser,d56543a0,sctSCO,"MF,DF",Southampton,30.0,1994.0,2024-2025,EPL
Tyler Fredricson,58630379,engENG,DF,Manchester Utd,19.0,2005.0,2024-2025,EPL
Niclas Füllkrug,4f16405e,deGER,FW,West Ham United,31.0,1993.0,2024-2025,EPL
Cody Gakpo,1971591f,nlNED,MF,Liverpool,25.0,1999.0,2024-2025,EPL
Idrissa Gana Gueye,72c812f3,snSEN,MF,Everton,34.0,1989.0,2024-2025,EPL
Andrés García,40498af1,esESP,"DF,MF",Aston Villa,21.0,2003.0,2024-2025,EPL
Alejandro Garnacho,7aa8adfe,arARG,MF,Manchester Utd,20.0,2004.0,2024-2025,EPL
James Garner,4e015693,engENG,"MF,DF",Everton,23.0,2001.0,2024-2025,EPL
Tyrique George,e6f7797e,engENG,FW,Chelsea,18.0,2006.0,2024-2025,EPL
Morgan Gibbs-White,32f60ed8,engENG,MF,Nottingham Forest,24.0,2000.0,2024-2025,EPL
Billy Gilmour,df10e27c,sctSCO,MF,Brighton,23.0,2001.0,2024-2025,EPL
Ben Godfrey,9f7c837d,engENG,DF,Ipswich Town,26.0,1998.0,2024-2025,EPL
Martial Godo,e0eea46f,engENG,"FW,MF",Fulham,21.0,2003.0,2024-2025,EPL
Michael Golding,67c5e0e8,engENG,MF,Leicester City,18.0,2006.0,2024-2025,EPL
João Gomes,8b57ad2c,brBRA,MF,Wolves,23.0,2001.0,2024-2025,EPL
Rodrigo Gomes,8dcf77c0,ptPOR,MF,Wolves,21.0,2003.0,2024-2025,EPL
Toti Gomes,f0caab96,ptPOR,DF,Wolves,25.0,1999.0,2024-2025,EPL
Diego Gómez,916728da,pyPAR,MF,Brighton,21.0,2003.0,2024-2025,EPL
Joe Gomez,7a11550b,engENG,DF,Liverpool,27.0,1997.0,2024-2025,EPL
Nicolás González,2c56a792,esESP,MF,Manchester City,22.0,2002.0,2024-2025,EPL
Anthony Gordon,2bd83368,engENG,"FW,MF",Newcastle United,23.0,2001.0,2024-2025,EPL
Ryan Gravenberch,b8e740fb,nlNED,MF,Liverpool,22.0,2002.0,2024-2025,EPL
Archie Gray,f58515f5,engENG,"DF,MF",Tottenham Hotspur,18.0,2006.0,2024-2025,EPL
Jack Grealish,b0b4fd3e,engENG,"MF,FW",Manchester City,28.0,1995.0,2024-2025,EPL
Jacob Greaves,1f169636,engENG,DF,Ipswich Town,23.0,2000.0,2024-2025,EPL
Brajan Gruda,ae9b998d,deGER,"MF,FW",Brighton,20.0,2004.0,2024-2025,EPL
Albert Grønbaek,0da5076f,dkDEN,"MF,FW",Southampton,23.0,2001.0,2024-2025,EPL
Gonçalo Guedes,e6bc67d7,ptPOR,"MF,FW",Wolves,27.0,1996.0,2024-2025,EPL
Marc Guéhi,d0706b27,engENG,DF,Crystal Palace,24.0,2000.0,2024-2025,EPL
Luis Guilherme,b7672d43,brBRA,MF,West Ham United,18.0,2006.0,2024-2025,EPL
Bruno Guimarães,82518f62,brBRA,MF,Newcastle United,26.0,1997.0,2024-2025,EPL
Marc Guiu,d3d774cc,esESP,FW,Chelsea,18.0,2006.0,2024-2025,EPL
İlkay Gündoğan,819b3158,deGER,MF,Manchester City,33.0,1990.0,2024-2025,EPL
Malo Gusto,d56b9520,frFRA,DF,Chelsea,21.0,2003.0,2024-2025,EPL
Joško Gvardiol,5ad50391,hrCRO,DF,Manchester City,22.0,2002.0,2024-2025,EPL
Erling Haaland,1f44ac21,noNOR,FW,Manchester City,24.0,2000.0,2024-2025,EPL
Lewis Hall,da011f18,engENG,DF,Newcastle United,19.0,2004.0,2024-2025,EPL
Ali Al Hamadi,8450467d,iqIRQ,FW,Ipswich Town,22.0,2002.0,2024-2025,EPL
Marcus Harness,90e9ca3d,engENG,"FW,MF",Ipswich Town,28.0,1996.0,2024-2025,EPL
Jack Harrison,aa849a12,engENG,"MF,FW",Everton,27.0,1996.0,2024-2025,EPL
Taylor Harwood-Bellis,47327321,engENG,DF,Southampton,22.0,2002.0,2024-2025,EPL
Kai Havertz,fed7cb61,deGER,FW,Arsenal,25.0,1999.0,2024-2025,EPL
Ayden Heaven,64e17fab,engENG,DF,Manchester Utd,17.0,2006.0,2024-2025,EPL
Jan Paul van Hecke,4fd08daa,nlNED,DF,Brighton,24.0,2000.0,2024-2025,EPL
Hwang Hee-chan,169fd162,krKOR,"MF,FW",Wolves,28.0,1996.0,2024-2025,EPL
Dean Henderson,e5a76dfe,engENG,GK,Crystal Palace,27.0,1997.0,2024-2025,EPL
Rico Henry,8a3c1dc7,jmJAM,"DF,MF",Brentford,27.0,1997.0,2024-2025,EPL
Mads Hermansen,c924b17d,dkDEN,GK,Leicester City,24.0,2000.0,2024-2025,EPL
Son Heung-min,92e7e919,krKOR,"FW,MF",Tottenham Hotspur,32.0,1992.0,2024-2025,EPL
James Hill,69942fb3,engENG,DF,Bournemouth,22.0,2002.0,2024-2025,EPL
Jack Hinshelwood,e98211e7,engENG,"MF,DF",Brighton,19.0,2005.0,2024-2025,EPL
George Hirst,78e87179,sctSCO,FW,Ipswich Town,25.0,1999.0,2024-2025,EPL
Mason Holgate,d0042ab9,jmJAM,DF,Everton,27.0,1996.0,2024-2025,EPL
Harry Howell,d8a7e52c,engENG,FW,Brighton,15.0,2008.0,2024-2025,EPL
Callum Hudson-Odoi,15f3ec41,engENG,MF,Nottingham Forest,23.0,2000.0,2024-2025,EPL
Will Hughes,a0666d3e,engENG,MF,Crystal Palace,29.0,1995.0,2024-2025,EPL
Dean Huijsen,87278bce,esESP,DF,Bournemouth,19.0,2005.0,2024-2025,EPL
Omari Hutchinson,bd9553e6,engENG,MF,Ipswich Town,20.0,2003.0,2024-2025,EPL
Rasmus Højlund,491a433d,dkDEN,FW,Manchester Utd,21.0,2003.0,2024-2025,EPL
Igor,a4e85758,brBRA,DF,Brighton,26.0,1998.0,2024-2025,EPL
Danny Ings,07802f7f,engENG,FW,West Ham United,32.0,1992.0,2024-2025,EPL
Tim Iroegbunam,84c5ceea,engENG,MF,Everton,21.0,2003.0,2024-2025,EPL
Andy Irving,b1be9fc0,sctSCO,MF,West Ham United,24.0,2000.0,2024-2025,EPL
Alexander Isak,8e92be30,seSWE,FW,Newcastle United,24.0,1999.0,2024-2025,EPL
Alex Iwobi,6ca5ec4b,ngNGA,MF,Fulham,28.0,1996.0,2024-2025,EPL
Nicolas Jackson,9c36ed83,snSEN,FW,Chelsea,23.0,2001.0,2024-2025,EPL
Reece James,1265a93a,engENG,"DF,MF",Chelsea,24.0,1999.0,2024-2025,EPL
Vitaly Janelt,8449d35e,deGER,MF,Brentford,26.0,1998.0,2024-2025,EPL
Vitezslav Jaros,12bb4d6a,czCZE,GK,Liverpool,23.0,2001.0,2024-2025,EPL
Daniel Jebbison,03edb878,caCAN,FW,Bournemouth,20.0,2003.0,2024-2025,EPL
Mathias Jensen,0f134faf,dkDEN,MF,Brentford,28.0,1996.0,2024-2025,EPL
Gabriel Jesus,b66315ae,brBRA,FW,Arsenal,27.0,1997.0,2024-2025,EPL
Raúl Jiménez,b561db50,mxMEX,FW,Fulham,33.0,1991.0,2024-2025,EPL
Kim Jisoo,f4065d9e,krKOR,DF,Brentford,19.0,2004.0,2024-2025,EPL
João Pedro,e8832875,brBRA,"FW,MF",Brighton,22.0,2001.0,2024-2025,EPL
Joelinton,c17bfb65,brBRA,"MF,FW",Newcastle United,27.0,1996.0,2024-2025,EPL
Ben Johnson,9319781b,engENG,"MF,DF",Ipswich Town,24.0,2000.0,2024-2025,EPL
Brennan Johnson,0cd31129,wlsWAL,"FW,MF",Tottenham Hotspur,23.0,2001.0,2024-2025,EPL
Sam Johnstone,9e5708be,engENG,GK,Wolves,31.0,1993.0,2024-2025,EPL
Curtis Jones,4fb9c88f,engENG,"MF,DF",Liverpool,23.0,2001.0,2024-2025,EPL
Jorginho,45db685d,itITA,MF,Arsenal,32.0,1991.0,2024-2025,EPL
Diogo Jota,178ae8f8,ptPOR,FW,Liverpool,27.0,1996.0,2024-2025,EPL
James Justin,fb614c44,engENG,"DF,MF",Leicester City,26.0,1998.0,2024-2025,EPL
Filip Jørgensen,0107757e,dkDEN,GK,Chelsea,22.0,2002.0,2024-2025,EPL
Ferdi Kadioglu,66c52a77,trTUR,"DF,MF",Brighton,24.0,1999.0,2024-2025,EPL
Daichi Kamada,15b287da,jpJPN,MF,Crystal Palace,27.0,1996.0,2024-2025,EPL
Boubacar Kamara,cc77354e,frFRA,"MF,DF",Aston Villa,24.0,1999.0,2024-2025,EPL
Joachim Kayi Sanda,e2b2a181,frFRA,DF,Southampton,17.0,2006.0,2024-2025,EPL
Michael Kayode,e19660a8,itITA,DF,Brentford,20.0,2004.0,2024-2025,EPL
Michael Keane,c5b7c315,engENG,DF,Everton,31.0,1993.0,2024-2025,EPL
Caoimhín Kelleher,62d7ef38,ieIRL,GK,Liverpool,25.0,1998.0,2024-2025,EPL
Lloyd Kelly,f31def1e,engENG,DF,Newcastle United,25.0,1998.0,2024-2025,EPL
Milos Kerkez,0ad53bdc,huHUN,DF,Bournemouth,20.0,2003.0,2024-2025,EPL
Bilal El Khannouss,f7042636,maMAR,MF,Leicester City,20.0,2004.0,2024-2025,EPL
Abdukodir Khusanov,d17ce930,uzUZB,DF,Manchester City,20.0,2004.0,2024-2025,EPL
Max Kilman,d0f72bf1,engENG,DF,West Ham United,27.0,1997.0,2024-2025,EPL
Joshua King,86109b3b,engENG,MF,Fulham,17.0,2007.0,2024-2025,EPL
Tom King,5791b997,wlsWAL,GK,Wolves,29.0,1995.0,2024-2025,EPL
Antonín Kinský,b38ac6a4,czCZE,GK,Tottenham Hotspur,21.0,2003.0,2024-2025,EPL
Jakub Kiwior,dc3e663e,plPOL,DF,Arsenal,24.0,2000.0,2024-2025,EPL
Justin Kluivert,4c3a6744,nlNED,MF,Bournemouth,25.0,1999.0,2024-2025,EPL
Ibrahima Konaté,5ed9b537,frFRA,DF,Liverpool,25.0,1999.0,2024-2025,EPL
Ezri Konsa,0313a347,engENG,DF,Aston Villa,26.0,1997.0,2024-2025,EPL
Mateo Kovačić,79c0821a,hrCRO,"MF,DF",Manchester City,30.0,1994.0,2024-2025,EPL
Caleb Kporha,c80f8c9d,engENG,DF,Crystal Palace,18.0,2006.0,2024-2025,EPL
Emil Krafth,77cf6852,seSWE,DF,Newcastle United,29.0,1994.0,2024-2025,EPL
Mohammed Kudus,b62878a5,ghGHA,"MF,FW",West Ham United,23.0,2000.0,2024-2025,EPL
Dejan Kulusevski,df3cda47,seSWE,"MF,FW",Tottenham Hotspur,24.0,2000.0,2024-2025,EPL
Maxence Lacroix,277c49ed,frFRA,DF,Crystal Palace,24.0,2000.0,2024-2025,EPL
Adam Lallana,99813635,engENG,MF,Southampton,36.0,1988.0,2024-2025,EPL
Tariq Lamptey,f4e433d4,ghGHA,"DF,MF",Brighton,23.0,2000.0,2024-2025,EPL
Will Lankshear,92df535b,engENG,FW,Tottenham Hotspur,19.0,2005.0,2024-2025,EPL
Roméo Lavia,ecad9aa5,beBEL,MF,Chelsea,20.0,2004.0,2024-2025,EPL
Mario Lemina,2b471f99,gaGAB,"MF,DF",Wolves,30.0,1993.0,2024-2025,EPL
Bernd Leno,2628fd2b,deGER,GK,Fulham,32.0,1992.0,2024-2025,EPL
Jefferson Lerma,9b5ce51a,coCOL,"MF,DF",Crystal Palace,29.0,1994.0,2024-2025,EPL
Rico Lewis,b57e066e,engENG,"DF,MF",Manchester City,19.0,2004.0,2024-2025,EPL
Keane Lewis-Potter,41f08ac8,engENG,"DF,MF",Brentford,23.0,2001.0,2024-2025,EPL
Myles Lewis-Skelly,5dff6c28,engENG,DF,Arsenal,17.0,2006.0,2024-2025,EPL
Matthijs de Ligt,d6e53a3a,nlNED,DF,Manchester Utd,24.0,1999.0,2024-2025,EPL
Pedro Lima,b2f4cad5,brBRA,MF,Wolves,18.0,2006.0,2024-2025,EPL
Victor Lindelöf,f5deef4c,seSWE,DF,Manchester Utd,30.0,1994.0,2024-2025,EPL
Jesper Lindstrøm,37dc1a48,dkDEN,MF,Everton,24.0,2000.0,2024-2025,EPL
Valentino Livramento,afed6722,engENG,DF,Newcastle United,21.0,2002.0,2024-2025,EPL
Sean Longstaff,a2b105e0,engENG,MF,Newcastle United,26.0,1997.0,2024-2025,EPL
Saša Lukić,c6e8cf1f,rsSRB,MF,Fulham,27.0,1996.0,2024-2025,EPL
Joe Lumley,bdf3a08e,engENG,GK,Southampton,29.0,1995.0,2024-2025,EPL
Massimo Luongo,967ac6e1,auAUS,MF,Ipswich Town,31.0,1992.0,2024-2025,EPL
Ian Maatsen,cab9634e,nlNED,DF,Aston Villa,22.0,2002.0,2024-2025,EPL
Alexis Mac Allister,83d074ff,arARG,MF,Liverpool,25.0,1998.0,2024-2025,EPL
James Maddison,ee38d9c5,engENG,MF,Tottenham Hotspur,27.0,1996.0,2024-2025,EPL
Noni Madueke,bf34eebd,engENG,MF,Chelsea,22.0,2002.0,2024-2025,EPL
Gabriel Magalhães,67ac5bb8,brBRA,DF,Arsenal,26.0,1997.0,2024-2025,EPL
Edmond-Paris Maghoma,8a3ddcd2,engENG,MF,Brentford,23.0,2001.0,2024-2025,EPL
Harry Maguire,d8931174,engENG,DF,Manchester Utd,31.0,1993.0,2024-2025,EPL
Kobbie Mainoo,c6220452,engENG,MF,Manchester Utd,19.0,2005.0,2024-2025,EPL
Tyrell Malacia,6b6c793c,nlNED,MF,Manchester Utd,24.0,1999.0,2024-2025,EPL
Donyell Malen,116c35df,nlNED,MF,Aston Villa,25.0,1999.0,2024-2025,EPL
Mateus Mane,c15cb409,ptPOR,FW,Wolves,16.0,2007.0,2024-2025,EPL
Orel Mangala,a572e291,beBEL,MF,Everton,26.0,1998.0,2024-2025,EPL
Ryan Manning,847b53eb,ieIRL,"DF,MF",Southampton,28.0,1996.0,2024-2025,EPL
Solly March,bb5fbd2b,engENG,MF,Brighton,30.0,1994.0,2024-2025,EPL
Omar Marmoush,0e0102eb,egEGY,"MF,FW",Manchester City,25.0,1999.0,2024-2025,EPL
Gabriel Martinelli,48a5a5d6,brBRA,"FW,MF",Arsenal,23.0,2001.0,2024-2025,EPL
Emiliano Martínez,7956236f,arARG,GK,Aston Villa,31.0,1992.0,2024-2025,EPL
Lisandro Martínez,bac46a10,arARG,DF,Manchester Utd,26.0,1998.0,2024-2025,EPL
Pape Matar Sarr,feb5d972,snSEN,MF,Tottenham Hotspur,21.0,2002.0,2024-2025,EPL
Jean-Philippe Mateta,50e6dc35,frFRA,FW,Crystal Palace,27.0,1997.0,2024-2025,EPL
Stephy Mavididi,30144daa,engENG,MF,Leicester City,26.0,1998.0,2024-2025,EPL
Konstantinos Mavropanos,00963611,grGRE,DF,West Ham United,26.0,1997.0,2024-2025,EPL
Noussair Mazraoui,b74277a0,maMAR,"DF,MF",Manchester Utd,26.0,1997.0,2024-2025,EPL
Bryan Mbeumo,6afaebf2,cmCMR,"MF,FW",Brentford,24.0,1999.0,2024-2025,EPL
James Mcatee,96593e89,engENG,MF,Manchester City,21.0,2002.0,2024-2025,EPL
Kasey McAteer,b2c66859,ieIRL,MF,Leicester City,22.0,2001.0,2024-2025,EPL
Alex McCarthy,36c2ca73,engENG,GK,Southampton,34.0,1989.0,2024-2025,EPL
John McGinn,90f91999,sctSCO,MF,Aston Villa,29.0,1994.0,2024-2025,EPL
Dwight McNeil,fc15fb84,engENG,MF,Everton,24.0,1999.0,2024-2025,EPL
Scott McTominay,d93c2511,sctSCO,MF,Manchester Utd,27.0,1996.0,2024-2025,EPL
Ben Mee,8df7a2fb,engENG,DF,Brentford,34.0,1989.0,2024-2025,EPL
Jayden Meghoma,07382f6c,engENG,DF,Brentford,18.0,2006.0,2024-2025,EPL
Mikel Merino,d080ed5e,esESP,"MF,FW",Arsenal,28.0,1996.0,2024-2025,EPL
Shumaira Mheuka,43d0b694,engENG,FW,Chelsea,16.0,2007.0,2024-2025,EPL
Nikola Milenković,bee704fc,rsSRB,DF,Nottingham Forest,26.0,1997.0,2024-2025,EPL
Lewis Miley,2c6835e5,engENG,MF,Newcastle United,18.0,2006.0,2024-2025,EPL
James Milner,2f90f6b8,engENG,MF,Brighton,38.0,1986.0,2024-2025,EPL
Tyrone Mings,8397a50c,engENG,DF,Aston Villa,31.0,1993.0,2024-2025,EPL
Yankuba Minteh,c3cf087d,gmGAM,MF,Brighton,20.0,2004.0,2024-2025,EPL
Tyrick Mitchell,5cbd1eb0,engENG,MF,Crystal Palace,24.0,1999.0,2024-2025,EPL
Kaoru Mitoma,74618572,jpJPN,MF,Brighton,27.0,1997.0,2024-2025,EPL
Jakub Moder,f230bc30,plPOL,MF,Brighton,25.0,1999.0,2024-2025,EPL
Jeremy Monga,4c168d3a,engENG,FW,Leicester City,15.0,2009.0,2024-2025,EPL
Mikey Moore,00953a9d,engENG,"MF,FW",Tottenham Hotspur,16.0,2007.0,2024-2025,EPL
Morato,0f41e2ee,brBRA,DF,Nottingham Forest,23.0,2001.0,2024-2025,EPL
Álex Moreno,16e9d0ea,esESP,DF,Nottingham Forest,31.0,1993.0,2024-2025,EPL
Sam Morsy,a23c0949,egEGY,MF,Ipswich Town,32.0,1991.0,2024-2025,EPL
Yerson Mosquera,1e159d70,coCOL,DF,Wolves,23.0,2001.0,2024-2025,EPL
Mason Mount,9674002f,engENG,"MF,FW",Manchester Utd,25.0,1999.0,2024-2025,EPL
Divin Mubama,92868cb5,engENG,FW,Manchester City,19.0,2004.0,2024-2025,EPL
Mykhailo Mudryk,049a888d,uaUKR,MF,Chelsea,23.0,2001.0,2024-2025,EPL
Marshall Munetsi,2acf0cd7,zwZIM,"MF,FW",Wolves,28.0,1996.0,2024-2025,EPL
Rodrigo Muniz,a755db8c,brBRA,FW,Fulham,23.0,2001.0,2024-2025,EPL
Daniel Muñoz,778ef829,coCOL,MF,Crystal Palace,28.0,1996.0,2024-2025,EPL
Arijanet Muric,99aa1a84,xkKVX,GK,Ipswich Town,25.0,1998.0,2024-2025,EPL
Murillo,1704b0b8,brBRA,DF,Nottingham Forest,22.0,2002.0,2024-2025,EPL
Jacob Murphy,de112b84,engENG,"FW,MF",Newcastle United,29.0,1995.0,2024-2025,EPL
Vitaliy Mykolenko,30d4a2e5,uaUKR,DF,Everton,25.0,1999.0,2024-2025,EPL
Iliman Ndiaye,5ed97752,snSEN,"MF,FW",Everton,24.0,2000.0,2024-2025,EPL
Wilfred Ndidi,6b47c5db,ngNGA,MF,Leicester City,27.0,1996.0,2024-2025,EPL
Kosta Nedeljković,c70be9cf,rsSRB,DF,Aston Villa,18.0,2005.0,2024-2025,EPL
Reiss Nelson,c5bdb6e3,engENG,"FW,MF",Arsenal,24.0,1999.0,2024-2025,EPL
Reiss Nelson,c5bdb6e3,engENG,MF,Fulham,24.0,1999.0,2024-2025,EPL
Neto,a9dc785c,brBRA,GK,Bournemouth,35.0,1989.0,2024-2025,EPL
Pedro Neto,7ba2eaa9,ptPOR,"MF,FW",Chelsea,24.0,2000.0,2024-2025,EPL
Eddie Nketiah,a53649b7,engENG,"FW,MF",Crystal Palace,25.0,1999.0,2024-2025,EPL
Christopher Nkunku,7c56da38,frFRA,"MF,FW",Chelsea,26.0,1997.0,2024-2025,EPL
Gustavo Nunes,e504780f,brBRA,MF,Brentford,18.0,2005.0,2024-2025,EPL
Matheus Nunes,e6af02e0,ptPOR,"DF,MF",Manchester City,25.0,1998.0,2024-2025,EPL
Darwin Núñez,4d77b365,uyURU,FW,Liverpool,25.0,1999.0,2024-2025,EPL
Ethan Nwaneri,7f94982c,engENG,"FW,MF",Arsenal,17.0,2007.0,2024-2025,EPL
Christian Nørgaard,df0a4c90,dkDEN,MF,Brentford,30.0,1994.0,2024-2025,EPL
Jake O'Brien,25f2ef01,ieIRL,DF,Everton,23.0,2001.0,2024-2025,EPL
Matt O'Riley,fb495bb8,dkDEN,MF,Brighton,23.0,2000.0,2024-2025,EPL
Dara O'Shea,1d042188,ieIRL,DF,Ipswich Town,25.0,1999.0,2024-2025,EPL
Chidozie Obi-Martin,0c9bfc3b,dkDEN,FW,Manchester Utd,16.0,2007.0,2024-2025,EPL
Wilson Odobert,35516eac,frFRA,"FW,MF",Tottenham Hotspur,19.0,2004.0,2024-2025,EPL
Chiedozie Ogbene,788c0277,ieIRL,MF,Ipswich Town,27.0,1997.0,2024-2025,EPL
Caleb Okoli,8ec109e6,itITA,DF,Leicester City,23.0,2001.0,2024-2025,EPL
Robin Olsen,e7ee38c3,seSWE,GK,Aston Villa,34.0,1990.0,2024-2025,EPL
Amadou Onana,828657ff,beBEL,MF,Aston Villa,22.0,2001.0,2024-2025,EPL
André Onana,e9c0c1b2,cmCMR,GK,Manchester Utd,28.0,1996.0,2024-2025,EPL
Paul Onuachu,c06d1086,ngNGA,FW,Southampton,30.0,1994.0,2024-2025,EPL
Frank Onyeka,2944f86f,ngNGA,MF,Brentford,26.0,1998.0,2024-2025,EPL
Lewis Orford,40aaa04c,engENG,MF,West Ham United,18.0,2006.0,2024-2025,EPL
Stefan Ortega,c1242d4e,deGER,GK,Manchester City,31.0,1992.0,2024-2025,EPL
William Osula,7b355808,dkDEN,FW,Newcastle United,20.0,2003.0,2024-2025,EPL
Dango Ouattara,2f9e4435,bfBFA,"MF,FW",Bournemouth,22.0,2002.0,2024-2025,EPL
Nico O’Reilly,91ca4a16,engENG,DF,Manchester City,19.0,2005.0,2024-2025,EPL
Alex Palmer,6ea97fd5,engENG,GK,Ipswich Town,27.0,1996.0,2024-2025,EPL
Cole Palmer,dc7f8a28,engENG,MF,Chelsea,22.0,2002.0,2024-2025,EPL
Emerson Palmieri,e0bc6fdc,itITA,"DF,MF",West Ham United,29.0,1994.0,2024-2025,EPL
Lucas Paquetá,9b6f7fd5,brBRA,"MF,FW",West Ham United,26.0,1997.0,2024-2025,EPL
Thomas Partey,529f49ab,ghGHA,"MF,DF",Arsenal,31.0,1993.0,2024-2025,EPL
Nathan Patterson,230f0471,sctSCO,DF,Everton,22.0,2001.0,2024-2025,EPL
Andreas Pereira,6639e500,brBRA,MF,Fulham,28.0,1996.0,2024-2025,EPL
Ricardo Pereira,75a72a99,ptPOR,DF,Leicester City,30.0,1993.0,2024-2025,EPL
Kalvin Phillips,4f565d77,engENG,MF,Ipswich Town,28.0,1995.0,2024-2025,EPL
Jaden Philogene Bidace,19f4d211,engENG,MF,Aston Villa,22.0,2002.0,2024-2025,EPL
Jaden Philogene Bidace,19f4d211,engENG,MF,Ipswich Town,22.0,2002.0,2024-2025,EPL
Jordan Pickford,4806ec67,engENG,GK,Everton,30.0,1994.0,2024-2025,EPL
Ethan Pinnock,e541326e,jmJAM,DF,Brentford,31.0,1993.0,2024-2025,EPL
Daniel Podence,7fcc71d8,ptPOR,"FW,MF",Wolves,28.0,1995.0,2024-2025,EPL
Alfie Pond,039c3d96,engENG,DF,Wolves,20.0,2004.0,2024-2025,EPL
Nick Pope,4b40d9ca,engENG,GK,Newcastle United,32.0,1992.0,2024-2025,EPL
Pedro Porro,27d0a506,esESP,DF,Tottenham Hotspur,24.0,1999.0,2024-2025,EPL
Jarell Quansah,4125cb98,engENG,DF,Liverpool,21.0,2003.0,2024-2025,EPL
Aaron Ramsdale,466fb2c5,engENG,GK,Southampton,26.0,1998.0,2024-2025,EPL
Jacob Ramsey,1544f145,engENG,MF,Aston Villa,23.0,2001.0,2024-2025,EPL
Marcus Rashford,a1d5bd30,engENG,MF,Manchester Utd,26.0,1997.0,2024-2025,EPL
Marcus Rashford,a1d5bd30,engENG,"FW,MF",Aston Villa,26.0,1997.0,2024-2025,EPL
David Raya,98ea5115,esESP,GK,Arsenal,28.0,1995.0,2024-2025,EPL
Harrison Reed,803ae100,engENG,MF,Fulham,29.0,1995.0,2024-2025,EPL
Remy Rees-Dottin,1db75ccb,engENG,FW,Bournemouth,18.0,2006.0,2024-2025,EPL
Sergio Reguilón,3353737a,esESP,DF,Tottenham Hotspur,27.0,1996.0,2024-2025,EPL
Vitor Reis,c4ce0ab5,brBRA,DF,Manchester City,18.0,2006.0,2024-2025,EPL
Chadi Riad,b3b9b8b8,maMAR,DF,Crystal Palace,21.0,2003.0,2024-2025,EPL
Declan Rice,1c7012b8,engENG,MF,Arsenal,25.0,1999.0,2024-2025,EPL
Chris Richards,0a3d6d2b,usUSA,DF,Crystal Palace,24.0,2000.0,2024-2025,EPL
Richarlison,fa031b34,brBRA,FW,Tottenham Hotspur,27.0,1997.0,2024-2025,EPL
Andrew Robertson,2e4f5f03,sctSCO,DF,Liverpool,30.0,1994.0,2024-2025,EPL
Antonee Robinson,289601e6,usUSA,"DF,MF",Fulham,26.0,1997.0,2024-2025,EPL
Jay Robinson,2a616c85,engENG,MF,Southampton,17.0,2007.0,2024-2025,EPL
Rodri,6434f10d,esESP,MF,Manchester City,28.0,1996.0,2024-2025,EPL
Guido Rodríguez,34e393f2,arARG,MF,West Ham United,30.0,1994.0,2024-2025,EPL
Mads Roerslev,57c94db2,dkDEN,DF,Brentford,25.0,1999.0,2024-2025,EPL
Morgan Rogers,2e5915f1,engENG,MF,Aston Villa,22.0,2002.0,2024-2025,EPL
Cristian Romero,a3d94a58,arARG,DF,Tottenham Hotspur,26.0,1998.0,2024-2025,EPL
Georginio Rutter,c64c01fc,frFRA,"MF,FW",Brighton,22.0,2002.0,2024-2025,EPL
José Sá,903b6e8b,ptPOR,GK,Wolves,31.0,1993.0,2024-2025,EPL
Bukayo Saka,bc7dc64d,engENG,"FW,MF",Arsenal,22.0,2001.0,2024-2025,EPL
Mohamed Salah,e342ad68,egEGY,MF,Liverpool,32.0,1992.0,2024-2025,EPL
William Saliba,972aeb2a,frFRA,DF,Arsenal,23.0,2001.0,2024-2025,EPL
Robert Sánchez,6a713852,esESP,GK,Chelsea,26.0,1997.0,2024-2025,EPL
Jadon Sancho,dbf053da,engENG,MF,Chelsea,24.0,2000.0,2024-2025,EPL
Ibrahim Sangaré,bced0375,ciCIV,MF,Nottingham Forest,26.0,1997.0,2024-2025,EPL
Pablo Sarabia,9744ff80,esESP,MF,Wolves,32.0,1992.0,2024-2025,EPL
Jeremy Sarmiento,ac0d576d,ecECU,MF,Brighton,22.0,2002.0,2024-2025,EPL
Ismaila Sarr,bfdb33aa,snSEN,MF,Crystal Palace,26.0,1998.0,2024-2025,EPL
Sávio,fe6e7156,brBRA,"MF,FW",Manchester City,20.0,2004.0,2024-2025,EPL
Oliver Scarles,242e5e6d,engENG,"MF,DF",West Ham United,18.0,2005.0,2024-2025,EPL
Dane Scarlett,21945a9e,engENG,FW,Tottenham Hotspur,20.0,2004.0,2024-2025,EPL
Kevin Schade,52afb588,deGER,"MF,FW",Brentford,22.0,2001.0,2024-2025,EPL
Fabian Schär,c8aa95da,chSUI,DF,Newcastle United,32.0,1991.0,2024-2025,EPL
Jeffrey Schlupp,3312f911,ghGHA,"DF,FW",Crystal Palace,31.0,1992.0,2024-2025,EPL
Alex Scott,104d0bb8,engENG,MF,Bournemouth,20.0,2003.0,2024-2025,EPL
Matz Sels,834b5c4c,beBEL,GK,Nottingham Forest,32.0,1992.0,2024-2025,EPL
Nélson Semedo,d04b94db,ptPOR,"MF,DF",Wolves,30.0,1993.0,2024-2025,EPL
Antoine Semenyo,efd2ec23,ghGHA,MF,Bournemouth,24.0,2000.0,2024-2025,EPL
Marcos Senesi,35141f4c,arARG,DF,Bournemouth,27.0,1997.0,2024-2025,EPL
Ryan Sessegnon,6aa3e78b,engENG,"MF,DF",Fulham,24.0,2000.0,2024-2025,EPL
Luke Shaw,9c94165b,engENG,DF,Manchester Utd,29.0,1995.0,2024-2025,EPL
Zain Silcott-Duberry,2f5fa231,msMSR,MF,Bournemouth,19.0,2005.0,2024-2025,EPL
Bernardo Silva,3eb22ec9,ptPOR,MF,Manchester City,29.0,1994.0,2024-2025,EPL
Jota Silva,4d77e622,ptPOR,MF,Nottingham Forest,24.0,1999.0,2024-2025,EPL
Eric da Silva Moreira,0a4f579a,deGER,DF,Nottingham Forest,18.0,2006.0,2024-2025,EPL
Jahmai Simpson-Pusey,383b10fd,engENG,DF,Manchester City,18.0,2005.0,2024-2025,EPL
Luis Sinisterra,8e16dd48,coCOL,MF,Bournemouth,25.0,1999.0,2024-2025,EPL
Oliver Skipp,6250083a,engENG,MF,Leicester City,23.0,2000.0,2024-2025,EPL
William Smallbone,5e105217,ieIRL,MF,Southampton,24.0,2000.0,2024-2025,EPL
Adam Smith,20b104bc,engENG,DF,Bournemouth,33.0,1991.0,2024-2025,EPL
Emile Smith Rowe,17695062,engENG,MF,Fulham,24.0,2000.0,2024-2025,EPL
Dominic Solanke,e77dc3b2,engENG,FW,Tottenham Hotspur,26.0,1997.0,2024-2025,EPL
Carlos Soler,fed17f5a,esESP,MF,West Ham United,27.0,1997.0,2024-2025,EPL
Julio Soler,98c8559a,arARG,DF,Bournemouth,19.0,2005.0,2024-2025,EPL
Ramón Sosa,2d3417a1,pyPAR,MF,Nottingham Forest,24.0,1999.0,2024-2025,EPL
Tomáš Souček,6613c819,czCZE,MF,West Ham United,29.0,1995.0,2024-2025,EPL
Boubakary Soumaré,ae59b359,frFRA,MF,Leicester City,25.0,1999.0,2024-2025,EPL
Djed Spence,9bc9a519,engENG,DF,Tottenham Hotspur,23.0,2000.0,2024-2025,EPL
Jay Stansfield,b2626673,engENG,"FW,MF",Fulham,21.0,2002.0,2024-2025,EPL
Jason Steele,28300a16,engENG,GK,Brighton,33.0,1990.0,2024-2025,EPL
Jack Stephens,6adbc307,engENG,DF,Southampton,30.0,1994.0,2024-2025,EPL
Raheem Sterling,b400bde0,engENG,"FW,MF",Arsenal,29.0,1994.0,2024-2025,EPL
Ross Stewart,18986367,sctSCO,FW,Southampton,28.0,1996.0,2024-2025,EPL
Jakub Stolarczyk,a4a76b3d,plPOL,GK,Leicester City,23.0,2000.0,2024-2025,EPL
John Stones,5eecec3d,engENG,DF,Manchester City,30.0,1994.0,2024-2025,EPL
Jørgen Strand Larsen,f553b2b3,noNOR,FW,Wolves,24.0,2000.0,2024-2025,EPL
Yukinari Sugawara,580bcd18,jpJPN,"MF,DF",Southampton,24.0,2000.0,2024-2025,EPL
Kamaldeen Sulemana,a62f8bf1,ghGHA,"FW,MF",Southampton,22.0,2002.0,2024-2025,EPL
Crysencio Summerville,df04eb4b,nlNED,"MF,FW",West Ham United,22.0,2001.0,2024-2025,EPL
Sammie Szmodics,39944392,ieIRL,MF,Ipswich Town,28.0,1995.0,2024-2025,EPL
Dominik Szoboszlai,934e1968,huHUN,MF,Liverpool,23.0,2000.0,2024-2025,EPL
Matt Targett,e514ab62,engENG,"DF,MF",Newcastle United,28.0,1995.0,2024-2025,EPL
James Tarkowski,15ea812b,engENG,DF,Everton,31.0,1992.0,2024-2025,EPL
Marcus Tavernier,5c0da4a4,engENG,MF,Bournemouth,25.0,1999.0,2024-2025,EPL
Charlie Taylor,cc2d7ad5,engENG,DF,Southampton,30.0,1993.0,2024-2025,EPL
Jack Taylor,48eed8d5,ieIRL,MF,Ipswich Town,26.0,1998.0,2024-2025,EPL
Mathys Tel,829aa60c,frFRA,FW,Tottenham Hotspur,19.0,2005.0,2024-2025,EPL
Kenny Tete,77d7c96f,nlNED,DF,Fulham,28.0,1995.0,2024-2025,EPL
Thiago,dc45ac24,brBRA,FW,Brentford,23.0,2001.0,2024-2025,EPL
Luke Thomas,fc027d02,engENG,DF,Leicester City,23.0,2001.0,2024-2025,EPL
Youri Tielemans,56f7a928,beBEL,MF,Aston Villa,27.0,1997.0,2024-2025,EPL
Kieran Tierney,fce2302c,sctSCO,DF,Arsenal,27.0,1997.0,2024-2025,EPL
Jurriën Timber,41034650,nlNED,DF,Arsenal,23.0,2001.0,2024-2025,EPL
Jean-Clair Todibo,88f130ed,frFRA,DF,West Ham United,24.0,1999.0,2024-2025,EPL
Harry Toffolo,a105d46a,engENG,DF,Nottingham Forest,28.0,1995.0,2024-2025,EPL
Takehiro Tomiyasu,b3af9be1,jpJPN,DF,Arsenal,25.0,1998.0,2024-2025,EPL
Sandro Tonali,0db169ae,itITA,MF,Newcastle United,24.0,2000.0,2024-2025,EPL
Pau Torres,532e1e4f,esESP,DF,Aston Villa,27.0,1997.0,2024-2025,EPL
Conor Townsend,4dc4f138,engENG,DF,Ipswich Town,31.0,1993.0,2024-2025,EPL
Adama Traoré,9a28eba4,esESP,MF,Fulham,28.0,1996.0,2024-2025,EPL
Boubacar Traoré,999ceb5f,mlMLI,MF,Wolves,22.0,2001.0,2024-2025,EPL
Mark Travers,fe558029,ieIRL,GK,Bournemouth,25.0,1999.0,2024-2025,EPL
Ryan Trevitt,732327ae,engENG,MF,Brentford,21.0,2003.0,2024-2025,EPL
Kieran Trippier,21512407,engENG,DF,Newcastle United,33.0,1990.0,2024-2025,EPL
Leandro Trossard,38ceb24a,beBEL,FW,Arsenal,29.0,1994.0,2024-2025,EPL
Kostas Tsimikas,f315ca93,grGRE,DF,Liverpool,28.0,1996.0,2024-2025,EPL
Axel Tuanzebe,2baec6ce,cdCOD,DF,Ipswich Town,26.0,1997.0,2024-2025,EPL
Destiny Udogie,7cd520e8,itITA,DF,Tottenham Hotspur,21.0,2002.0,2024-2025,EPL
Manuel Ugarte,c9817014,uyURU,MF,Manchester Utd,23.0,2001.0,2024-2025,EPL
Lesley Ugochukwu,1df4a109,frFRA,MF,Southampton,20.0,2004.0,2024-2025,EPL
Enes Ünal,f8eca1b6,trTUR,FW,Bournemouth,27.0,1997.0,2024-2025,EPL
Hákon Valdimarsson,57a34cf4,isISL,GK,Brentford,22.0,2001.0,2024-2025,EPL
Virgil van Dijk,e06683ca,nlNED,DF,Liverpool,33.0,1991.0,2024-2025,EPL
Jamie Vardy,45963054,engENG,FW,Leicester City,37.0,1987.0,2024-2025,EPL
Renato Veiga,fc8fcbd1,ptPOR,MF,Chelsea,21.0,2003.0,2024-2025,EPL
Joël Veltman,dad4b285,nlNED,DF,Brighton,32.0,1992.0,2024-2025,EPL
Micky van de Ven,8fe2a392,nlNED,DF,Tottenham Hotspur,23.0,2001.0,2024-2025,EPL
Bart Verbruggen,cf134113,nlNED,GK,Brighton,21.0,2002.0,2024-2025,EPL
Jannik Vestergaard,1900032e,dkDEN,DF,Leicester City,31.0,1992.0,2024-2025,EPL
Guglielmo Vicario,77d6fd4d,itITA,GK,Tottenham Hotspur,27.0,1996.0,2024-2025,EPL
Carlos Vinícius,8b529245,brBRA,FW,Fulham,29.0,1995.0,2024-2025,EPL
Kyle Walker,86dd77d1,engENG,DF,Manchester City,34.0,1990.0,2024-2025,EPL
Kyle Walker-Peters,984a5a64,engENG,"MF,DF",Southampton,27.0,1997.0,2024-2025,EPL
Christian Walton,c666574f,engENG,GK,Ipswich Town,28.0,1995.0,2024-2025,EPL
Aaron Wan-Bissaka,9e525177,cdCOD,"DF,MF",West Ham United,26.0,1997.0,2024-2025,EPL
Danny Ward,d3ce0e89,wlsWAL,GK,Leicester City,31.0,1993.0,2024-2025,EPL
Joel Ward,8a7ff278,engENG,DF,Crystal Palace,34.0,1989.0,2024-2025,EPL
James Ward-Prowse,3515d404,engENG,MF,West Ham United,29.0,1994.0,2024-2025,EPL
James Ward-Prowse,3515d404,engENG,MF,Nottingham Forest,29.0,1994.0,2024-2025,EPL
Ollie Watkins,aed3a70f,engENG,FW,Aston Villa,28.0,1995.0,2024-2025,EPL
Adam Webster,c40b6180,engENG,DF,Brighton,29.0,1995.0,2024-2025,EPL
Danny Welbeck,ce5143da,engENG,FW,Brighton,33.0,1990.0,2024-2025,EPL
Welington,a7f95b1f,brBRA,"MF,DF",Southampton,23.0,2001.0,2024-2025,EPL
Timo Werner,49fe9070,deGER,"FW,MF",Tottenham Hotspur,28.0,1996.0,2024-2025,EPL
Adam Wharton,4b542852,engENG,MF,Crystal Palace,20.0,2004.0,2024-2025,EPL
Ben White,35e413f1,engENG,DF,Arsenal,26.0,1997.0,2024-2025,EPL
Mats Wieffer,4876c9ab,nlNED,"DF,MF",Brighton,24.0,1999.0,2024-2025,EPL
Neco Williams,dd323728,wlsWAL,"DF,MF",Nottingham Forest,23.0,2001.0,2024-2025,EPL
Willian,8b9ebd03,brBRA,"MF,FW",Fulham,35.0,1988.0,2024-2025,EPL
Joe Willock,a3b03921,engENG,MF,Newcastle United,24.0,1999.0,2024-2025,EPL
Callum Wilson,c596fcb0,engENG,FW,Newcastle United,32.0,1992.0,2024-2025,EPL
Harry Wilson,c6dc9ecd,wlsWAL,"MF,FW",Fulham,27.0,1997.0,2024-2025,EPL
Harry Winks,2f7acede,engENG,MF,Leicester City,28.0,1996.0,2024-2025,EPL
Ben Winterburn,ba31eee2,engENG,MF,Bournemouth,19.0,2004.0,2024-2025,EPL
Yoane Wissa,2500cef9,cdCOD,FW,Brentford,27.0,1996.0,2024-2025,EPL
Chris Wood,4e9a0555,nzNZL,FW,Nottingham Forest,32.0,1991.0,2024-2025,EPL
Nathan Wood-Gordon,4ccf2d5b,engENG,DF,Southampton,22.0,2002.0,2024-2025,EPL
Luke Woolfenden,e28e9bec,engENG,DF,Ipswich Town,25.0,1998.0,2024-2025,EPL
Yehor Yarmoliuk,907a5d7c,uaUKR,MF,Brentford,20.0,2004.0,2024-2025,EPL
Ryan Yates,c1fe2a48,engENG,MF,Nottingham Forest,26.0,1997.0,2024-2025,EPL
Leny Yoro,6763f716,frFRA,DF,Manchester Utd,18.0,2005.0,2024-2025,EPL
Ashley Young,be927d03,engENG,DF,Everton,39.0,1985.0,2024-2025,EPL
Illia Zabarnyi,88968486,uaUKR,DF,Bournemouth,21.0,2002.0,2024-2025,EPL
Oleksandr Zinchenko,51cf8561,uaUKR,"DF,MF",Arsenal,27.0,1996.0,2024-2025,EPL
Joshua Zirkzee,028e70b9,nlNED,"FW,MF",Manchester Utd,23.0,2001.0,2024-2025,EPL
Martin Ødegaard,79300479,noNOR,MF,Arsenal,25.0,1998.0,2024-2025,EPL
James Abankwah,4b7a9fcc,ieIRL,DF,Udinese,20.0,2004.0,2024-2025,ITA
Saud Abdulhamid,caa254e4,saKSA,MF,Roma,25.0,1999.0,2024-2025,ITA
Oliver Abildgaard,8f5cdf66,dkDEN,MF,Como,28.0,1996.0,2024-2025,ITA
Tammy Abraham,f586779e,engENG,FW,Roma,26.0,1997.0,2024-2025,ITA
Tammy Abraham,f586779e,engENG,FW,Milan,26.0,1997.0,2024-2025,ITA
Federico Accornero,83763653,itITA,MF,Genoa,20.0,2004.0,2024-2025,ITA
Francesco Acerbi,b96b595c,itITA,DF,Inter,36.0,1988.0,2024-2025,ITA
Che Adams,f2bf1b0f,sctSCO,FW,Torino,28.0,1996.0,2024-2025,ITA
Yacine Adli,26777636,frFRA,MF,Fiorentina,24.0,2000.0,2024-2025,ITA
Vasilije Adžić,8b0f9fb8,meMNE,MF,Juventus,18.0,2006.0,2024-2025,ITA
Michel Aebischer,f9c927de,chSUI,MF,Bologna,27.0,1997.0,2024-2025,ITA
Honest Ahanor,42ff58c3,itITA,"MF,DF",Genoa,16.0,2008.0,2024-2025,ITA
Junior Ajayi,cab600a8,ciCIV,FW,Hellas Verona,19.0,2004.0,2024-2025,ITA
Jean-Daniel Akpa-Akpro,fdf4b948,ciCIV,MF,Monza,31.0,1992.0,2024-2025,ITA
David Akpan Ankeye,8c4b95af,ngNGA,FW,Genoa,22.0,2002.0,2024-2025,ITA
Faride Alidou,00f518d8,deGER,FW,Hellas Verona,23.0,2001.0,2024-2025,ITA
Dele Alli,cea4ee8f,engENG,"FW,MF",Como,28.0,1996.0,2024-2025,ITA
Pontus Almqvist,0917188a,seSWE,"FW,MF",Parma,25.0,1999.0,2024-2025,ITA
Giorgio Altare,aa5322d5,itITA,DF,Venezia,25.0,1998.0,2024-2025,ITA
Sofyan Amrabat,5a2cb25d,maMAR,MF,Fiorentina,27.0,1996.0,2024-2025,ITA
Angeliño,30941e96,esESP,"MF,DF",Roma,27.0,1997.0,2024-2025,ITA
Lorenzo Anghelè,b2f3d550,itITA,FW,Juventus,19.0,2005.0,2024-2025,ITA
Faustino Anjorin,b105919e,engENG,MF,Empoli,22.0,2001.0,2024-2025,ITA
Marko Arnautović,00459419,atAUT,FW,Inter,35.0,1989.0,2024-2025,ITA
Kristjan Asllani,0fdcef0e,alALB,MF,Inter,22.0,2002.0,2024-2025,ITA
Arthur Atta,d3ddf88b,frFRA,"MF,FW",Udinese,21.0,2003.0,2024-2025,ITA
Emil Audero,649b01d8,idIDN,GK,Como,27.0,1997.0,2024-2025,ITA
Tommaso Augello,3cd3b384,itITA,"MF,DF",Cagliari,29.0,1994.0,2024-2025,ITA
Carlos Augusto,8d3cd59d,brBRA,"DF,MF",Inter,25.0,1999.0,2024-2025,ITA
Yann Aurel Bisseck,3963c25b,deGER,DF,Inter,23.0,2000.0,2024-2025,ITA
Paulo Azzi,967ac202,brBRA,MF,Cagliari,30.0,1994.0,2024-2025,ITA
Oussama El Azzouzi,85f476cc,maMAR,MF,Bologna,23.0,2001.0,2024-2025,ITA
Jacopo Bacci,9ce30308,itITA,MF,Empoli,19.0,2005.0,2024-2025,ITA
Milan Badelj,e8c930bb,hrCRO,MF,Genoa,35.0,1989.0,2024-2025,ITA
Mitchel Bakker,a8567629,nlNED,"DF,MF",Atalanta,24.0,2000.0,2024-2025,ITA
Tommaso Baldanzi,102e2599,itITA,"MF,FW",Roma,21.0,2003.0,2024-2025,ITA
Keita Baldé,509a4ccb,snSEN,FW,Monza,29.0,1995.0,2024-2025,ITA
Botond Balogh,348bafd4,huHUN,DF,Parma,22.0,2002.0,2024-2025,ITA
Mario Balotelli,8ff07990,itITA,FW,Genoa,33.0,1990.0,2024-2025,ITA
Lameck Banda,8a6de8c7,zmZAM,"MF,FW",Lecce,23.0,2001.0,2024-2025,ITA
Daniel Bandeira,56fca564,ptPOR,MF,Hellas Verona,24.0,2000.0,2024-2025,ITA
Mattia Bani,0821331c,itITA,DF,Genoa,30.0,1993.0,2024-2025,ITA
Antonín Barák,01efac19,czCZE,MF,Fiorentina,29.0,1994.0,2024-2025,ITA
Federico Barba,c010b898,itITA,DF,Como,30.0,1993.0,2024-2025,ITA
Nicolò Barella,6928979a,itITA,MF,Inter,27.0,1997.0,2024-2025,ITA
Davide Bartesaghi,7e0b6c50,itITA,DF,Milan,18.0,2005.0,2024-2025,ITA
Federico Baschirotto,5a08ee41,itITA,DF,Lecce,27.0,1996.0,2024-2025,ITA
Daniele Baselli,ea06dd97,itITA,MF,Como,32.0,1992.0,2024-2025,ITA
Alessandro Bastoni,75b86fb3,itITA,DF,Inter,25.0,1999.0,2024-2025,ITA
Reda Belahyane,705a1642,maMAR,MF,Hellas Verona,20.0,2004.0,2024-2025,ITA
Reda Belahyane,705a1642,maMAR,MF,Lazio,20.0,2004.0,2024-2025,ITA
Raoul Bellanova,e3756e72,itITA,MF,Torino,24.0,2000.0,2024-2025,ITA
Raoul Bellanova,e3756e72,itITA,MF,Atalanta,24.0,2000.0,2024-2025,ITA
Andrea Belotti,d705ba44,itITA,FW,Como,30.0,1993.0,2024-2025,ITA
Lucas Beltrán,482d2bc3,arARG,"MF,FW",Fiorentina,23.0,2001.0,2024-2025,ITA
Adrian Benedyczak,3f448184,plPOL,MF,Parma,23.0,2000.0,2024-2025,ITA
Ismaël Bennacer,db092d3b,dzALG,MF,Milan,26.0,1997.0,2024-2025,ITA
Medon Berisha,9d376bef,alALB,MF,Lecce,20.0,2003.0,2024-2025,ITA
Adrian Bernabe,548672b4,esESP,MF,Parma,23.0,2001.0,2024-2025,ITA
Antoine Bernede,07a821e4,frFRA,MF,Hellas Verona,25.0,1999.0,2024-2025,ITA
Sam Beukema,de13cee5,nlNED,DF,Bologna,25.0,1998.0,2024-2025,ITA
Alessandro Bianco,d65cf468,itITA,MF,Monza,21.0,2002.0,2024-2025,ITA
Alessandro Bianco,d65cf468,itITA,MF,Fiorentina,21.0,2002.0,2024-2025,ITA
Jaka Bijol,6fdac234,siSVN,DF,Udinese,25.0,1999.0,2024-2025,ITA
Philip Billing,d328a254,dkDEN,MF,Napoli,28.0,1996.0,2024-2025,ITA
Cristiano Biraghi,9e1577aa,itITA,DF,Torino,31.0,1992.0,2024-2025,ITA
Cristiano Biraghi,9e1577aa,itITA,"DF,MF",Fiorentina,31.0,1992.0,2024-2025,ITA
Samuele Birindelli,204ac005,itITA,MF,Monza,25.0,1999.0,2024-2025,ITA
Bjarki Bjarkason,f1d25de7,isISL,MF,Venezia,24.0,2000.0,2024-2025,ITA
Emil Bohinen,c83c203f,noNOR,MF,Genoa,25.0,1999.0,2024-2025,ITA
Warren Bondo,0def2376,frFRA,MF,Monza,20.0,2003.0,2024-2025,ITA
Warren Bondo,0def2376,frFRA,MF,Milan,20.0,2003.0,2024-2025,ITA
Kevin Bonifazi,fb77bfef,itITA,DF,Lecce,28.0,1996.0,2024-2025,ITA
Ange-Yoan Bonny,64629ba4,frFRA,FW,Parma,20.0,2003.0,2024-2025,ITA
Edoardo Bove,ae94a6c5,itITA,MF,Fiorentina,22.0,2002.0,2024-2025,ITA
Domagoj Bradarić,8bbe2df5,hrCRO,"MF,DF",Hellas Verona,24.0,1999.0,2024-2025,ITA
Matthias Braunöder,bce728e1,atAUT,MF,Como,22.0,2002.0,2024-2025,ITA
Iker Bravo,db8c8860,esESP,FW,Udinese,19.0,2005.0,2024-2025,ITA
Gleison Bremer,5fd5ed86,brBRA,DF,Juventus,27.0,1997.0,2024-2025,ITA
Brenner,279508bf,brBRA,"MF,FW",Udinese,24.0,2000.0,2024-2025,ITA
Marco Brescianini,dfd56738,itITA,MF,Atalanta,24.0,2000.0,2024-2025,ITA
Arvid Brorsson,9f2989f4,seSWE,DF,Monza,25.0,1999.0,2024-2025,ITA
Tajon Buchanan,3aca6420,caCAN,"DF,MF",Inter,25.0,1999.0,2024-2025,ITA
Alessandro Buongiorno,4ae67f27,itITA,DF,Napoli,25.0,1999.0,2024-2025,ITA
Rareș-Cătălin Burnete,7c4b4e36,roROU,FW,Lecce,20.0,2004.0,2024-2025,ITA
Gianluca Busio,4a0b7f07,usUSA,MF,Venezia,22.0,2002.0,2024-2025,ITA
Jean Butez,7f40333d,frFRA,GK,Como,29.0,1995.0,2024-2025,ITA
Liberato Cacace,dd86e8e4,nzNZL,"MF,DF",Empoli,23.0,2000.0,2024-2025,ITA
Alessio Cacciamani,2028c5c3,itITA,FW,Torino,17.0,2007.0,2024-2025,ITA
Davide Calabria,2146785a,itITA,DF,Bologna,27.0,1996.0,2024-2025,ITA
Davide Calabria,2146785a,itITA,DF,Milan,27.0,1996.0,2024-2025,ITA
Luca Caldirola,226008f1,itITA,DF,Monza,33.0,1991.0,2024-2025,ITA
Hakan Çalhanoğlu,cd0fa27b,trTUR,MF,Inter,30.0,1994.0,2024-2025,ITA
Drissa Camara,543d9d2b,ciCIV,FW,Parma,22.0,2002.0,2024-2025,ITA
Francesco Camarda,1956a64b,itITA,FW,Milan,16.0,2008.0,2024-2025,ITA
Nicolò Cambiaghi,91ff775f,itITA,"MF,FW",Bologna,23.0,2000.0,2024-2025,ITA
Andrea Cambiaso,247ed022,itITA,"DF,MF",Juventus,24.0,2000.0,2024-2025,ITA
Thomas Campaniello,cb88e494,itITA,FW,Empoli,16.0,2008.0,2024-2025,ITA
Matteo Cancellieri,b6a1cdf9,itITA,"MF,FW",Parma,22.0,2002.0,2024-2025,ITA
Fali Candé,3cc4bb19,gwGNB,DF,Venezia,26.0,1998.0,2024-2025,ITA
Antonio Candela,d4307c52,itITA,"MF,DF",Venezia,24.0,2000.0,2024-2025,ITA
Gianluca Caprari,54e53b7e,itITA,"MF,FW",Monza,31.0,1993.0,2024-2025,ITA
Elia Caprile,97d7afbd,itITA,GK,Cagliari,22.0,2001.0,2024-2025,ITA
Elia Caprile,97d7afbd,itITA,GK,Napoli,22.0,2001.0,2024-2025,ITA
Francesco Caputo,5bd72174,itITA,FW,Empoli,36.0,1987.0,2024-2025,ITA
Maxence Caqueret,f81ef10d,frFRA,MF,Como,24.0,2000.0,2024-2025,ITA
Andrea Carboni,f7e2af2c,itITA,DF,Monza,23.0,2001.0,2024-2025,ITA
Franco Carboni,b033f803,itITA,MF,Venezia,21.0,2003.0,2024-2025,ITA
Marco Carnesecchi,8ec56e62,itITA,GK,Atalanta,24.0,2000.0,2024-2025,ITA
Cesare Casadei,fb920f3a,itITA,MF,Torino,21.0,2003.0,2024-2025,ITA
Nicolò Casale,3f5f38fb,itITA,DF,Bologna,26.0,1998.0,2024-2025,ITA
Nicolò Casale,3f5f38fb,itITA,DF,Lazio,26.0,1998.0,2024-2025,ITA
Federico Cassa,5f209d47,itITA,MF,Atalanta,18.0,2006.0,2024-2025,ITA
Valentín Castellanos,da76bab4,arARG,FW,Lazio,25.0,1998.0,2024-2025,ITA
Santiago Castro,ee5565ae,arARG,FW,Bologna,19.0,2004.0,2024-2025,ITA
Gaetano Castrovilli,0728bebe,itITA,MF,Monza,27.0,1997.0,2024-2025,ITA
Gaetano Castrovilli,0728bebe,itITA,MF,Lazio,27.0,1997.0,2024-2025,ITA
Danilo Cataldi,ba3d3bea,itITA,MF,Fiorentina,29.0,1994.0,2024-2025,ITA
Zeki Çelik,31a62dc7,trTUR,"DF,MF",Roma,27.0,1997.0,2024-2025,ITA
Alberto Cerri,1079c685,itITA,FW,Como,28.0,1996.0,2024-2025,ITA
Gabriel Charpentier,c52bea9e,cgCGO,FW,Parma,25.0,1999.0,2024-2025,ITA
Walid Cheddira,0545a08e,maMAR,FW,Napoli,26.0,1998.0,2024-2025,ITA
Leandro Chichizola,8d957256,arARG,GK,Parma,34.0,1990.0,2024-2025,ITA
Samuel Chukwueze,b8a642fc,ngNGA,"MF,FW",Milan,25.0,1999.0,2024-2025,ITA
Aaron Ciammaglichella,20525799,itITA,MF,Torino,19.0,2005.0,2024-2025,ITA
Giuseppe Ciocci,d6416327,itITA,GK,Cagliari,22.0,2002.0,2024-2025,ITA
Alessandro Circati,1223765c,auAUS,DF,Parma,20.0,2003.0,2024-2025,ITA
Alphadjo Cissè,d079becb,itITA,MF,Hellas Verona,17.0,2006.0,2024-2025,ITA
Patrick Ciurria,5de3866c,itITA,MF,Monza,29.0,1995.0,2024-2025,ITA
Saúl Coco,d0ee1652,gqEQG,DF,Torino,25.0,1999.0,2024-2025,ITA
Lorenzo Colombo,04df29a5,itITA,"FW,MF",Empoli,22.0,2002.0,2024-2025,ITA
Andrea Colpani,6499048c,itITA,MF,Fiorentina,25.0,1999.0,2024-2025,ITA
Florinel Coman,a9440c25,roROU,"MF,FW",Cagliari,26.0,1998.0,2024-2025,ITA
Pietro Comuzzo,5e3ecc35,itITA,DF,Fiorentina,19.0,2005.0,2024-2025,ITA
Francisco Conceição,5ef3d210,ptPOR,MF,Juventus,21.0,2002.0,2024-2025,ITA
Diego Coppola,22ae86f9,itITA,DF,Hellas Verona,20.0,2003.0,2024-2025,ITA
Maxwel Cornet,beb391dd,ciCIV,MF,Genoa,27.0,1996.0,2024-2025,ITA
Joaquín Correa,45b9b619,arARG,"FW,MF",Inter,29.0,1994.0,2024-2025,ITA
Alberto costa,4d36e5ae,ptPOR,"DF,MF",Juventus,20.0,2003.0,2024-2025,ITA
Lassana Coulibaly,85a44ecc,mlMLI,MF,Lecce,28.0,1996.0,2024-2025,ITA
Woyo Coulibaly,beb6e3a6,mlMLI,DF,Parma,25.0,1999.0,2024-2025,ITA
Bryan Cristante,16657b95,itITA,MF,Roma,29.0,1995.0,2024-2025,ITA
Domen Črnigoj,22cd43d2,siSVN,MF,Venezia,28.0,1995.0,2024-2025,ITA
Juan Cuadrado,0ab1f153,coCOL,"MF,FW",Atalanta,36.0,1988.0,2024-2025,ITA
Patrick Cutrone,a4fe8cda,itITA,FW,Como,26.0,1998.0,2024-2025,ITA
Wylan Cyprien,3e092724,frFRA,MF,Parma,29.0,1995.0,2024-2025,ITA
Danilo D'Ambrosio,44eb9093,itITA,DF,Monza,35.0,1988.0,2024-2025,ITA
Lucas Da Cunha,007faf7a,frFRA,MF,Como,23.0,2001.0,2024-2025,ITA
Samuel Dahl,bbe7d20b,seSWE,DF,Roma,24.0,2000.0,2024-2025,ITA
Thijs Dallinga,b70afb45,nlNED,FW,Bologna,23.0,2000.0,2024-2025,ITA
Maat Daniel Caprini,183934cd,itITA,FW,Fiorentina,18.0,2006.0,2024-2025,ITA
Flavius Daniliuc,7ef972c3,atAUT,DF,Hellas Verona,23.0,2001.0,2024-2025,ITA
Danilo,94b2001f,brBRA,DF,Juventus,33.0,1991.0,2024-2025,ITA
Matteo Darmian,96e0490d,itITA,"MF,DF",Inter,34.0,1989.0,2024-2025,ITA
Juan David Cabal,ef6eef89,coCOL,DF,Juventus,23.0,2001.0,2024-2025,ITA
Keinan Davis,9deaf2c8,engENG,FW,Udinese,26.0,1998.0,2024-2025,ITA
Paweł Dawidowicz,16bb656a,plPOL,"DF,MF",Hellas Verona,29.0,1995.0,2024-2025,ITA
Charles De Ketelaere,2ef7c612,beBEL,"MF,FW",Atalanta,23.0,2001.0,2024-2025,ITA
Mattia De Sciglio,ae4e2852,itITA,DF,Empoli,31.0,1992.0,2024-2025,ITA
Lorenzo De Silvestri,e74f0e59,itITA,DF,Bologna,36.0,1988.0,2024-2025,ITA
Koni De Winter,f4797849,beBEL,DF,Genoa,22.0,2002.0,2024-2025,ITA
Alessandro Deiola,7f267d66,itITA,MF,Cagliari,28.0,1995.0,2024-2025,ITA
Enrico Del Prato,4c6f9258,itITA,"DF,MF",Parma,24.0,1999.0,2024-2025,ITA
Fisayo Dele-Bashiru,121a4fb8,ngNGA,MF,Lazio,23.0,2001.0,2024-2025,ITA
Ali Dembélé,eb3df7d9,frFRA,DF,Torino,20.0,2004.0,2024-2025,ITA
Michele Di Gregorio,4e0c8d66,itITA,GK,Juventus,27.0,1997.0,2024-2025,ITA
Giovanni Di Lorenzo,230a2fac,itITA,DF,Napoli,30.0,1993.0,2024-2025,ITA
Boulaye Dia,244bc2c8,snSEN,"MF,FW",Lazio,27.0,1996.0,2024-2025,ITA
Assane Diao,8ae7d0ec,snSEN,"MF,FW",Como,18.0,2005.0,2024-2025,ITA
Federico Dimarco,970b8574,itITA,MF,Inter,26.0,1997.0,2024-2025,ITA
Berat Djimsiti,6eee05f1,alALB,DF,Atalanta,31.0,1993.0,2024-2025,ITA
Dodô,b5f7d10b,brBRA,"DF,MF",Fiorentina,25.0,1998.0,2024-2025,ITA
Benjamín Domínguez,a83b47fa,arARG,MF,Bologna,20.0,2003.0,2024-2025,ITA
Patrick Dorgu,e6536124,dkDEN,"MF,DF",Lecce,19.0,2004.0,2024-2025,ITA
Alberto Dossena,61efb926,itITA,DF,Como,25.0,1998.0,2024-2025,ITA
Issa Doumbia,b74fc282,itITA,MF,Venezia,20.0,2003.0,2024-2025,ITA
Anastasios Douvikas,853ca71c,grGRE,FW,Como,24.0,1999.0,2024-2025,ITA
Artem Dovbyk,5b847bb0,uaUKR,FW,Roma,27.0,1997.0,2024-2025,ITA
Ondrej Duda,79ca3e23,skSVK,MF,Hellas Verona,29.0,1994.0,2024-2025,ITA
Denzel Dumfries,481c9ece,nlNED,MF,Inter,28.0,1996.0,2024-2025,ITA
Alfred Duncan,528492ea,ghGHA,MF,Venezia,31.0,1993.0,2024-2025,ITA
Paulo Dybala,e0921a4f,arARG,"FW,MF",Roma,30.0,1993.0,2024-2025,ITA
Enzo Ebosse,9ba7b4fa,cmCMR,DF,Udinese,25.0,1999.0,2024-2025,ITA
Tyronne Ebuehi,6af30900,ngNGA,DF,Empoli,28.0,1995.0,2024-2025,ITA
Éderson,a9202def,brBRA,MF,Atalanta,25.0,1999.0,2024-2025,ITA
Kingsley Ehizibue,76b2817e,nlNED,"MF,DF",Udinese,29.0,1995.0,2024-2025,ITA
Jeff Ekhator,faf739d2,itITA,"FW,MF",Genoa,17.0,2006.0,2024-2025,ITA
Jurgen Ekkelenkamp,73d6a176,nlNED,MF,Udinese,24.0,2000.0,2024-2025,ITA
Emmanuel Ekong,c20892ee,seSWE,FW,Empoli,22.0,2002.0,2024-2025,ITA
Caleb Ekuban,7afbd2c3,ghGHA,FW,Genoa,30.0,1994.0,2024-2025,ITA
Mikael Ellertsson,c55967eb,isISL,MF,Venezia,22.0,2002.0,2024-2025,ITA
Elif Elmas,cf007308,mkMKD,"MF,FW",Torino,24.0,1999.0,2024-2025,ITA
Emerson,df8b52a5,brBRA,DF,Milan,25.0,1999.0,2024-2025,ITA
Yannik Engelhardt,fac66db3,deGER,"MF,DF",Como,23.0,2001.0,2024-2025,ITA
Martin Erlic,0fee6bda,hrCRO,DF,Bologna,26.0,1998.0,2024-2025,ITA
Sebastiano Esposito,7ff93107,itITA,"FW,MF",Empoli,22.0,2002.0,2024-2025,ITA
Estanis,ace50e9f,esESP,FW,Bologna,20.0,2003.0,2024-2025,ITA
Nahuel Estévez,cec60a2f,arARG,MF,Parma,28.0,1995.0,2024-2025,ITA
Giovanni Fabbian,f97f9188,itITA,MF,Bologna,21.0,2003.0,2024-2025,ITA
Alieu Fadera,53210e42,gmGAM,MF,Como,22.0,2001.0,2024-2025,ITA
Nicolò Fagioli,366be751,itITA,MF,Fiorentina,23.0,2001.0,2024-2025,ITA
Nicolò Fagioli,366be751,itITA,MF,Juventus,23.0,2001.0,2024-2025,ITA
Wladimiro Falcone,9f5a610b,itITA,GK,Lecce,29.0,1995.0,2024-2025,ITA
Davide Faraoni,aae9d04a,itITA,"MF,DF",Hellas Verona,32.0,1991.0,2024-2025,ITA
Jacopo Fazzini,06b08c45,itITA,MF,Empoli,21.0,2003.0,2024-2025,ITA
Mattia Felici,38aa2612,itITA,MF,Cagliari,23.0,2001.0,2024-2025,ITA
João Félix,8aafd64f,ptPOR,MF,Milan,24.0,1999.0,2024-2025,ITA
Lewis Ferguson,ee64a822,sctSCO,MF,Bologna,24.0,1999.0,2024-2025,ITA
Daniel Fila,383a628e,czCZE,FW,Venezia,21.0,2002.0,2024-2025,ITA
Alessandro Florenzi,e288d4b3,itITA,"DF,FW",Milan,33.0,1991.0,2024-2025,ITA
Youssouf Fofana,822d51d7,frFRA,MF,Milan,25.0,1999.0,2024-2025,ITA
Michael Folorunsho,c391a179,itITA,MF,Fiorentina,26.0,1998.0,2024-2025,ITA
Michael Folorunsho,c391a179,itITA,"FW,MF",Napoli,26.0,1998.0,2024-2025,ITA
Omari Forson,1b9728b0,engENG,FW,Monza,20.0,2004.0,2024-2025,ITA
Davide Frattesi,2a7d27c1,itITA,MF,Inter,24.0,1999.0,2024-2025,ITA
Morten Frendrup,f4d60499,dkDEN,MF,Genoa,23.0,2001.0,2024-2025,ITA
Martin Frese,b910e9c0,dkDEN,"DF,MF",Hellas Verona,26.0,1998.0,2024-2025,ITA
Remo Freuler,98d2c2c4,chSUI,MF,Bologna,32.0,1992.0,2024-2025,ITA
Matteo Gabbia,c235e803,itITA,DF,Milan,24.0,1999.0,2024-2025,ITA
Tommaso Gabellini,2c105080,itITA,FW,Torino,17.0,2006.0,2024-2025,ITA
Tiago Gabriel,19452285,ptPOR,DF,Lecce,19.0,2004.0,2024-2025,ITA
Alessandro Gabrielloni,181cb492,itITA,FW,Como,30.0,1994.0,2024-2025,ITA
Gianluca Gaetano,3b387cc7,itITA,"MF,FW",Cagliari,24.0,2000.0,2024-2025,ITA
Roberto Gagliardini,ce30bfc8,itITA,MF,Monza,30.0,1994.0,2024-2025,ITA
Antonino Gallo,c74d63ac,itITA,DF,Lecce,24.0,2000.0,2024-2025,ITA
Silvère Ganvoula M'Boussy,6c731625,cgCGO,FW,Monza,28.0,1996.0,2024-2025,ITA
Federico Gatti,18dd3219,itITA,DF,Juventus,26.0,1998.0,2024-2025,ITA
David de Gea,7ba6d84e,esESP,GK,Fiorentina,33.0,1990.0,2024-2025,ITA
Valentin Gendrey,822ed0ec,frFRA,DF,Lecce,24.0,2000.0,2024-2025,ITA
Daniele Ghilardi,9cedad4b,itITA,DF,Hellas Verona,21.0,2003.0,2024-2025,ITA
Lautaro Gianetti,e08ac719,arARG,DF,Udinese,30.0,1993.0,2024-2025,ITA
Samuel Gigot,41eebdf5,frFRA,DF,Lazio,30.0,1993.0,2024-2025,ITA
Mario Gila,9c435456,esESP,DF,Lazio,23.0,2000.0,2024-2025,ITA
Billy Gilmour,df10e27c,sctSCO,MF,Napoli,23.0,2001.0,2024-2025,ITA
Santiago Giménez,37337aea,mxMEX,FW,Milan,23.0,2001.0,2024-2025,ITA
Gvidas Gineitis,548bd0de,ltLTU,MF,Torino,20.0,2004.0,2024-2025,ITA
Ben Godfrey,9f7c837d,engENG,"DF,MF",Atalanta,26.0,1998.0,2024-2025,ITA
Saba Goglichidze,011d370e,geGEO,DF,Empoli,20.0,2004.0,2024-2025,ITA
Edoardo Goldaniga,4b029b31,itITA,DF,Como,30.0,1993.0,2024-2025,ITA
Pierluigi Gollini,f0f7f62f,itITA,GK,Genoa,29.0,1995.0,2024-2025,ITA
Nicolás González,2374aaca,arARG,"MF,FW",Juventus,26.0,1998.0,2024-2025,ITA
Robin Gosens,2d970560,deGER,"DF,MF",Fiorentina,30.0,1994.0,2024-2025,ITA
Lucas Gourna-Douath,3cd7820a,frFRA,MF,Roma,20.0,2003.0,2024-2025,ITA
Alberto Grassi,6cc97b6a,itITA,MF,Empoli,29.0,1995.0,2024-2025,ITA
Mattéo Guendouzi,5ea8ef20,frFRA,MF,Lazio,25.0,1999.0,2024-2025,ITA
Frederic Guilbert,5d8d7454,frFRA,DF,Lecce,29.0,1994.0,2024-2025,ITA
Albert Guðmundsson,b79858d5,isISL,"FW,MF",Fiorentina,27.0,1997.0,2024-2025,ITA
Emmanuel Gyasi,f9758dae,ghGHA,MF,Empoli,30.0,1994.0,2024-2025,ITA
Christian Gytkjær,9250bcff,dkDEN,FW,Venezia,34.0,1990.0,2024-2025,ITA
Nicolas Haas,fa449bba,chSUI,MF,Empoli,28.0,1996.0,2024-2025,ITA
Saad El Haddad,7b12dccc,maMAR,MF,Venezia,19.0,2005.0,2024-2025,ITA
Antoine Hainaut,6503f220,frFRA,"DF,MF",Parma,22.0,2002.0,2024-2025,ITA
Mohamed Haj,eb7dc619,tnTUN,MF,Parma,19.0,2005.0,2024-2025,ITA
Ridgeciano Haps,c8d7131c,srSUR,"MF,DF",Venezia,31.0,1993.0,2024-2025,ITA
Abdou Harroui,65fd099c,nlNED,"MF,FW",Hellas Verona,26.0,1998.0,2024-2025,ITA
Liam Henderson,d7918b13,sctSCO,MF,Empoli,28.0,1996.0,2024-2025,ITA
Mario Hermoso,555f3a0b,esESP,DF,Roma,29.0,1995.0,2024-2025,ITA
Theo Hernández,d4c9725f,frFRA,"DF,MF",Milan,26.0,1997.0,2024-2025,ITA
Hernani,6f5ead86,brBRA,MF,Parma,30.0,1994.0,2024-2025,ITA
Isak Hien,12806697,seSWE,DF,Atalanta,25.0,1999.0,2024-2025,ITA
Emil Holm,c2357b65,seSWE,DF,Bologna,24.0,2000.0,2024-2025,ITA
Mats Hummels,05d548d8,deGER,DF,Roma,35.0,1988.0,2024-2025,ITA
Elseid Hysaj,2f3452eb,alALB,DF,Lazio,30.0,1994.0,2024-2025,ITA
Arijon Ibrahimović,f5c4fd91,deGER,MF,Lazio,18.0,2005.0,2024-2025,ITA
Jay Idzes,a54ef587,idIDN,DF,Venezia,24.0,2000.0,2024-2025,ITA
Jonathan Ikone,42eaa028,frFRA,"MF,FW",Como,26.0,1998.0,2024-2025,ITA
Jonathan Ikone,42eaa028,frFRA,MF,Fiorentina,26.0,1998.0,2024-2025,ITA
Ivan Ilić,bb376bed,rsSRB,MF,Torino,23.0,2001.0,2024-2025,ITA
Samuel Iling-Junior,ba492306,engENG,MF,Bologna,20.0,2003.0,2024-2025,ITA
Alessio Iovine,083d7173,itITA,DF,Como,33.0,1991.0,2024-2025,ITA
Gustav Isaksen,5715bb71,dkDEN,MF,Lazio,23.0,2001.0,2024-2025,ITA
Ardian Ismajli,6b635f5c,alALB,DF,Empoli,27.0,1996.0,2024-2025,ITA
Armando Izzo,89976232,itITA,DF,Monza,32.0,1992.0,2024-2025,ITA
Fellipe Jack,cace4967,brBRA,DF,Como,18.0,2006.0,2024-2025,ITA
Ali Jasim,1a927a6f,iqIRQ,MF,Como,20.0,2004.0,2024-2025,ITA
Gaby Jean,5f130a19,frFRA,DF,Lecce,24.0,2000.0,2024-2025,ITA
Juan Jesus,79083382,brBRA,DF,Napoli,33.0,1991.0,2024-2025,ITA
Álex Jiménez,faa13947,esESP,"MF,DF",Milan,19.0,2005.0,2024-2025,ITA
Þórir Jóhann Helgason,dc765618,isISL,MF,Lecce,23.0,2000.0,2024-2025,ITA
Jesse Joronen,7f66ea09,fiFIN,GK,Venezia,31.0,1993.0,2024-2025,ITA
Luka Jović,4d8cd038,rsSRB,FW,Milan,26.0,1997.0,2024-2025,ITA
Mohamed Kaba,517cfb19,frFRA,MF,Lecce,22.0,2001.0,2024-2025,ITA
Christian Kabasele,914ab9a1,beBEL,DF,Udinese,33.0,1991.0,2024-2025,ITA
Pierre Kalulu,85f7d1be,frFRA,DF,Juventus,24.0,2000.0,2024-2025,ITA
Hassane Kamara,19a12bed,ciCIV,"MF,DF",Udinese,30.0,1994.0,2024-2025,ITA
Yann Karamoh,8b66d9cc,frFRA,"MF,FW",Torino,26.0,1998.0,2024-2025,ITA
Jesper Karlsson,7952d0c2,seSWE,"MF,FW",Bologna,26.0,1998.0,2024-2025,ITA
Jesper Karlsson,7952d0c2,seSWE,"MF,FW",Lecce,26.0,1998.0,2024-2025,ITA
Jesper Karlström,e0a1f4eb,seSWE,MF,Udinese,29.0,1995.0,2024-2025,ITA
Lior Kasa,7987ef17,ilISR,MF,Genoa,18.0,2005.0,2024-2025,ITA
Grigoris Kastanos,2a82aa85,cyCYP,"MF,FW",Hellas Verona,26.0,1998.0,2024-2025,ITA
Michael Kayode,e19660a8,itITA,DF,Fiorentina,20.0,2004.0,2024-2025,ITA
Moise Kean,3d50bcdb,itITA,FW,Fiorentina,24.0,2000.0,2024-2025,ITA
Mandela Keita,f5692b25,beBEL,MF,Parma,22.0,2002.0,2024-2025,ITA
Lloyd Kelly,f31def1e,engENG,DF,Juventus,25.0,1998.0,2024-2025,ITA
Marc-Oliver Kempf,815c314f,deGER,DF,Como,29.0,1995.0,2024-2025,ITA
Kialonda,34e4dc3b,aoANG,DF,Lecce,26.0,1997.0,2024-2025,ITA
Magnus Kofod Andersen,a4731ebc,dkDEN,MF,Venezia,25.0,1999.0,2024-2025,ITA
Sead Kolašinac,3935e52e,baBIH,DF,Atalanta,31.0,1993.0,2024-2025,ITA
Randal Kolo Muani,c0b3669f,frFRA,FW,Juventus,25.0,1998.0,2024-2025,ITA
Ismael Konate,351ab035,itITA,FW,Empoli,18.0,2006.0,2024-2025,ITA
Manu Koné,86574238,frFRA,MF,Roma,23.0,2001.0,2024-2025,ITA
Teun Koopmeiners,a26fb8aa,nlNED,MF,Juventus,26.0,1998.0,2024-2025,ITA
Odilon Kossounou,1f3afdcb,ciCIV,DF,Atalanta,23.0,2001.0,2024-2025,ITA
Christian Kouamé,58e933d2,ciCIV,"MF,FW",Fiorentina,26.0,1997.0,2024-2025,ITA
Christian Kouamé,58e933d2,ciCIV,"FW,MF",Empoli,26.0,1997.0,2024-2025,ITA
Viktor Kovalenko,9d60028d,uaUKR,MF,Empoli,28.0,1996.0,2024-2025,ITA
Mateusz Kowalski,d2bb908c,plPOL,MF,Parma,19.0,2005.0,2024-2025,ITA
Thomas Kristensen,fadf9a05,dkDEN,DF,Udinese,22.0,2002.0,2024-2025,ITA
Nikola Krstović,473803c9,meMNE,FW,Lecce,24.0,2000.0,2024-2025,ITA
Khvicha Kvaratskhelia,dea88efd,geGEO,"FW,MF",Napoli,23.0,2001.0,2024-2025,ITA
Giorgos Kyriakopoulos,0a483542,grGRE,MF,Monza,28.0,1996.0,2024-2025,ITA
Mathis Lambourde,0da3d7ab,frFRA,FW,Hellas Verona,18.0,2006.0,2024-2025,ITA
Gianluca Lapadula,2ead2809,pePER,FW,Cagliari,34.0,1990.0,2024-2025,ITA
Valentino Lazaro,016ff750,atAUT,MF,Torino,28.0,1996.0,2024-2025,ITA
Darko Lazović,5128bde4,rsSRB,MF,Hellas Verona,33.0,1990.0,2024-2025,ITA
Manuel Lazzari,02caf6e0,itITA,DF,Lazio,30.0,1993.0,2024-2025,ITA
Enzo Le Fée,6f806d99,frFRA,MF,Roma,24.0,2000.0,2024-2025,ITA
Nicola Leali,5f9970a0,itITA,GK,Genoa,31.0,1993.0,2024-2025,ITA
Rafael Leão,20730eae,ptPOR,"MF,FW",Milan,25.0,1999.0,2024-2025,ITA
Stefan Lekovic,d633fd46,rsSRB,DF,Monza,20.0,2004.0,2024-2025,ITA
Nunzio Lella,c149e8a6,itITA,MF,Venezia,24.0,2000.0,2024-2025,ITA
Giovanni Leoni,570888ce,itITA,DF,Parma,17.0,2006.0,2024-2025,ITA
Ben Lhassine Kone,7452c7a8,ciCIV,MF,Como,24.0,2000.0,2024-2025,ITA
Mattia Liberali,775f4a87,itITA,MF,Milan,17.0,2007.0,2024-2025,ITA
Karol Linetty,d023d70f,plPOL,MF,Torino,29.0,1995.0,2024-2025,ITA
Dailon Livramento,c115db1e,cvCPV,"MF,FW",Hellas Verona,23.0,2001.0,2024-2025,ITA
Stanislav Lobotka,e1cbb531,skSVK,MF,Napoli,29.0,1994.0,2024-2025,ITA
Manuel Locatelli,a8a874f1,itITA,MF,Juventus,26.0,1998.0,2024-2025,ITA
Ruben Loftus-Cheek,e97fd090,engENG,MF,Milan,28.0,1996.0,2024-2025,ITA
Ademola Lookman,7c104bb7,ngNGA,"MF,FW",Atalanta,26.0,1997.0,2024-2025,ITA
Sandi Lovrić,966eea58,siSVN,MF,Udinese,26.0,1998.0,2024-2025,ITA
Lorenzo Lucca,83c06f3a,itITA,FW,Udinese,23.0,2000.0,2024-2025,ITA
Jhon Lucumí,80490d7f,coCOL,DF,Bologna,26.0,1998.0,2024-2025,ITA
José Luis Palomino,921f6058,arARG,DF,Cagliari,34.0,1990.0,2024-2025,ITA
Douglas Luiz,6f7d826d,brBRA,MF,Juventus,26.0,1998.0,2024-2025,ITA
Romelu Lukaku,5eae500a,beBEL,FW,Napoli,31.0,1993.0,2024-2025,ITA
Sebastiano Luperto,997fff07,itITA,DF,Cagliari,27.0,1996.0,2024-2025,ITA
Zito Luvumbo,b09e0873,aoANG,"FW,MF",Cagliari,22.0,2002.0,2024-2025,ITA
Charalampos Lykogiannis,5efc5389,grGRE,DF,Bologna,30.0,1993.0,2024-2025,ITA
Mathias Løvik,f17aa65c,noNOR,MF,Parma,20.0,2003.0,2024-2025,ITA
Giangiacomo Magnani,cce9f582,itITA,DF,Hellas Verona,28.0,1995.0,2024-2025,ITA
Mike Maignan,fcb38f57,frFRA,GK,Milan,29.0,1995.0,2024-2025,ITA
Antoine Makoumbou,f37f3522,cgCGO,MF,Cagliari,26.0,1998.0,2024-2025,ITA
Daniel Maldini,801831fe,itITA,"MF,FW",Monza,22.0,2001.0,2024-2025,ITA
Daniel Maldini,801831fe,itITA,MF,Atalanta,22.0,2001.0,2024-2025,ITA
Youssef Maleh,4c8845f7,maMAR,MF,Empoli,25.0,1998.0,2024-2025,ITA
Ruslan Malinovskyi,48d5bd33,uaUKR,MF,Genoa,31.0,1993.0,2024-2025,ITA
Dennis Man,2079b3cc,roROU,"MF,FW",Parma,25.0,1998.0,2024-2025,ITA
Gianluca Mancini,5aa53281,itITA,DF,Roma,28.0,1996.0,2024-2025,ITA
Christos Mandas,f794e9ab,grGRE,GK,Lazio,22.0,2001.0,2024-2025,ITA
Rolando Mandragora,c7259b83,itITA,MF,Fiorentina,27.0,1997.0,2024-2025,ITA
Alberto Manzoni,08cda374,itITA,MF,Atalanta,19.0,2005.0,2024-2025,ITA
Alessandro Marcandalli,d3225ad1,itITA,DF,Genoa,21.0,2002.0,2024-2025,ITA
Alessandro Marcandalli,d3225ad1,itITA,DF,Venezia,21.0,2002.0,2024-2025,ITA
Filip Marchwiński,55a88fd9,plPOL,MF,Lecce,22.0,2002.0,2024-2025,ITA
Pablo Marí,aa54ec6f,esESP,DF,Monza,30.0,1993.0,2024-2025,ITA
Pablo Marí,aa54ec6f,esESP,DF,Fiorentina,30.0,1993.0,2024-2025,ITA
Luca Marianucci,64e6778a,itITA,DF,Empoli,20.0,2004.0,2024-2025,ITA
Mirko Marić,78338347,hrCRO,FW,Monza,29.0,1995.0,2024-2025,ITA
Mirko Marić,78338347,hrCRO,FW,Venezia,29.0,1995.0,2024-2025,ITA
Rafa Marín,3239a8ed,esESP,DF,Napoli,22.0,2002.0,2024-2025,ITA
Răzvan Marin,7fac99d4,roROU,MF,Cagliari,28.0,1996.0,2024-2025,ITA
Guillermo Maripán,d9764034,clCHI,DF,Torino,30.0,1994.0,2024-2025,ITA
Aarón Martín,2f3e911a,esESP,"DF,MF",Genoa,27.0,1997.0,2024-2025,ITA
Josep Martinez,11d8aff0,esESP,GK,Inter,26.0,1998.0,2024-2025,ITA
Lautaro Martínez,f7036e1c,arARG,FW,Inter,26.0,1997.0,2024-2025,ITA
Lucas Martínez Quarta,3ec3c1c9,arARG,DF,Fiorentina,28.0,1996.0,2024-2025,ITA
Kevin Martins,c1451401,itITA,MF,Monza,19.0,2005.0,2024-2025,ITA
Adam Marušić,d4535821,meMNE,DF,Lazio,31.0,1992.0,2024-2025,ITA
Adam Masina,de0f152c,maMAR,DF,Torino,30.0,1994.0,2024-2025,ITA
Patrizio Masini,151354b8,itITA,MF,Genoa,23.0,2001.0,2024-2025,ITA
Alan Matturro,547c0119,uyURU,DF,Genoa,19.0,2004.0,2024-2025,ITA
Andrea Mazza,f93a544c,itITA,GK,Monza,20.0,2004.0,2024-2025,ITA
Luca Mazzitelli,dc61b402,itITA,MF,Como,28.0,1995.0,2024-2025,ITA
Pasquale Mazzocchi,eb0ec070,itITA,"MF,DF",Napoli,29.0,1995.0,2024-2025,ITA
Samuel Mbangula,3e25e70c,beBEL,MF,Juventus,20.0,2004.0,2024-2025,ITA
Weston McKennie,01c3aff5,usUSA,"MF,DF",Juventus,25.0,1998.0,2024-2025,ITA
Scott McTominay,d93c2511,sctSCO,MF,Napoli,27.0,1996.0,2024-2025,ITA
Filippo Melegoni,6604165d,itITA,MF,Genoa,25.0,1999.0,2024-2025,ITA
Alex Meret,9413b19f,itITA,GK,Napoli,27.0,1997.0,2024-2025,ITA
Junior Messias,f49c4ae9,brBRA,"MF,FW",Genoa,33.0,1991.0,2024-2025,ITA
Valentin Mihaila,81a4c239,roROU,"MF,FW",Parma,24.0,2000.0,2024-2025,ITA
Vanja Milinković-Savić,9fa26bc2,rsSRB,GK,Torino,27.0,1997.0,2024-2025,ITA
Yerry Mina,6d5701f2,coCOL,DF,Cagliari,29.0,1994.0,2024-2025,ITA
Juan Miranda,ead61f73,esESP,DF,Bologna,24.0,2000.0,2024-2025,ITA
Fabio Miretti,34693494,itITA,MF,Genoa,20.0,2003.0,2024-2025,ITA
Henrikh Mkhitaryan,dd0daf32,amARM,MF,Inter,35.0,1989.0,2024-2025,ITA
Rui Modesto,4f9c2d8c,aoANG,MF,Udinese,24.0,1999.0,2024-2025,ITA
Lorenzo Montipò,c1d95617,itITA,GK,Hellas Verona,28.0,1996.0,2024-2025,ITA
Álvaro Morata,129af0db,esESP,"FW,MF",Milan,31.0,1992.0,2024-2025,ITA
Alberto Moreno,11b9265b,esESP,DF,Como,32.0,1992.0,2024-2025,ITA
Matias Moreno,4637e608,arARG,DF,Fiorentina,20.0,2003.0,2024-2025,ITA
Tete Morente,004d185e,esESP,"MF,FW",Lecce,27.0,1996.0,2024-2025,ITA
Nikola Moro,ff579c7e,hrCRO,MF,Bologna,26.0,1998.0,2024-2025,ITA
Daniel Mosquera,091b9eb8,coCOL,FW,Hellas Verona,24.0,1999.0,2024-2025,ITA
Dany Mota,efc9e31f,ptPOR,"MF,FW",Monza,26.0,1998.0,2024-2025,ITA
Bob Murphy Omoregbe,b04364ed,itITA,FW,Milan,20.0,2003.0,2024-2025,ITA
Yunus Musah,b51b1b9c,usUSA,"MF,FW",Milan,21.0,2002.0,2024-2025,ITA
Juan Musso,a111cf41,arARG,GK,Atalanta,30.0,1994.0,2024-2025,ITA
Kingstone Mutandwa,cbe32194,zmZAM,FW,Cagliari,21.0,2003.0,2024-2025,ITA
Obite N'Dicka,441197b8,ciCIV,DF,Roma,24.0,1999.0,2024-2025,ITA
Konan N'dri,17329380,ciCIV,MF,Lecce,23.0,2000.0,2024-2025,ITA
Michel Ndary Adopo,599d91d0,frFRA,MF,Cagliari,24.0,2000.0,2024-2025,ITA
Cher Ndour,3b88609d,itITA,MF,Fiorentina,20.0,2004.0,2024-2025,ITA
Dan Ndoye,8e697a8f,chSUI,"MF,FW",Bologna,23.0,2000.0,2024-2025,ITA
Victor Nelsson,e53b5534,dkDEN,DF,Roma,25.0,1998.0,2024-2025,ITA
David Neres,4f1e6a0b,brBRA,FW,Napoli,27.0,1997.0,2024-2025,ITA
Cyril Ngonge,2b8360f1,beBEL,FW,Napoli,24.0,2000.0,2024-2025,ITA
Cheikh Niasse,ff20acfe,snSEN,MF,Hellas Verona,24.0,2000.0,2024-2025,ITA
Hans Nicolussi Caviglia,b136c945,itITA,MF,Venezia,24.0,2000.0,2024-2025,ITA
Oliver Nielsen,e97adead,dkDEN,DF,Lazio,21.0,2003.0,2024-2025,ITA
Alieu Njie,15918c9c,seSWE,FW,Torino,19.0,2005.0,2024-2025,ITA
Brooke Norton-Cuffy,54f5b2bd,engENG,"MF,DF",Genoa,20.0,2004.0,2024-2025,ITA
Tijjani Noslin,2f067cf2,nlNED,"MF,FW",Lazio,25.0,1999.0,2024-2025,ITA
Adam Obert,aa25ce92,skSVK,"DF,MF",Cagliari,21.0,2002.0,2024-2025,ITA
Jens Odgaard,75374ee7,dkDEN,MF,Bologna,25.0,1999.0,2024-2025,ITA
Noah Okafor,ca607d59,chSUI,"FW,MF",Milan,24.0,2000.0,2024-2025,ITA
Noah Okafor,ca607d59,chSUI,"FW,MF",Napoli,24.0,2000.0,2024-2025,ITA
Yllan Okou,fa753b79,frFRA,DF,Hellas Verona,21.0,2002.0,2024-2025,ITA
Maduka Okoye,ab5c36dd,ngNGA,GK,Udinese,24.0,1999.0,2024-2025,ITA
Mathías Olivera,41c12f75,uyURU,DF,Napoli,26.0,1997.0,2024-2025,ITA
Jean Onana,b5bb8188,cmCMR,MF,Genoa,24.0,2000.0,2024-2025,ITA
Jacob Ondrejka,752e09ed,seSWE,MF,Parma,21.0,2002.0,2024-2025,ITA
Gaetano Oristanio,5cfc74fc,itITA,"FW,MF",Venezia,21.0,2002.0,2024-2025,ITA
Riccardo Orsolini,e14ec482,itITA,"MF,FW",Bologna,27.0,1997.0,2024-2025,ITA
Yordan Osorio,4d17df3e,veVEN,DF,Parma,30.0,1994.0,2024-2025,ITA
Sebastian Otoa,a214da59,dkDEN,DF,Genoa,20.0,2004.0,2024-2025,ITA
Remi Oudin,ea02beaf,frFRA,MF,Lecce,27.0,1996.0,2024-2025,ITA
Cheick Oumar Conde,2f88752d,gnGUI,MF,Venezia,24.0,2000.0,2024-2025,ITA
Daniel Oyegoke,c9866d69,engENG,DF,Hellas Verona,21.0,2003.0,2024-2025,ITA
Daniele Padelli,cf1c23d8,itITA,GK,Udinese,38.0,1985.0,2024-2025,ITA
Simone Pafundi,8daee720,itITA,FW,Udinese,18.0,2006.0,2024-2025,ITA
Tomás Palacios,404101f9,arARG,DF,Monza,21.0,2003.0,2024-2025,ITA
Tomás Palacios,404101f9,arARG,DF,Inter,21.0,2003.0,2024-2025,ITA
Alberto Paleari,94a3606c,itITA,GK,Torino,31.0,1992.0,2024-2025,ITA
Marco Palestra,1f1828dd,itITA,MF,Atalanta,19.0,2005.0,2024-2025,ITA
Matteo Palma,cb2e6751,deGER,DF,Udinese,16.0,2008.0,2024-2025,ITA
Leandro Paredes,dff153a4,arARG,MF,Roma,30.0,1994.0,2024-2025,ITA
Fabiano Parisi,0967845b,itITA,"MF,DF",Fiorentina,23.0,2000.0,2024-2025,ITA
Mario Pašalić,e599253a,hrCRO,MF,Atalanta,29.0,1995.0,2024-2025,ITA
Patric,f7223718,esESP,DF,Lazio,31.0,1993.0,2024-2025,ITA
Rui Patrício,79b0d6a0,ptPOR,GK,Atalanta,36.0,1988.0,2024-2025,ITA
Benjamin Pavard,45a03961,frFRA,DF,Inter,28.0,1996.0,2024-2025,ITA
Strahinja Pavlović,25146df0,rsSRB,DF,Milan,23.0,2001.0,2024-2025,ITA
Leonardo Pavoletti,d37b0350,itITA,FW,Cagliari,35.0,1988.0,2024-2025,ITA
Martín Payero,bdbff2b5,arARG,MF,Udinese,25.0,1998.0,2024-2025,ITA
Nicolás Paz,01bb93d5,arARG,"MF,FW",Como,19.0,2004.0,2024-2025,ITA
Marcus Pedersen,596cc50e,noNOR,"MF,DF",Torino,24.0,2000.0,2024-2025,ITA
Pedro,3ca7254a,esESP,"MF,FW",Lazio,37.0,1987.0,2024-2025,ITA
Pietro Pellegri,a44d3a3c,itITA,FW,Empoli,23.0,2001.0,2024-2025,ITA
Lorenzo Pellegrini,4a5a45c7,itITA,MF,Roma,28.0,1996.0,2024-2025,ITA
Luca Pellegrini,3b61c9ec,itITA,DF,Lazio,25.0,1999.0,2024-2025,ITA
Mateo Pellegrino,8c9e96c5,arARG,FW,Parma,23.0,2001.0,2024-2025,ITA
Andy Pelmard,f18d7ab2,mgMAD,DF,Lecce,24.0,2000.0,2024-2025,ITA
Sergiu Perciun,21929f91,mdMDA,MF,Torino,18.0,2006.0,2024-2025,ITA
Pedro Pereira,c77be0cf,ptPOR,"MF,DF",Monza,26.0,1998.0,2024-2025,ITA
Gastón Pereiro,7ec7738e,uyURU,"FW,MF",Genoa,29.0,1995.0,2024-2025,ITA
Kike Pérez,237a3851,esESP,MF,Venezia,27.0,1997.0,2024-2025,ITA
Nehuén Pérez,f7c491f1,arARG,DF,Udinese,24.0,2000.0,2024-2025,ITA
Simone Perilli,b9e11c1d,itITA,GK,Hellas Verona,29.0,1995.0,2024-2025,ITA
Mattia Perin,4c62d0c8,itITA,GK,Juventus,31.0,1992.0,2024-2025,ITA
Máximo Perrone,53552942,arARG,MF,Como,21.0,2003.0,2024-2025,ITA
Matteo Pessina,780e3631,itITA,MF,Monza,27.0,1997.0,2024-2025,ITA
Andrea Petagna,03f946ed,itITA,FW,Monza,29.0,1995.0,2024-2025,ITA
Giuseppe Pezzella,149c5f5d,itITA,MF,Empoli,26.0,1997.0,2024-2025,ITA
Roberto Piccoli,1cadaf34,itITA,FW,Cagliari,23.0,2001.0,2024-2025,ITA
Nicholas Pierini,7cc89a5f,itITA,FW,Venezia,25.0,1998.0,2024-2025,ITA
Santiago Pierotti,ec315772,arARG,"MF,FW",Lecce,23.0,2001.0,2024-2025,ITA
Balthazar Pierret,c269463b,frFRA,MF,Lecce,24.0,2000.0,2024-2025,ITA
Andrea Pinamonti,08aa9cd1,itITA,FW,Genoa,25.0,1999.0,2024-2025,ITA
Nicola Pintus,8d1a4c36,itITA,DF,Cagliari,19.0,2005.0,2024-2025,ITA
Niccolò Pisilli,c84dcc88,itITA,MF,Roma,19.0,2004.0,2024-2025,ITA
Damián Pizarro,464e03ef,clCHI,FW,Udinese,19.0,2005.0,2024-2025,ITA
Semuel Pizzignacco,4f537cf7,itITA,GK,Monza,22.0,2001.0,2024-2025,ITA
Tommaso Pobega,55a1cac2,itITA,MF,Bologna,25.0,1999.0,2024-2025,ITA
Joel Pohjanpalo,ea003d07,fiFIN,FW,Venezia,29.0,1994.0,2024-2025,ITA
Matteo Politano,5e861944,itITA,"FW,MF",Napoli,30.0,1993.0,2024-2025,ITA
Marin Pongračić,2a6cd437,hrCRO,DF,Fiorentina,26.0,1997.0,2024-2025,ITA
Stefan Posch,7f609bfc,atAUT,DF,Bologna,27.0,1997.0,2024-2025,ITA
Stefan Posch,7f609bfc,atAUT,DF,Atalanta,27.0,1997.0,2024-2025,ITA
Matteo Prati,d8363914,itITA,MF,Cagliari,20.0,2003.0,2024-2025,ITA
Ivan Provedel,277da414,itITA,GK,Lazio,30.0,1994.0,2024-2025,ITA
Diego Pugno,e4b616dc,itITA,DF,Juventus,18.0,2006.0,2024-2025,ITA
Christian Pulisic,1bf33a9a,usUSA,"MF,FW",Milan,25.0,1998.0,2024-2025,ITA
Ionuț Radu,67f649be,roROU,GK,Venezia,27.0,1997.0,2024-2025,ITA
Hamza Rafia,6b587d3d,tnTUN,MF,Lecce,25.0,1999.0,2024-2025,ITA
Antonio Raimondo,ce1a6c7e,itITA,FW,Venezia,20.0,2004.0,2024-2025,ITA
Ylber Ramadani,ef3c876b,alALB,MF,Lecce,28.0,1996.0,2024-2025,ITA
Luca Ranieri,8c63fae5,itITA,DF,Fiorentina,25.0,1999.0,2024-2025,ITA
Giacomo Raspadori,6e058f06,itITA,"FW,MF",Napoli,24.0,2000.0,2024-2025,ITA
Federico Ravaglia,6662d731,itITA,GK,Bologna,24.0,1999.0,2024-2025,ITA
Ante Rebić,536cebe5,hrCRO,"FW,MF",Lecce,30.0,1993.0,2024-2025,ITA
Tijjani Reijnders,afb61630,nlNED,MF,Milan,26.0,1998.0,2024-2025,ITA
Pepe Reina,e358587b,esESP,GK,Como,41.0,1982.0,2024-2025,ITA
Devyne Rensch,c5cbbcff,nlNED,"MF,DF",Roma,21.0,2003.0,2024-2025,ITA
Mateo Retegui,e7695e6c,itITA,FW,Atalanta,25.0,1999.0,2024-2025,ITA
Samuele Ricci,9823be92,itITA,MF,Torino,22.0,2001.0,2024-2025,ITA
Amir Richardson,2b7cdb79,maMAR,MF,Fiorentina,22.0,2002.0,2024-2025,ITA
Sergi Roberto,335fa267,esESP,MF,Como,32.0,1992.0,2024-2025,ITA
Alessio Romagnoli,3ead85f9,itITA,DF,Lazio,29.0,1995.0,2024-2025,ITA
Marten de Roon,2a1beb34,nlNED,"MF,DF",Atalanta,33.0,1991.0,2024-2025,ITA
Jonas Rouhi,31908a0a,seSWE,DF,Juventus,20.0,2004.0,2024-2025,ITA
Nicolò Rovella,e58cbfd5,itITA,MF,Lazio,22.0,2001.0,2024-2025,ITA
Amir Rrahmani,4b3e1a38,xkKVX,DF,Napoli,30.0,1994.0,2024-2025,ITA
Tommaso Rubino,cf5bf6c7,itITA,FW,Fiorentina,17.0,2006.0,2024-2025,ITA
Matteo Ruggeri,ae9898c5,itITA,"MF,DF",Atalanta,22.0,2002.0,2024-2025,ITA
Stefano Sabelli,0ccac09c,itITA,"DF,MF",Genoa,31.0,1993.0,2024-2025,ITA
Alexis Saelemaekers,ee251371,beBEL,"MF,FW",Roma,25.0,1999.0,2024-2025,ITA
Alexis Saelemaekers,ee251371,beBEL,DF,Milan,25.0,1999.0,2024-2025,ITA
Richie Sagrado,3e3190f1,beBEL,"MF,DF",Venezia,20.0,2004.0,2024-2025,ITA
Marco Sala,0c57be8b,itITA,DF,Como,25.0,1999.0,2024-2025,ITA
Marco Sala,0c57be8b,itITA,"DF,MF",Lecce,25.0,1999.0,2024-2025,ITA
Anass Salah-Eddine,0d274394,maMAR,MF,Roma,22.0,2002.0,2024-2025,ITA
Lazar Samardzic,217c93a1,rsSRB,MF,Atalanta,22.0,2002.0,2024-2025,ITA
Junior Sambia,24eb7ed6,frFRA,MF,Empoli,27.0,1996.0,2024-2025,ITA
Antonio Sanabria,0a447501,pyPAR,FW,Torino,28.0,1996.0,2024-2025,ITA
Alexis Sánchez,2c0f8e9e,clCHI,FW,Udinese,35.0,1988.0,2024-2025,ITA
Nicola Sansone,7eb97a8e,itITA,"FW,MF",Lecce,32.0,1991.0,2024-2025,ITA
Amin Sarr,d5326924,seSWE,FW,Hellas Verona,23.0,2001.0,2024-2025,ITA
Razvan Sava,41efbd34,roROU,GK,Udinese,22.0,2002.0,2024-2025,ITA
Nicolò Savona,e041497d,itITA,DF,Juventus,21.0,2003.0,2024-2025,ITA
Saba Sazonov,645dffbf,geGEO,DF,Torino,22.0,2002.0,2024-2025,ITA
Giorgio Scalvini,1e9aa637,itITA,DF,Atalanta,20.0,2003.0,2024-2025,ITA
Gianluca Scamacca,8790f988,itITA,FW,Atalanta,25.0,1999.0,2024-2025,ITA
Joël Schingtienne,35a4790e,beBEL,DF,Venezia,21.0,2002.0,2024-2025,ITA
Simone Scuffet,41bd99ea,itITA,GK,Cagliari,28.0,1996.0,2024-2025,ITA
Simone Scuffet,41bd99ea,itITA,GK,Napoli,28.0,1996.0,2024-2025,ITA
Jacopo Seghetti,70a10677,itITA,GK,Empoli,19.0,2005.0,2024-2025,ITA
Stefano Sensi,b70bde8f,itITA,MF,Monza,28.0,1995.0,2024-2025,ITA
Suat Serdar,b3325a30,deGER,MF,Hellas Verona,27.0,1997.0,2024-2025,ITA
Stephan El Shaarawy,d3aaad90,itITA,"MF,FW",Roma,31.0,1992.0,2024-2025,ITA
Alen Sherri,eebf35b6,alALB,GK,Cagliari,26.0,1997.0,2024-2025,ITA
Eldor Shomurodov,57469b2d,uzUZB,FW,Roma,29.0,1995.0,2024-2025,ITA
Benjamin Siegrist,46912ffe,chSUI,GK,Genoa,32.0,1992.0,2024-2025,ITA
Marco Silvestri,0d422df7,itITA,GK,Empoli,33.0,1991.0,2024-2025,ITA
Giovanni Simeone,343c0d52,arARG,FW,Napoli,29.0,1995.0,2024-2025,ITA
Łukasz Skorupski,ab4449d6,plPOL,GK,Bologna,33.0,1991.0,2024-2025,ITA
Ivan Smolčić,08e57960,hrCRO,DF,Como,23.0,2000.0,2024-2025,ITA
Simon Sohm,a5f458d9,chSUI,MF,Parma,23.0,2001.0,2024-2025,ITA
Ola Solbakken,78f13530,noNOR,"MF,FW",Empoli,25.0,1998.0,2024-2025,ITA
Oumar Solet,0670ee51,frFRA,DF,Udinese,24.0,2000.0,2024-2025,ITA
Daniele Sommariva,a8e7f7e9,itITA,GK,Genoa,27.0,1997.0,2024-2025,ITA
Yann Sommer,420c18a1,chSUI,GK,Inter,35.0,1988.0,2024-2025,ITA
Borna Sosa,af0d79a9,hrCRO,"MF,DF",Torino,26.0,1998.0,2024-2025,ITA
Riccardo Sottil,94816803,itITA,MF,Fiorentina,25.0,1999.0,2024-2025,ITA
Riccardo Sottil,94816803,itITA,MF,Milan,25.0,1999.0,2024-2025,ITA
Matìas Soulé,c13ddd3e,arARG,MF,Roma,21.0,2003.0,2024-2025,ITA
Leonardo Spinazzola,3626daea,itITA,"DF,MF",Napoli,31.0,1993.0,2024-2025,ITA
Marco Sportiello,ac4003af,itITA,GK,Milan,32.0,1992.0,2024-2025,ITA
Filip Stankovic,d34d8ed2,rsSRB,GK,Venezia,22.0,2002.0,2024-2025,ITA
Petar Stojanović,13b44b02,siSVN,"DF,MF",Empoli,28.0,1995.0,2024-2025,ITA
Gabriel Strefezza,ac4a4508,brBRA,"MF,FW",Como,27.0,1997.0,2024-2025,ITA
Ibrahim Sulemana,230c3f3a,ghGHA,MF,Atalanta,21.0,2003.0,2024-2025,ITA
Tomáš Suslov,83fe71b8,skSVK,"MF,FW",Hellas Verona,22.0,2002.0,2024-2025,ITA
Zion Suzuki,51e1f4f5,jpJPN,GK,Parma,21.0,2002.0,2024-2025,ITA
Marin Šverko,06dba850,hrCRO,DF,Venezia,26.0,1998.0,2024-2025,ITA
Mile Svilar,bcf5058a,rsSRB,GK,Roma,24.0,1999.0,2024-2025,ITA
Michael Svoboda,8abd174d,atAUT,DF,Venezia,25.0,1998.0,2024-2025,ITA
Adrien Tameze,8da74c05,cmCMR,"MF,DF",Torino,30.0,1994.0,2024-2025,ITA
Mehdi Taremi,4c2a5d34,irIRN,FW,Inter,32.0,1992.0,2024-2025,ITA
Nuno Tavares,a65c844b,ptPOR,DF,Lazio,24.0,2000.0,2024-2025,ITA
Loum Tchaouna,a3c8b4d3,frFRA,"MF,FW",Lazio,20.0,2003.0,2024-2025,ITA
Jackson Tchatchoua,aeca7743,cmCMR,"MF,DF",Hellas Verona,22.0,2001.0,2024-2025,ITA
Casper Tengstedt,ff2fb007,dkDEN,FW,Hellas Verona,24.0,2000.0,2024-2025,ITA
Filippo Terracciano,5cbb5ad6,itITA,"DF,MF",Milan,21.0,2003.0,2024-2025,ITA
Pietro Terracciano,e1b0a70d,itITA,GK,Fiorentina,34.0,1990.0,2024-2025,ITA
Florian Thauvin,2b9fdeea,frFRA,"FW,MF",Udinese,31.0,1993.0,2024-2025,ITA
Malick Thiaw,ff5ea0bf,deGER,DF,Milan,22.0,2001.0,2024-2025,ITA
Morten Thorsby,d1b49282,noNOR,MF,Genoa,28.0,1996.0,2024-2025,ITA
Khéphren Thuram,7d9397f8,frFRA,MF,Juventus,23.0,2001.0,2024-2025,ITA
Marcus Thuram,6f8cd6d0,frFRA,FW,Inter,26.0,1997.0,2024-2025,ITA
Rafael Tolói,c56dc39e,itITA,DF,Atalanta,33.0,1990.0,2024-2025,ITA
Fikayo Tomori,7edfbb8a,engENG,DF,Milan,26.0,1997.0,2024-2025,ITA
Luka Topalović,9a33c016,siSVN,MF,Inter,18.0,2006.0,2024-2025,ITA
Lorenzo Tosto,a8c67cdb,itITA,DF,Empoli,18.0,2006.0,2024-2025,ITA
Souleymane Touré,01fd01e8,frFRA,DF,Udinese,21.0,2003.0,2024-2025,ITA
Stefano Turati,bf168004,itITA,GK,Monza,22.0,2001.0,2024-2025,ITA
Kacper Urbanski,2d9d9e42,plPOL,MF,Bologna,19.0,2004.0,2024-2025,ITA
Kacper Urbanski,2d9d9e42,plPOL,MF,Monza,19.0,2004.0,2024-2025,ITA
Lautaro Valenti,55db5c36,arARG,DF,Parma,25.0,1999.0,2024-2025,ITA
Nicolás Valentini,a43e4f9c,arARG,DF,Hellas Verona,23.0,2001.0,2024-2025,ITA
Emanuele Valeri,ec52b661,itITA,"DF,MF",Parma,25.0,1998.0,2024-2025,ITA
Álex Valle,97022551,esESP,DF,Como,20.0,2004.0,2024-2025,ITA
Mattia Valoti,c414df9d,itITA,"FW,MF",Monza,30.0,1993.0,2024-2025,ITA
Ignace Van Der Brempt,2bf50b37,beBEL,DF,Como,22.0,2002.0,2024-2025,ITA
Devis Vásquez,fac1f795,coCOL,GK,Empoli,26.0,1998.0,2024-2025,ITA
Johan Vásquez,5eaed77a,mxMEX,DF,Genoa,25.0,1998.0,2024-2025,ITA
Matías Vecino,44ac04e9,uyURU,MF,Lazio,32.0,1991.0,2024-2025,ITA
Danilo Veiga,cc094532,ptPOR,"MF,DF",Lecce,21.0,2002.0,2024-2025,ITA
Renato Veiga,fc8fcbd1,ptPOR,DF,Juventus,21.0,2003.0,2024-2025,ITA
Lorenzo Venturino,a5049464,itITA,MF,Genoa,18.0,2006.0,2024-2025,ITA
Simone Verdi,0375723e,itITA,"FW,MF",Como,32.0,1992.0,2024-2025,ITA
Samuele Vignato,a14d0ab0,itITA,MF,Monza,20.0,2004.0,2024-2025,ITA
Nicolas Viola,45392b06,itITA,"MF,FW",Cagliari,34.0,1989.0,2024-2025,ITA
Mattia Viti,75438a9a,itITA,DF,Empoli,22.0,2002.0,2024-2025,ITA
Vitinha,74d4cec6,ptPOR,"FW,MF",Genoa,24.0,2000.0,2024-2025,ITA
Dušan Vlahović,79443529,rsSRB,FW,Juventus,24.0,2000.0,2024-2025,ITA
Vanja Vlahović,2af3f55c,rsSRB,MF,Atalanta,20.0,2004.0,2024-2025,ITA
Nikola Vlašić,aa8e289e,hrCRO,"MF,FW",Torino,26.0,1997.0,2024-2025,ITA
Alessandro Vogliacco,6841f107,itITA,DF,Genoa,25.0,1998.0,2024-2025,ITA
Alessandro Vogliacco,6841f107,itITA,DF,Parma,25.0,1998.0,2024-2025,ITA
Mërgim Vojvoda,be2706c0,xkKVX,"DF,MF",Torino,29.0,1995.0,2024-2025,ITA
Mërgim Vojvoda,be2706c0,xkKVX,DF,Como,29.0,1995.0,2024-2025,ITA
Stefan de Vrij,d0d8dd44,nlNED,DF,Inter,32.0,1992.0,2024-2025,ITA
Kyle Walker,86dd77d1,engENG,DF,Milan,34.0,1990.0,2024-2025,ITA
Sebastian Walukiewicz,217875a4,plPOL,DF,Torino,24.0,2000.0,2024-2025,ITA
Sebastian Walukiewicz,217875a4,plPOL,DF,Empoli,24.0,2000.0,2024-2025,ITA
Timothy Weah,8eec784d,usUSA,"MF,DF",Juventus,24.0,2000.0,2024-2025,ITA
Mateusz Wieteska,3ecc8c5f,plPOL,DF,Cagliari,27.0,1997.0,2024-2025,ITA
John Yeboah,8dfdc6c3,ecECU,"FW,MF",Venezia,24.0,2000.0,2024-2025,ITA
Kenan Yıldız,d8cda243,trTUR,MF,Juventus,19.0,2005.0,2024-2025,ITA
Mattia Zaccagni,d85c238b,itITA,"MF,FW",Lazio,29.0,1995.0,2024-2025,ITA
Nicola Zalewski,45191c29,plPOL,MF,Roma,22.0,2002.0,2024-2025,ITA
Nicola Zalewski,45191c29,plPOL,MF,Inter,22.0,2002.0,2024-2025,ITA
Andre-Frank Zambo Anguissa,6bb2c084,cmCMR,MF,Napoli,28.0,1995.0,2024-2025,ITA
Francesco Zampano,8e45910b,itITA,MF,Venezia,30.0,1993.0,2024-2025,ITA
Nicolò Zaniolo,9907b1c8,itITA,"FW,MF",Fiorentina,25.0,1999.0,2024-2025,ITA
Nicolò Zaniolo,9907b1c8,itITA,"FW,MF",Atalanta,25.0,1999.0,2024-2025,ITA
Alessandro Zanoli,3b12b11f,itITA,MF,Genoa,23.0,2000.0,2024-2025,ITA
Duván Zapata,d3de9af0,coCOL,FW,Torino,33.0,1991.0,2024-2025,ITA
Gabriele Zappa,ca3db240,itITA,DF,Cagliari,24.0,1999.0,2024-2025,ITA
Davide Zappacosta,7fe90ccd,itITA,MF,Atalanta,32.0,1992.0,2024-2025,ITA
Oier Zarraga,968a1c2f,esESP,MF,Udinese,25.0,1999.0,2024-2025,ITA
Jordan Zemura,e8271ad9,zwZIM,"MF,DF",Udinese,24.0,1999.0,2024-2025,ITA
Alessio Zerbin,d19ef4ef,itITA,MF,Venezia,25.0,1999.0,2024-2025,ITA
Alessio Zerbin,d19ef4ef,itITA,"FW,MF",Napoli,25.0,1999.0,2024-2025,ITA
Kevin Zeroli,7d6d4395,itITA,MF,Monza,19.0,2005.0,2024-2025,ITA
Kevin Zeroli,7d6d4395,itITA,MF,Milan,19.0,2005.0,2024-2025,ITA
Piotr Zieliński,a5296e55,plPOL,MF,Inter,30.0,1994.0,2024-2025,ITA
Nadir Zortea,82598b71,itITA,MF,Cagliari,25.0,1999.0,2024-2025,ITA
Szymon Żurkowski,4e1d5e59,plPOL,MF,Empoli,26.0,1997.0,2024-2025,ITA
Milan Đurić,405f6586,baBIH,FW,Monza,34.0,1990.0,2024-2025,ITA
Milan Đurić,405f6586,baBIH,FW,Parma,34.0,1990.0,2024-2025,ITA
Junior Adamu,82e12fe7,atAUT,FW,Freiburg,23.0,2001.0,2024-2025,GER
Karim Adeyemi,501055d8,deGER,"MF,FW",Dortmund,22.0,2002.0,2024-2025,GER
Amine Adli,dcfb17f4,maMAR,"MF,FW",Leverkusen,24.0,2000.0,2024-2025,GER
Oladapo Afolayan,5054c359,engENG,"FW,MF",St Pauli,26.0,1998.0,2024-2025,GER
Felix Agu,cb6d81b3,ngNGA,MF,Werder Bremen,24.0,1999.0,2024-2025,GER
Erik Ahlstrand,f6b692c0,seSWE,MF,St Pauli,22.0,2001.0,2024-2025,GER
Kevin Akpoguma,6ec6fde0,ngNGA,DF,Hoffenheim,29.0,1995.0,2024-2025,GER
Andreas Albers,94471fb7,dkDEN,"FW,MF",St Pauli,34.0,1990.0,2024-2025,GER
Ben Alexander Voll,ee8ad906,deGER,GK,St Pauli,23.0,2000.0,2024-2025,GER
Skelly Alvero,add37c13,frFRA,MF,Werder Bremen,22.0,2002.0,2024-2025,GER
Aurele Amenda,1227a22d,chSUI,DF,Eintracht Frankfurt,21.0,2003.0,2024-2025,GER
Nadiem Amiri,555d5edd,deGER,MF,Mainz 05,27.0,1996.0,2024-2025,GER
Mohamed Amoura,6597f8b6,dzALG,"FW,MF",Wolfsburg,24.0,2000.0,2024-2025,GER
Robert Andrich,e0b113a7,deGER,"MF,DF",Leverkusen,29.0,1994.0,2024-2025,GER
Waldemar Anton,5e66fa06,deGER,DF,Dortmund,28.0,1996.0,2024-2025,GER
Maximilian Arnold,86e119e0,deGER,MF,Wolfsburg,30.0,1994.0,2024-2025,GER
Jann-Fiete Arp,c21fb312,deGER,FW,Holstein Kiel,24.0,2000.0,2024-2025,GER
Arthur,8a958856,brBRA,"MF,DF",Leverkusen,21.0,2003.0,2024-2025,GER
Noah Atubolu,dbd1b101,deGER,GK,Freiburg,22.0,2002.0,2024-2025,GER
Ayman Azhil,ce81d82d,maMAR,MF,Dortmund,23.0,2001.0,2024-2025,GER
Adam Aznou,e678d983,maMAR,DF,Bayern Munich,18.0,2006.0,2024-2025,GER
Aliou Badara Baldé,7362a6f2,gnGUI,FW,Bochum,21.0,2002.0,2024-2025,GER
Ridle Baku,442b56fa,deGER,MF,Wolfsburg,26.0,1998.0,2024-2025,GER
Ridle Baku,442b56fa,deGER,MF,RB Leipzig,26.0,1998.0,2024-2025,GER
Samuel Bamba,489d4867,deGER,FW,Bochum,20.0,2004.0,2024-2025,GER
Noahkai Banks,118e3ac3,usUSA,DF,Augsburg,17.0,2006.0,2024-2025,GER
Scott Banks,d01f8942,sctSCO,MF,St Pauli,22.0,2001.0,2024-2025,GER
Aymen Barkok,a2a85828,maMAR,MF,Mainz 05,26.0,1998.0,2024-2025,GER
Michy Batshuayi,2973d8ff,beBEL,FW,Eintracht Frankfurt,30.0,1993.0,2024-2025,GER
Maximilian Bauer,44a20f0c,deGER,DF,Augsburg,24.0,2000.0,2024-2025,GER
Oliver Baumann,47064058,deGER,GK,Hoffenheim,34.0,1990.0,2024-2025,GER
Christoph Baumgartner,437f2b00,atAUT,"MF,FW",RB Leipzig,24.0,1999.0,2024-2025,GER
Ihlas Bebou,a53b661f,tgTOG,"FW,MF",Hoffenheim,30.0,1994.0,2024-2025,GER
Adrian Beck,616c09f5,deGER,"MF,FW",Heidenheim,27.0,1997.0,2024-2025,GER
Timo Becker,543ddcaf,deGER,"DF,MF",Holstein Kiel,27.0,1997.0,2024-2025,GER
Hannes Behrens,ca788298,deGER,DF,Hoffenheim,19.0,2005.0,2024-2025,GER
Kevin Behrens,30ae134d,deGER,FW,Wolfsburg,33.0,1991.0,2024-2025,GER
Maximilian Beier,5db45ee5,deGER,"MF,FW",Dortmund,21.0,2002.0,2024-2025,GER
Stefan Bell,857a5abe,deGER,DF,Mainz 05,32.0,1991.0,2024-2025,GER
Jeanuël Belocian,c678ddd7,frFRA,DF,Leverkusen,19.0,2005.0,2024-2025,GER
László Bénes,fe888e39,skSVK,"MF,FW",Union Berlin,26.0,1997.0,2024-2025,GER
Ramy Bensebaini,378825c7,dzALG,DF,Dortmund,29.0,1995.0,2024-2025,GER
Mergim Berisha,eb6e14be,deGER,FW,Hoffenheim,26.0,1998.0,2024-2025,GER
Mergim Berisha,eb6e14be,deGER,FW,Augsburg,26.0,1998.0,2024-2025,GER
Bernardo,17370b95,brBRA,DF,Bochum,29.0,1995.0,2024-2025,GER
Alexander Bernhardsson,dea1d183,seSWE,"FW,MF",Holstein Kiel,25.0,1998.0,2024-2025,GER
Matúš Bero,b5e0af76,skSVK,MF,Bochum,28.0,1995.0,2024-2025,GER
Jan-Niklas Beste,57382429,deGER,"DF,MF",Freiburg,25.0,1999.0,2024-2025,GER
El Bilal Touré,47c609d5,mlMLI,FW,Stuttgart,22.0,2001.0,2024-2025,GER
Tom Bischof,07d3bfec,deGER,MF,Hoffenheim,19.0,2005.0,2024-2025,GER
Leonardo Bittencourt,dc62fbee,deGER,MF,Werder Bremen,30.0,1993.0,2024-2025,GER
Myron Boadu,5b479568,nlNED,FW,Bochum,23.0,2001.0,2024-2025,GER
Sacha Boey,6c8ddd52,frFRA,DF,Bayern Munich,23.0,2000.0,2024-2025,GER
Victor Boniface,b146275b,ngNGA,FW,Leverkusen,23.0,2000.0,2024-2025,GER
Sebastiaan Bornauw,01834aa0,beBEL,DF,Wolfsburg,25.0,1999.0,2024-2025,GER
Carlo Boukhalfa,1a86f4a9,maMAR,MF,St Pauli,25.0,1999.0,2024-2025,GER
Julian Brandt,a167537f,deGER,MF,Dortmund,28.0,1996.0,2024-2025,GER
Tim Breithaupt,ed98c321,deGER,MF,Augsburg,22.0,2002.0,2024-2025,GER
Maximilian Breunig,1e37c986,deGER,FW,Heidenheim,23.0,2000.0,2024-2025,GER
Moritz Broschinski,bbd79358,deGER,"FW,MF",Bochum,23.0,2000.0,2024-2025,GER
Nathaniel Brown,abc79c47,deGER,"MF,DF",Eintracht Frankfurt,21.0,2003.0,2024-2025,GER
Jacob Bruun Larsen,4e204552,dkDEN,"MF,FW",Hoffenheim,25.0,1998.0,2024-2025,GER
Jacob Bruun Larsen,4e204552,dkDEN,MF,Stuttgart,25.0,1998.0,2024-2025,GER
Emi Buendía,66b76d44,arARG,MF,Leverkusen,27.0,1996.0,2024-2025,GER
Marius Bülter,ab5b7dc1,deGER,"MF,FW",Hoffenheim,31.0,1993.0,2024-2025,GER
Jonathan Burkardt,05f99a4a,deGER,FW,Mainz 05,24.0,2000.0,2024-2025,GER
Oliver Burke,f631c17f,sctSCO,FW,Werder Bremen,27.0,1997.0,2024-2025,GER
Marnon Busch,c38767ab,deGER,"DF,MF",Heidenheim,29.0,1994.0,2024-2025,GER
Anthony Caci,0118c54c,frFRA,MF,Mainz 05,27.0,1997.0,2024-2025,GER
Cole Campbell,fbb270b2,usUSA,FW,Dortmund,18.0,2006.0,2024-2025,GER
Emre Can,a65ce836,deGER,"DF,MF",Dortmund,30.0,1994.0,2024-2025,GER
Tiago Cardoso,79268b9c,luLUX,GK,Gladbach,18.0,2006.0,2024-2025,GER
Abdoulie Ceesay,72ae8652,gmGAM,FW,St Pauli,20.0,2004.0,2024-2025,GER
Julian Chabot,ae7058f9,deGER,DF,Stuttgart,26.0,1998.0,2024-2025,GER
El Chadaille Bitshiabu,2180c761,frFRA,DF,RB Leipzig,19.0,2005.0,2024-2025,GER
Fares Chaïbi,357103bd,dzALG,MF,Eintracht Frankfurt,21.0,2002.0,2024-2025,GER
Timothy Chandler,b3b7f5a6,usUSA,"DF,MF",Eintracht Frankfurt,34.0,1990.0,2024-2025,GER
Anrie Chase,ee2cf168,jpJPN,DF,Stuttgart,20.0,2004.0,2024-2025,GER
Arthur Chaves,913e4711,brBRA,DF,Hoffenheim,23.0,2001.0,2024-2025,GER
Fabio Chiarodia,48780156,itITA,DF,Gladbach,19.0,2005.0,2024-2025,GER
Carney Chukwuemeka,b2f9c73e,engENG,MF,Dortmund,20.0,2003.0,2024-2025,GER
Alexis Claude-Maurice,741418c3,frFRA,"MF,FW",Augsburg,26.0,1998.0,2024-2025,GER
Nnamdi Collins,8eb5c94c,deGER,"DF,MF",Eintracht Frankfurt,20.0,2004.0,2024-2025,GER
Kingsley Coman,042e8a49,frFRA,MF,Bayern Munich,28.0,1996.0,2024-2025,GER
Sirlord Conteh,34e09d5f,deGER,"MF,FW",Heidenheim,28.0,1996.0,2024-2025,GER
Danny da Costa,5ddb8f9f,deGER,DF,Mainz 05,31.0,1993.0,2024-2025,GER
Yan Couto,1944818c,brBRA,"DF,MF",Dortmund,22.0,2002.0,2024-2025,GER
Tomáš Čvančara,298c8aa1,czCZE,"MF,FW",Gladbach,23.0,2000.0,2024-2025,GER
Finn Dahmen,dee3013b,deGER,GK,Augsburg,26.0,1998.0,2024-2025,GER
Thomas Dähne,f194035d,deGER,GK,Holstein Kiel,30.0,1994.0,2024-2025,GER
Mahmoud Dahoud,db4ed67b,deGER,MF,Eintracht Frankfurt,28.0,1996.0,2024-2025,GER
Ameen Al-Dakhil,93e08bce,beBEL,DF,Stuttgart,22.0,2002.0,2024-2025,GER
Bence Dárdai,dcb6f03c,huHUN,MF,Wolfsburg,18.0,2006.0,2024-2025,GER
Lukas Daschner,93a8c4f9,deGER,"FW,MF",Bochum,25.0,1998.0,2024-2025,GER
Alphonso Davies,d781d855,caCAN,DF,Bayern Munich,23.0,2000.0,2024-2025,GER
Olivier Deman,13210854,beBEL,"FW,MF",Werder Bremen,24.0,2000.0,2024-2025,GER
Ermedin Demirović,ed79b7d3,baBIH,FW,Stuttgart,26.0,1998.0,2024-2025,GER
Justin Diehl,d82a310a,deGER,MF,Stuttgart,19.0,2004.0,2024-2025,GER
Eric Dier,ac861941,engENG,DF,Bayern Munich,30.0,1994.0,2024-2025,GER
Junior Dina Ebimbe,95bb6ddc,cmCMR,MF,Eintracht Frankfurt,23.0,2000.0,2024-2025,GER
Eren Dinkçi,4ccd8957,deGER,MF,Freiburg,22.0,2001.0,2024-2025,GER
Ritsu Doan,d01bbb6f,jpJPN,MF,Freiburg,26.0,1998.0,2024-2025,GER
Danilho Doekhi,f67c9d29,nlNED,DF,Union Berlin,26.0,1998.0,2024-2025,GER
Niklas Dorsch,7f73bdf4,deGER,MF,Augsburg,26.0,1998.0,2024-2025,GER
Niklas Dorsch,7f73bdf4,deGER,MF,Heidenheim,26.0,1998.0,2024-2025,GER
Patrick Drewes,a8403737,deGER,GK,Bochum,31.0,1993.0,2024-2025,GER
Tim Drexler,0911b4fc,deGER,DF,Hoffenheim,19.0,2005.0,2024-2025,GER
Marvin Ducksch,638a4d71,deGER,FW,Werder Bremen,30.0,1994.0,2024-2025,GER
Julien Duranville,b06a7ae9,beBEL,MF,Dortmund,18.0,2006.0,2024-2025,GER
Adam Dźwigała,75edc8ce,plPOL,DF,St Pauli,28.0,1995.0,2024-2025,GER
Johannes Eggestein,d571df78,deGER,FW,St Pauli,26.0,1998.0,2024-2025,GER
Maximilian Eggestein,beb882a8,deGER,MF,Freiburg,27.0,1996.0,2024-2025,GER
Hugo Ekitike,5b92d896,frFRA,FW,Eintracht Frankfurt,22.0,2002.0,2024-2025,GER
Elif Elmas,cf007308,mkMKD,"FW,MF",RB Leipzig,24.0,1999.0,2024-2025,GER
Nico Elvedi,48035304,chSUI,DF,Gladbach,27.0,1996.0,2024-2025,GER
Arne Engels,554bcc91,beBEL,FW,Augsburg,20.0,2003.0,2024-2025,GER
Patrick Erras,e3f6253d,deGER,DF,Holstein Kiel,29.0,1995.0,2024-2025,GER
Samuel Essende,821550ce,cdCOD,FW,Augsburg,26.0,1998.0,2024-2025,GER
Frank Feller,ccd0981f,deGER,GK,Heidenheim,20.0,2004.0,2024-2025,GER
Kilian Fischer,79f7302a,deGER,DF,Wolfsburg,23.0,2000.0,2024-2025,GER
Jonas Föhrenbach,1b4be8eb,deGER,"DF,MF",Heidenheim,28.0,1996.0,2024-2025,GER
Marco Friedl,f86ad3f5,atAUT,DF,Werder Bremen,26.0,1998.0,2024-2025,GER
Marvin Friedrich,b77f44a4,deGER,DF,Gladbach,28.0,1995.0,2024-2025,GER
Jeremie Frimpong,74f2e748,nlNED,MF,Leverkusen,23.0,2000.0,2024-2025,GER
Chris Führich,0cf778df,deGER,MF,Stuttgart,26.0,1998.0,2024-2025,GER
Shiō Fukuda,056a8552,jpJPN,FW,Gladbach,20.0,2004.0,2024-2025,GER
Cristian Gamboa,f27680d9,crCRC,MF,Bochum,34.0,1989.0,2024-2025,GER
Aleix García,a10361d2,esESP,MF,Leverkusen,27.0,1997.0,2024-2025,GER
Viggo Gebel,92ed2acc,deGER,MF,RB Leipzig,16.0,2007.0,2024-2025,GER
Lutsharel Geertruida,242e1043,nlNED,DF,RB Leipzig,24.0,2000.0,2024-2025,GER
Dennis Geiger,37f606f0,deGER,MF,Hoffenheim,26.0,1998.0,2024-2025,GER
Valentin Gendrey,822ed0ec,frFRA,"DF,MF",Hoffenheim,24.0,2000.0,2024-2025,GER
Yannick Gerhardt,62ab9184,deGER,"MF,DF",Wolfsburg,30.0,1994.0,2024-2025,GER
Max Geschwill,0ffda76d,deGER,DF,Holstein Kiel,23.0,2001.0,2024-2025,GER
Dimitris Giannoulis,112c495e,grGRE,MF,Augsburg,28.0,1995.0,2024-2025,GER
Armin Gigovic,d0a0858e,baBIH,MF,Holstein Kiel,22.0,2002.0,2024-2025,GER
Benedikt Gimber,e5f76710,deGER,DF,Heidenheim,27.0,1997.0,2024-2025,GER
Matthias Ginter,f521b80a,deGER,DF,Freiburg,30.0,1994.0,2024-2025,GER
Jamie Gittens,10745192,engENG,MF,Dortmund,19.0,2004.0,2024-2025,GER
Serge Gnabry,88e357ef,deGER,"MF,FW",Bayern Munich,29.0,1995.0,2024-2025,GER
Tidiam Gomis,64c705d7,frFRA,FW,RB Leipzig,17.0,2006.0,2024-2025,GER
Leon Goretzka,cc86b9a3,deGER,MF,Bayern Munich,29.0,1995.0,2024-2025,GER
Robin Gosens,2d970560,deGER,MF,Union Berlin,30.0,1994.0,2024-2025,GER
Mario Götze,9efa1d25,deGER,MF,Eintracht Frankfurt,32.0,1992.0,2024-2025,GER
Jeffrey Gouweleeuw,1025db8e,nlNED,DF,Augsburg,33.0,1991.0,2024-2025,GER
Kamil Grabara,62182b1d,plPOL,GK,Wolfsburg,25.0,1999.0,2024-2025,GER
Michael Gregoritsch,8e235926,atAUT,FW,Freiburg,30.0,1994.0,2024-2025,GER
Vincenzo Grifo,54e4866f,itITA,MF,Freiburg,31.0,1993.0,2024-2025,GER
Florian Grillitsch,ffbbc83b,atAUT,"MF,DF",Hoffenheim,28.0,1995.0,2024-2025,GER
Álex Grimaldo,b1f4086c,esESP,MF,Leverkusen,28.0,1995.0,2024-2025,GER
Pascal Groß,8aec0537,deGER,"MF,DF",Dortmund,33.0,1991.0,2024-2025,GER
Marco Grüll,8babb812,atAUT,"FW,MF",Werder Bremen,26.0,1998.0,2024-2025,GER
Raphaël Guerreiro,048a1cbc,ptPOR,"DF,MF",Bayern Munich,30.0,1993.0,2024-2025,GER
Morgan Guilavogui,79b51257,gnGUI,"FW,MF",St Pauli,26.0,1998.0,2024-2025,GER
Serhou Guirassy,923f4dda,gnGUI,FW,Dortmund,28.0,1996.0,2024-2025,GER
Péter Gulácsi,bcb2ccd8,huHUN,GK,RB Leipzig,34.0,1990.0,2024-2025,GER
Robert Gumny,1df0c0b9,plPOL,MF,Augsburg,26.0,1998.0,2024-2025,GER
Christian Günter,8593f88c,deGER,DF,Freiburg,31.0,1993.0,2024-2025,GER
Janik Haberer,70dcf94d,deGER,MF,Union Berlin,30.0,1994.0,2024-2025,GER
Robin Hack,0174ba21,deGER,MF,Gladbach,25.0,1998.0,2024-2025,GER
Amadou Haidara,92432bc6,mlMLI,MF,RB Leipzig,26.0,1998.0,2024-2025,GER
Andreas Hanche-Olsen,2e77d607,noNOR,DF,Mainz 05,27.0,1997.0,2024-2025,GER
Phil Harres,07db670d,deGER,FW,Holstein Kiel,22.0,2002.0,2024-2025,GER
Ramon Hendriks,5a28ad23,nlNED,DF,Stuttgart,23.0,2001.0,2024-2025,GER
Paul Hennrich,ffaf1c99,deGER,MF,Hoffenheim,19.0,2005.0,2024-2025,GER
Benjamin Henrichs,0a89e877,deGER,"DF,MF",RB Leipzig,27.0,1997.0,2024-2025,GER
Mario Hermoso,555f3a0b,esESP,DF,Leverkusen,29.0,1995.0,2024-2025,GER
Piero Hincapié,0c7a48f8,ecECU,DF,Leverkusen,22.0,2002.0,2024-2025,GER
Adam Hložek,5521f419,czCZE,"FW,MF",Hoffenheim,22.0,2002.0,2024-2025,GER
Nicolas Höfler,5d8e331f,deGER,MF,Freiburg,34.0,1990.0,2024-2025,GER
Jonas Hofmann,2903a856,deGER,MF,Leverkusen,32.0,1992.0,2024-2025,GER
Philipp Hofmann,877bc844,deGER,FW,Bochum,31.0,1993.0,2024-2025,GER
Lucas Höler,ca618d23,deGER,"FW,MF",Freiburg,30.0,1994.0,2024-2025,GER
Benedict Hollerbach,2a158218,deGER,"FW,MF",Union Berlin,23.0,2001.0,2024-2025,GER
Lewis Holtby,410ab123,deGER,MF,Holstein Kiel,33.0,1990.0,2024-2025,GER
Gerrit Holtmann,2979c05a,phPHI,"MF,DF",Bochum,29.0,1995.0,2024-2025,GER
Franck Honorat,db7849ca,frFRA,MF,Gladbach,27.0,1996.0,2024-2025,GER
Mathias Honsak,3dbdbb6a,atAUT,"MF,FW",Heidenheim,27.0,1996.0,2024-2025,GER
Timo Horn,3cd9e95a,deGER,GK,Bochum,31.0,1993.0,2024-2025,GER
Lukáš Hrádecký,ad3389d5,fiFIN,GK,Leverkusen,34.0,1989.0,2024-2025,GER
Robin Hranáč,95d5aea2,czCZE,DF,Hoffenheim,24.0,2000.0,2024-2025,GER
Hong Hyunseok,9a234cc9,krKOR,MF,Mainz 05,25.0,1999.0,2024-2025,GER
Oscar Højlund,3e2bbae6,dkDEN,MF,Eintracht Frankfurt,19.0,2005.0,2024-2025,GER
Arijon Ibrahimović,f5c4fd91,deGER,MF,Bayern Munich,18.0,2005.0,2024-2025,GER
Andrej Ilic,cd2cb5bb,rsSRB,FW,Union Berlin,24.0,2000.0,2024-2025,GER
Jackson Irvine,4637747c,auAUS,MF,St Pauli,31.0,1993.0,2024-2025,GER
Ko Itakura,97d545ae,jpJPN,DF,Gladbach,27.0,1997.0,2024-2025,GER
Hiroki Ito,204dded0,jpJPN,DF,Bayern Munich,25.0,1999.0,2024-2025,GER
Marko Ivezić,964f4f30,rsSRB,DF,Holstein Kiel,22.0,2001.0,2024-2025,GER
Lee Jae-sung,34b0387f,krKOR,MF,Mainz 05,31.0,1992.0,2024-2025,GER
Kristijan Jakić,a8ee54ad,hrCRO,MF,Augsburg,27.0,1997.0,2024-2025,GER
Luca Jaquez,a400da8e,chSUI,DF,Stuttgart,21.0,2003.0,2024-2025,GER
Dominik Javorček,3a2cf67d,skSVK,"MF,DF",Holstein Kiel,21.0,2002.0,2024-2025,GER
Finn Jeltsch,227c9f36,deGER,DF,Stuttgart,18.0,2006.0,2024-2025,GER
Fredrik Jensen,3eeb80e0,fiFIN,"MF,FW",Augsburg,26.0,1997.0,2024-2025,GER
Moritz Jenz,ee644761,deGER,DF,Mainz 05,25.0,1999.0,2024-2025,GER
Carl Johansson,02f7a79a,seSWE,DF,Holstein Kiel,30.0,1994.0,2024-2025,GER
Anthony Jung,de838f86,deGER,DF,Werder Bremen,32.0,1991.0,2024-2025,GER
Josip Juranović,0a084b35,hrCRO,"MF,DF",Union Berlin,28.0,1995.0,2024-2025,GER
David Jurásek,d7a03bf3,czCZE,"DF,MF",Hoffenheim,23.0,2000.0,2024-2025,GER
Yusuf Kabadayı,a4a94bb2,deGER,FW,Augsburg,20.0,2004.0,2024-2025,GER
Almugera Kabar,02a10dc0,deGER,DF,Dortmund,18.0,2006.0,2024-2025,GER
Issa Kaboré,c066d1a5,bfBFA,MF,Werder Bremen,23.0,2001.0,2024-2025,GER
Pavel Kadeřábek,79c90e45,czCZE,"MF,DF",Hoffenheim,32.0,1992.0,2024-2025,GER
Jakub Kamiński,202b3b68,plPOL,"MF,DF",Wolfsburg,22.0,2002.0,2024-2025,GER
Kevin Kampl,b825a650,siSVN,MF,RB Leipzig,33.0,1990.0,2024-2025,GER
Harry Kane,21a66f6a,engENG,FW,Bayern Munich,31.0,1993.0,2024-2025,GER
Atakan Karazor,5762be5c,trTUR,MF,Stuttgart,27.0,1996.0,2024-2025,GER
Mikkel Kaufmann,6e269dd3,dkDEN,"FW,MF",Heidenheim,23.0,2001.0,2024-2025,GER
Yannik Keitel,d2c580ce,deGER,MF,Stuttgart,24.0,2000.0,2024-2025,GER
Andu Kelati,58391f96,deGER,MF,Holstein Kiel,21.0,2002.0,2024-2025,GER
Thomas Keller,285c7011,deGER,"MF,DF",Heidenheim,24.0,1999.0,2024-2025,GER
Aljoscha Kemlein,4658e309,deGER,MF,Union Berlin,19.0,2004.0,2024-2025,GER
Luca Kerber,c107935c,deGER,MF,Heidenheim,22.0,2002.0,2024-2025,GER
Rani Khedira,59e4b92e,deGER,MF,Union Berlin,30.0,1994.0,2024-2025,GER
Joshua Kimmich,49296448,deGER,MF,Bayern Munich,29.0,1995.0,2024-2025,GER
Tim Kleindienst,258a6f4d,deGER,FW,Gladbach,28.0,1995.0,2024-2025,GER
Lukas Klostermann,ca8033cb,deGER,DF,RB Leipzig,28.0,1996.0,2024-2025,GER
Ansgar Knauff,19a967ab,deGER,MF,Eintracht Frankfurt,22.0,2002.0,2024-2025,GER
Magnus Knudsen,a48fb0c7,noNOR,MF,Holstein Kiel,23.0,2001.0,2024-2025,GER
Gregor Kobel,cd59b9df,chSUI,GK,Dortmund,26.0,1997.0,2024-2025,GER
Robin Koch,ea6bc03a,deGER,DF,Eintracht Frankfurt,28.0,1996.0,2024-2025,GER
Derrick Köhn,b735b590,ghGHA,"MF,DF",Werder Bremen,25.0,1999.0,2024-2025,GER
Dominik Kohr,0fbecd11,deGER,"DF,MF",Mainz 05,30.0,1994.0,2024-2025,GER
Marco Komenda,e7efcdb8,hrCRO,DF,Holstein Kiel,27.0,1996.0,2024-2025,GER
Mert Kömür,ec68a918,deGER,MF,Augsburg,19.0,2005.0,2024-2025,GER
Kacper Koscierski,68dca6f9,deGER,DF,Bochum,17.0,2007.0,2024-2025,GER
Henri Koudossou,2b9745cb,deGER,MF,Augsburg,24.0,1999.0,2024-2025,GER
Konstantinos Koulierakis,cba21b0d,grGRE,DF,Wolfsburg,20.0,2003.0,2024-2025,GER
Matej Kovar,bc67a0e1,czCZE,GK,Leverkusen,24.0,2000.0,2024-2025,GER
Andrej Kramarić,603cb947,hrCRO,MF,Hoffenheim,33.0,1991.0,2024-2025,GER
Frans Krätzig,1fc08838,deGER,"MF,DF",Heidenheim,21.0,2003.0,2024-2025,GER
Frans Krätzig,1fc08838,deGER,DF,Stuttgart,21.0,2003.0,2024-2025,GER
Tom Krauß,9f77012e,deGER,MF,Bochum,23.0,2001.0,2024-2025,GER
Rasmus Kristensen,39769cff,dkDEN,"DF,MF",Eintracht Frankfurt,27.0,1997.0,2024-2025,GER
Lukas Kübler,2a29eb9b,deGER,DF,Freiburg,31.0,1992.0,2024-2025,GER
Jonah Kusi-Asare,c7c26e61,seSWE,FW,Bayern Munich,17.0,2007.0,2024-2025,GER
Moritz-Broni Kwarteng,1e2057aa,ghGHA,MF,Bochum,26.0,1998.0,2024-2025,GER
Nediljko Labrović,208fc867,hrCRO,GK,Augsburg,24.0,1999.0,2024-2025,GER
Konrad Laimer,c1b7847c,atAUT,DF,Bayern Munich,27.0,1997.0,2024-2025,GER
Stefan Lainer,4aea5077,atAUT,DF,Gladbach,31.0,1992.0,2024-2025,GER
Hugo Larsson,00c9a283,seSWE,MF,Eintracht Frankfurt,20.0,2004.0,2024-2025,GER
Diogo Leite,c4987edc,ptPOR,DF,Union Berlin,25.0,1999.0,2024-2025,GER
Maxim Leitsch,7e12a98d,deGER,DF,Mainz 05,26.0,1998.0,2024-2025,GER
Jamie Leweling,13fe7b69,deGER,MF,Stuttgart,23.0,2001.0,2024-2025,GER
Philipp Lienhart,302527b2,atAUT,DF,Freiburg,28.0,1996.0,2024-2025,GER
Marin Ljubicic,774b7f08,hrCRO,FW,Union Berlin,22.0,2002.0,2024-2025,GER
Anthony Losilla,07c7eb0c,frFRA,MF,Bochum,38.0,1986.0,2024-2025,GER
Yannik Lührs,10e5f256,deGER,DF,Dortmund,20.0,2003.0,2024-2025,GER
Castello Lukeba,5b9512c5,frFRA,DF,RB Leipzig,21.0,2002.0,2024-2025,GER
Senne Lynen,0ed60738,beBEL,MF,Werder Bremen,25.0,1999.0,2024-2025,GER
Shuto Machino,964dde35,jpJPN,"FW,MF",Holstein Kiel,24.0,1999.0,2024-2025,GER
Arne Maier,ab700320,deGER,MF,Augsburg,25.0,1999.0,2024-2025,GER
Patrick Mainka,dd9caa07,deGER,DF,Heidenheim,29.0,1994.0,2024-2025,GER
Lovro Majer,fc46aab1,hrCRO,MF,Wolfsburg,26.0,1998.0,2024-2025,GER
Jordy Makengo,14b09c41,frFRA,DF,Freiburg,22.0,2001.0,2024-2025,GER
Jarzinho Malanga,d17b4d71,deGER,MF,Stuttgart,18.0,2006.0,2024-2025,GER
Julián Malatini,8b84b707,arARG,DF,Werder Bremen,23.0,2001.0,2024-2025,GER
Donyell Malen,116c35df,nlNED,MF,Dortmund,25.0,1999.0,2024-2025,GER
Lennard Maloney,75402e99,usUSA,"MF,DF",Heidenheim,24.0,1999.0,2024-2025,GER
Lennard Maloney,75402e99,usUSA,"DF,MF",Mainz 05,24.0,1999.0,2024-2025,GER
Johan Manzambi,8fcf0e12,chSUI,MF,Freiburg,18.0,2005.0,2024-2025,GER
Omar Marmoush,0e0102eb,egEGY,"FW,MF",Eintracht Frankfurt,25.0,1999.0,2024-2025,GER
Giorgos Masouras,9d689a5b,grGRE,FW,Bochum,30.0,1994.0,2024-2025,GER
Erhan Mašović,a396fb61,rsSRB,"DF,MF",Bochum,25.0,1998.0,2024-2025,GER
Igor Matanovic,948e1292,hrCRO,FW,Eintracht Frankfurt,21.0,2003.0,2024-2025,GER
Chrislain Matsima,cf1ef7ec,frFRA,DF,Augsburg,22.0,2002.0,2024-2025,GER
Jean Mattéo Bahoya,70d4c949,frFRA,MF,Eintracht Frankfurt,19.0,2005.0,2024-2025,GER
Maurides,b0e50531,brBRA,FW,St Pauli,30.0,1994.0,2024-2025,GER
Jakov Medić,5f5ebdae,hrCRO,DF,Bochum,25.0,1998.0,2024-2025,GER
Connor Metcalfe,73ce4d7d,auAUS,"MF,FW",St Pauli,24.0,1999.0,2024-2025,GER
Karol Mets,ef2ad14e,eeEST,DF,St Pauli,31.0,1993.0,2024-2025,GER
Alexander Meyer,b56dd813,deGER,GK,Dortmund,33.0,1991.0,2024-2025,GER
Florian Micheler,0024cb81,atAUT,MF,Hoffenheim,19.0,2005.0,2024-2025,GER
Enzo Millot,f76022e7,frFRA,MF,Stuttgart,22.0,2002.0,2024-2025,GER
Kim Min-jae,e0f8151c,krKOR,DF,Bayern Munich,27.0,1996.0,2024-2025,GER
Maximilian Mittelstädt,88d4144a,deGER,"DF,MF",Stuttgart,27.0,1997.0,2024-2025,GER
Koji Miyoshi,77bf714c,jpJPN,"MF,FW",Bochum,27.0,1997.0,2024-2025,GER
Max Moerstedt,710045fb,deGER,"FW,MF",Hoffenheim,18.0,2006.0,2024-2025,GER
David Mokwa,f8bd4ad4,frFRA,FW,Hoffenheim,20.0,2004.0,2024-2025,GER
Steve Mounié,19ba6c6d,bjBEN,MF,Augsburg,29.0,1994.0,2024-2025,GER
Nordi Mukiele,ac73ec79,frFRA,"DF,MF",Leverkusen,26.0,1997.0,2024-2025,GER
Florian Müller,cbac6ec9,deGER,GK,Freiburg,26.0,1997.0,2024-2025,GER
Kevin Müller,f256f213,deGER,GK,Heidenheim,33.0,1991.0,2024-2025,GER
Marius Müller,04ac779b,deGER,GK,Wolfsburg,31.0,1993.0,2024-2025,GER
Thomas Müller,3c6089ab,deGER,"MF,FW",Bayern Munich,34.0,1989.0,2024-2025,GER
Jamal Musiala,2c0558b8,deGER,MF,Bayern Munich,21.0,2003.0,2024-2025,GER
Florent Muslija,ae961785,xkKVX,"FW,MF",Freiburg,26.0,1998.0,2024-2025,GER
Phillipp Mwene,2ff76adc,atAUT,MF,Mainz 05,30.0,1994.0,2024-2025,GER
Joakim Mæhle,c459a650,dkDEN,"DF,MF",Wolfsburg,27.0,1997.0,2024-2025,GER
Nathan N'Goumou,e110ea4b,cmCMR,MF,Gladbach,24.0,2000.0,2024-2025,GER
Stanley N'Soki,61590953,frFRA,DF,Hoffenheim,25.0,1999.0,2024-2025,GER
Nikolas Nartey,30261ba1,dkDEN,MF,Stuttgart,24.0,2000.0,2024-2025,GER
Paul Nebel,1b6d8083,deGER,MF,Mainz 05,21.0,2002.0,2024-2025,GER
Kosta Nedeljković,c70be9cf,rsSRB,"DF,MF",RB Leipzig,18.0,2005.0,2024-2025,GER
Ivan Nekić,d5656169,hrCRO,DF,Holstein Kiel,23.0,2000.0,2024-2025,GER
David Nemeth,da76715c,atAUT,DF,St Pauli,23.0,2001.0,2024-2025,GER
Luca Netz,e79269bd,deGER,DF,Gladbach,21.0,2003.0,2024-2025,GER
Manuel Neuer,8778c910,deGER,GK,Bayern Munich,38.0,1986.0,2024-2025,GER
Florian Neuhaus,36a59ba4,deGER,MF,Gladbach,27.0,1997.0,2024-2025,GER
Moritz Nicolas,226ddf9d,deGER,GK,Gladbach,26.0,1997.0,2024-2025,GER
Julian Niehues,5bc27912,deGER,MF,Heidenheim,23.0,2001.0,2024-2025,GER
Justin Njinmah,a45241d5,deGER,"FW,MF",Werder Bremen,23.0,2000.0,2024-2025,GER
Niels Nkounkou,f5b281e7,frFRA,"MF,DF",Eintracht Frankfurt,23.0,2000.0,2024-2025,GER
Felix Nmecha,091c86e2,deGER,MF,Dortmund,23.0,2000.0,2024-2025,GER
Lukas Nmecha,0cc5f4a5,deGER,FW,Wolfsburg,25.0,1998.0,2024-2025,GER
Arnaud Nordin,7b9a9e25,frFRA,"FW,MF",Mainz 05,26.0,1998.0,2024-2025,GER
Alexander Nübel,afb0c500,deGER,GK,Stuttgart,27.0,1996.0,2024-2025,GER
Antonio Nusa,4ab12002,noNOR,"MF,DF",RB Leipzig,19.0,2005.0,2024-2025,GER
David Odogu,6a58d68c,deGER,DF,Wolfsburg,18.0,2006.0,2024-2025,GER
Tim Oermann,57ec75bf,deGER,DF,Bochum,20.0,2003.0,2024-2025,GER
Ifechukwu Ogbus,d41472b7,chSUI,DF,Freiburg,18.0,2005.0,2024-2025,GER
Finn Ole Becker,dd2e62da,deGER,MF,Hoffenheim,24.0,2000.0,2024-2025,GER
Michael Olise,c4486bac,frFRA,MF,Bayern Munich,22.0,2001.0,2024-2025,GER
Jonas Omlin,c631f952,chSUI,GK,Gladbach,30.0,1994.0,2024-2025,GER
Karim Onisiwo,f26834c7,atAUT,MF,Mainz 05,32.0,1992.0,2024-2025,GER
Frank Onyeka,2944f86f,ngNGA,MF,Augsburg,26.0,1998.0,2024-2025,GER
Loïs Openda,8652a85c,beBEL,FW,RB Leipzig,24.0,2000.0,2024-2025,GER
Gift Orban,de17db90,ngNGA,FW,Hoffenheim,22.0,2002.0,2024-2025,GER
Willi Orban,20030c06,huHUN,DF,RB Leipzig,31.0,1992.0,2024-2025,GER
Ivan Ordets,86c75897,uaUKR,DF,Bochum,32.0,1992.0,2024-2025,GER
Patrick Osterhage,9662c9ec,deGER,MF,Freiburg,24.0,2000.0,2024-2025,GER
Assan Ouedraogo,75e6fc2f,deGER,MF,RB Leipzig,18.0,2006.0,2024-2025,GER
Salih Özcan,15413fa5,trTUR,MF,Wolfsburg,26.0,1998.0,2024-2025,GER
Salih Özcan,15413fa5,trTUR,MF,Dortmund,26.0,1998.0,2024-2025,GER
Exequiel Palacios,e82adcab,arARG,MF,Leverkusen,25.0,1998.0,2024-2025,GER
João Palhinha,a78ff07f,ptPOR,MF,Bayern Munich,29.0,1995.0,2024-2025,GER
Mats Pannewig,2420dbac,deGER,MF,Bochum,19.0,2004.0,2024-2025,GER
Kevin Paredes,5c50fdbc,usUSA,MF,Wolfsburg,21.0,2003.0,2024-2025,GER
Felix Passlack,5c899683,deGER,"MF,DF",Bochum,26.0,1998.0,2024-2025,GER
Aleksandar Pavlovic,2658c82f,deGER,MF,Bayern Munich,20.0,2004.0,2024-2025,GER
Mads Pedersen,582a5247,dkDEN,DF,Augsburg,27.0,1996.0,2024-2025,GER
Jordan Pefok,b684a484,usUSA,FW,Union Berlin,28.0,1996.0,2024-2025,GER
Daniel Peretz,3f29b3ba,ilISR,GK,Bayern Munich,24.0,2000.0,2024-2025,GER
Noah Pesch,19704b7c,hrCRO,FW,Gladbach,19.0,2005.0,2024-2025,GER
Luca Philipp,eb3e717e,deGER,GK,Hoffenheim,23.0,2000.0,2024-2025,GER
Maximilian Philipp,061e8e23,deGER,"FW,MF",Freiburg,30.0,1994.0,2024-2025,GER
Benedikt Pichler,c184c8c8,atAUT,FW,Holstein Kiel,27.0,1997.0,2024-2025,GER
Amos Pieper,526ea7cc,deGER,DF,Werder Bremen,26.0,1998.0,2024-2025,GER
Marvin Pieringer,11407d95,deGER,FW,Heidenheim,24.0,1999.0,2024-2025,GER
Alassane Pléa,bc6bd723,frFRA,MF,Gladbach,31.0,1993.0,2024-2025,GER
Finn Porath,b020d807,deGER,MF,Holstein Kiel,27.0,1997.0,2024-2025,GER
Yussuf Poulsen,d2416c2e,dkDEN,"MF,FW",RB Leipzig,30.0,1994.0,2024-2025,GER
Alexander Prass,6637e6a7,atAUT,"MF,DF",Hoffenheim,23.0,2001.0,2024-2025,GER
David Preu,6dcc8d89,deGER,MF,Union Berlin,19.0,2004.0,2024-2025,GER
Grischa Prömel,924f9191,deGER,MF,Hoffenheim,29.0,1995.0,2024-2025,GER
Ivan Prtajin,f297a3f1,hrCRO,FW,Union Berlin,28.0,1996.0,2024-2025,GER
Tymoteusz Puchacz,c68b1b13,plPOL,MF,Holstein Kiel,25.0,1999.0,2024-2025,GER
Leopold Querfeld,9fd158d6,atAUT,DF,Union Berlin,20.0,2003.0,2024-2025,GER
Grant Ranos,0ee6ea6a,amARM,FW,Gladbach,21.0,2003.0,2024-2025,GER
David Raum,7d450ed3,deGER,"MF,DF",RB Leipzig,26.0,1998.0,2024-2025,GER
Rocco Reitz,cc971106,deGER,MF,Gladbach,22.0,2002.0,2024-2025,GER
Nicolai Remberg,625fd441,deGER,MF,Holstein Kiel,24.0,2000.0,2024-2025,GER
Elvis Rexhbeçaj,1ae836b1,xkKVX,MF,Augsburg,26.0,1997.0,2024-2025,GER
Gio Reyna,7fa4e703,usUSA,MF,Dortmund,21.0,2002.0,2024-2025,GER
Fabian Rieder,c2bd8585,chSUI,MF,Stuttgart,22.0,2002.0,2024-2025,GER
Lasse Rieß,25877714,deGER,GK,Mainz 05,23.0,2001.0,2024-2025,GER
Lars Ritzka,35d23b15,deGER,"MF,DF",St Pauli,26.0,1998.0,2024-2025,GER
Mads Roerslev,57c94db2,dkDEN,DF,Wolfsburg,25.0,1999.0,2024-2025,GER
Merlin Röhl,1f2c7b55,deGER,MF,Freiburg,22.0,2002.0,2024-2025,GER
Lasse Rosenboom,1df23153,deGER,MF,Holstein Kiel,22.0,2002.0,2024-2025,GER
Max Rosenfelder,b6ceba6b,deGER,DF,Freiburg,21.0,2003.0,2024-2025,GER
Tom Rothe,90c1f9a4,deGER,"MF,DF",Union Berlin,19.0,2004.0,2024-2025,GER
Anthony Rouault,9b545925,frFRA,DF,Stuttgart,23.0,2001.0,2024-2025,GER
Jérôme Roussillon,13203c45,frFRA,DF,Union Berlin,31.0,1993.0,2024-2025,GER
Julian Ryerson,009a4f60,noNOR,"DF,MF",Dortmund,26.0,1997.0,2024-2025,GER
Frederik Rønnow,a70b8345,dkDEN,GK,Union Berlin,31.0,1992.0,2024-2025,GER
Elias Saad,78a2284f,tnTUN,"FW,MF",St Pauli,24.0,1999.0,2024-2025,GER
Marcel Sabitzer,e280527c,atAUT,MF,Dortmund,30.0,1994.0,2024-2025,GER
Faik Sakar,85c3052c,deGER,MF,RB Leipzig,16.0,2008.0,2024-2025,GER
Manolis Saliakas,18fe6d90,grGRE,MF,St Pauli,27.0,1996.0,2024-2025,GER
Roland Sallai,bf075f6b,huHUN,"DF,FW",Freiburg,27.0,1997.0,2024-2025,GER
Diadie Samassékou,08593525,mlMLI,MF,Hoffenheim,28.0,1996.0,2024-2025,GER
Philipp Sander,5c90bad8,deGER,MF,Gladbach,26.0,1998.0,2024-2025,GER
James Sands,dccd127f,usUSA,MF,St Pauli,24.0,2000.0,2024-2025,GER
Leroy Sané,2b114be3,deGER,MF,Bayern Munich,28.0,1996.0,2024-2025,GER
Kaishu Sano,7a7a6361,jpJPN,MF,Mainz 05,23.0,2000.0,2024-2025,GER
Kauã Santos,c7c50cb5,brBRA,GK,Eintracht Frankfurt,21.0,2003.0,2024-2025,GER
Joe Scally,236f02cd,usUSA,DF,Gladbach,21.0,2002.0,2024-2025,GER
András Schäfer,049751d7,huHUN,MF,Union Berlin,25.0,1999.0,2024-2025,GER
Patrik Schick,5d4f7d61,czCZE,FW,Leverkusen,28.0,1996.0,2024-2025,GER
Stefan Schimmer,395bbb60,deGER,FW,Heidenheim,30.0,1994.0,2024-2025,GER
Xaver Schlager,8f056768,atAUT,MF,RB Leipzig,26.0,1997.0,2024-2025,GER
Keven Schlotterbeck,f6bdc830,deGER,DF,Augsburg,27.0,1997.0,2024-2025,GER
Nico Schlotterbeck,34e12499,deGER,DF,Dortmund,24.0,1999.0,2024-2025,GER
Romano Schmid,220ace7e,atAUT,MF,Werder Bremen,24.0,2000.0,2024-2025,GER
Jan Schöppner,932bfcac,deGER,MF,Heidenheim,25.0,1999.0,2024-2025,GER
Marvin Schulz,651167c8,deGER,"DF,MF",Holstein Kiel,29.0,1995.0,2024-2025,GER
Alexander Schwolow,0d55d942,deGER,GK,Union Berlin,32.0,1992.0,2024-2025,GER
Léo Scienza,79064bc9,brBRA,"MF,FW",Heidenheim,25.0,1998.0,2024-2025,GER
Nicolas Seiwald,28c6e925,atAUT,"MF,DF",RB Leipzig,23.0,2001.0,2024-2025,GER
Benjamin Šeško,3260690c,siSVN,"FW,MF",RB Leipzig,21.0,2003.0,2024-2025,GER
Armindo Sieb,228c1d94,deGER,"MF,FW",Mainz 05,21.0,2003.0,2024-2025,GER
Tim Siersleben,f761c901,deGER,DF,Heidenheim,24.0,2000.0,2024-2025,GER
Kiliann Sildillia,313254a3,frFRA,DF,Freiburg,22.0,2002.0,2024-2025,GER
André Silva,3effaa34,ptPOR,FW,Werder Bremen,28.0,1995.0,2024-2025,GER
André Silva,3effaa34,ptPOR,FW,RB Leipzig,28.0,1995.0,2024-2025,GER
Mohamed Simakan,fcb27134,frFRA,DF,RB Leipzig,24.0,2000.0,2024-2025,GER
Xavi Simons,da4d670f,nlNED,MF,RB Leipzig,21.0,2003.0,2024-2025,GER
Danel Sinani,96ddfa79,luLUX,"FW,MF",St Pauli,27.0,1997.0,2024-2025,GER
Tobias Sippel,0d8a37c2,deGER,GK,Gladbach,36.0,1988.0,2024-2025,GER
Ibrahima Sissoko,0f8418aa,mlMLI,MF,Bochum,26.0,1997.0,2024-2025,GER
Tim Skarke,65857fdf,deGER,"FW,MF",Union Berlin,27.0,1996.0,2024-2025,GER
Ellyes Skhiri,c2211709,tnTUN,MF,Eintracht Frankfurt,29.0,1995.0,2024-2025,GER
Leo Skiri Østigård,b35a7399,noNOR,DF,Hoffenheim,24.0,1999.0,2024-2025,GER
Andreas Skov Olsen,c50cee19,dkDEN,"MF,FW",Wolfsburg,24.0,1999.0,2024-2025,GER
Robert Skov,ff98492b,dkDEN,"MF,DF",Union Berlin,28.0,1996.0,2024-2025,GER
Steven Skrzybski,58ce23e5,deGER,"FW,MF",Holstein Kiel,31.0,1992.0,2024-2025,GER
Eric Smith,8817312f,seSWE,"DF,MF",St Pauli,27.0,1997.0,2024-2025,GER
Anton Stach,0f59a7bf,deGER,"MF,DF",Hoffenheim,25.0,1998.0,2024-2025,GER
Jens Stage,1fffae99,dkDEN,MF,Werder Bremen,27.0,1996.0,2024-2025,GER
Josip Stanišić,7ed08d5c,hrCRO,DF,Bayern Munich,24.0,2000.0,2024-2025,GER
Niklas Stark,aad48be9,deGER,DF,Werder Bremen,29.0,1995.0,2024-2025,GER
Pascal Stenzel,99f7e9aa,deGER,DF,Stuttgart,28.0,1996.0,2024-2025,GER
Leonidas Stergiou,08391d76,chSUI,DF,Stuttgart,22.0,2002.0,2024-2025,GER
Finley Stevens,7e003182,wlsWAL,DF,St Pauli,21.0,2003.0,2024-2025,GER
Angelo Stiller,3b1ed320,deGER,MF,Stuttgart,23.0,2001.0,2024-2025,GER
Kevin Stöger,e5649a78,atAUT,MF,Gladbach,30.0,1993.0,2024-2025,GER
Niklas Süle,e33c06cf,deGER,DF,Dortmund,28.0,1995.0,2024-2025,GER
Mattias Svanberg,92d83c27,seSWE,MF,Wolfsburg,25.0,1999.0,2024-2025,GER
Daniel Svensson,124c9382,seSWE,"MF,DF",Dortmund,22.0,2002.0,2024-2025,GER
Haris Tabakovic,723b19c7,baBIH,FW,Hoffenheim,30.0,1994.0,2024-2025,GER
Jonathan Tah,bd142efb,deGER,DF,Leverkusen,28.0,1996.0,2024-2025,GER
Edmond Tapsoba,a73c8f95,bfBFA,DF,Leverkusen,25.0,1999.0,2024-2025,GER
Mathys Tel,829aa60c,frFRA,MF,Bayern Munich,19.0,2005.0,2024-2025,GER
Nathan Tella,f1e94cd6,ngNGA,"MF,FW",Leverkusen,25.0,1999.0,2024-2025,GER
Martin Terrier,5148dcc5,frFRA,"MF,FW",Leverkusen,27.0,1997.0,2024-2025,GER
Arthur Theate,df8d6029,beBEL,DF,Eintracht Frankfurt,24.0,2000.0,2024-2025,GER
Norman Theuerkauf,0cbf4c54,deGER,"DF,MF",Heidenheim,37.0,1987.0,2024-2025,GER
Denis Thomalla,b9ac6e0e,deGER,"FW,MF",Heidenheim,31.0,1992.0,2024-2025,GER
Phillip Tietz,3397e7b5,deGER,FW,Augsburg,27.0,1997.0,2024-2025,GER
Umut Tohumcu,e547d3cf,deGER,MF,Hoffenheim,19.0,2004.0,2024-2025,GER
John Tolkin,5e88c524,usUSA,"MF,DF",Holstein Kiel,22.0,2002.0,2024-2025,GER
Tiago Tomás,b492126a,ptPOR,"MF,FW",Wolfsburg,22.0,2002.0,2024-2025,GER
Keke Topp,ebb32f3a,deGER,FW,Werder Bremen,20.0,2004.0,2024-2025,GER
Bazoumana Touré,93945a50,ciCIV,"MF,FW",Hoffenheim,18.0,2006.0,2024-2025,GER
Lucas Tousart,71ec39ef,frFRA,MF,Union Berlin,27.0,1997.0,2024-2025,GER
Omar Traoré,f44e8a73,deGER,"DF,MF",Heidenheim,26.0,1998.0,2024-2025,GER
Kevin Trapp,ce17b5eb,deGER,GK,Eintracht Frankfurt,34.0,1990.0,2024-2025,GER
Philipp Treu,047822ad,deGER,MF,St Pauli,23.0,2000.0,2024-2025,GER
Christopher Trimmel,056d2d95,atAUT,"MF,DF",Union Berlin,37.0,1987.0,2024-2025,GER
Tuta,35d64857,brBRA,"DF,MF",Eintracht Frankfurt,25.0,1999.0,2024-2025,GER
Lukas Ullrich,d646c218,deGER,DF,Gladbach,20.0,2004.0,2024-2025,GER
Sven Ulreich,7d3e7da6,deGER,GK,Bayern Munich,35.0,1988.0,2024-2025,GER
Deniz Undav,dd549382,deGER,"FW,MF",Stuttgart,28.0,1996.0,2024-2025,GER
Dayot Upamecano,d248cd8f,frFRA,DF,Bayern Munich,25.0,1998.0,2024-2025,GER
Jonas Urbig,925bbcdc,deGER,GK,Bayern Munich,20.0,2003.0,2024-2025,GER
Can Uzun,1d0b134a,trTUR,MF,Eintracht Frankfurt,18.0,2005.0,2024-2025,GER
Josha Vagnoman,fb377d11,deGER,"DF,MF",Stuttgart,23.0,2000.0,2024-2025,GER
Siebe Van Der Heyden,cf9bdd43,beBEL,"DF,MF",St Pauli,26.0,1998.0,2024-2025,GER
Maarten Vandevoordt,f9e0c603,beBEL,GK,RB Leipzig,22.0,2002.0,2024-2025,GER
Ruben Vargas,6ecbddf6,chSUI,MF,Augsburg,25.0,1998.0,2024-2025,GER
Nikola Vasilj,f038585f,baBIH,GK,St Pauli,28.0,1995.0,2024-2025,GER
Denis Vavro,08990838,skSVK,DF,Wolfsburg,28.0,1996.0,2024-2025,GER
Miloš Veljković,a5ae8f8e,rsSRB,DF,Werder Bremen,28.0,1995.0,2024-2025,GER
Nikolas Veratschnig,13496b77,atAUT,MF,Mainz 05,21.0,2003.0,2024-2025,GER
Arthur Vermeeren,722494dc,beBEL,MF,RB Leipzig,19.0,2005.0,2024-2025,GER
Yorbe Vertessen,e8ef59da,beBEL,"MF,FW",Union Berlin,23.0,2001.0,2024-2025,GER
Gabriel Vidovic,5360a956,hrCRO,MF,Bayern Munich,20.0,2003.0,2024-2025,GER
Gabriel Vidovic,5360a956,hrCRO,MF,Mainz 05,20.0,2003.0,2024-2025,GER
Kevin Vogt,1d8e9add,deGER,DF,Union Berlin,32.0,1991.0,2024-2025,GER
Kevin Volland,64f69877,deGER,"FW,MF",Union Berlin,32.0,1992.0,2024-2025,GER
Aster Vranckx,f86cd5df,beBEL,MF,Wolfsburg,21.0,2002.0,2024-2025,GER
Robert Wagner,e3d3fbeb,deGER,MF,St Pauli,21.0,2003.0,2024-2025,GER
Elye Wahi,0d7b6576,frFRA,FW,Eintracht Frankfurt,21.0,2003.0,2024-2025,GER
Hauke Wahl,f3db5b34,deGER,DF,St Pauli,30.0,1994.0,2024-2025,GER
Paul Wanner,cb64672e,deGER,"MF,FW",Heidenheim,18.0,2005.0,2024-2025,GER
Kjell-Arik Wätjen,0e006cae,deGER,MF,Dortmund,18.0,2006.0,2024-2025,GER
Julian Weigl,346d51d9,deGER,MF,Gladbach,28.0,1995.0,2024-2025,GER
Timon Weiner,1fb2d1b0,deGER,GK,Holstein Kiel,25.0,1999.0,2024-2025,GER
Nelson Weiper,231c67ff,deGER,FW,Mainz 05,19.0,2005.0,2024-2025,GER
Mitchell Weiser,30c220c3,deGER,MF,Werder Bremen,30.0,1994.0,2024-2025,GER
Noah Weißhaupt,dd676a97,deGER,"FW,MF",St Pauli,22.0,2001.0,2024-2025,GER
Noah Weißhaupt,dd676a97,deGER,"FW,MF",Freiburg,22.0,2001.0,2024-2025,GER
Silvan Widmer,f68b64fc,chSUI,MF,Mainz 05,31.0,1993.0,2024-2025,GER
Patrick Wimmer,cb11b429,atAUT,"MF,FW",Wolfsburg,23.0,2001.0,2024-2025,GER
Jonas Wind,2077ae86,dkDEN,"FW,MF",Wolfsburg,25.0,1999.0,2024-2025,GER
Florian Wirtz,e7fcf289,deGER,MF,Leverkusen,21.0,2003.0,2024-2025,GER
Dani de Wit,48a2b92a,nlNED,"MF,FW",Bochum,26.0,1998.0,2024-2025,GER
Maximilian Wittek,edb2712b,deGER,"DF,MF",Bochum,28.0,1995.0,2024-2025,GER
Marius Wolf,fa661778,deGER,MF,Augsburg,29.0,1995.0,2024-2025,GER
Nick Woltemade,7ca196eb,deGER,"FW,MF",Stuttgart,22.0,2002.0,2024-2025,GER
Jeong Woo-yeong,6190474d,krKOR,"MF,FW",Union Berlin,24.0,1999.0,2024-2025,GER
Granit Xhaka,e61b8aee,chSUI,MF,Leverkusen,31.0,1992.0,2024-2025,GER
Erencan Yardimci,b7481dc0,trTUR,FW,Hoffenheim,22.0,2002.0,2024-2025,GER
Dan-Axel Zagadou,a4effc55,frFRA,DF,Stuttgart,25.0,1999.0,2024-2025,GER
David Zec,050cd03c,siSVN,DF,Holstein Kiel,24.0,2000.0,2024-2025,GER
Robin Zentner,5c4bf6ba,deGER,GK,Mainz 05,29.0,1994.0,2024-2025,GER
Cedric Zesiger,2bab583c,chSUI,DF,Augsburg,26.0,1998.0,2024-2025,GER
Cedric Zesiger,2bab583c,chSUI,DF,Wolfsburg,26.0,1998.0,2024-2025,GER
Michael Zetterer,9b688ae1,deGER,GK,Werder Bremen,29.0,1995.0,2024-2025,GER
Budu Zivzivadze,e3a72b89,geGEO,FW,Heidenheim,30.0,1994.0,2024-2025,GER
Keyliane Abdallah,7310786d,frFRA,FW,Marseille,18.0,2006.0,2024-2025,FRA
Yunis Abdelhamid,32c2d95f,maMAR,DF,Saint-Étienne,36.0,1987.0,2024-2025,FRA
Himad Abdelli,7978cbf0,dzALG,MF,Angers,24.0,1999.0,2024-2025,FRA
Mohamed Abdelmoneim,bff15d74,egEGY,DF,Nice,25.0,1999.0,2024-2025,FRA
Ali Abdi,ad7cdb35,tnTUN,MF,Nice,30.0,1993.0,2024-2025,FRA
Matthis Abline,0e46fa2f,frFRA,FW,Nantes,21.0,2003.0,2024-2025,FRA
Abner,7f9c5d2d,brBRA,"DF,MF",Lyon,24.0,2000.0,2024-2025,FRA
Zakaria Aboukhlal,c2a6033c,maMAR,"MF,FW",Toulouse,24.0,2000.0,2024-2025,FRA
Akor Adams,2ccd39ed,ngNGA,FW,Montpellier,24.0,2000.0,2024-2025,FRA
Martin Adeline,7587446d,frFRA,MF,Reims,20.0,2003.0,2024-2025,FRA
Adryelson,e980e78d,brBRA,DF,Lyon,26.0,1998.0,2024-2025,FRA
Emmanuel Agbadou,75f1ed80,ciCIV,DF,Reims,27.0,1997.0,2024-2025,FRA
Jeremy Agbonifo,3d6aaa54,seSWE,FW,Lens,18.0,2005.0,2024-2025,FRA
Ruben Aguilar,3dd738a1,frFRA,"MF,DF",Lens,31.0,1993.0,2024-2025,FRA
Naouirou Ahamada,a6c58494,frFRA,MF,Rennes,22.0,2002.0,2024-2025,FRA
Jean-Eudes Aholou,48b28bfd,ciCIV,MF,Angers,30.0,1994.0,2024-2025,FRA
Ayman Aiki,8399c416,frFRA,MF,Saint-Étienne,19.0,2005.0,2024-2025,FRA
Ludovic Ajorque,462475ed,frFRA,FW,Brest,30.0,1994.0,2024-2025,FRA
Ümit Akdag,d746900e,roROU,DF,Toulouse,20.0,2003.0,2024-2025,FRA
Sergio Akieme,06efa9dc,esESP,DF,Reims,26.0,1997.0,2024-2025,FRA
Maghnes Akliouche,b625b241,frFRA,MF,Monaco,22.0,2002.0,2024-2025,FRA
Paul Akouokou,31f5b89b,ciCIV,MF,Lyon,26.0,1997.0,2024-2025,FRA
Clément Akpa,0abb5072,ciCIV,DF,Auxerre,22.0,2001.0,2024-2025,FRA
Chuba Akpom,e2b384d2,engENG,FW,Lille,28.0,1995.0,2024-2025,FRA
Mohamed Ali Cho,f8405304,frFRA,"FW,MF",Nice,20.0,2004.0,2024-2025,FRA
Jim Allevinah,1956b948,gaGAB,MF,Angers,29.0,1995.0,2024-2025,FRA
Thiago Almada,27f33438,arARG,MF,Lyon,23.0,2001.0,2024-2025,FRA
Jordan Amavi,22721b88,frFRA,DF,Brest,30.0,1994.0,2024-2025,FRA
Kelvin Amian,bcc81786,frFRA,DF,Nantes,26.0,1998.0,2024-2025,FRA
Michael Amir Murillo,349cae8f,paPAN,DF,Marseille,28.0,1996.0,2024-2025,FRA
Samuel Amo-Ameyaw,9eedf0e0,engENG,MF,Strasbourg,18.0,2006.0,2024-2025,FRA
Mathis Amougou,f93cca97,frFRA,MF,Saint-Étienne,18.0,2006.0,2024-2025,FRA
Benjamin André,ef9c1c95,frFRA,MF,Lille,33.0,1990.0,2024-2025,FRA
Kyllian Antonio,ea36375c,frFRA,"MF,DF",Lens,16.0,2008.0,2024-2025,FRA
Dennis Appiah,feb5d3ab,frFRA,DF,Saint-Étienne,32.0,1992.0,2024-2025,FRA
Carlens Arcus,5e837126,htHAI,DF,Angers,28.0,1996.0,2024-2025,FRA
Hákon Arnar Haraldsson,e2ae54db,isISL,MF,Lille,21.0,2003.0,2024-2025,FRA
Marco Asensio,45af8a54,esESP,"FW,MF",Paris Saint-Germain,28.0,1996.0,2024-2025,FRA
Lorenz Assignon,b026bbf6,tgTOG,"MF,DF",Rennes,24.0,2000.0,2024-2025,FRA
Dehmaine Assoumani,fb32896c,frFRA,FW,Nantes,19.0,2005.0,2024-2025,FRA
Valentin Atangana Edoa,6b5edd5d,frFRA,MF,Reims,18.0,2005.0,2024-2025,FRA
Florian Ayé,718b8afd,frFRA,FW,Auxerre,27.0,1997.0,2024-2025,FRA
André Ayew,5dbefa9d,ghGHA,FW,Le Havre,34.0,1989.0,2024-2025,FRA
Neil El Aynaoui,17e1261b,maMAR,MF,Lens,23.0,2001.0,2024-2025,FRA
Shavy Babicka,c6f0d5d4,gaGAB,MF,Toulouse,24.0,2000.0,2024-2025,FRA
Theo Bair,c724745e,caCAN,FW,Auxerre,24.0,1999.0,2024-2025,FRA
Mitchel Bakker,a8567629,nlNED,"MF,DF",Lille,24.0,2000.0,2024-2025,FRA
Darryl Bakola,57de24a3,frFRA,MF,Marseille,16.0,2007.0,2024-2025,FRA
Dilane Bakwa,2b5a35e5,frFRA,MF,Strasbourg,21.0,2002.0,2024-2025,FRA
Leonardo Balerdi,7c3ed041,arARG,DF,Marseille,25.0,1999.0,2024-2025,FRA
Fodé Ballo-Touré,f449640d,snSEN,"DF,MF",Le Havre,27.0,1997.0,2024-2025,FRA
Folarin Balogun,31822f8c,usUSA,FW,Monaco,23.0,2001.0,2024-2025,FRA
Abdoulaye Bamba,7fecbcdb,ciCIV,DF,Angers,34.0,1990.0,2024-2025,FRA
Mohamed Bamba,562bf675,ciCIV,MF,Reims,19.0,2004.0,2024-2025,FRA
Valentín Barco,b9f282ec,arARG,MF,Strasbourg,20.0,2004.0,2024-2025,FRA
Bradley Barcola,a0d55a09,frFRA,FW,Paris Saint-Germain,21.0,2002.0,2024-2025,FRA
Melvin Bard,1ddbc7ca,frFRA,"DF,MF",Nice,23.0,2000.0,2024-2025,FRA
Gabriel Bares,5475a510,chSUI,MF,Montpellier,23.0,2000.0,2024-2025,FRA
Téo Barisic,70530825,hrCRO,DF,Lyon,19.0,2004.0,2024-2025,FRA
Dylan Batubinsika,37d39918,cdCOD,DF,Saint-Étienne,28.0,1996.0,2024-2025,FRA
Haris Belkebla,2b1bed19,dzALG,MF,Angers,30.0,1994.0,2024-2025,FRA
Yassin Belkhdim,e21d1928,frFRA,MF,Angers,22.0,2002.0,2024-2025,FRA
Eliesse Ben Seghir,3bd65247,maMAR,MF,Monaco,19.0,2005.0,2024-2025,FRA
Ismaël Bennacer,db092d3b,dzALG,MF,Marseille,26.0,1997.0,2024-2025,FRA
Saïd Benrahma,5a04fd92,dzALG,"FW,MF",Lyon,28.0,1995.0,2024-2025,FRA
Nabil Bentaleb,3189f61a,dzALG,MF,Lille,29.0,1994.0,2024-2025,FRA
Lucas Beraldo,b8aedf06,brBRA,DF,Paris Saint-Germain,20.0,2003.0,2024-2025,FRA
Maxime Bernauer,43750e5d,frFRA,DF,Saint-Étienne,26.0,1998.0,2024-2025,FRA
Dimitry Bertaud,380a15e2,cdCOD,GK,Montpellier,26.0,1998.0,2024-2025,FRA
Mika Biereth,a1d95db3,dkDEN,FW,Monaco,21.0,2003.0,2024-2025,FRA
Emmanuel Biumla,e5a94f46,frFRA,DF,Angers,19.0,2005.0,2024-2025,FRA
Marco Bizot,3d214e5f,nlNED,GK,Brest,33.0,1991.0,2024-2025,FRA
Ludovic Blas,6191093d,frFRA,"MF,FW",Rennes,26.0,1997.0,2024-2025,FRA
Augustine Boakye,59e9edb5,ghGHA,"MF,FW",Saint-Étienne,23.0,2000.0,2024-2025,FRA
Mathéo Bodmer,c4c45a88,frFRA,DF,Le Havre,20.0,2004.0,2024-2025,FRA
Jeremie Boga,fe012aca,ciCIV,"MF,FW",Nice,27.0,1997.0,2024-2025,FRA
Moïse Bombito,c2f23fc8,caCAN,DF,Nice,24.0,2000.0,2024-2025,FRA
Saïmon Bouabré,f40e77d9,frFRA,MF,Monaco,18.0,2006.0,2024-2025,FRA
Ayyoub Bouaddi,8006228f,frFRA,MF,Lille,16.0,2007.0,2024-2025,FRA
Badredine Bouanani,0400dd2f,dzALG,"MF,FW",Nice,19.0,2004.0,2024-2025,FRA
Benjamin Bouchouari,599f9013,maMAR,MF,Saint-Étienne,22.0,2001.0,2024-2025,FRA
Hicham Boudaoui,f9d5908e,dzALG,MF,Nice,24.0,1999.0,2024-2025,FRA
Justin Bourgault,2db7975a,frFRA,DF,Brest,18.0,2005.0,2024-2025,FRA
Benjamin Bourigeaud,20e73fac,frFRA,MF,Rennes,30.0,1994.0,2024-2025,FRA
Bilal Brahimi,02bcaf8e,dzALG,MF,Nice,24.0,2000.0,2024-2025,FRA
Lilian Brassier,5b146df3,frFRA,DF,Marseille,24.0,1999.0,2024-2025,FRA
Lilian Brassier,5b146df3,frFRA,DF,Rennes,24.0,1999.0,2024-2025,FRA
Anthony Briançon,16324e1d,frFRA,"DF,MF",Saint-Étienne,29.0,1994.0,2024-2025,FRA
Aurélio Buta,b4705807,ptPOR,DF,Reims,27.0,1997.0,2024-2025,FRA
Marcin Bułka,db87a2c4,plPOL,GK,Nice,24.0,1999.0,2024-2025,FRA
Rémy Cabella,148e136f,frFRA,MF,Lille,34.0,1990.0,2024-2025,FRA
Mathieu Cafaro,2a657da0,frFRA,"MF,FW",Saint-Étienne,27.0,1997.0,2024-2025,FRA
Duje Ćaleta-Car,94f8d10c,hrCRO,DF,Lyon,27.0,1996.0,2024-2025,FRA
Issiaga Camara,9a34200f,gnGUI,MF,Nice,19.0,2005.0,2024-2025,FRA
Lamine Camara,19c2ffa4,snSEN,MF,Monaco,20.0,2004.0,2024-2025,FRA
Mahdi Camara,8577e60a,frFRA,MF,Brest,26.0,1998.0,2024-2025,FRA
Ousmane Camara,7d3dfdfd,mlMLI,DF,Angers,21.0,2003.0,2024-2025,FRA
Axel Camblan,9f4a940f,frFRA,FW,Brest,20.0,2003.0,2024-2025,FRA
Jaydee Canvot,3684108d,frFRA,"DF,MF",Toulouse,18.0,2006.0,2024-2025,FRA
Pierrick Capelle,79b2399c,frFRA,MF,Angers,37.0,1987.0,2024-2025,FRA
Gabin Capuano,9cbf42e7,frFRA,FW,Lens,18.0,2006.0,2024-2025,FRA
Maxence Caqueret,f81ef10d,frFRA,MF,Lyon,24.0,2000.0,2024-2025,FRA
Simon Cara,3545e643,frFRA,FW,Montpellier,19.0,2005.0,2024-2025,FRA
Valentin Carboni,707b98f1,arARG,MF,Marseille,19.0,2005.0,2024-2025,FRA
Irvin Cardona,5e080f73,mtMLT,"FW,MF",Saint-Étienne,26.0,1997.0,2024-2025,FRA
Patrik Carlgren,168c50c5,seSWE,GK,Nantes,32.0,1992.0,2024-2025,FRA
Josué Casimir,481f76cf,htHAI,"MF,FW",Le Havre,22.0,2001.0,2024-2025,FRA
Cristian Cásseres Jr.,f86fe8c1,veVEN,MF,Toulouse,24.0,2000.0,2024-2025,FRA
Jean-Charles Castelletto,e0f3a1f6,cmCMR,"DF,MF",Nantes,29.0,1995.0,2024-2025,FRA
Enzo Caumont,40581e00,frFRA,MF,Angers,20.0,2004.0,2024-2025,FRA
Fabien Centonze,3c6bbbab,frFRA,DF,Nantes,28.0,1996.0,2024-2025,FRA
Brendan Chardonnet,16aa7d4c,frFRA,DF,Brest,29.0,1994.0,2024-2025,FRA
Jhoanner Chávez,649b57e9,ecECU,MF,Lens,22.0,2002.0,2024-2025,FRA
Théo Chennahi,5a5b785e,frFRA,DF,Montpellier,19.0,2005.0,2024-2025,FRA
Sidiki Cherif,78430598,frFRA,FW,Angers,17.0,2006.0,2024-2025,FRA
Rayan Cherki,b34c63a5,frFRA,"MF,FW",Lyon,20.0,2003.0,2024-2025,FRA
Lucas Chevalier,b3d76d84,frFRA,GK,Lille,22.0,2001.0,2024-2025,FRA
Pedro Chirivella,68a26d51,esESP,MF,Nantes,27.0,1997.0,2024-2025,FRA
Joris Chotard,7909ffa4,frFRA,MF,Montpellier,22.0,2001.0,2024-2025,FRA
Djaoui Cissé,576ca93f,frFRA,MF,Rennes,20.0,2004.0,2024-2025,FRA
Yoann Cissé,fd739131,frFRA,MF,Auxerre,19.0,2004.0,2024-2025,FRA
Jonathan Clauss,5219ab4a,frFRA,"MF,DF",Nice,31.0,1992.0,2024-2025,FRA
Marcus Coco,3010aefb,frFRA,DF,Nantes,28.0,1996.0,2024-2025,FRA
Alois Confais,535b0343,frFRA,"DF,MF",Le Havre,27.0,1996.0,2024-2025,FRA
Francis Coquelin,a6951bf8,frFRA,MF,Nantes,33.0,1991.0,2024-2025,FRA
Derek Cornelius,577744b8,caCAN,DF,Marseille,26.0,1997.0,2024-2025,FRA
Pierre Cornud,edeb21ff,frFRA,"DF,MF",Saint-Étienne,27.0,1996.0,2024-2025,FRA
David Costa,59948ef7,ptPOR,MF,Lens,23.0,2001.0,2024-2025,FRA
Logan Costa,bfb2056e,cvCPV,DF,Toulouse,23.0,2001.0,2024-2025,FRA
Grégoire Coudert,ca95200f,frFRA,GK,Brest,25.0,1999.0,2024-2025,FRA
Lasso Coulibaly,78310540,ciCIV,MF,Auxerre,21.0,2002.0,2024-2025,FRA
Mamadou Coulibaly,dacf856a,frFRA,MF,Monaco,20.0,2004.0,2024-2025,FRA
Soumaïla Coulibaly,9dff291c,frFRA,DF,Brest,20.0,2003.0,2024-2025,FRA
Tanguy Coulibaly,05ba9d7c,frFRA,"MF,FW",Montpellier,23.0,2001.0,2024-2025,FRA
Marius Courcoul,28ab7aba,frFRA,MF,Angers,17.0,2007.0,2024-2025,FRA
Nicolas Cozza,8f325097,frFRA,"DF,MF",Nantes,25.0,1999.0,2024-2025,FRA
Charlie Cresswell,4654e5f5,engENG,DF,Toulouse,21.0,2002.0,2024-2025,FRA
Kévin Danois,e76f6fbe,frFRA,MF,Auxerre,20.0,2004.0,2024-2025,FRA
Kevin Danso,6e33125f,atAUT,DF,Lens,25.0,1998.0,2024-2025,FRA
Dante,fd2bc67d,brBRA,DF,Nice,40.0,1983.0,2024-2025,FRA
Pape Daouda Diongue,d4925a40,snSEN,MF,Strasbourg,,,2024-2025,FRA
Mohamed Daramy,06a1d642,dkDEN,"FW,MF",Reims,22.0,2002.0,2024-2025,FRA
Jonathan David,ce50fd99,caCAN,FW,Lille,24.0,2000.0,2024-2025,FRA
Zuriko Davitashvili,88b4d2e3,geGEO,"FW,MF",Saint-Étienne,23.0,2001.0,2024-2025,FRA
Théo De Percin,afbb55d2,mqMTQ,GK,Auxerre,23.0,2001.0,2024-2025,FRA
Thibault De Smet,5fdcb075,beBEL,DF,Reims,26.0,1998.0,2024-2025,FRA
Amar Dedić,bc6e544a,baBIH,MF,Marseille,21.0,2002.0,2024-2025,FRA
Romain Del Castillo,0be95d34,frFRA,"FW,MF",Brest,28.0,1996.0,2024-2025,FRA
Thomas Delaine,8332db56,frFRA,"DF,MF",Strasbourg,32.0,1992.0,2024-2025,FRA
Andy Delort,d33c706e,dzALG,FW,Montpellier,32.0,1991.0,2024-2025,FRA
Ousmane Dembélé,b19db005,frFRA,FW,Paris Saint-Germain,27.0,1997.0,2024-2025,FRA
Rémy Descamps,477e50ce,frFRA,GK,Lyon,28.0,1996.0,2024-2025,FRA
Arthur Desmas,e8c5dd4d,frFRA,GK,Le Havre,30.0,1994.0,2024-2025,FRA
Mamadou Diakhon,331c5a98,frFRA,"MF,FW",Reims,18.0,2005.0,2024-2025,FRA
Bafodé Diakité,1bfb6fef,frFRA,DF,Lille,23.0,2001.0,2024-2025,FRA
Oumar Diakité,44435c8f,ciCIV,FW,Reims,20.0,2003.0,2024-2025,FRA
Habib Diarra,6d0fe035,snSEN,"MF,FW",Strasbourg,20.0,2004.0,2024-2025,FRA
Krépin Diatta,8104e41e,snSEN,"DF,MF",Monaco,25.0,1999.0,2024-2025,FRA
Kandet Diawara,1f038218,gnGUI,MF,Le Havre,24.0,2000.0,2024-2025,FRA
Mahamadou Diawara,1906b842,frFRA,MF,Le Havre,19.0,2005.0,2024-2025,FRA
Mahamadou Diawara,1906b842,frFRA,MF,Lyon,19.0,2005.0,2024-2025,FRA
Bamba Dieng,40774c6b,snSEN,FW,Angers,24.0,2000.0,2024-2025,FRA
Kembo Diliwidi,bd604262,frFRA,FW,Lens,18.0,2006.0,2024-2025,FRA
Sinaly Diomande,6de23ab0,ciCIV,DF,Auxerre,23.0,2001.0,2024-2025,FRA
Lois Diony,4be0b467,frFRA,FW,Angers,31.0,1992.0,2024-2025,FRA
Sérigné Diop,21ab03c8,snSEN,FW,Brest,19.0,2005.0,2024-2025,FRA
Sofiane Diop,19053e31,maMAR,"MF,FW",Nice,24.0,2000.0,2024-2025,FRA
Andy Diouf,9b5237b1,frFRA,MF,Lens,21.0,2003.0,2024-2025,FRA
Yehvann Diouf,eedea60b,snSEN,GK,Reims,24.0,1999.0,2024-2025,FRA
Assane Dioussé,7f622eef,snSEN,MF,Auxerre,26.0,1997.0,2024-2025,FRA
Álex Domínguez,f240be08,esESP,GK,Toulouse,26.0,1998.0,2024-2025,FRA
Gianluigi Donnarumma,08f5afaa,itITA,GK,Paris Saint-Germain,25.0,1999.0,2024-2025,FRA
Sékou Doucoure,135ebd39,frFRA,DF,Nantes,19.0,2005.0,2024-2025,FRA
Désiré Doué,9e7483ff,frFRA,"MF,FW",Paris Saint-Germain,19.0,2005.0,2024-2025,FRA
Guela Doué,b4ef3fb5,ciCIV,"DF,MF",Strasbourg,21.0,2002.0,2024-2025,FRA
Douglas,301c287b,brBRA,MF,Nantes,27.0,1997.0,2024-2025,FRA
Ismaël Doukouré,0512a60a,frFRA,"DF,MF",Strasbourg,21.0,2003.0,2024-2025,FRA
Kamory Doumbia,9226aa22,mlMLI,"MF,FW",Brest,21.0,2003.0,2024-2025,FRA
Amidou Doumbouya,c4d2da61,frFRA,MF,Nice,16.0,2007.0,2024-2025,FRA
Jean-Kevin Duverne,0cbc8baa,htHAI,DF,Nantes,27.0,1997.0,2024-2025,FRA
Stefan Džodić,38ef169e,rsSRB,DF,Montpellier,19.0,2005.0,2024-2025,FRA
Aron Dønnum,10cff752,noNOR,MF,Toulouse,26.0,1998.0,2024-2025,FRA
Noah Edjouma,92976f0d,frFRA,MF,Toulouse,18.0,2005.0,2024-2025,FRA
Jacques Ekomie,8d5016e6,gaGAB,"DF,MF",Angers,20.0,2003.0,2024-2025,FRA
Pierre Ekwah Elimby,830371be,frFRA,MF,Saint-Étienne,22.0,2002.0,2024-2025,FRA
Meschak Elia,5d51b074,cdCOD,FW,Nantes,26.0,1997.0,2024-2025,FRA
Breel Embolo,0b4f388a,chSUI,"FW,MF",Monaco,27.0,1997.0,2024-2025,FRA
Emanuel Emegha,a0c590b9,nlNED,FW,Strasbourg,21.0,2003.0,2024-2025,FRA
Romain Faivre,745ca0a3,frFRA,"MF,FW",Brest,26.0,1998.0,2024-2025,FRA
Khalil Fayad,faf00ab8,frFRA,"MF,FW",Montpellier,20.0,2004.0,2024-2025,FRA
Luiz Felipe,15d0c248,itITA,DF,Marseille,27.0,1997.0,2024-2025,FRA
Zinedine Ferhat,005c0807,dzALG,MF,Angers,31.0,1993.0,2024-2025,FRA
Edimilson Fernandes,3bb625ac,chSUI,"MF,DF",Brest,28.0,1996.0,2024-2025,FRA
Matias Fernandez-Pardo,0cdb6a2a,beBEL,"MF,FW",Lille,19.0,2005.0,2024-2025,FRA
Jordan Ferri,375622c5,frFRA,MF,Montpellier,32.0,1992.0,2024-2025,FRA
Karol Fila,50ac8941,plPOL,DF,Strasbourg,26.0,1998.0,2024-2025,FRA
Malick Fofana,8236f673,beBEL,"FW,MF",Lyon,19.0,2005.0,2024-2025,FRA
Rayan Fofana,ad48a336,frFRA,MF,Lens,18.0,2006.0,2024-2025,FRA
Seko Fofana,5313ed43,ciCIV,MF,Rennes,29.0,1995.0,2024-2025,FRA
Yahia Fofana,9d420dad,ciCIV,GK,Angers,23.0,2000.0,2024-2025,FRA
Lamine Fomba,2145368f,frFRA,MF,Saint-Étienne,26.0,1998.0,2024-2025,FRA
Przemysław Frankowski,00a8d210,plPOL,"MF,DF",Lens,29.0,1995.0,2024-2025,FRA
Angelo Fulgini,4b96c347,frFRA,MF,Lens,27.0,1996.0,2024-2025,FRA
Kyogo Furuhashi,fd4d5f81,jpJPN,FW,Rennes,29.0,1995.0,2024-2025,FRA
Gauthier Gallon,db3164e1,frFRA,GK,Rennes,31.0,1993.0,2024-2025,FRA
Ignatius Ganago,23c63b7f,cmCMR,MF,Nantes,25.0,1999.0,2024-2025,FRA
Ulisses Garcia,c952f633,chSUI,"DF,MF",Marseille,28.0,1996.0,2024-2025,FRA
Jean-Philippe Gbamin,6bd603db,ciCIV,MF,Nantes,28.0,1995.0,2024-2025,FRA
Mory Gbane,ab8b392c,ciCIV,"DF,MF",Reims,23.0,2000.0,2024-2025,FRA
Yann Gboho,6be41a31,frFRA,"MF,FW",Toulouse,23.0,2001.0,2024-2025,FRA
Denis Genreau,badcdcae,auAUS,MF,Toulouse,25.0,1999.0,2024-2025,FRA
Aleksandr Golovin,3708e9fa,ruRUS,MF,Monaco,28.0,1996.0,2024-2025,FRA
André Gomes,1961b2aa,ptPOR,MF,Lille,31.0,1993.0,2024-2025,FRA
Angel Gomes,645a3363,engENG,MF,Lille,23.0,2000.0,2024-2025,FRA
Carlos Gómez,76a82373,coCOL,MF,Rennes,21.0,2002.0,2024-2025,FRA
Mathieu Gorgelin,4d3e9033,frFRA,GK,Le Havre,33.0,1990.0,2024-2025,FRA
Amine Gouiri,aad56ca3,dzALG,FW,Marseille,24.0,2000.0,2024-2025,FRA
Amine Gouiri,aad56ca3,dzALG,"MF,FW",Rennes,24.0,2000.0,2024-2025,FRA
Jonathan Gradit,06c48679,frFRA,DF,Lens,31.0,1992.0,2024-2025,FRA
Samuel Grandsir,d2448564,frFRA,"FW,MF",Le Havre,27.0,1996.0,2024-2025,FRA
Mason Greenwood,58eee997,engENG,"MF,FW",Marseille,22.0,2001.0,2024-2025,FRA
Albert Grønbaek,0da5076f,dkDEN,"MF,FW",Rennes,23.0,2001.0,2024-2025,FRA
Gabriel Gudmundsson,d5d22a58,seSWE,"DF,MF",Lille,25.0,1999.0,2024-2025,FRA
Axel Gueguin,f6857b4f,frFRA,FW,Montpellier,19.0,2005.0,2024-2025,FRA
Evann Guessand,b73f17f8,ciCIV,"MF,FW",Nice,23.0,2001.0,2024-2025,FRA
Bahereba Guirassy,a08bb82c,frFRA,MF,Nantes,17.0,2006.0,2024-2025,FRA
Massadio Haïdara,5167c97e,mlMLI,DF,Brest,31.0,1992.0,2024-2025,FRA
Achraf Hakimi,e42d61c7,maMAR,DF,Paris Saint-Germain,25.0,1998.0,2024-2025,FRA
Florent Hanin,6bfb4303,dzALG,DF,Angers,34.0,1990.0,2024-2025,FRA
Amine Harit,e7d59f4f,maMAR,MF,Marseille,27.0,1997.0,2024-2025,FRA
Hans Hateboer,3b333ac3,nlNED,"DF,MF",Rennes,30.0,1994.0,2024-2025,FRA
Kjetil Haug,d3ae48eb,noNOR,GK,Toulouse,26.0,1998.0,2024-2025,FRA
Luis Henrique,f36d5624,brBRA,MF,Marseille,22.0,2001.0,2024-2025,FRA
Lucas Hernández,c3ee18ef,frFRA,DF,Paris Saint-Germain,28.0,1996.0,2024-2025,FRA
Ki-Jana Hoever,9a71e978,nlNED,"DF,MF",Auxerre,22.0,2002.0,2024-2025,FRA
Cédric Hountondji,00891164,bjBEN,DF,Angers,30.0,1994.0,2024-2025,FRA
Ilyes Housni,910e3cad,frFRA,FW,Le Havre,19.0,2005.0,2024-2025,FRA
Pierre Højbjerg,8b04d6c1,dkDEN,MF,Marseille,28.0,1995.0,2024-2025,FRA
Hafiz Ibrahim,f4f05099,ngNGA,FW,Reims,18.0,2005.0,2024-2025,FRA
George Ilenikhena,78c3ad07,ngNGA,FW,Monaco,17.0,2006.0,2024-2025,FRA
Rareş Ilie,c9f49454,roROU,MF,Nice,21.0,2003.0,2024-2025,FRA
Ismaily,cf182add,brBRA,DF,Lille,34.0,1990.0,2024-2025,FRA
Yanis Issoufou,5d004b30,frFRA,MF,Montpellier,17.0,2006.0,2024-2025,FRA
Junya Ito,dbd3a428,jpJPN,"MF,FW",Reims,31.0,1993.0,2024-2025,FRA
Jérémy Jacquet,cef70c94,frFRA,DF,Rennes,19.0,2005.0,2024-2025,FRA
Ismail Jakobs,a0415710,snSEN,DF,Monaco,24.0,1999.0,2024-2025,FRA
Jordan James,f719ad7f,wlsWAL,MF,Rennes,20.0,2004.0,2024-2025,FRA
Malcolm Jeng,8dbf56c8,seSWE,DF,Reims,19.0,2005.0,2024-2025,FRA
John Joe,fd01216a,ieIRL,MF,Reims,20.0,2003.0,2024-2025,FRA
Karl-Johan Johnsson,a56bd2ee,seSWE,GK,Strasbourg,34.0,1990.0,2024-2025,FRA
Paul Joly,5b4bc323,frFRA,"DF,MF",Auxerre,24.0,2000.0,2024-2025,FRA
Jota,8c5f1522,ptPOR,MF,Rennes,25.0,1999.0,2024-2025,FRA
Antoine Joujou,f9124307,frFRA,"MF,FW",Le Havre,21.0,2003.0,2024-2025,FRA
Jubal,56ae428b,brBRA,DF,Auxerre,30.0,1993.0,2024-2025,FRA
Abdulai Juma Bah,7b505397,slSLE,DF,Lens,18.0,2006.0,2024-2025,FRA
Hamed Junior Traorè,570bb4b9,ciCIV,MF,Auxerre,24.0,2000.0,2024-2025,FRA
Yaya Kader Fofana,cedc53d2,mlMLI,"MF,FW",Reims,20.0,2004.0,2024-2025,FRA
Tino Kadewere,7d08063d,zwZIM,MF,Nantes,28.0,1996.0,2024-2025,FRA
Arnaud Kalimuendo,bf4c41f9,frFRA,FW,Rennes,22.0,2002.0,2024-2025,FRA
Justin-Noël Kalumba,32e2163d,frFRA,FW,Angers,19.0,2004.0,2024-2025,FRA
Warren Kamanzi,a426a912,noNOR,MF,Toulouse,23.0,2000.0,2024-2025,FRA
Glen Kamara,4da9191b,fiFIN,MF,Rennes,28.0,1995.0,2024-2025,FRA
Noham Kamara,1a7cfdea,frFRA,DF,Paris Saint-Germain,17.0,2007.0,2024-2025,FRA
Nordine Kandil,c5908bc4,frFRA,MF,Strasbourg,22.0,2001.0,2024-2025,FRA
Lee Kang-in,8455ad90,krKOR,"FW,MF",Paris Saint-Germain,23.0,2001.0,2024-2025,FRA
Yassine Kechta,abefc3af,maMAR,"MF,FW",Le Havre,22.0,2002.0,2024-2025,FRA
Thilo Kehrer,51dbeea9,deGER,DF,Monaco,27.0,1996.0,2024-2025,FRA
Reda Khadra,88acf83f,deGER,"FW,MF",Reims,23.0,2001.0,2024-2025,FRA
Wahbi Khazri,2677a1de,tnTUN,"FW,MF",Montpellier,33.0,1991.0,2024-2025,FRA
Abdukodir Khusanov,d17ce930,uzUZB,DF,Lens,20.0,2004.0,2024-2025,FRA
Presnel Kimpembe,aef6e670,frFRA,DF,Paris Saint-Germain,28.0,1995.0,2024-2025,FRA
Joshua King,43458538,noNOR,"FW,MF",Toulouse,32.0,1992.0,2024-2025,FRA
Cédric Kipré,9f30e7ed,ciCIV,DF,Reims,27.0,1996.0,2024-2025,FRA
Hervé Koffi,faf873a7,bfBFA,GK,Lens,27.0,1996.0,2024-2025,FRA
Philipp Köhn,ff74841d,chSUI,GK,Monaco,26.0,1998.0,2024-2025,FRA
Koka,9fc2531b,egEGY,FW,Le Havre,31.0,1993.0,2024-2025,FRA
Randal Kolo Muani,c0b3669f,frFRA,FW,Paris Saint-Germain,25.0,1998.0,2024-2025,FRA
Geoffrey Kondogbia,cce181df,cfCTA,"DF,MF",Marseille,31.0,1993.0,2024-2025,FRA
Abdoul Koné,c1ebf5d2,frFRA,DF,Reims,19.0,2005.0,2024-2025,FRA
Amadou Koné,2eb1ec07,mlMLI,MF,Reims,19.0,2005.0,2024-2025,FRA
Ismaël Koné,e0220b70,caCAN,MF,Marseille,22.0,2002.0,2024-2025,FRA
Ismaël Koné,e0220b70,caCAN,MF,Rennes,22.0,2002.0,2024-2025,FRA
Emmanuel Koum Mbondo,cb3c6ca9,frFRA,FW,Marseille,18.0,2006.0,2024-2025,FRA
Boubakar Kouyaté,562a4799,mlMLI,DF,Montpellier,27.0,1997.0,2024-2025,FRA
Goduine Koyalipou,2659a508,cfCTA,FW,Lens,24.0,2000.0,2024-2025,FRA
Sael Kumbedi,c385bf49,frFRA,DF,Lyon,19.0,2005.0,2024-2025,FRA
Daler Kuzyaev,d4e93bab,ruRUS,MF,Le Havre,31.0,1993.0,2024-2025,FRA
Khvicha Kvaratskhelia,dea88efd,geGEO,FW,Paris Saint-Germain,23.0,2001.0,2024-2025,FRA
Rémy Labeau Lascary,c90f380c,gpGLP,"MF,FW",Lens,21.0,2003.0,2024-2025,FRA
Gaëtan Laborde,7cdda3bf,frFRA,FW,Nice,30.0,1994.0,2024-2025,FRA
Alexandre Lacazette,9dbb75ca,frFRA,FW,Lyon,33.0,1991.0,2024-2025,FRA
Younes Lachaab,fdfe71e8,frFRA,MF,Lille,19.0,2005.0,2024-2025,FRA
Alban Lafont,4e7db402,ciCIV,GK,Nantes,25.0,1999.0,2024-2025,FRA
Kenny Lala,770d7eb8,mgMAD,DF,Brest,32.0,1991.0,2024-2025,FRA
Mohamed Lamine Bayo,01870104,gnGUI,FW,Lille,26.0,1998.0,2024-2025,FRA
Gautier Larsonneur,b49729cb,frFRA,GK,Saint-Étienne,27.0,1997.0,2024-2025,FRA
Julien Le Cardinal,547a72ad,frFRA,DF,Brest,26.0,1997.0,2024-2025,FRA
Jérémy Le Douaron,88c4d190,frFRA,FW,Brest,26.0,1998.0,2024-2025,FRA
Benjamin Lecomte,2fa2a875,frFRA,GK,Montpellier,33.0,1991.0,2024-2025,FRA
Pierre Lees-Melou,f5044e54,frFRA,MF,Brest,31.0,1993.0,2024-2025,FRA
Jordan Lefort,c3e4ecbb,frFRA,DF,Angers,30.0,1993.0,2024-2025,FRA
Félix Lemaréchal,8ca9415f,frFRA,"MF,FW",Strasbourg,20.0,2003.0,2024-2025,FRA
Donovan Léon,51c83a90,gfGUF,GK,Auxerre,31.0,1992.0,2024-2025,FRA
Esteban Lepaul,85ce1949,frFRA,FW,Angers,24.0,2000.0,2024-2025,FRA
Johann Lepenant,1e52971c,frFRA,MF,Nantes,21.0,2002.0,2024-2025,FRA
Louis Leroux,88972aa9,frFRA,"MF,DF",Nantes,18.0,2006.0,2024-2025,FRA
Pol Lirola,ff800ed8,esESP,DF,Marseille,26.0,1997.0,2024-2025,FRA
Gautier Lloris,ac89503b,frFRA,DF,Le Havre,29.0,1995.0,2024-2025,FRA
Bradley Locko,40221fa7,frFRA,DF,Brest,22.0,2002.0,2024-2025,FRA
Elysée Logbo,daa11a4f,frFRA,FW,Le Havre,20.0,2004.0,2024-2025,FRA
Anthony Lopes,f00de885,ptPOR,GK,Nantes,33.0,1990.0,2024-2025,FRA
Jordan Lotomba,fc4cf6a7,chSUI,"DF,MF",Nice,25.0,1998.0,2024-2025,FRA
Tom Louchet,f999e9be,frFRA,"DF,MF",Nice,21.0,2003.0,2024-2025,FRA
Milos Lukovic,b1c7a35e,rsSRB,FW,Strasbourg,18.0,2005.0,2024-2025,FRA
Othmane Maamma,5bdb4a7b,maMAR,MF,Montpellier,18.0,2005.0,2024-2025,FRA
Deiver Machado,b3f8bdef,coCOL,"DF,MF",Lens,30.0,1993.0,2024-2025,FRA
Lanroy Machine,e7cf1d4c,frFRA,MF,Angers,18.0,2005.0,2024-2025,FRA
Yvann Macon,0bb6e193,frFRA,DF,Saint-Étienne,25.0,1998.0,2024-2025,FRA
Eros Maddy,0ed50019,nlNED,"FW,MF",Auxerre,23.0,2001.0,2024-2025,FRA
Soungoutou Magassa,dfc5d4fa,frFRA,MF,Monaco,20.0,2003.0,2024-2025,FRA
Hugo Magnetti,d4d35152,frFRA,MF,Brest,26.0,1998.0,2024-2025,FRA
Frank Magri,42fdb11d,cmCMR,FW,Toulouse,24.0,1999.0,2024-2025,FRA
Ainsley Maitland-Niles,e3a5814e,engENG,"DF,MF",Lyon,26.0,1997.0,2024-2025,FRA
Radosław Majecki,20de219a,plPOL,GK,Monaco,24.0,1999.0,2024-2025,FRA
Hamidou Makalou,8fe2fb2a,mlMLI,MF,Brest,18.0,2006.0,2024-2025,FRA
Nikola Maksimović,16b9d5cf,rsSRB,DF,Montpellier,32.0,1991.0,2024-2025,FRA
Aaron Malouda,4fe2648c,frFRA,FW,Lille,18.0,2005.0,2024-2025,FRA
Hianga Mananga Mbock,0f86995c,frFRA,MF,Brest,24.0,1999.0,2024-2025,FRA
Steve Mandanda,1d2d5cc8,frFRA,GK,Rennes,39.0,1985.0,2024-2025,FRA
Aïssa Mandi,fbd6378b,dzALG,DF,Lille,32.0,1991.0,2024-2025,FRA
Orel Mangala,a572e291,beBEL,MF,Lyon,26.0,1998.0,2024-2025,FRA
Sekou Mara,3544641e,frFRA,"FW,MF",Strasbourg,22.0,2002.0,2024-2025,FRA
Marquinhos,d5f2f82b,brBRA,DF,Paris Saint-Germain,30.0,1994.0,2024-2025,FRA
Ange Martial Tia,13579ed2,mlMLI,MF,Reims,17.0,2006.0,2024-2025,FRA
Jonas Martin,468fdbad,frFRA,MF,Brest,34.0,1990.0,2024-2025,FRA
Han-Noah Massengo,eba1e557,frFRA,MF,Auxerre,23.0,2001.0,2024-2025,FRA
Clinton Mata,55abe554,aoANG,DF,Lyon,31.0,1992.0,2024-2025,FRA
Eliot Matazo,15944afd,beBEL,MF,Monaco,22.0,2002.0,2024-2025,FRA
Nemanja Matić,eb7822d7,rsSRB,MF,Lyon,35.0,1988.0,2024-2025,FRA
Rudy Matondo,64b170af,frFRA,MF,Auxerre,16.0,2008.0,2024-2025,FRA
Azor Matusiwa,a17a94d6,nlNED,MF,Rennes,26.0,1998.0,2024-2025,FRA
Neal Maupay,4bcf39f6,frFRA,FW,Marseille,27.0,1996.0,2024-2025,FRA
Christian Mawissa,2c70d915,frFRA,DF,Monaco,19.0,2005.0,2024-2025,FRA
Senny Mayulu,bac89b96,frFRA,MF,Paris Saint-Germain,18.0,2006.0,2024-2025,FRA
Ethan Mbappé,d595de71,frFRA,MF,Lille,17.0,2006.0,2024-2025,FRA
Ibrahim Mbaye,201b4ee4,snSEN,FW,Paris Saint-Germain,16.0,2008.0,2024-2025,FRA
Mark McKenzie,a5f5d094,usUSA,DF,Toulouse,25.0,1999.0,2024-2025,FRA
Facundo Medina,6f5ec8bb,arARG,DF,Lens,25.0,1999.0,2024-2025,FRA
Henrik Meister,e1a873eb,dkDEN,FW,Rennes,20.0,2003.0,2024-2025,FRA
Bamo Meïté,04ac78d2,ciCIV,DF,Montpellier,22.0,2001.0,2024-2025,FRA
Bamo Meïté,04ac78d2,ciCIV,DF,Marseille,22.0,2001.0,2024-2025,FRA
Kader Meïté,424cbbb3,frFRA,FW,Rennes,16.0,2007.0,2024-2025,FRA
Farid El Melali,d21e361a,dzALG,"MF,FW",Angers,27.0,1997.0,2024-2025,FRA
Nuno Mendes,f20e4cc9,ptPOR,DF,Paris Saint-Germain,22.0,2002.0,2024-2025,FRA
Antoine Mendy,3322e296,snSEN,"DF,MF",Nice,20.0,2004.0,2024-2025,FRA
Nampalys Mendy,1598599e,snSEN,MF,Lens,32.0,1992.0,2024-2025,FRA
Gideon Mensah,9bdd8118,ghGHA,"DF,MF",Auxerre,26.0,1998.0,2024-2025,FRA
Quentin Merlin,0bfca6a1,frFRA,"MF,DF",Marseille,22.0,2002.0,2024-2025,FRA
Rafik Messali,bbc86fc4,frFRA,MF,Toulouse,21.0,2003.0,2024-2025,FRA
Thomas Meunier,e162b013,beBEL,DF,Lille,32.0,1991.0,2024-2025,FRA
Lucas Michal,0c7b1c91,frFRA,FW,Monaco,19.0,2005.0,2024-2025,FRA
Georges Mikautadze,4788cb6b,geGEO,"FW,MF",Lyon,23.0,2000.0,2024-2025,FRA
Igor Miladinović,3ba938b6,rsSRB,MF,Saint-Étienne,21.0,2003.0,2024-2025,FRA
Takumi Minamino,f833a830,jpJPN,MF,Monaco,29.0,1995.0,2024-2025,FRA
Lucas Mincarelli,02b3733e,frFRA,DF,Montpellier,20.0,2004.0,2024-2025,FRA
Terem Moffi,065dc209,ngNGA,FW,Nice,25.0,1999.0,2024-2025,FRA
Mostafa Mohamed,595e6f3e,egEGY,FW,Nantes,26.0,1997.0,2024-2025,FRA
Florent Mollet,7e82a78f,frFRA,MF,Nantes,32.0,1991.0,2024-2025,FRA
Diego Moreira,12de1b0d,beBEL,"MF,DF",Strasbourg,19.0,2004.0,2024-2025,FRA
Gabriel Moscardo,709d3f52,brBRA,MF,Reims,18.0,2005.0,2024-2025,FRA
Yael Mouanga,153e48e0,frFRA,DF,Montpellier,19.0,2005.0,2024-2025,FRA
Aimen Moueffek,2591b066,frFRA,MF,Saint-Étienne,23.0,2001.0,2024-2025,FRA
Youssoufa Moukoko,6ce43701,deGER,FW,Nice,19.0,2004.0,2024-2025,FRA
Louis Mouton,c37823fe,frFRA,MF,Saint-Étienne,22.0,2002.0,2024-2025,FRA
Ngal'Ayel Mukau,bb461b8a,cdCOD,MF,Lille,19.0,2004.0,2024-2025,FRA
Marshall Munetsi,2acf0cd7,zwZIM,MF,Reims,28.0,1996.0,2024-2025,FRA
Almoatasem Al Musrati,cd6a1a59,lyLBY,MF,Monaco,28.0,1996.0,2024-2025,FRA
Junior Mwanga,ee158be5,frFRA,MF,Le Havre,21.0,2003.0,2024-2025,FRA
Junior Mwanga,ee158be5,frFRA,MF,Strasbourg,21.0,2003.0,2024-2025,FRA
Loïc N'Gatta,b1fe3000,frFRA,DF,Auxerre,20.0,2003.0,2024-2025,FRA
Djylian N'Guessan,63b27fab,frFRA,FW,Saint-Étienne,15.0,2008.0,2024-2025,FRA
Mickael Nade,a6b6fa6e,frFRA,DF,Saint-Étienne,25.0,1999.0,2024-2025,FRA
Bilal Nadir,226673c2,maMAR,MF,Marseille,20.0,2003.0,2024-2025,FRA
Mahamadou Nagida,8bfbf257,cmCMR,MF,Rennes,19.0,2005.0,2024-2025,FRA
Keito Nakamura,d97af612,jpJPN,"MF,FW",Reims,24.0,2000.0,2024-2025,FRA
Sebastian Nanasi,ce747d2a,seSWE,"MF,FW",Strasbourg,22.0,2002.0,2024-2025,FRA
Yael Nandjou,35f311ec,frFRA,DF,Nice,19.0,2005.0,2024-2025,FRA
Youssouf Ndayishimiye,65c55288,biBDI,DF,Nice,25.0,1998.0,2024-2025,FRA
Junior Ndiaye,03412e45,aeUAE,FW,Montpellier,19.0,2005.0,2024-2025,FRA
Rassoul Ndiaye,36f65bdf,snSEN,MF,Le Havre,22.0,2001.0,2024-2025,FRA
Wilfried Ndollo,f2b7d401,cmCMR,DF,Montpellier,19.0,2005.0,2024-2025,FRA
Tanguy Ndombele,5cdddffa,frFRA,MF,Nice,27.0,1996.0,2024-2025,FRA
Loïc Nego,c3b6fa1e,huHUN,"DF,MF",Le Havre,33.0,1991.0,2024-2025,FRA
João Neves,c2a15a27,ptPOR,"MF,DF",Paris Saint-Germain,19.0,2004.0,2024-2025,FRA
Mikayil Ngor Faye,b37ae816,snSEN,DF,Rennes,20.0,2004.0,2024-2025,FRA
Steve Ngoura,731f1f5a,frFRA,FW,Le Havre,19.0,2005.0,2024-2025,FRA
Bernard Nguene,95915bb5,cmCMR,FW,Nice,17.0,2006.0,2024-2025,FRA
Moussa Niakhate,00242715,snSEN,DF,Lyon,28.0,1996.0,2024-2025,FRA
Abdoulaye Niakhate Ndiaye,b8cd2ae4,snSEN,DF,Brest,22.0,2002.0,2024-2025,FRA
Ibrahima Niane,46faabfa,snSEN,FW,Angers,25.0,1999.0,2024-2025,FRA
Rasmus Nicolaisen,3f319bb9,dkDEN,DF,Toulouse,27.0,1997.0,2024-2025,FRA
Arnaud Nordin,7b9a9e25,frFRA,"MF,FW",Montpellier,26.0,1998.0,2024-2025,FRA
Plamedi Nsingi,ab90a99b,,FW,Nantes,23.0,2000.0,2024-2025,FRA
Ernest Nuamah,234a703c,ghGHA,"MF,FW",Lyon,20.0,2003.0,2024-2025,FRA
Rabby Nzingoula,627c7a3d,frFRA,MF,Montpellier,18.0,2005.0,2024-2025,FRA
M'Bala Nzola,a4948e67,aoANG,FW,Lens,27.0,1996.0,2024-2025,FRA
Marwann Nzuzi,165787d9,frFRA,DF,Saint-Étienne,20.0,2004.0,2024-2025,FRA
Hamzat Ojediran,25124a21,ngNGA,MF,Lens,20.0,2003.0,2024-2025,FRA
Joseph Okumu,039f1983,keKEN,DF,Reims,27.0,1997.0,2024-2025,FRA
Kazeem Olaigbe,f3ec7e64,beBEL,"MF,FW",Rennes,21.0,2003.0,2024-2025,FRA
Ben Old,e14e818c,nzNZL,"MF,FW",Saint-Étienne,21.0,2002.0,2024-2025,FRA
Warmed Omari,4534a352,kmCOM,DF,Lyon,24.0,2000.0,2024-2025,FRA
Becir Omeragic,c284d6fb,chSUI,DF,Montpellier,22.0,2002.0,2024-2025,FRA
Andrew Omobamidele,c393a6c4,ieIRL,DF,Strasbourg,22.0,2002.0,2024-2025,FRA
Ado Onaiwu,ff4df82e,jpJPN,"MF,FW",Auxerre,28.0,1995.0,2024-2025,FRA
Christopher Operi,914bb955,ciCIV,"MF,DF",Le Havre,27.0,1997.0,2024-2025,FRA
Fredrik Oppegard,c0347e9b,noNOR,"MF,DF",Auxerre,21.0,2002.0,2024-2025,FRA
Victor Orakpo,cbfb7cd7,ngNGA,FW,Nice,18.0,2006.0,2024-2025,FRA
Ike Orazi,60e53ba1,ieIRL,FW,Reims,17.0,2007.0,2024-2025,FRA
Gift Orban,de17db90,ngNGA,FW,Lyon,22.0,2002.0,2024-2025,FRA
Gabriel Osho,cd889153,ngNGA,DF,Auxerre,25.0,1998.0,2024-2025,FRA
Jibril Othman,967bb460,tnTUN,FW,Saint-Étienne,20.0,2004.0,2024-2025,FRA
Abdoul Ouattara,d028b5e5,frFRA,"MF,FW",Strasbourg,18.0,2005.0,2024-2025,FRA
Kassoum Ouattara,6620c21a,frFRA,"MF,DF",Monaco,19.0,2004.0,2024-2025,FRA
Zinédine Ould Khaled,6b4436ba,frFRA,MF,Angers,24.0,2000.0,2024-2025,FRA
Beres Owusu,32c61db3,frFRA,DF,Saint-Étienne,20.0,2003.0,2024-2025,FRA
Elisha Owusu,e2781082,ghGHA,MF,Auxerre,26.0,1997.0,2024-2025,FRA
Willian Pacho,ecbe2839,ecECU,DF,Paris Saint-Germain,22.0,2001.0,2024-2025,FRA
Nicolas Pallois,779847d6,frFRA,DF,Nantes,36.0,1987.0,2024-2025,FRA
Nicolas Pays,b9f2c759,frFRA,"MF,FW",Montpellier,20.0,2003.0,2024-2025,FRA
Kévin Pedro,ff1f24ca,frFRA,DF,Saint-Étienne,18.0,2006.0,2024-2025,FRA
Jordan Pefok,b684a484,usUSA,FW,Reims,28.0,1996.0,2024-2025,FRA
Théo Pellenard,97fb4608,frFRA,DF,Auxerre,30.0,1994.0,2024-2025,FRA
Timothee Pembele,f8ce97ca,frFRA,"DF,MF",Le Havre,21.0,2002.0,2024-2025,FRA
Faris Pemi Moumbagna,58aae0a9,cmCMR,FW,Marseille,24.0,2000.0,2024-2025,FRA
Óscar Perea,57bc72ea,coCOL,MF,Strasbourg,18.0,2005.0,2024-2025,FRA
Mathias Pereira Lage,8846a40f,ptPOR,"MF,FW",Brest,27.0,1996.0,2024-2025,FRA
Lucas Perri,5dbd461a,brBRA,GK,Lyon,26.0,1997.0,2024-2025,FRA
Gaëtan Perrin,10dd88f9,frFRA,MF,Auxerre,28.0,1996.0,2024-2025,FRA
Prosper Peter,1bfb331d,ngNGA,FW,Angers,16.0,2007.0,2024-2025,FRA
Léo Pétrot,00638016,frFRA,DF,Saint-Étienne,27.0,1997.0,2024-2025,FRA
Đorđe Petrović,0cf321c8,rsSRB,GK,Strasbourg,24.0,1999.0,2024-2025,FRA
Tom Pouilly,dafce747,frFRA,DF,Lens,21.0,2003.0,2024-2025,FRA
Adrien Rabiot,8794e251,frFRA,MF,Marseille,29.0,1995.0,2024-2025,FRA
Gonçalo Ramos,f63cda26,ptPOR,FW,Paris Saint-Germain,23.0,2001.0,2024-2025,FRA
Lilian Raolisoa,79a793b7,frFRA,"DF,MF",Angers,24.0,2000.0,2024-2025,FRA
Rayan Raveloson,fb3236a7,mgMAD,"MF,DF",Auxerre,27.0,1997.0,2024-2025,FRA
Guillaume Restes,6b91b999,frFRA,GK,Toulouse,19.0,2005.0,2024-2025,FRA
Alexsandro Ribeiro,102c9665,brBRA,DF,Lille,24.0,1999.0,2024-2025,FRA
Alejandro Rodriguez,fbe1cf6b,ptPOR,FW,Lyon,16.0,2008.0,2024-2025,FRA
Valentin Rongier,ed45c4a5,frFRA,"MF,DF",Marseille,29.0,1994.0,2024-2025,FRA
Pablo Rosario,1a6b7ea4,doDOM,"MF,DF",Nice,27.0,1997.0,2024-2025,FRA
Anthony Rouault,9b545925,frFRA,DF,Rennes,23.0,2001.0,2024-2025,FRA
Jonathan Rowe,8c12f884,engENG,"MF,FW",Marseille,21.0,2003.0,2024-2025,FRA
Fabián Ruiz Peña,c0c7ff58,esESP,MF,Paris Saint-Germain,28.0,1996.0,2024-2025,FRA
Gerónimo Rulli,625c144a,arARG,GK,Marseille,32.0,1992.0,2024-2025,FRA
Mathew Ryan,4535e4bb,auAUS,GK,Lens,32.0,1992.0,2024-2025,FRA
Emmanuel Sabbi,2e1b7c83,usUSA,"MF,FW",Le Havre,26.0,1997.0,2024-2025,FRA
Falaye Sacko,6388e356,mlMLI,DF,Montpellier,29.0,1995.0,2024-2025,FRA
Matvei Safonov,d97b252e,ruRUS,GK,Paris Saint-Germain,25.0,1999.0,2024-2025,FRA
Modibo Sagnan,76d679c7,mlMLI,DF,Montpellier,25.0,1999.0,2024-2025,FRA
Osame Sahraoui,6f9fa232,maMAR,MF,Lille,23.0,2001.0,2024-2025,FRA
Wesley Saïd,90fcf472,frFRA,FW,Lens,29.0,1995.0,2024-2025,FRA
Théo Sainte-Luce,93c942fb,frFRA,DF,Montpellier,25.0,1998.0,2024-2025,FRA
Ibrahim Salah,cad3fd4d,maMAR,"MF,FW",Brest,22.0,2001.0,2024-2025,FRA
Amine Salama,bc7cc472,frFRA,FW,Reims,24.0,2000.0,2024-2025,FRA
Mohammed Salisu,0b33f6ad,ghGHA,DF,Monaco,25.0,1999.0,2024-2025,FRA
Yoann Salmier,c3725db2,gfGUF,DF,Le Havre,31.0,1992.0,2024-2025,FRA
Mama Samba Baldé,fb14aa28,gwGNB,"FW,MF",Lyon,28.0,1995.0,2024-2025,FRA
Mama Samba Baldé,fb14aa28,gwGNB,"FW,MF",Brest,28.0,1995.0,2024-2025,FRA
Brice Samba,60d90c55,frFRA,GK,Rennes,30.0,1994.0,2024-2025,FRA
Brice Samba,60d90c55,frFRA,GK,Lens,30.0,1994.0,2024-2025,FRA
Arouna Sangante,17bb562c,snSEN,DF,Le Havre,22.0,2002.0,2024-2025,FRA
Nhoa Sangui,3f465a66,frFRA,"DF,MF",Reims,18.0,2006.0,2024-2025,FRA
Morgan Sanson,6e7f1353,frFRA,MF,Nice,29.0,1994.0,2024-2025,FRA
Baptiste Santamaria,5e22e2a4,frFRA,MF,Nice,29.0,1995.0,2024-2025,FRA
Baptiste Santamaria,5e22e2a4,frFRA,MF,Rennes,29.0,1995.0,2024-2025,FRA
Andrey Santos,dd745366,brBRA,MF,Strasbourg,20.0,2004.0,2024-2025,FRA
Tiago Santos,3eeebc87,ptPOR,"DF,MF",Lille,22.0,2002.0,2024-2025,FRA
Malang Sarr,4315f30d,frFRA,DF,Lens,25.0,1999.0,2024-2025,FRA
Mamadou Sarr,61f80c89,snSEN,DF,Strasbourg,18.0,2005.0,2024-2025,FRA
Martin Satriano,86383d0e,uyURU,FW,Lens,23.0,2001.0,2024-2025,FRA
Téji Savanier,6bde367b,frFRA,MF,Montpellier,32.0,1991.0,2024-2025,FRA
Niklas Schmidt,b9ae8560,deGER,MF,Toulouse,26.0,1998.0,2024-2025,FRA
Jérémy Sebas,0b6911e4,mqMTQ,MF,Strasbourg,21.0,2003.0,2024-2025,FRA
Alidu Seidu,cea59f02,ghGHA,DF,Rennes,24.0,2000.0,2024-2025,FRA
Hiroki Sekine,7304dd80,jpJPN,DF,Reims,21.0,2002.0,2024-2025,FRA
Marvin Senaya,1d383c10,tgTOG,DF,Strasbourg,23.0,2001.0,2024-2025,FRA
Djibril Sidibé,4c5b714f,frFRA,DF,Toulouse,32.0,1992.0,2024-2025,FRA
Vincent Sierro,92ffb8f9,chSUI,MF,Toulouse,28.0,1995.0,2024-2025,FRA
Caio Henrique Oliveira Silva,30af8b93,brBRA,DF,Monaco,27.0,1997.0,2024-2025,FRA
Abdallah Sima,fdbde523,snSEN,"FW,MF",Brest,23.0,2001.0,2024-2025,FRA
Moses Simon,5f3eaaf5,ngNGA,"FW,MF",Nantes,29.0,1995.0,2024-2025,FRA
Lassine Sinayoko,5e5249c8,mlMLI,"FW,MF",Auxerre,24.0,1999.0,2024-2025,FRA
Wilfried Singo,8b609c34,ciCIV,DF,Monaco,23.0,2000.0,2024-2025,FRA
Ayanda Sishuba,6fd76804,beBEL,MF,Rennes,19.0,2005.0,2024-2025,FRA
Ibrahim Sissoko,a170541f,mlMLI,FW,Saint-Étienne,28.0,1995.0,2024-2025,FRA
Niama Sissoko,d349f13b,mlMLI,FW,Reims,18.0,2005.0,2024-2025,FRA
Leo Skiri Østigård,b35a7399,noNOR,DF,Rennes,24.0,1999.0,2024-2025,FRA
Milan Škriniar,30f5ffa9,skSVK,DF,Paris Saint-Germain,29.0,1995.0,2024-2025,FRA
Naatan Skyttä,d7547531,fiFIN,MF,Toulouse,22.0,2002.0,2024-2025,FRA
Eduard Sobol,2ccd89a3,uaUKR,"DF,MF",Strasbourg,29.0,1995.0,2024-2025,FRA
Florian Sotoca,7a42d0df,frFRA,"FW,MF",Lens,33.0,1990.0,2024-2025,FRA
Issa Soumaré,1d8aa290,snSEN,"MF,FW",Le Havre,23.0,2000.0,2024-2025,FRA
Saidou Sow,f6b94e8d,gnGUI,DF,Strasbourg,22.0,2002.0,2024-2025,FRA
Saidou Sow,f6b94e8d,gnGUI,DF,Nantes,22.0,2002.0,2024-2025,FRA
Lucas Stassin,a47d6f3a,beBEL,FW,Saint-Étienne,19.0,2004.0,2024-2025,FRA
Enzo Sternal,c2e3ceb7,frFRA,FW,Marseille,17.0,2007.0,2024-2025,FRA
Gabriel Suazo,39b326ed,clCHI,"MF,DF",Toulouse,26.0,1997.0,2024-2025,FRA
Abakar Sylla,29c91632,ciCIV,DF,Strasbourg,21.0,2002.0,2024-2025,FRA
Issiaga Sylla,b99bec05,gnGUI,"DF,MF",Montpellier,30.0,1994.0,2024-2025,FRA
Musa Al-Taamari,f15f8b2b,joJOR,"MF,FW",Montpellier,27.0,1997.0,2024-2025,FRA
Musa Al-Taamari,f15f8b2b,joJOR,"FW,MF",Rennes,27.0,1997.0,2024-2025,FRA
Nicolás Tagliafico,f0661424,arARG,DF,Lyon,31.0,1992.0,2024-2025,FRA
Axel Tapé,75cde619,frFRA,DF,Paris Saint-Germain,16.0,2007.0,2024-2025,FRA
Florian Tardieu,ed39121c,frFRA,MF,Saint-Étienne,32.0,1992.0,2024-2025,FRA
Oussama Targhalline,abd56820,maMAR,MF,Le Havre,22.0,2002.0,2024-2025,FRA
Enzo Tchato,7f783431,cmCMR,"DF,MF",Montpellier,21.0,2002.0,2024-2025,FRA
Arnau Tenas,30670b0e,esESP,GK,Paris Saint-Germain,23.0,2001.0,2024-2025,FRA
Tanner Tessmann,ac277993,usUSA,MF,Lyon,22.0,2001.0,2024-2025,FRA
Teddy Teuma,5c26ca51,mtMLT,MF,Reims,30.0,1993.0,2024-2025,FRA
Jordan Teze,82e9b1bb,nlNED,"DF,MF",Monaco,24.0,1999.0,2024-2025,FRA
Sorba Thomas,8725a42e,wlsWAL,"MF,DF",Nantes,24.0,1999.0,2024-2025,FRA
Adrien Thomasson,c76b7567,frFRA,MF,Lens,30.0,1993.0,2024-2025,FRA
Corentin Tolisso,652d4c37,frFRA,MF,Lyon,29.0,1994.0,2024-2025,FRA
Abdoulaye Touré,ef7cd87a,gnGUI,MF,Le Havre,30.0,1994.0,2024-2025,FRA
Birama Touré,a4b798a9,mlMLI,"MF,DF",Montpellier,32.0,1992.0,2024-2025,FRA
Ousmane Toure,2a0f917e,frFRA,DF,Lille,19.0,2005.0,2024-2025,FRA
Adrien Truffert,5d0e0a1f,frFRA,"MF,DF",Rennes,22.0,2001.0,2024-2025,FRA
Vanderson,ee45fd85,brBRA,DF,Monaco,23.0,2001.0,2024-2025,FRA
Robinio Vaz,74fb9321,frFRA,FW,Marseille,17.0,2007.0,2024-2025,FRA
Jordan Veretout,4a56052c,frFRA,MF,Lyon,31.0,1993.0,2024-2025,FRA
Ben Viadere,88fe0c2d,frFRA,FW,Auxerre,18.0,2005.0,2024-2025,FRA
Vitinha,3b029691,ptPOR,MF,Paris Saint-Germain,24.0,2000.0,2024-2025,FRA
Ibrahima Wadji,c844f6f9,snSEN,FW,Saint-Étienne,29.0,1995.0,2024-2025,FRA
Elye Wahi,0d7b6576,frFRA,FW,Marseille,21.0,2003.0,2024-2025,FRA
Caleb Wiley,64796fe0,usUSA,"MF,DF",Strasbourg,19.0,2004.0,2024-2025,FRA
Christopher Wooh,b003239d,cmCMR,DF,Rennes,22.0,2001.0,2024-2025,FRA
Etienne Youte Kinkoue,12a4e38c,frFRA,DF,Le Havre,22.0,2002.0,2024-2025,FRA
Eloge Zabi,51438572,ciCIV,MF,Reims,17.0,2006.0,2024-2025,FRA
Yoram Zague,5ce497e2,frFRA,DF,Paris Saint-Germain,18.0,2006.0,2024-2025,FRA
Wilfried Zaha,b2bc3b1f,ciCIV,FW,Lyon,31.0,1992.0,2024-2025,FRA
Warren Zaïre-Emery,6b9960cf,frFRA,"MF,DF",Paris Saint-Germain,18.0,2006.0,2024-2025,FRA
Miha Zajc,83e4643e,siSVN,MF,Toulouse,30.0,1994.0,2024-2025,FRA
Denis Zakaria,384d58d9,chSUI,MF,Monaco,27.0,1996.0,2024-2025,FRA
Anass Zaroury,07d65234,maMAR,"MF,FW",Lens,23.0,2000.0,2024-2025,FRA
Nathan Zeze,fb4c5b6e,frFRA,DF,Nantes,19.0,2005.0,2024-2025,FRA
Edon Zhegrova,34a88e3e,xkKVX,MF,Lille,25.0,1999.0,2024-2025,FRA
Melvin Zinga,1d59fe9c,frFRA,GK,Angers,22.0,2002.0,2024-2025,FRA
Luck Zogbé,3725b44f,ciCIV,DF,Brest,19.0,2005.0,2024-2025,FRA
Aristide Zossou,3dcd9017,ciCIV,FW,Auxerre,19.0,2005.0,2024-2025,FRA
Yanis Zouaoui,ec724366,dzALG,"DF,MF",Le Havre,30.0,1994.0,2024-2025,FRA
Edhy Zuliani,2a74ef47,frFRA,MF,Toulouse,19.0,2004.0,2024-2025,FRA
