player,player_id,nationality,position,squad,age,birth_year,season,league
Aly Abeid,bbe88396,mrMTN,DF,Levante,19.0,1997.0,2017-2018,ESP
Antonio Adán,65d62814,esESP,GK,Real Betis,30.0,1987.0,2017-2018,ESP
Aday,5890cef1,esESP,"MF,DF",Girona,29.0,1987.0,2017-2018,ESP
Aritz Aduriz,293211e1,esESP,FW,Athletic Club,36.0,1981.0,2017-2018,ESP
Martin Agirregabiria,355c883a,esESP,DF,Alavés,21.0,1996.0,2017-2018,ESP
Imanol Agirretxe,c84c1afc,esESP,FW,Real Sociedad,30.0,1987.0,2017-2018,ESP
Matías Aguirregaray,8617e3d9,uyURU,DF,Las Palmas,28.0,1989.0,2017-2018,ESP
Ager Aketxe,c5eaff5c,esESP,MF,Athletic Club,23.0,1993.0,2017-2018,ESP
David Alba,7a4cd784,esESP,DF,Getafe,18.0,1999.0,2017-2018,ESP
Jordi Alba,4601e194,esESP,DF,Barcelona,28.0,1989.0,2017-2018,ESP
Raúl Albentosa,348e4809,esESP,DF,Dep La Coruña,28.0,1988.0,2017-2018,ESP
Paco Alcácer,a7a9d95a,esESP,"MF,FW",Barcelona,23.0,1993.0,2017-2018,ESP
Pedro Alcalá,ba71d071,esESP,DF,Girona,28.0,1989.0,2017-2018,ESP
Steve Aldo One,a8599c17,cmCMR,DF,Dep La Coruña,22.0,1995.0,2017-2018,ESP
Álex Alegría,46166b49,esESP,FW,Levante,24.0,1992.0,2017-2018,ESP
Iván Alejo,3d7e48ce,esESP,MF,Eibar,22.0,1995.0,2017-2018,ESP
Alexander,3e1858af,arARG,MF,Leganés,28.0,1988.0,2017-2018,ESP
Alexis,db0cd1ae,esESP,DF,Alavés,31.0,1985.0,2017-2018,ESP
José Alonso Lara,7e28d6f7,esESP,MF,Sevilla,17.0,2000.0,2017-2018,ESP
Sergio Álvarez,8875b8c9,esESP,GK,Celta Vigo,30.0,1986.0,2017-2018,ESP
Yeray Álvarez,3ecc11d8,esESP,DF,Athletic Club,22.0,1995.0,2017-2018,ESP
Eloi Amagat,12a875ce,esESP,MF,Girona,32.0,1985.0,2017-2018,ESP
Jordi Amat,d70a2141,idIDN,"DF,MF",Real Betis,25.0,1992.0,2017-2018,ESP
Amath,f3b1d9a2,snSEN,MF,Getafe,21.0,1996.0,2017-2018,ESP
Nordin Amrabat,7c2a398c,maMAR,"MF,FW",Leganés,30.0,1987.0,2017-2018,ESP
Jon Ander Serantes,983ccabe,esESP,GK,Leganés,27.0,1989.0,2017-2018,ESP
Florin Andone,dc008610,roROU,FW,Dep La Coruña,24.0,1993.0,2017-2018,ESP
Miguel Ángel Guerrero,b35db3f6,esESP,FW,Leganés,27.0,1990.0,2017-2018,ESP
José Ángel,3024e383,esESP,DF,Eibar,27.0,1989.0,2017-2018,ESP
Miguel Ángel Moyá,011d8c56,esESP,GK,Real Sociedad,33.0,1984.0,2017-2018,ESP
Miguel Ángel Rubio,56cafd0a,esESP,DF,Getafe,19.0,1998.0,2017-2018,ESP
Vitorino Antunes,3e4f735d,ptPOR,DF,Getafe,30.0,1987.0,2017-2018,ESP
Alberto Aquilani,ad340e17,itITA,MF,Las Palmas,33.0,1984.0,2017-2018,ESP
Mauro Arambarri,58afe001,uyURU,MF,Getafe,21.0,1995.0,2017-2018,ESP
Guilherme Arana,2b15a82a,brBRA,DF,Sevilla,20.0,1997.0,2017-2018,ESP
Sergio Araujo,080ac8d8,arARG,"FW,MF",Las Palmas,25.0,1992.0,2017-2018,ESP
Anaitz Arbilla,850c0a0d,esESP,DF,Eibar,30.0,1987.0,2017-2018,ESP
José Arnaiz,46e07328,esESP,"FW,MF",Barcelona,22.0,1995.0,2017-2018,ESP
Alejandro Arribas,cc29324e,esESP,DF,Dep La Coruña,28.0,1989.0,2017-2018,ESP
Sergio Arribas,f1ecb8b5,esESP,MF,Leganés,22.0,1995.0,2017-2018,ESP
Kepa Arrizabalaga,28d596a0,esESP,GK,Athletic Club,22.0,1994.0,2017-2018,ESP
Aythami Artiles,01ae64cd,esESP,DF,Las Palmas,31.0,1986.0,2017-2018,ESP
Sergio Asenjo,9f0ea33f,esESP,GK,Villarreal,28.0,1989.0,2017-2018,ESP
Marco Asensio,45af8a54,esESP,"MF,FW",Real Madrid,21.0,1996.0,2017-2018,ESP
Iago Aspas,7dcf86f6,esESP,FW,Celta Vigo,29.0,1987.0,2017-2018,ESP
Carlos Bacca,09a9e921,coCOL,FW,Villarreal,30.0,1986.0,2017-2018,ESP
Cédric Bakambu,0af4dcf0,cdCOD,FW,Villarreal,26.0,1991.0,2017-2018,ESP
Zakaria Bakkali,ec3efd7f,beBEL,"MF,FW",Dep La Coruña,21.0,1996.0,2017-2018,ESP
Gareth Bale,a58bb1e1,wlsWAL,"FW,MF",Real Madrid,28.0,1989.0,2017-2018,ESP
Mikel Balenziaga,1fe67e86,esESP,DF,Athletic Club,29.0,1988.0,2017-2018,ESP
Éver Banega,fa937f7a,arARG,MF,Sevilla,29.0,1988.0,2017-2018,ESP
Léo Baptistão,35f6db55,brBRA,"FW,MF",Espanyol,24.0,1992.0,2017-2018,ESP
Mariano Barbosa,aad4f74f,arARG,GK,Villarreal,33.0,1984.0,2017-2018,ESP
Enis Bardhi,cac2537b,mkMKD,MF,Levante,22.0,1995.0,2017-2018,ESP
Antonio Barragán,487d9b09,esESP,"DF,MF",Real Betis,30.0,1987.0,2017-2018,ESP
Barri,9704b62b,esESP,MF,Getafe,21.0,1995.0,2017-2018,ESP
Marc Bartra,b742cc0d,esESP,DF,Real Betis,26.0,1991.0,2017-2018,ESP
Borja Bastón,8c44e37b,esESP,FW,Málaga,24.0,1992.0,2017-2018,ESP
Jon Bautista,debc6b55,esESP,FW,Real Sociedad,22.0,1995.0,2017-2018,ESP
Paul Baysse,2515040a,frFRA,DF,Málaga,29.0,1988.0,2017-2018,ESP
Claudio Beauvue,8ca253a3,gpGLP,FW,Leganés,29.0,1988.0,2017-2018,ESP
Bebé,d8712bf9,cvCPV,MF,Eibar,27.0,1990.0,2017-2018,ESP
Wissam Ben Yedder,942b4f90,frFRA,FW,Sevilla,26.0,1990.0,2017-2018,ESP
Karim Benzema,70d74ece,frFRA,FW,Real Madrid,29.0,1987.0,2017-2018,ESP
Markel Bergara,04a65a8f,esESP,MF,Getafe,31.0,1986.0,2017-2018,ESP
Pedro Bigas,697295b1,esESP,DF,Las Palmas,26.0,1990.0,2017-2018,ESP
Rubén Blanco,967f34d3,esESP,GK,Celta Vigo,22.0,1995.0,2017-2018,ESP
Emmanuel Boateng,2e23c66b,ghGHA,FW,Levante,21.0,1996.0,2017-2018,ESP
Daniele Bonera,13b0c150,itITA,DF,Villarreal,36.0,1981.0,2017-2018,ESP
Celso Borges,b8836910,crCRC,MF,Dep La Coruña,29.0,1988.0,2017-2018,ESP
Ryad Boudebouz,1001ae82,dzALG,"MF,FW",Real Betis,27.0,1990.0,2017-2018,ESP
Yassine Bounou,f6798fc3,maMAR,GK,Girona,26.0,1991.0,2017-2018,ESP
Eneko Bóveda,1771f2c1,esESP,DF,Dep La Coruña,28.0,1988.0,2017-2018,ESP
Eneko Bóveda,1771f2c1,esESP,DF,Athletic Club,28.0,1988.0,2017-2018,ESP
Lucas Boyé,d49f3e6b,arARG,FW,Celta Vigo,21.0,1996.0,2017-2018,ESP
Darko Brašanac,4accb7e0,rsSRB,MF,Leganés,25.0,1992.0,2017-2018,ESP
Alberto Bueno,9b878773,esESP,FW,Málaga,29.0,1988.0,2017-2018,ESP
Burgui,45e304c8,esESP,"MF,FW",Alavés,23.0,1993.0,2017-2018,ESP
Sergio Busquets,5ab0ea87,esESP,MF,Barcelona,29.0,1988.0,2017-2018,ESP
Unai Bustinza,f3112790,esESP,DF,Leganés,25.0,1992.0,2017-2018,ESP
Erick Cabaco,e7ab4179,uyURU,DF,Levante,22.0,1995.0,2017-2018,ESP
Gustavo Cabral,92b4a127,arARG,DF,Celta Vigo,31.0,1985.0,2017-2018,ESP
Leandro Cabrera,69cbc8b6,uyURU,DF,Getafe,26.0,1991.0,2017-2018,ESP
Cala,fe05804b,esESP,DF,Getafe,27.0,1989.0,2017-2018,ESP
Carlos Calderón,4e2c27bb,esESP,MF,Getafe,22.0,1995.0,2017-2018,ESP
Jonathan Calleri,6922f806,arARG,FW,Las Palmas,23.0,1993.0,2017-2018,ESP
Víctor Camarasa,b2d03887,esESP,MF,Real Betis,23.0,1994.0,2017-2018,ESP
José Campaña,61220da2,esESP,MF,Levante,24.0,1993.0,2017-2018,ESP
Joel Campbell,895ff3ca,crCRC,MF,Real Betis,25.0,1992.0,2017-2018,ESP
Sergio Canales,a6de370d,esESP,"MF,FW",Real Sociedad,26.0,1991.0,2017-2018,ESP
João Cancelo,bd6351cd,ptPOR,MF,Valencia,23.0,1994.0,2017-2018,ESP
Ander Capa,37f1cf47,esESP,DF,Eibar,25.0,1992.0,2017-2018,ESP
Lionel Carole,5b5724d2,frFRA,DF,Sevilla,26.0,1991.0,2017-2018,ESP
Yannick Carrasco,de39485a,beBEL,MF,Atlético Madrid,23.0,1993.0,2017-2018,ESP
Daniel Carriço,e1deea75,ptPOR,DF,Sevilla,28.0,1988.0,2017-2018,ESP
Federico Cartabia,a8e6bebf,arARG,MF,Dep La Coruña,24.0,1993.0,2017-2018,ESP
Dani Carvajal,4958bfb2,esESP,DF,Real Madrid,25.0,1992.0,2017-2018,ESP
Casemiro,4d224fe8,brBRA,MF,Real Madrid,25.0,1992.0,2017-2018,ESP
Kiko Casilla,58bc7d18,esESP,GK,Real Madrid,30.0,1986.0,2017-2018,ESP
Dani Castellano,21d4e122,esESP,DF,Las Palmas,29.0,1987.0,2017-2018,ESP
Javi Castellano,dac68523,esESP,MF,Las Palmas,29.0,1987.0,2017-2018,ESP
Samu Castillejo,130a7a3f,esESP,MF,Villarreal,22.0,1995.0,2017-2018,ESP
Chory Castro,8cc3d96e,uyURU,MF,Málaga,32.0,1984.0,2017-2018,ESP
Jonny Castro,e28868f3,esESP,DF,Celta Vigo,23.0,1994.0,2017-2018,ESP
Rubén Castro,d109f62b,esESP,FW,Real Betis,36.0,1981.0,2017-2018,ESP
Dani Ceballos,c0617e2b,esESP,MF,Real Madrid,20.0,1996.0,2017-2018,ESP
Emanuel Cecchini,5c256395,arARG,MF,Málaga,20.0,1996.0,2017-2018,ESP
Nereo Champagne,7a9fae62,arARG,GK,Leganés,32.0,1985.0,2017-2018,ESP
Charles,c4b8bcf4,brBRA,FW,Eibar,33.0,1984.0,2017-2018,ESP
Chema,7f203b54,esESP,DF,Levante,25.0,1992.0,2017-2018,ESP
Denis Cheryshev,0ac94a23,ruRUS,"MF,FW",Villarreal,26.0,1990.0,2017-2018,ESP
Leandro Chichizola,8d957256,arARG,GK,Las Palmas,27.0,1990.0,2017-2018,ESP
Chuca,c4af5889,esESP,MF,Villarreal,20.0,1997.0,2017-2018,ESP
Cifu,90f83973,esESP,DF,Málaga,26.0,1990.0,2017-2018,ESP
Jasper Cillessen,04ac8285,nlNED,GK,Barcelona,28.0,1989.0,2017-2018,ESP
Coke,6d8f8441,esESP,DF,Levante,30.0,1987.0,2017-2018,ESP
Emre Çolak,643b39a6,trTUR,"MF,FW",Dep La Coruña,26.0,1991.0,2017-2018,ESP
Francis Coquelin,a6951bf8,frFRA,"MF,DF",Valencia,26.0,1991.0,2017-2018,ESP
Sébastien Corchia,0e7ccfc4,frFRA,DF,Sevilla,26.0,1990.0,2017-2018,ESP
Iñigo Córdoba,49ea92be,esESP,MF,Athletic Club,20.0,1997.0,2017-2018,ESP
Ángel Correa,01eb744d,arARG,"MF,FW",Atlético Madrid,22.0,1995.0,2017-2018,ESP
Joaquín Correa,45b9b619,arARG,"MF,FW",Sevilla,22.0,1994.0,2017-2018,ESP
Diego Costa,a190d597,esESP,FW,Atlético Madrid,28.0,1988.0,2017-2018,ESP
Jaume Costa,808d48f3,esESP,DF,Villarreal,29.0,1988.0,2017-2018,ESP
Philippe Coutinho,0ef89a37,brBRA,"MF,FW",Barcelona,25.0,1992.0,2017-2018,ESP
Juan Cruz,cc2dd8a5,esESP,MF,Málaga,17.0,2000.0,2017-2018,ESP
Iván Cuéllar,75751c99,esESP,GK,Leganés,33.0,1984.0,2017-2018,ESP
Sergi Darder,070a3904,esESP,MF,Espanyol,23.0,1993.0,2017-2018,ESP
Salem Al-Dawsari,60ee859c,saKSA,"DF,FW",Villarreal,25.0,1991.0,2017-2018,ESP
Ousmane Dembélé,b19db005,frFRA,"MF,FW",Barcelona,20.0,1997.0,2017-2018,ESP
Ermedin Demirović,ed79b7d3,baBIH,FW,Alavés,19.0,1998.0,2017-2018,ESP
Gerard Deulofeu,39583cfd,esESP,"MF,FW",Barcelona,23.0,1994.0,2017-2018,ESP
Adrián Diéguez,70438d35,esESP,DF,Alavés,21.0,1996.0,2017-2018,ESP
Lucas Digne,1b84dbe1,frFRA,DF,Barcelona,24.0,1993.0,2017-2018,ESP
Papakouli Diop,7329018e,snSEN,MF,Espanyol,31.0,1986.0,2017-2018,ESP
Papakouli Diop,7329018e,snSEN,MF,Eibar,31.0,1986.0,2017-2018,ESP
Djené,a4971d84,tgTOG,DF,Getafe,25.0,1991.0,2017-2018,ESP
Marko Dmitrović,ac295d9e,rsSRB,GK,Eibar,25.0,1992.0,2017-2018,ESP
Jaume Doménech,c9cb972b,esESP,GK,Valencia,26.0,1990.0,2017-2018,ESP
Mauro dos Santos,ec699fdd,arARG,DF,Leganés,28.0,1989.0,2017-2018,ESP
Cheick Doukouré,e208bcc8,ciCIV,MF,Levante,24.0,1992.0,2017-2018,ESP
Óscar Duarte,aa0ac32d,crCRC,DF,Espanyol,28.0,1989.0,2017-2018,ESP
Rubén Duarte,1fe0492d,esESP,DF,Alavés,21.0,1995.0,2017-2018,ESP
Riza Durmisi,e5cd9da6,dkDEN,"DF,MF",Real Betis,23.0,1994.0,2017-2018,ESP
Hugo Duro,37e103f8,esESP,FW,Getafe,17.0,1999.0,2017-2018,ESP
Aritz Elustondo,f7dc2ae5,esESP,DF,Real Sociedad,23.0,1994.0,2017-2018,ESP
Rodrigo Ely,fd47b4f2,brBRA,DF,Alavés,23.0,1993.0,2017-2018,ESP
Youssef En-Nesyri,04e17fd5,maMAR,FW,Málaga,20.0,1997.0,2017-2018,ESP
Sergi Enrich,bb4b1242,esESP,FW,Eibar,27.0,1990.0,2017-2018,ESP
Javier Eraso,aec0fb6f,esESP,MF,Leganés,27.0,1990.0,2017-2018,ESP
Gonzalo Escalante,3f79a1c8,arARG,MF,Eibar,24.0,1993.0,2017-2018,ESP
Sergio Escudero,b0616e3d,esESP,DF,Sevilla,27.0,1989.0,2017-2018,ESP
Bernardo Espinosa,4242011c,coCOL,DF,Girona,28.0,1989.0,2017-2018,ESP
Oghenekaro Etebo,b579e83d,ngNGA,MF,Las Palmas,21.0,1995.0,2017-2018,ESP
Beñat Etxebarria,b037bd4f,esESP,MF,Athletic Club,30.0,1987.0,2017-2018,ESP
Xabier Etxeita,4a895384,esESP,DF,Athletic Club,29.0,1987.0,2017-2018,ESP
Edu Expósito,283c7121,esESP,MF,Dep La Coruña,20.0,1996.0,2017-2018,ESP
Erik Expósito,07d67579,esESP,FW,Las Palmas,21.0,1996.0,2017-2018,ESP
Imoh Ezekiel,9243fea6,ngNGA,MF,Las Palmas,23.0,1993.0,2017-2018,ESP
Fayçal Fajr,79135368,maMAR,MF,Getafe,28.0,1988.0,2017-2018,ESP
Zouhair Feddal,89151b16,maMAR,DF,Real Betis,28.0,1989.0,2017-2018,ESP
Andrés Fernández,307fcd26,esESP,GK,Villarreal,30.0,1986.0,2017-2018,ESP
Augusto Fernández,78c40e94,arARG,MF,Atlético Madrid,31.0,1986.0,2017-2018,ESP
Carlos Fernández,e08647d6,esESP,FW,Sevilla,21.0,1996.0,2017-2018,ESP
Raúl Fernández,6fb59070,esESP,GK,Levante,29.0,1988.0,2017-2018,ESP
Junior Firpo,24f59bb2,doDOM,"DF,MF",Real Betis,20.0,1996.0,2017-2018,ESP
Mathieu Flamini,148d4105,frFRA,MF,Getafe,33.0,1984.0,2017-2018,ESP
Andreu Fontàs,0f138d5a,esESP,DF,Celta Vigo,27.0,1989.0,2017-2018,ESP
Pablo Fornals,82927de4,esESP,"FW,MF",Villarreal,21.0,1996.0,2017-2018,ESP
Javi Fuego,2e8fc160,esESP,MF,Villarreal,33.0,1984.0,2017-2018,ESP
Javi Fuego,2e8fc160,esESP,MF,Espanyol,33.0,1984.0,2017-2018,ESP
Gabi,65d750b5,esESP,MF,Atlético Madrid,34.0,1983.0,2017-2018,ESP
Gabriel,0d10333c,brBRA,MF,Leganés,23.0,1993.0,2017-2018,ESP
Nicolás Gaitán,7ebfac0f,arARG,MF,Atlético Madrid,29.0,1988.0,2017-2018,ESP
Álex Gálvez,960fb42d,esESP,DF,Las Palmas,28.0,1989.0,2017-2018,ESP
Álex Gálvez,960fb42d,esESP,DF,Eibar,28.0,1989.0,2017-2018,ESP
Bruno Gama,6cffc9df,ptPOR,MF,Dep La Coruña,29.0,1987.0,2017-2018,ESP
Kévin Gameiro,42276181,frFRA,FW,Atlético Madrid,30.0,1987.0,2017-2018,ESP
Ganso,23593121,brBRA,MF,Sevilla,27.0,1989.0,2017-2018,ESP
Ezequiel Garay,ac3fb1be,arARG,DF,Valencia,30.0,1986.0,2017-2018,ESP
Aleix García,a10361d2,esESP,MF,Girona,20.0,1997.0,2017-2018,ESP
Borja García,e7f4603c,esESP,MF,Girona,26.0,1990.0,2017-2018,ESP
Dani García,240d3a0b,esESP,MF,Eibar,27.0,1990.0,2017-2018,ESP
David García,1250086e,esESP,DF,Las Palmas,35.0,1982.0,2017-2018,ESP
Javi García,167c1bb0,esESP,"MF,DF",Real Betis,30.0,1987.0,2017-2018,ESP
Manu García,05a4465d,esESP,MF,Alavés,31.0,1986.0,2017-2018,ESP
Raúl García,b418dbd4,esESP,MF,Athletic Club,31.0,1986.0,2017-2018,ESP
Raúl García,1a317a1b,esESP,DF,Leganés,28.0,1989.0,2017-2018,ESP
Samu García,5f7db81a,esESP,MF,Málaga,27.0,1990.0,2017-2018,ESP
Samu García,5f7db81a,esESP,MF,Levante,27.0,1990.0,2017-2018,ESP
Sergio García,2bee98fd,esESP,FW,Espanyol,34.0,1983.0,2017-2018,ESP
Mario Gaspar,fb5d47b3,esESP,DF,Villarreal,26.0,1990.0,2017-2018,ESP
Johannes Geis,294450ba,deGER,"DF,MF",Sevilla,23.0,1993.0,2017-2018,ESP
Carles Gil,11c30a46,esESP,"MF,FW",Dep La Coruña,24.0,1992.0,2017-2018,ESP
Nacho Gil,87ec1a2a,esESP,"MF,FW",Las Palmas,21.0,1995.0,2017-2018,ESP
Nacho Gil,87ec1a2a,esESP,MF,Valencia,21.0,1995.0,2017-2018,ESP
Dani Giménez,7c218bf9,esESP,GK,Real Betis,34.0,1983.0,2017-2018,ESP
Diego Godín,fc4f85b1,uyURU,DF,Atlético Madrid,31.0,1986.0,2017-2018,ESP
André Gomes,1961b2aa,ptPOR,MF,Barcelona,24.0,1993.0,2017-2018,ESP
Ibai Gómez,9d2a3d5f,esESP,MF,Alavés,27.0,1989.0,2017-2018,ESP
Maxi Gómez,4c2e9442,uyURU,FW,Celta Vigo,20.0,1996.0,2017-2018,ESP
Sergi Gómez,bc6f5f06,esESP,DF,Celta Vigo,25.0,1992.0,2017-2018,ESP
Vicente Gómez,cefb32b1,esESP,MF,Las Palmas,28.0,1988.0,2017-2018,ESP
Adrián González,57ebd662,esESP,MF,Málaga,29.0,1988.0,2017-2018,ESP
Álvaro González,42dcf26d,esESP,DF,Villarreal,27.0,1990.0,2017-2018,ESP
Bruno González,f11fe861,esESP,DF,Getafe,27.0,1990.0,2017-2018,ESP
Diego González,4ac7608e,esESP,DF,Málaga,22.0,1995.0,2017-2018,ESP
Fabio González,5418d47c,esESP,MF,Las Palmas,20.0,1997.0,2017-2018,ESP
Mario González,d189e48f,esESP,FW,Villarreal,21.0,1996.0,2017-2018,ESP
Andoni Gorosabel,6f5f82c0,esESP,DF,Real Sociedad,20.0,1996.0,2017-2018,ESP
Julio Gracia,314eeab1,esESP,MF,Real Betis,19.0,1998.0,2017-2018,ESP
Álex Granell,a25250f8,esESP,MF,Girona,28.0,1988.0,2017-2018,ESP
Esteban Granero,1b17ed86,esESP,MF,Espanyol,30.0,1987.0,2017-2018,ESP
Antoine Griezmann,df69b544,frFRA,FW,Atlético Madrid,26.0,1991.0,2017-2018,ESP
Vicente Guaita,ab13a5aa,esESP,GK,Getafe,30.0,1987.0,2017-2018,ESP
Andrés Guardado,ef322658,mxMEX,MF,Real Betis,30.0,1986.0,2017-2018,ESP
Gonçalo Guedes,e6bc67d7,ptPOR,MF,Valencia,20.0,1996.0,2017-2018,ESP
Ramiro Guerra,07a0baa9,uyURU,MF,Villarreal,20.0,1997.0,2017-2018,ESP
Francis Guerrero,59d53e8a,esESP,"DF,MF",Real Betis,21.0,1996.0,2017-2018,ESP
John Guidetti,99bebd12,seSWE,FW,Alavés,25.0,1992.0,2017-2018,ESP
John Guidetti,99bebd12,seSWE,FW,Celta Vigo,25.0,1992.0,2017-2018,ESP
Guilherme,8754c7ca,qaQAT,MF,Dep La Coruña,26.0,1991.0,2017-2018,ESP
Gerard Gumbau,ac454a4f,esESP,MF,Leganés,22.0,1994.0,2017-2018,ESP
Jon Guridi,4c0a6a48,esESP,MF,Real Sociedad,22.0,1995.0,2017-2018,ESP
Alejandro Gutiérrez Mozo,4410f0b0,esESP,MF,Leganés,22.0,1995.0,2017-2018,ESP
Hacen,7c689c48,mrMTN,MF,Levante,19.0,1997.0,2017-2018,ESP
Munir El Haddadi,8696bc90,maMAR,FW,Alavés,21.0,1995.0,2017-2018,ESP
Achraf Hakimi,e42d61c7,maMAR,DF,Real Madrid,18.0,1998.0,2017-2018,ESP
Alen Halilović,a6b9bd00,hrCRO,MF,Las Palmas,21.0,1996.0,2017-2018,ESP
Mario Hermoso,555f3a0b,esESP,DF,Espanyol,22.0,1995.0,2017-2018,ESP
Hernán,8c83efb6,esESP,MF,Las Palmas,26.0,1990.0,2017-2018,ESP
Héctor Hernández,76ee80ee,esESP,DF,Alavés,26.0,1991.0,2017-2018,ESP
Lucas Hernández,c3ee18ef,frFRA,DF,Atlético Madrid,21.0,1996.0,2017-2018,ESP
Luis Hernández,02d2c436,esESP,DF,Málaga,28.0,1989.0,2017-2018,ESP
Pablo Hernández,6c2f5996,clCHI,MF,Celta Vigo,30.0,1986.0,2017-2018,ESP
Theo Hernández,d4c9725f,frFRA,DF,Real Madrid,19.0,1997.0,2017-2018,ESP
Borja Herrera,4f6d9bcd,esESP,DF,Las Palmas,24.0,1993.0,2017-2018,ESP
Iago Herrerín,9109185e,esESP,GK,Athletic Club,29.0,1988.0,2017-2018,ESP
Andrew Hjulsager,2ef16f06,dkDEN,"FW,MF",Celta Vigo,22.0,1995.0,2017-2018,ESP
Brown Ideye,f519b556,ngNGA,FW,Málaga,28.0,1988.0,2017-2018,ESP
Asier Illarramendi,5ce0b5ba,esESP,MF,Real Sociedad,27.0,1990.0,2017-2018,ESP
Andrés Iniesta,cfd65a29,esESP,MF,Barcelona,33.0,1984.0,2017-2018,ESP
Takashi Inui,61bd33d0,jpJPN,MF,Eibar,29.0,1988.0,2017-2018,ESP
Gorka Iraizoz,26f2473f,esESP,GK,Girona,36.0,1981.0,2017-2018,ESP
Carlos Isaac,3e5a168c,esESP,DF,Atlético Madrid,19.0,1998.0,2017-2018,ESP
Isco,a0b4bb3e,esESP,"MF,FW",Real Madrid,25.0,1992.0,2017-2018,ESP
Manuel Iturra,000b3da6,clCHI,MF,Málaga,33.0,1984.0,2017-2018,ESP
Ander Iturraspe,6dce77a5,esESP,MF,Athletic Club,28.0,1989.0,2017-2018,ESP
Ivi,d2fa73e7,esESP,MF,Levante,23.0,1994.0,2017-2018,ESP
Adnan Januzaj,4737cebe,beBEL,"FW,MF",Real Sociedad,22.0,1995.0,2017-2018,ESP
Jason,9038c2a1,esESP,"MF,FW",Levante,23.0,1994.0,2017-2018,ESP
Álvaro Jiménez,5f5501ed,esESP,MF,Getafe,22.0,1995.0,2017-2018,ESP
Joaquín,4c5b14d2,esESP,"MF,FW",Real Betis,36.0,1981.0,2017-2018,ESP
Jony,244f57b9,esESP,MF,Málaga,26.0,1991.0,2017-2018,ESP
Joan Jordán,2a0c8ba4,esESP,MF,Eibar,23.0,1994.0,2017-2018,ESP
Willian José,d87e2cae,brBRA,FW,Real Sociedad,25.0,1991.0,2017-2018,ESP
Jozabed,9b337c7c,esESP,MF,Celta Vigo,26.0,1991.0,2017-2018,ESP
Juanfran,9ba48d64,esESP,DF,Dep La Coruña,28.0,1988.0,2017-2018,ESP
Juanfran,cfd8d664,esESP,DF,Atlético Madrid,32.0,1985.0,2017-2018,ESP
Juankar,e9a12436,esESP,"DF,MF",Málaga,27.0,1990.0,2017-2018,ESP
Juanmi,84399660,esESP,"FW,MF",Real Sociedad,24.0,1993.0,2017-2018,ESP
Juanpe,1633fc8a,esESP,DF,Girona,26.0,1991.0,2017-2018,ESP
Juanpi,d79afcfc,veVEN,MF,Málaga,23.0,1994.0,2017-2018,ESP
David Juncà,de7d40d6,esESP,"DF,MF",Eibar,23.0,1993.0,2017-2018,ESP
Aleksandar Katai,d5127c3f,rsSRB,"FW,MF",Alavés,26.0,1991.0,2017-2018,ESP
Olarenwaju Kayode,d3272fba,ngNGA,FW,Girona,24.0,1993.0,2017-2018,ESP
Keko,1512328c,esESP,MF,Málaga,25.0,1991.0,2017-2018,ESP
Kiké,e897d8ba,esESP,FW,Eibar,27.0,1989.0,2017-2018,ESP
Simon Kjær,8b8a56ce,dkDEN,DF,Sevilla,28.0,1989.0,2017-2018,ESP
Koke,55126f3b,esESP,MF,Atlético Madrid,25.0,1992.0,2017-2018,ESP
Geoffrey Kondogbia,cce181df,cfCTA,MF,Valencia,24.0,1993.0,2017-2018,ESP
Mateo Kovačić,79c0821a,hrCRO,MF,Real Madrid,23.0,1994.0,2017-2018,ESP
Maksym Koval,60713cb3,uaUKR,GK,Dep La Coruña,24.0,1992.0,2017-2018,ESP
Bojan Krkić,9fa0a0b8,esESP,FW,Alavés,26.0,1990.0,2017-2018,ESP
Michael Krohn-Dehli,1c8dc17d,dkDEN,"MF,FW",Dep La Coruña,34.0,1983.0,2017-2018,ESP
Michael Krohn-Dehli,1c8dc17d,dkDEN,MF,Sevilla,34.0,1983.0,2017-2018,ESP
Toni Kroos,6ce1f46f,deGER,MF,Real Madrid,27.0,1990.0,2017-2018,ESP
Zdravko Kuzmanović,6df0dc74,rsSRB,MF,Málaga,29.0,1987.0,2017-2018,ESP
Alberto de la Bella,8497faf7,esESP,DF,Real Sociedad,31.0,1985.0,2017-2018,ESP
Mehdi Lacen,a3a306f6,dzALG,MF,Málaga,33.0,1984.0,2017-2018,ESP
Mehdi Lacen,a3a306f6,dzALG,MF,Getafe,33.0,1984.0,2017-2018,ESP
Víctor Laguardia,b7c99b9b,esESP,DF,Alavés,27.0,1989.0,2017-2018,ESP
Aymeric Laporte,119b9a8e,esESP,DF,Athletic Club,23.0,1994.0,2017-2018,ESP
Borja Lasso,d9faee7e,esESP,MF,Sevilla,23.0,1994.0,2017-2018,ESP
Toni Lato,8e088e04,esESP,"DF,MF",Valencia,19.0,1997.0,2017-2018,ESP
Miguel Layún,ad6295d4,mxMEX,DF,Sevilla,29.0,1988.0,2017-2018,ESP
Iñigo Lekue,59b7d823,esESP,"DF,MF",Athletic Club,24.0,1993.0,2017-2018,ESP
Mauricio Lemos,dbe5a587,uyURU,"DF,MF",Las Palmas,21.0,1995.0,2017-2018,ESP
Clément Lenglet,4f28a6ff,frFRA,DF,Sevilla,22.0,1995.0,2017-2018,ESP
Pedro León,d66b9872,esESP,"MF,FW",Eibar,30.0,1986.0,2017-2018,ESP
Sergio León,0a0cc13c,esESP,FW,Real Betis,28.0,1989.0,2017-2018,ESP
Jefferson Lerma,9b5ce51a,coCOL,MF,Levante,22.0,1994.0,2017-2018,ESP
Maxime Lestienne,ac290817,beBEL,MF,Málaga,25.0,1992.0,2017-2018,ESP
Raúl Lizoain,f69e9eee,esESP,GK,Las Palmas,26.0,1991.0,2017-2018,ESP
Diego Llorente,bba30585,esESP,DF,Real Sociedad,23.0,1993.0,2017-2018,ESP
Marcos Llorente,02c15616,esESP,MF,Real Madrid,22.0,1995.0,2017-2018,ESP
Stanislav Lobotka,e1cbb531,skSVK,MF,Celta Vigo,22.0,1994.0,2017-2018,ESP
David Lombán,b43b81f1,esESP,DF,Eibar,30.0,1987.0,2017-2018,ESP
Adrián López,88a359d4,esESP,"FW,MF",Dep La Coruña,29.0,1988.0,2017-2018,ESP
Alberto López,c0de5ff5,esESP,DF,Málaga,22.0,1995.0,2017-2018,ESP
Andoni López,fc8cb238,esESP,DF,Athletic Club,21.0,1996.0,2017-2018,ESP
David López,f03f284b,esESP,"DF,MF",Espanyol,27.0,1989.0,2017-2018,ESP
Diego López,73683fa9,esESP,GK,Espanyol,35.0,1981.0,2017-2018,ESP
Iván López,576575e5,esESP,DF,Levante,23.0,1993.0,2017-2018,ESP
Javi López,ffad706e,esESP,DF,Espanyol,31.0,1986.0,2017-2018,ESP
Pedro López Muñoz,a60823a4,esESP,DF,Levante,33.0,1983.0,2017-2018,ESP
Pau López,20b9f052,esESP,GK,Espanyol,22.0,1994.0,2017-2018,ESP
Pedro López,bfa29677,esESP,GK,Real Betis,22.0,1995.0,2017-2018,ESP
Víctor López,a68856b5,esESP,MF,Alavés,20.0,1997.0,2017-2018,ESP
Anthony Lozano,38699c72,hnHON,"MF,FW",Girona,24.0,1993.0,2017-2018,ESP
Filipe Luís,e4ed2628,brBRA,DF,Atlético Madrid,31.0,1985.0,2017-2018,ESP
José Luis Gayà,b05e2dbd,esESP,DF,Valencia,22.0,1995.0,2017-2018,ESP
José Luis Morales,4a478107,esESP,"MF,FW",Levante,30.0,1987.0,2017-2018,ESP
Luisinho,a7f00c8c,ptPOR,DF,Dep La Coruña,32.0,1985.0,2017-2018,ESP
Douglas Luiz,6f7d826d,brBRA,MF,Girona,19.0,1998.0,2017-2018,ESP
Saša Lukić,c6e8cf1f,rsSRB,MF,Levante,20.0,1996.0,2017-2018,ESP
Antonio Luna,ed239245,esESP,DF,Levante,26.0,1991.0,2017-2018,ESP
Pablo Maffeo,5db04597,esESP,"MF,DF",Girona,20.0,1997.0,2017-2018,ESP
Nemanja Maksimović,00b28772,rsSRB,MF,Valencia,22.0,1995.0,2017-2018,ESP
Hugo Mallo,cb574619,esESP,DF,Celta Vigo,26.0,1991.0,2017-2018,ESP
Aïssa Mandi,fbd6378b,dzALG,DF,Real Betis,25.0,1991.0,2017-2018,ESP
Martín Mantovani,4ffb647d,arARG,DF,Leganés,33.0,1984.0,2017-2018,ESP
José Manuel Jurado,71d4e271,esESP,"MF,FW",Espanyol,31.0,1986.0,2017-2018,ESP
Marcelo,603116a7,brBRA,DF,Real Madrid,29.0,1988.0,2017-2018,ESP
Óscar de Marcos,9f323c71,esESP,"DF,MF",Athletic Club,28.0,1989.0,2017-2018,ESP
José María Giménez,f0da930c,uyURU,DF,Atlético Madrid,22.0,1995.0,2017-2018,ESP
Adrián Marín,b7f2edff,esESP,DF,Villarreal,20.0,1997.0,2017-2018,ESP
Guillermo Maripán,d9764034,clCHI,DF,Alavés,23.0,1994.0,2017-2018,ESP
Roger Martí,0ae4e09a,esESP,FW,Levante,26.0,1991.0,2017-2018,ESP
Aarón Martín,2f3e911a,esESP,DF,Espanyol,20.0,1997.0,2017-2018,ESP
Carlos Martínez,d9b0cc38,esESP,DF,Real Sociedad,31.0,1986.0,2017-2018,ESP
Emiliano Martínez,7956236f,arARG,GK,Getafe,24.0,1992.0,2017-2018,ESP
Iñigo Martínez,3fc45c73,esESP,DF,Athletic Club,26.0,1991.0,2017-2018,ESP
Iñigo Martínez,3fc45c73,esESP,DF,Real Sociedad,26.0,1991.0,2017-2018,ESP
Roger Martínez,6f0d613a,coCOL,FW,Villarreal,23.0,1994.0,2017-2018,ESP
Javier Mascherano,5070881b,arARG,DF,Barcelona,33.0,1984.0,2017-2018,ESP
Borja Mayoral,64e8ed6d,esESP,FW,Real Madrid,20.0,1997.0,2017-2018,ESP
Róbert Mazáň,30672832,skSVK,DF,Celta Vigo,23.0,1994.0,2017-2018,ESP
Álvaro Medrán,31223bcf,esESP,MF,Alavés,23.0,1994.0,2017-2018,ESP
Álvaro Medrán,31223bcf,esESP,MF,Valencia,23.0,1994.0,2017-2018,ESP
Óscar Melendo,379652be,esESP,MF,Espanyol,19.0,1997.0,2017-2018,ESP
Brais Méndez,c9e39d91,esESP,"MF,FW",Celta Vigo,20.0,1997.0,2017-2018,ESP
Gabriel Mercado,bf97c188,arARG,DF,Sevilla,30.0,1987.0,2017-2018,ESP
Sabin Merino,1d5f96d9,esESP,"MF,FW",Athletic Club,25.0,1992.0,2017-2018,ESP
Roque Mesa,7c4243d4,esESP,MF,Sevilla,28.0,1989.0,2017-2018,ESP
Lionel Messi,d70ce98e,arARG,FW,Barcelona,30.0,1987.0,2017-2018,ESP
Michel,05384ea1,brBRA,DF,Las Palmas,27.0,1990.0,2017-2018,ESP
Santi Mina,0b90bb97,esESP,FW,Valencia,21.0,1995.0,2017-2018,ESP
Yerry Mina,6d5701f2,coCOL,DF,Barcelona,22.0,1994.0,2017-2018,ESP
Ignasi Miquel,174f09a6,esESP,DF,Málaga,24.0,1992.0,2017-2018,ESP
Luka Modrić,6025fab1,hrCRO,MF,Real Madrid,31.0,1985.0,2017-2018,ESP
Johan Mojica,608f2092,coCOL,MF,Girona,24.0,1992.0,2017-2018,ESP
Jorge Molina,43f71e77,esESP,FW,Getafe,35.0,1982.0,2017-2018,ESP
Daniel Molina Orta,102fda08,esESP,MF,Celta Vigo,21.0,1996.0,2017-2018,ESP
Francisco Molinero,2cea96ce,esESP,DF,Getafe,32.0,1985.0,2017-2018,ESP
Momo,9857e65d,esESP,"MF,FW",Las Palmas,35.0,1982.0,2017-2018,ESP
Jefferson Montero,fa6561bf,ecECU,"FW,MF",Getafe,27.0,1989.0,2017-2018,ESP
Martín Montoya,5cec2487,esESP,DF,Valencia,26.0,1991.0,2017-2018,ESP
Walter Montoya,39e9c09a,arARG,FW,Sevilla,24.0,1993.0,2017-2018,ESP
Shaq Moore,3b9f859b,usUSA,DF,Levante,20.0,1996.0,2017-2018,ESP
Emre Mor,0c3f7197,trTUR,"MF,FW",Celta Vigo,20.0,1997.0,2017-2018,ESP
Sergio Mora,f0a31c00,esESP,MF,Getafe,37.0,1979.0,2017-2018,ESP
Erik Morán,6941883f,esESP,MF,Leganés,26.0,1991.0,2017-2018,ESP
Gerard Moreno,81f0781e,esESP,FW,Espanyol,25.0,1992.0,2017-2018,ESP
Héctor Moreno,5d311e8d,mxMEX,DF,Real Sociedad,29.0,1988.0,2017-2018,ESP
Marlos Moreno,8499c713,coCOL,"FW,MF",Girona,20.0,1996.0,2017-2018,ESP
Loren Morón,3aa4a3be,esESP,FW,Real Betis,23.0,1993.0,2017-2018,ESP
Pedro Mosquera,c5fa58ea,esESP,MF,Dep La Coruña,29.0,1988.0,2017-2018,ESP
Toni Moya,9e098912,esESP,MF,Atlético Madrid,19.0,1998.0,2017-2018,ESP
Álex Mula,bd207a4d,esESP,"MF,FW",Málaga,21.0,1996.0,2017-2018,ESP
Iker Muniain,c05dfb74,esESP,MF,Athletic Club,24.0,1992.0,2017-2018,ESP
Marc Muniesa,4db76f57,esESP,DF,Girona,25.0,1992.0,2017-2018,ESP
Ezequiel Muñoz,e4b8c5b6,arARG,DF,Leganés,26.0,1990.0,2017-2018,ESP
Sulley Muntari,e185aa52,ghGHA,MF,Dep La Coruña,32.0,1984.0,2017-2018,ESP
Luis Muriel,eb2fe5b6,coCOL,FW,Sevilla,26.0,1991.0,2017-2018,ESP
Jeison Murillo,b233e8e4,coCOL,DF,Valencia,25.0,1992.0,2017-2018,ESP
Fahad Al Muwallad,23f32ea1,saKSA,"FW,MF",Levante,22.0,1994.0,2017-2018,ESP
Alfred N'Diaye,7789bf63,snSEN,DF,Villarreal,27.0,1990.0,2017-2018,ESP
Nacho,2946f9a1,esESP,DF,Real Madrid,27.0,1990.0,2017-2018,ESP
Matías Nahuel,48e4c485,esESP,"MF,FW",Real Betis,20.0,1996.0,2017-2018,ESP
Naldo,a2609621,brBRA,DF,Espanyol,28.0,1988.0,2017-2018,ESP
Nano,217011a0,esESP,FW,Levante,22.0,1995.0,2017-2018,ESP
Naranjo,2a70c756,esESP,MF,Leganés,23.0,1994.0,2017-2018,ESP
Juanjo Narváez,485e4939,coCOL,MF,Real Betis,22.0,1995.0,2017-2018,ESP
Fernando Navarro,5a3f6fae,esESP,DF,Dep La Coruña,35.0,1982.0,2017-2018,ESP
Marc Navarro,c2846353,esESP,DF,Espanyol,22.0,1995.0,2017-2018,ESP
Rafa Navarro,83627094,esESP,DF,Real Betis,23.0,1994.0,2017-2018,ESP
Ximo Navarro,8db394aa,esESP,DF,Las Palmas,27.0,1990.0,2017-2018,ESP
Jesús Navas,3f10bd22,esESP,"MF,DF",Sevilla,31.0,1985.0,2017-2018,ESP
Keylor Navas,ecada4fc,crCRC,GK,Real Madrid,30.0,1986.0,2017-2018,ESP
Raúl Navas,ad178594,esESP,DF,Real Sociedad,29.0,1988.0,2017-2018,ESP
Merveille Ndockyt,32b84cec,cgCGO,"FW,MF",Getafe,19.0,1998.0,2017-2018,ESP
Neto,a9dc785c,brBRA,GK,Valencia,28.0,1989.0,2017-2018,ESP
Saúl Ñíguez,c14bc029,esESP,MF,Atlético Madrid,22.0,1994.0,2017-2018,ESP
Nolito,b2d0ec1b,esESP,"MF,FW",Sevilla,30.0,1986.0,2017-2018,ESP
Unai Núñez,be170419,esESP,DF,Athletic Club,20.0,1997.0,2017-2018,ESP
Steven Nzonzi,c7526c18,frFRA,MF,Sevilla,28.0,1988.0,2017-2018,ESP
Jan Oblak,ee8508c0,siSVN,GK,Atlético Madrid,24.0,1993.0,2017-2018,ESP
Álvaro Odriozola,1d1691ad,esESP,DF,Real Sociedad,21.0,1995.0,2017-2018,ESP
Oier Olazábal,b5bdf144,esESP,GK,Levante,27.0,1989.0,2017-2018,ESP
Paulo Oliveira,a8fbae1d,ptPOR,DF,Eibar,25.0,1992.0,2017-2018,ESP
Mathías Olivera,41c12f75,uyURU,MF,Getafe,19.0,1997.0,2017-2018,ESP
Michael Olunga,48593154,keKEN,FW,Girona,23.0,1994.0,2017-2018,ESP
Javier Ontiveros,a83d8b0c,esESP,MF,Málaga,19.0,1997.0,2017-2018,ESP
Fabián Orellana,c90977db,clCHI,MF,Eibar,31.0,1986.0,2017-2018,ESP
Mikel Oyarzabal,8c3c640c,esESP,"FW,MF",Real Sociedad,20.0,1997.0,2017-2018,ESP
Daniel Pacheco,5b2a4b8d,esESP,"FW,MF",Getafe,26.0,1991.0,2017-2018,ESP
Fernando Pacheco,97852360,esESP,GK,Alavés,25.0,1992.0,2017-2018,ESP
Costel Pantilimon,d24e154c,roROU,GK,Dep La Coruña,30.0,1987.0,2017-2018,ESP
Rubén Pardo,2306bfde,esESP,MF,Real Sociedad,24.0,1992.0,2017-2018,ESP
Nicolás Pareja,a92669f6,arARG,DF,Sevilla,33.0,1984.0,2017-2018,ESP
Daniel Parejo,7460ca0d,esESP,MF,Valencia,28.0,1989.0,2017-2018,ESP
Thomas Partey,529f49ab,ghGHA,"MF,DF",Atlético Madrid,24.0,1993.0,2017-2018,ESP
Paulinho,bb7337cc,brBRA,MF,Barcelona,29.0,1988.0,2017-2018,ESP
Gabriel Paulista,b7ca5c51,brBRA,DF,Valencia,26.0,1990.0,2017-2018,ESP
Giampaolo Pazzini,6ca663b4,itITA,FW,Levante,32.0,1984.0,2017-2018,ESP
Alfonso Pedraza,63f04c6c,esESP,"MF,DF",Alavés,21.0,1996.0,2017-2018,ESP
Rubén Peña,1f079188,esESP,"DF,MF",Eibar,26.0,1991.0,2017-2018,ESP
Gabriel Peñalba,e7375367,arARG,MF,Las Palmas,32.0,1984.0,2017-2018,ESP
Adalberto Peñaranda,4b3f2936,veVEN,"FW,MF",Málaga,20.0,1997.0,2017-2018,ESP
Andreas Pereira,6639e500,brBRA,MF,Valencia,21.0,1996.0,2017-2018,ESP
Hernán Pérez,e1cea3f7,pyPAR,MF,Alavés,28.0,1989.0,2017-2018,ESP
Hernán Pérez,e1cea3f7,pyPAR,MF,Espanyol,28.0,1989.0,2017-2018,ESP
Lucas Pérez,a300ac7e,esESP,"FW,MF",Dep La Coruña,28.0,1988.0,2017-2018,ESP
Rubén Pérez,3c7bc9bd,esESP,MF,Leganés,28.0,1989.0,2017-2018,ESP
Pablo Piatti,48e89655,arARG,MF,Espanyol,28.0,1989.0,2017-2018,ESP
Tomás Pina Isla,e54bd0a2,esESP,MF,Alavés,29.0,1987.0,2017-2018,ESP
Gerard Piqué,adfc9123,esESP,DF,Barcelona,30.0,1987.0,2017-2018,ESP
Guido Pizarro,faec2ec4,arARG,MF,Sevilla,27.0,1990.0,2017-2018,ESP
Carles Planas,72b92c4e,esESP,MF,Girona,26.0,1991.0,2017-2018,ESP
Pere Pons,29b61deb,esESP,MF,Girona,24.0,1993.0,2017-2018,ESP
Francisco Portillo,8e010ff4,esESP,MF,Getafe,27.0,1990.0,2017-2018,ESP
Portu,1bda5842,esESP,"MF,FW",Girona,25.0,1992.0,2017-2018,ESP
Sergio Postigo,474ecac8,esESP,DF,Levante,28.0,1988.0,2017-2018,ESP
Darío Poveda,cbdf7d5c,esESP,FW,Villarreal,20.0,1997.0,2017-2018,ESP
Andrés Prieto,113fb4ea,esESP,GK,Málaga,23.0,1993.0,2017-2018,ESP
Xabi Prieto,d054d8b0,esESP,MF,Real Sociedad,33.0,1983.0,2017-2018,ESP
Dani Raba,ea6a7ab4,esESP,"MF,FW",Villarreal,21.0,1995.0,2017-2018,ESP
Nemanja Radoja,b5dd3469,rsSRB,MF,Celta Vigo,24.0,1993.0,2017-2018,ESP
Ivan Rakitić,89f951b5,hrCRO,MF,Barcelona,29.0,1988.0,2017-2018,ESP
Jonás Ramalho,be3a0121,esESP,DF,Girona,24.0,1993.0,2017-2018,ESP
Benito Ramírez,db714daf,esESP,MF,Las Palmas,22.0,1995.0,2017-2018,ESP
Sandro Ramírez,833fb62e,esESP,"MF,FW",Sevilla,22.0,1995.0,2017-2018,ESP
Toño Ramírez,dc4511f3,esESP,GK,Real Sociedad,30.0,1986.0,2017-2018,ESP
Iván Ramis,d2be40f2,esESP,DF,Eibar,32.0,1984.0,2017-2018,ESP
Omar Ramos,0657888a,esESP,MF,Leganés,29.0,1988.0,2017-2018,ESP
Sergio Ramos,08511d65,esESP,DF,Real Madrid,31.0,1986.0,2017-2018,ESP
Recio,54073b28,esESP,MF,Málaga,26.0,1991.0,2017-2018,ESP
Alberto Redondo,1214f0a6,esESP,DF,Getafe,20.0,1997.0,2017-2018,ESP
Xesc Regis,4b32b2be,esESP,MF,Eibar,20.0,1996.0,2017-2018,ESP
Loïc Rémy,5c2da10f,frFRA,"MF,FW",Las Palmas,30.0,1987.0,2017-2018,ESP
Loïc Rémy,5c2da10f,frFRA,"FW,MF",Getafe,30.0,1987.0,2017-2018,ESP
Federico Ricca,54f5ce34,uyURU,DF,Málaga,22.0,1994.0,2017-2018,ESP
Diego Rico,d9ba39fc,esESP,DF,Leganés,24.0,1993.0,2017-2018,ESP
Mikel Rico,def69cd0,esESP,MF,Athletic Club,32.0,1984.0,2017-2018,ESP
Sergio Rico,5f0241b2,esESP,GK,Sevilla,23.0,1993.0,2017-2018,ESP
Asier Riesgo,581c5276,esESP,GK,Eibar,33.0,1983.0,2017-2018,ESP
Cristian Rivera,8ef81d2d,esESP,MF,Eibar,20.0,1997.0,2017-2018,ESP
Rober,c00097d2,esESP,"DF,MF",Levante,22.0,1995.0,2017-2018,ESP
Roberto,ba3ca78f,esESP,GK,Málaga,31.0,1986.0,2017-2018,ESP
Sergi Roberto,335fa267,esESP,DF,Barcelona,25.0,1992.0,2017-2018,ESP
Álex Robles,df9326db,esESP,DF,Málaga,18.0,1999.0,2017-2018,ESP
Marc Roca,da27e268,esESP,MF,Espanyol,20.0,1996.0,2017-2018,ESP
Rubén Rochina,ecd8c01e,esESP,MF,Levante,26.0,1991.0,2017-2018,ESP
Rodri,6434f10d,esESP,MF,Villarreal,21.0,1996.0,2017-2018,ESP
Rodrigo,1fb1c435,esESP,FW,Valencia,26.0,1991.0,2017-2018,ESP
Kévin Rodrigues,f1bed920,ptPOR,DF,Real Sociedad,23.0,1994.0,2017-2018,ESP
Ángel Rodríguez,8cfc2f69,esESP,FW,Getafe,30.0,1987.0,2017-2018,ESP
Iván Rodríguez,aa55fe48,esESP,DF,Málaga,21.0,1996.0,2017-2018,ESP
Diego Rolán,d1491e00,uyURU,"FW,MF",Málaga,24.0,1993.0,2017-2018,ESP
Esteban Rolón,10e25802,arARG,MF,Málaga,22.0,1995.0,2017-2018,ESP
Óscar Romero,4bc5f2b4,pyPAR,MF,Alavés,25.0,1992.0,2017-2018,ESP
Cristiano Ronaldo,dea698d9,ptPOR,FW,Real Madrid,32.0,1985.0,2017-2018,ESP
Facundo Roncaglia,51e3954c,arARG,DF,Celta Vigo,30.0,1987.0,2017-2018,ESP
Roberto Rosales,81069528,veVEN,DF,Málaga,28.0,1988.0,2017-2018,ESP
Rubén,24279b8b,esESP,GK,Dep La Coruña,33.0,1984.0,2017-2018,ESP
Aitor Ruibal,a55d8df5,esESP,"DF,FW",Real Betis,21.0,1996.0,2017-2018,ESP
Fabián Ruiz Peña,c0c7ff58,esESP,MF,Real Betis,21.0,1996.0,2017-2018,ESP
Víctor Ruiz,b3dc6eca,esESP,DF,Villarreal,28.0,1989.0,2017-2018,ESP
Antonio Rukavina,e12d7851,rsSRB,DF,Villarreal,33.0,1984.0,2017-2018,ESP
Gerónimo Rulli,625c144a,arARG,GK,Real Sociedad,25.0,1992.0,2017-2018,ESP
Enric Saborit,eb5bc3eb,esESP,"DF,MF",Athletic Club,25.0,1992.0,2017-2018,ESP
Mujaid Sadick,21164a21,esESP,DF,Dep La Coruña,17.0,2000.0,2017-2018,ESP
Armando Sadiku,8b6d1830,alALB,FW,Levante,26.0,1991.0,2017-2018,ESP
Sergi Samper,6a7586f4,esESP,MF,Las Palmas,22.0,1995.0,2017-2018,ESP
Jairo Samperio,c0a0c18f,esESP,"MF,FW",Las Palmas,24.0,1993.0,2017-2018,ESP
Mikel San José,003a5c72,esESP,MF,Athletic Club,28.0,1989.0,2017-2018,ESP
Antonio Sanabria,0a447501,pyPAR,FW,Real Betis,21.0,1996.0,2017-2018,ESP
Carlos Sánchez,50b51fac,coCOL,MF,Espanyol,31.0,1986.0,2017-2018,ESP
Sergio Sánchez,83a83b0a,esESP,DF,Espanyol,31.0,1986.0,2017-2018,ESP
Víctor Sánchez,ad4d0985,esESP,"DF,MF",Espanyol,29.0,1987.0,2017-2018,ESP
Arona Sané,22df75d8,snSEN,MF,Atlético Madrid,22.0,1995.0,2017-2018,ESP
Nicola Sansone,7eb97a8e,itITA,"FW,MF",Villarreal,25.0,1991.0,2017-2018,ESP
Christian Santos,4efd29bb,veVEN,FW,Alavés,29.0,1988.0,2017-2018,ESP
Pablo Sarabia,9744ff80,esESP,"MF,FW",Sevilla,25.0,1992.0,2017-2018,ESP
Imanol Sarriegi,b32b7d1b,esESP,MF,Eibar,22.0,1995.0,2017-2018,ESP
Stefan Savić,f6ac68c1,meMNE,DF,Atlético Madrid,26.0,1991.0,2017-2018,ESP
Fabian Schär,c8aa95da,chSUI,DF,Dep La Coruña,25.0,1991.0,2017-2018,ESP
Nélson Semedo,d04b94db,ptPOR,DF,Barcelona,23.0,1993.0,2017-2018,ESP
Rúben Semedo,c904f3d5,ptPOR,"DF,MF",Villarreal,23.0,1994.0,2017-2018,ESP
Gaku Shibasaki,d2ac648c,jpJPN,"MF,FW",Getafe,25.0,1992.0,2017-2018,ESP
Sidnei,b14d0c5d,brBRA,DF,Dep La Coruña,27.0,1989.0,2017-2018,ESP
Jaime Sierra Mateos,aaa4239e,esESP,MF,Leganés,19.0,1998.0,2017-2018,ESP
David Simón,251336da,esESP,DF,Las Palmas,28.0,1988.0,2017-2018,ESP
Dimitris Siovas,92d38e6c,grGRE,DF,Leganés,28.0,1988.0,2017-2018,ESP
Pione Sisto,fd9c4805,dkDEN,"FW,MF",Celta Vigo,22.0,1995.0,2017-2018,ESP
Antonio Sivera,9970da54,esESP,GK,Alavés,20.0,1996.0,2017-2018,ESP
Rubén Sobrino,19b776e9,esESP,"FW,MF",Alavés,25.0,1992.0,2017-2018,ESP
Carlos Soler,fed17f5a,esESP,MF,Valencia,20.0,1997.0,2017-2018,ESP
Kévin Soni,6435143e,cmCMR,MF,Girona,19.0,1998.0,2017-2018,ESP
David Soria,8f8c6934,esESP,GK,Sevilla,24.0,1993.0,2017-2018,ESP
Roberto Soriano,9d4c45d6,itITA,MF,Villarreal,26.0,1991.0,2017-2018,ESP
Cristhian Stuani,220c11f1,uyURU,FW,Girona,30.0,1986.0,2017-2018,ESP
Damián Suárez,ba5004e1,uyURU,DF,Getafe,29.0,1988.0,2017-2018,ESP
Denis Suárez,12c50af5,esESP,"MF,FW",Barcelona,23.0,1994.0,2017-2018,ESP
Leonardo Suárez,25c72b36,arARG,"FW,MF",Villarreal,21.0,1996.0,2017-2018,ESP
Luis Suárez,a6154613,uyURU,FW,Barcelona,30.0,1987.0,2017-2018,ESP
Isaac Success,f573a8bf,ngNGA,"MF,FW",Málaga,21.0,1996.0,2017-2018,ESP
Markel Susaeta,6fd1ba62,esESP,MF,Athletic Club,29.0,1987.0,2017-2018,ESP
Tana,ef345601,esESP,"MF,FW",Las Palmas,26.0,1990.0,2017-2018,ESP
Oussama Tannane,730bd100,maMAR,"MF,FW",Las Palmas,23.0,1994.0,2017-2018,ESP
Cristian Tello,72a99e38,esESP,"FW,MF",Real Betis,25.0,1991.0,2017-2018,ESP
Marc-André ter Stegen,6f51e382,deGER,GK,Barcelona,25.0,1992.0,2017-2018,ESP
David Timor,174651c8,esESP,"MF,DF",Girona,27.0,1989.0,2017-2018,ESP
Tito,7cefa219,esESP,DF,Leganés,32.0,1985.0,2017-2018,ESP
Hernán Toledo,93568a16,arARG,"MF,FW",Las Palmas,21.0,1996.0,2017-2018,ESP
Toño,d4ef9ac5,esESP,DF,Levante,27.0,1989.0,2017-2018,ESP
Daniel Torres,87882adc,coCOL,MF,Alavés,27.0,1989.0,2017-2018,ESP
Fernando Torres,bdf7b97d,esESP,FW,Atlético Madrid,33.0,1984.0,2017-2018,ESP
Ferrán Torres,9e1035f8,esESP,MF,Valencia,17.0,2000.0,2017-2018,ESP
Miguel Torres,44b61913,esESP,DF,Málaga,31.0,1986.0,2017-2018,ESP
Pau Torres,532e1e4f,esESP,DF,Villarreal,20.0,1997.0,2017-2018,ESP
Alin Toșca,322ba2df,roROU,DF,Real Betis,25.0,1992.0,2017-2018,ESP
Manu Trigueros,963829d0,esESP,MF,Villarreal,25.0,1991.0,2017-2018,ESP
Przemysław Tytoń,1fa85681,plPOL,GK,Dep La Coruña,30.0,1987.0,2017-2018,ESP
Samuel Umtiti,3eed9821,frFRA,DF,Barcelona,23.0,1993.0,2017-2018,ESP
Enes Ünal,f8eca1b6,trTUR,FW,Villarreal,20.0,1997.0,2017-2018,ESP
Enes Ünal,f8eca1b6,trTUR,FW,Levante,20.0,1997.0,2017-2018,ESP
Francis Uzoho,cfd68aa7,ngNGA,GK,Dep La Coruña,18.0,1998.0,2017-2018,ESP
Gerard Valentín,9d4c3227,esESP,"MF,DF",Dep La Coruña,24.0,1993.0,2017-2018,ESP
Borja Valle,3a6a49f7,esESP,FW,Dep La Coruña,25.0,1992.0,2017-2018,ESP
Jesús Vallejo,c2111b45,esESP,DF,Real Madrid,20.0,1997.0,2017-2018,ESP
Federico Valverde,0959c2a2,uyURU,MF,Dep La Coruña,19.0,1998.0,2017-2018,ESP
Raphaël Varane,9f8e9423,frFRA,DF,Real Madrid,24.0,1993.0,2017-2018,ESP
Franco Vázquez,467bae22,arARG,MF,Sevilla,28.0,1989.0,2017-2018,ESP
Lucas Vázquez,fd51b456,esESP,"MF,FW",Real Madrid,26.0,1991.0,2017-2018,ESP
Koke Vegas,bfb15d99,esESP,GK,Levante,21.0,1995.0,2017-2018,ESP
Carlos Vela,e0cd04e0,mxMEX,"MF,FW",Real Sociedad,28.0,1989.0,2017-2018,ESP
Thomas Vermaelen,d0d79694,beBEL,DF,Barcelona,31.0,1985.0,2017-2018,ESP
Mikel Vesga,b0fce72c,esESP,MF,Athletic Club,24.0,1993.0,2017-2018,ESP
Rúben Vezo,c67cd65c,ptPOR,DF,Valencia,23.0,1994.0,2017-2018,ESP
Aleix Vidal,04965583,esESP,"MF,FW",Barcelona,27.0,1989.0,2017-2018,ESP
Nacho Vidal,3a9c4b7b,esESP,DF,Valencia,22.0,1995.0,2017-2018,ESP
Jonathan Viera,efa708aa,esESP,MF,Las Palmas,27.0,1989.0,2017-2018,ESP
Luciano Vietto,2513a588,arARG,FW,Atlético Madrid,23.0,1993.0,2017-2018,ESP
Luciano Vietto,2513a588,arARG,FW,Valencia,23.0,1993.0,2017-2018,ESP
Carlos Vigaray,f69d934e,esESP,"DF,MF",Alavés,22.0,1994.0,2017-2018,ESP
Dídac Vilà,bad38a94,esESP,DF,Espanyol,28.0,1989.0,2017-2018,ESP
Vitolo,db750822,esESP,"FW,MF",Las Palmas,27.0,1989.0,2017-2018,ESP
Vitolo,db750822,esESP,MF,Atlético Madrid,27.0,1989.0,2017-2018,ESP
Šime Vrsaljko,46a8347f,hrCRO,"DF,MF",Atlético Madrid,25.0,1992.0,2017-2018,ESP
Wakaso,999908af,ghGHA,MF,Alavés,27.0,1990.0,2017-2018,ESP
Daniel Wass,d83bbc54,dkDEN,"MF,DF",Celta Vigo,28.0,1989.0,2017-2018,ESP
Axel Werner,c0b1a6da,arARG,GK,Atlético Madrid,21.0,1996.0,2017-2018,ESP
Iñaki Williams,6a99e0b1,ghGHA,"FW,MF",Athletic Club,23.0,1994.0,2017-2018,ESP
Yoel,61bb7498,esESP,GK,Eibar,28.0,1988.0,2017-2018,ESP
Joseba Zaldúa,5ca20b7a,esESP,DF,Leganés,25.0,1992.0,2017-2018,ESP
Simone Zaza,9592289a,itITA,FW,Valencia,26.0,1991.0,2017-2018,ESP
Nabil El Zhar,37f96552,maMAR,MF,Leganés,30.0,1986.0,2017-2018,ESP
Enzo Zidane,4cafb146,esESP,MF,Alavés,22.0,1995.0,2017-2018,ESP
Luca Zidane,c818c4d9,dzALG,GK,Real Madrid,19.0,1998.0,2017-2018,ESP
Igor Zubeldia,5c7845f6,esESP,"MF,DF",Real Sociedad,20.0,1997.0,2017-2018,ESP
David Zurutuza,d9bda115,esESP,MF,Real Sociedad,31.0,1986.0,2017-2018,ESP
Patrick van Aanholt,5f09991f,nlNED,"DF,MF",Crystal Palace,26.0,1990.0,2017-2018,EPL
Rolando Aarons,c5942695,engENG,MF,Newcastle United,21.0,1995.0,2017-2018,EPL
Tammy Abraham,f586779e,engENG,FW,Swansea City,19.0,1997.0,2017-2018,EPL
Charlie Adam,aff418dc,sctSCO,MF,Stoke City,31.0,1985.0,2017-2018,EPL
Adrián,f76e6b4e,esESP,GK,West Ham United,30.0,1987.0,2017-2018,EPL
Ibrahim Afellay,9a8c6673,nlNED,MF,Stoke City,31.0,1986.0,2017-2018,EPL
Benik Afobe,b63f4077,cdCOD,FW,Bournemouth,24.0,1993.0,2017-2018,EPL
Sergio Agüero,4d034881,arARG,FW,Manchester City,29.0,1988.0,2017-2018,EPL
Nathan Aké,eaeca114,nlNED,DF,Bournemouth,22.0,1995.0,2017-2018,EPL
Marc Albrighton,b827d5b3,engENG,MF,Leicester City,27.0,1989.0,2017-2018,EPL
Toby Alderweireld,f7d50789,beBEL,DF,Tottenham Hotspur,28.0,1989.0,2017-2018,EPL
Trent Alexander-Arnold,cd1acf9d,engENG,"DF,MF",Liverpool,18.0,1998.0,2017-2018,EPL
Joe Allen,9feb8f24,wlsWAL,MF,Stoke City,27.0,1990.0,2017-2018,EPL
Dele Alli,cea4ee8f,engENG,MF,Tottenham Hotspur,21.0,1996.0,2017-2018,EPL
Marcos Alonso,f4290206,esESP,MF,Chelsea,26.0,1990.0,2017-2018,EPL
Daniel Amartey,1a4ef233,ghGHA,DF,Leicester City,22.0,1994.0,2017-2018,EPL
Ethan Ampadu,10b9fa99,wlsWAL,"DF,MF",Chelsea,16.0,2000.0,2017-2018,EPL
Nordin Amrabat,7c2a398c,maMAR,FW,Watford,30.0,1987.0,2017-2018,EPL
Michail Antonio,ac05f970,jmJAM,"MF,FW",West Ham United,27.0,1990.0,2017-2018,EPL
Scott Arfield,b1313ec4,caCAN,MF,Burnley,28.0,1988.0,2017-2018,EPL
Marko Arnautović,00459419,atAUT,"FW,MF",West Ham United,28.0,1989.0,2017-2018,EPL
Harry Arter,2f4c5a52,ieIRL,MF,Bournemouth,27.0,1989.0,2017-2018,EPL
Christian Atsu,8816329f,ghGHA,MF,Newcastle United,25.0,1992.0,2017-2018,EPL
Pierre-Emerick Aubameyang,d5dd5f1f,gaGAB,FW,Arsenal,28.0,1989.0,2017-2018,EPL
Serge Aurier,5c2b4f07,ciCIV,"DF,MF",Tottenham Hotspur,24.0,1992.0,2017-2018,EPL
Charlie Austin,8d228291,engENG,FW,Southampton,28.0,1989.0,2017-2018,EPL
André Ayew,5dbefa9d,ghGHA,"MF,FW",West Ham United,27.0,1989.0,2017-2018,EPL
André Ayew,5dbefa9d,ghGHA,"FW,MF",Swansea City,27.0,1989.0,2017-2018,EPL
Jordan Ayew,da052c14,ghGHA,"FW,MF",Swansea City,25.0,1991.0,2017-2018,EPL
César Azpilicueta,53cad200,esESP,DF,Chelsea,27.0,1989.0,2017-2018,EPL
Eric Bailly,a1232f4e,ciCIV,DF,Manchester Utd,23.0,1994.0,2017-2018,EPL
Leighton Baines,b18095b6,engENG,"DF,MF",Everton,32.0,1984.0,2017-2018,EPL
Tiemoué Bakayoko,59bf127b,frFRA,MF,Chelsea,22.0,1994.0,2017-2018,EPL
Sam Baldock,9d597f08,engENG,"FW,MF",Brighton,28.0,1989.0,2017-2018,EPL
Beni Baningime,ca9178af,cdCOD,MF,Everton,18.0,1998.0,2017-2018,EPL
Phil Bardsley,1ae30132,sctSCO,DF,Burnley,32.0,1985.0,2017-2018,EPL
Ross Barkley,3a24769f,engENG,MF,Chelsea,23.0,1993.0,2017-2018,EPL
Ashley Barnes,2691c772,engENG,FW,Burnley,27.0,1989.0,2017-2018,EPL
Harvey Barnes,3ea50f67,engENG,"FW,MF",Leicester City,19.0,1997.0,2017-2018,EPL
Gareth Barry,7dbbe367,engENG,MF,West Bromwich Albion,36.0,1981.0,2017-2018,EPL
Kyle Bartley,18e96f64,engENG,DF,Swansea City,26.0,1991.0,2017-2018,EPL
Michy Batshuayi,2973d8ff,beBEL,FW,Chelsea,23.0,1993.0,2017-2018,EPL
Moritz Bauer,cfe6238d,atAUT,"DF,MF",Stoke City,25.0,1992.0,2017-2018,EPL
Jan Bednarek,4115ce4e,plPOL,DF,Southampton,21.0,1996.0,2017-2018,EPL
Asmir Begović,7b4de647,baBIH,GK,Bournemouth,30.0,1987.0,2017-2018,EPL
Héctor Bellerín,f874dd44,esESP,"MF,DF",Arsenal,22.0,1995.0,2017-2018,EPL
Yohan Benalouane,8309b068,tnTUN,DF,Leicester City,30.0,1987.0,2017-2018,EPL
Christian Benteke,ab070c55,beBEL,FW,Crystal Palace,26.0,1990.0,2017-2018,EPL
Saido Berahino,25b166d0,biBDI,FW,Stoke City,23.0,1993.0,2017-2018,EPL
Jóhann Berg Guðmundsson,f72293fc,isISL,MF,Burnley,26.0,1990.0,2017-2018,EPL
Ryan Bertrand,01226327,engENG,"DF,MF",Southampton,27.0,1989.0,2017-2018,EPL
Muhamed Bešić,7ca9f0f0,baBIH,"DF,MF",Everton,24.0,1992.0,2017-2018,EPL
Philip Billing,d328a254,dkDEN,MF,Huddersfield Town,21.0,1996.0,2017-2018,EPL
Mame Biram Diouf,7f4f3e49,snSEN,"MF,FW",Stoke City,29.0,1987.0,2017-2018,EPL
Daley Blind,691bef82,nlNED,"DF,MF",Manchester Utd,27.0,1990.0,2017-2018,EPL
Jeremie Boga,fe012aca,ciCIV,MF,Chelsea,20.0,1997.0,2017-2018,EPL
Yannick Bolasie,715fc0fe,cdCOD,"MF,FW",Everton,28.0,1989.0,2017-2018,EPL
Gaëtan Bong,cfd5e123,cmCMR,DF,Brighton,29.0,1988.0,2017-2018,EPL
Wilfried Bony,61abe9b6,ciCIV,FW,Swansea City,28.0,1988.0,2017-2018,EPL
Sofiane Boufal,b0c71810,maMAR,MF,Southampton,23.0,1993.0,2017-2018,EPL
Robbie Brady,96bb8cc2,ieIRL,MF,Burnley,25.0,1992.0,2017-2018,EPL
Claudio Bravo,10072610,clCHI,GK,Manchester City,34.0,1983.0,2017-2018,EPL
Miguel Britos,356a9a62,uyURU,DF,Watford,32.0,1985.0,2017-2018,EPL
Leon Britton,b92dd711,engENG,MF,Swansea City,34.0,1982.0,2017-2018,EPL
Izzy Brown,bf54c8cc,engENG,"MF,FW",Brighton,20.0,1997.0,2017-2018,EPL
Bruno,78803d03,esESP,DF,Brighton,36.0,1980.0,2017-2018,EPL
Chris Brunt,ec7e6ad1,nirNIR,"MF,DF",West Bromwich Albion,32.0,1984.0,2017-2018,EPL
Oliver Burke,f631c17f,sctSCO,FW,West Bromwich Albion,20.0,1997.0,2017-2018,EPL
Jack Butland,cc70a1d5,engENG,GK,Stoke City,24.0,1993.0,2017-2018,EPL
Sam Byram,1bf811d4,engENG,MF,West Ham United,23.0,1993.0,2017-2018,EPL
Willy Caballero,a179d516,arARG,GK,Chelsea,35.0,1981.0,2017-2018,EPL
Yohan Cabaye,ad7b19ef,frFRA,MF,Crystal Palace,31.0,1986.0,2017-2018,EPL
Gary Cahill,7914b9fe,engENG,DF,Chelsea,31.0,1985.0,2017-2018,EPL
Dominic Calvert-Lewin,59e6e5bf,engENG,"FW,MF",Everton,20.0,1997.0,2017-2018,EPL
Geoff Cameron,1a160ea3,usUSA,"MF,DF",Stoke City,32.0,1985.0,2017-2018,EPL
Tyrese Campbell,38aefb74,engENG,"FW,MF",Stoke City,17.0,1999.0,2017-2018,EPL
Emre Can,a65ce836,deGER,MF,Liverpool,23.0,1994.0,2017-2018,EPL
Étienne Capoue,5acc4a10,frFRA,MF,Watford,29.0,1988.0,2017-2018,EPL
Michael Carrick,ab7263c1,engENG,MF,Manchester Utd,36.0,1981.0,2017-2018,EPL
André Carrillo,7527558b,pePER,"MF,FW",Watford,26.0,1991.0,2017-2018,EPL
Guido Carrillo,8f898ba8,arARG,FW,Southampton,26.0,1991.0,2017-2018,EPL
Andy Carroll,b581987a,engENG,FW,West Ham United,28.0,1989.0,2017-2018,EPL
Tom Carroll,5a1900a4,engENG,MF,Swansea City,25.0,1992.0,2017-2018,EPL
Craig Cathcart,89e4b358,nirNIR,DF,Watford,28.0,1989.0,2017-2018,EPL
Petr Čech,71672fa0,czCZE,GK,Arsenal,35.0,1982.0,2017-2018,EPL
Nacer Chadli,5b54bf3b,beBEL,"MF,FW",West Bromwich Albion,27.0,1989.0,2017-2018,EPL
Nathaniel Chalobah,422862ea,engENG,MF,Watford,22.0,1994.0,2017-2018,EPL
Calum Chambers,dc6f5bdd,engENG,DF,Arsenal,22.0,1995.0,2017-2018,EPL
Ben Chilwell,d2424d1b,engENG,"DF,MF",Leicester City,20.0,1996.0,2017-2018,EPL
Hamza Choudhury,7d2d3329,bdBAN,MF,Leicester City,19.0,1997.0,2017-2018,EPL
Andreas Christensen,1cb49278,dkDEN,DF,Chelsea,21.0,1996.0,2017-2018,EPL
Lee Chung-yong,49b05a83,krKOR,FW,Crystal Palace,29.0,1988.0,2017-2018,EPL
Ciaran Clark,2b91cf8e,ieIRL,DF,Newcastle United,27.0,1989.0,2017-2018,EPL
Tom Cleverley,6cdd8245,engENG,MF,Watford,27.0,1989.0,2017-2018,EPL
Sam Clucas,987718f5,engENG,MF,Swansea City,26.0,1990.0,2017-2018,EPL
Nathaniel Clyne,0442183b,engENG,DF,Liverpool,26.0,1991.0,2017-2018,EPL
Séamus Coleman,0420d84f,ieIRL,DF,Everton,28.0,1988.0,2017-2018,EPL
James Collins,c61f1719,wlsWAL,DF,West Ham United,33.0,1983.0,2017-2018,EPL
Lewis Cook,2afc7272,engENG,MF,Bournemouth,20.0,1997.0,2017-2018,EPL
Steve Cook,3e5e4e63,engENG,DF,Bournemouth,26.0,1991.0,2017-2018,EPL
Francis Coquelin,a6951bf8,frFRA,DF,Arsenal,26.0,1991.0,2017-2018,EPL
Jack Cork,74e12f1e,engENG,MF,Burnley,28.0,1989.0,2017-2018,EPL
Thibaut Courtois,1840e36d,beBEL,GK,Chelsea,25.0,1992.0,2017-2018,EPL
Philippe Coutinho,0ef89a37,brBRA,"MF,FW",Liverpool,25.0,1992.0,2017-2018,EPL
Martin Cranie,9e53837d,engENG,DF,Huddersfield Town,30.0,1986.0,2017-2018,EPL
Aaron Cresswell,4f974391,engENG,"DF,MF",West Ham United,27.0,1989.0,2017-2018,EPL
Peter Crouch,73d9bdc7,engENG,FW,Stoke City,36.0,1981.0,2017-2018,EPL
Josh Cullen,f6d7d690,ieIRL,"DF,MF",West Ham United,21.0,1996.0,2017-2018,EPL
Charlie Daniels,9d107085,engENG,"DF,MF",Bournemouth,30.0,1986.0,2017-2018,EPL
Danilo,94b2001f,brBRA,DF,Manchester City,26.0,1991.0,2017-2018,EPL
Scott Dann,52105203,engENG,DF,Crystal Palace,30.0,1987.0,2017-2018,EPL
Karl Darlow,cde3309f,wlsWAL,GK,Newcastle United,26.0,1990.0,2017-2018,EPL
Matteo Darmian,96e0490d,itITA,DF,Manchester Utd,27.0,1989.0,2017-2018,EPL
Ben Davies,44781702,wlsWAL,"DF,MF",Tottenham Hotspur,24.0,1993.0,2017-2018,EPL
Tom Davies,9228b07c,engENG,MF,Everton,19.0,1998.0,2017-2018,EPL
Steven Davis,cf15bbb1,nirNIR,MF,Southampton,32.0,1985.0,2017-2018,EPL
Craig Dawson,3e9e06cb,engENG,DF,West Bromwich Albion,27.0,1990.0,2017-2018,EPL
Kevin De Bruyne,e46012d4,beBEL,MF,Manchester City,26.0,1991.0,2017-2018,EPL
Troy Deeney,82e34b69,engENG,FW,Watford,29.0,1988.0,2017-2018,EPL
Jermain Defoe,f1e8372d,engENG,FW,Bournemouth,34.0,1982.0,2017-2018,EPL
Steven Defour,73489527,beBEL,MF,Burnley,29.0,1988.0,2017-2018,EPL
Damien Delaney,210d9ecb,ieIRL,DF,Crystal Palace,36.0,1981.0,2017-2018,EPL
Fabian Delph,111c3236,engENG,DF,Manchester City,27.0,1989.0,2017-2018,EPL
Mousa Dembélé,f7ee69fb,beBEL,MF,Tottenham Hotspur,30.0,1987.0,2017-2018,EPL
Laurent Depoitre,aa5859cb,beBEL,FW,Huddersfield Town,28.0,1988.0,2017-2018,EPL
Mike van der Hoorn,25f50295,nlNED,DF,Swansea City,24.0,1992.0,2017-2018,EPL
Gerard Deulofeu,39583cfd,esESP,"MF,FW",Watford,23.0,1994.0,2017-2018,EPL
Fousseni Diabaté,d07e3b41,mlMLI,"MF,FW",Leicester City,21.0,1995.0,2017-2018,EPL
Mohamed Diamé,b7d082af,snSEN,MF,Newcastle United,30.0,1987.0,2017-2018,EPL
Brahim Díaz,407feb71,maMAR,"FW,MF",Manchester City,17.0,1999.0,2017-2018,EPL
Eric Dier,ac861941,engENG,"MF,DF",Tottenham Hotspur,23.0,1994.0,2017-2018,EPL
Abdoulaye Doucouré,02b29014,mlMLI,MF,Watford,24.0,1993.0,2017-2018,EPL
Aleksandar Dragović,6fd8a334,atAUT,DF,Leicester City,26.0,1991.0,2017-2018,EPL
Danny Drinkwater,2649ff32,engENG,MF,Chelsea,27.0,1990.0,2017-2018,EPL
Martin Dúbravka,3a949a25,skSVK,GK,Newcastle United,28.0,1989.0,2017-2018,EPL
Shane Duffy,7314bba4,ieIRL,DF,Brighton,25.0,1992.0,2017-2018,EPL
Paul Dummett,3fe6bd8c,wlsWAL,DF,Newcastle United,25.0,1991.0,2017-2018,EPL
Lewis Dunk,282f75f3,engENG,DF,Brighton,25.0,1991.0,2017-2018,EPL
Nathan Dyer,6dfd5af0,engENG,"FW,MF",Swansea City,29.0,1987.0,2017-2018,EPL
Ederson,3bb7b8b4,brBRA,GK,Manchester City,23.0,1993.0,2017-2018,EPL
Tom Edwards,1b780599,engENG,"DF,MF",Stoke City,18.0,1999.0,2017-2018,EPL
Rob Elliot,b1b25949,ieIRL,GK,Newcastle United,31.0,1986.0,2017-2018,EPL
Mohamed Elneny,47a34c4f,egEGY,MF,Arsenal,25.0,1992.0,2017-2018,EPL
Christian Eriksen,980522ec,dkDEN,MF,Tottenham Hotspur,25.0,1992.0,2017-2018,EPL
Jonny Evans,f8fcd2a5,nirNIR,DF,West Bromwich Albion,29.0,1988.0,2017-2018,EPL
Patrice Evra,51a3caf1,frFRA,"DF,MF",West Ham United,36.0,1981.0,2017-2018,EPL
Łukasz Fabiański,9328b835,plPOL,GK,Swansea City,32.0,1985.0,2017-2018,EPL
Cesc Fàbregas,33508c78,esESP,MF,Chelsea,30.0,1987.0,2017-2018,EPL
Marouane Fellaini,87575fd9,beBEL,MF,Manchester Utd,29.0,1987.0,2017-2018,EPL
Kiko Femenía,e5d01ecf,esESP,"MF,DF",Watford,26.0,1991.0,2017-2018,EPL
Leroy Fer,3cefa66a,nlNED,MF,Swansea City,27.0,1990.0,2017-2018,EPL
Edimilson Fernandes,3bb625ac,chSUI,MF,West Ham United,21.0,1996.0,2017-2018,EPL
Federico Fernández,f25b010f,arARG,DF,Swansea City,28.0,1989.0,2017-2018,EPL
Fernandinho,101da2b5,brBRA,MF,Manchester City,32.0,1985.0,2017-2018,EPL
Sam Field,bd8a7d05,engENG,MF,West Bromwich Albion,19.0,1998.0,2017-2018,EPL
Roberto Firmino,4c370d81,brBRA,FW,Liverpool,25.0,1991.0,2017-2018,EPL
Darren Fletcher,184e4970,sctSCO,MF,Stoke City,33.0,1984.0,2017-2018,EPL
Phil Foden,ed1e53f3,engENG,"FW,MF",Manchester City,17.0,2000.0,2017-2018,EPL
José Fonte,90f87966,ptPOR,DF,West Ham United,33.0,1983.0,2017-2018,EPL
Fraser Forster,c3e39f12,engENG,GK,Southampton,29.0,1988.0,2017-2018,EPL
Ben Foster,d0b3ceb9,engENG,GK,West Bromwich Albion,34.0,1983.0,2017-2018,EPL
Timothy Fosu-Mensah,a9142dc3,nlNED,DF,Crystal Palace,19.0,1998.0,2017-2018,EPL
Simon Francis,1e0b6a73,engENG,DF,Bournemouth,32.0,1985.0,2017-2018,EPL
Ryan Fraser,d56543a0,sctSCO,MF,Bournemouth,23.0,1994.0,2017-2018,EPL
Christian Fuchs,a67a09fb,atAUT,DF,Leicester City,31.0,1986.0,2017-2018,EPL
Jay Fulton,434ad289,sctSCO,MF,Swansea City,23.0,1994.0,2017-2018,EPL
Ramiro Funes Mori,89cbc961,arARG,DF,Everton,26.0,1991.0,2017-2018,EPL
Manolo Gabbiadini,8f866fe8,itITA,FW,Southampton,25.0,1991.0,2017-2018,EPL
Jesús Gámez,bd1d1cbb,esESP,DF,Newcastle United,32.0,1985.0,2017-2018,EPL
Idrissa Gana Gueye,72c812f3,snSEN,MF,Everton,27.0,1989.0,2017-2018,EPL
Dwight Gayle,e58a03c6,engENG,FW,Newcastle United,26.0,1990.0,2017-2018,EPL
Paulo Gazzaniga,63d17038,arARG,GK,Tottenham Hotspur,25.0,1992.0,2017-2018,EPL
David de Gea,7ba6d84e,esESP,GK,Manchester Utd,26.0,1990.0,2017-2018,EPL
Kieran Gibbs,46ee5234,engENG,"DF,MF",West Bromwich Albion,27.0,1989.0,2017-2018,EPL
Olivier Giroud,16ceb862,frFRA,FW,Arsenal,30.0,1986.0,2017-2018,EPL
Olivier Giroud,16ceb862,frFRA,FW,Chelsea,30.0,1986.0,2017-2018,EPL
Connor Goldson,56f6f826,engENG,DF,Brighton,24.0,1992.0,2017-2018,EPL
Heurelho Gomes,d596e193,brBRA,GK,Watford,36.0,1981.0,2017-2018,EPL
Joe Gomez,7a11550b,engENG,DF,Liverpool,20.0,1997.0,2017-2018,EPL
Dan Gosling,7fec31a0,engENG,MF,Bournemouth,27.0,1990.0,2017-2018,EPL
Lee Grant,9dab6e3b,engENG,GK,Stoke City,34.0,1983.0,2017-2018,EPL
Andre Gray,c24dba2a,jmJAM,FW,Watford,26.0,1991.0,2017-2018,EPL
Demarai Gray,4468ec10,jmJAM,MF,Leicester City,21.0,1996.0,2017-2018,EPL
Pascal Groß,8aec0537,deGER,"MF,FW",Brighton,26.0,1991.0,2017-2018,EPL
Marko Grujić,8b8e759d,rsSRB,MF,Liverpool,21.0,1996.0,2017-2018,EPL
İlkay Gündoğan,819b3158,deGER,MF,Manchester City,26.0,1990.0,2017-2018,EPL
Florent Hadergjonaj,9aa186b2,xkKVX,"DF,MF",Huddersfield Town,23.0,1994.0,2017-2018,EPL
Massadio Haïdara,5167c97e,mlMLI,"DF,MF",Newcastle United,24.0,1992.0,2017-2018,EPL
Ben Hamer,d822a850,engENG,GK,Leicester City,29.0,1987.0,2017-2018,EPL
Rekeem Harper,3c066877,engENG,MF,West Bromwich Albion,17.0,2000.0,2017-2018,EPL
Joe Hart,cb4f24c6,engENG,GK,West Ham United,30.0,1987.0,2017-2018,EPL
Isaac Hayden,c951a6df,jmJAM,MF,Newcastle United,22.0,1995.0,2017-2018,EPL
Eden Hazard,a39bb753,beBEL,"FW,MF",Chelsea,26.0,1991.0,2017-2018,EPL
Tom Heaton,a6de6361,engENG,GK,Burnley,31.0,1986.0,2017-2018,EPL
Michael Hefele,91bdc54a,deGER,DF,Huddersfield Town,26.0,1990.0,2017-2018,EPL
Ahmed Hegazi,5540c9dc,egEGY,DF,West Bromwich Albion,26.0,1991.0,2017-2018,EPL
Tomer Hemed,27d7453c,ilISR,FW,Brighton,30.0,1987.0,2017-2018,EPL
Jordan Henderson,935e6b8f,engENG,MF,Liverpool,27.0,1990.0,2017-2018,EPL
Jeff Hendrick,989d5705,ieIRL,MF,Burnley,25.0,1992.0,2017-2018,EPL
Wayne Hennessey,76eca7e2,wlsWAL,GK,Crystal Palace,30.0,1987.0,2017-2018,EPL
Javier Hernández,189cee7b,mxMEX,FW,West Ham United,29.0,1988.0,2017-2018,EPL
Ander Herrera,436a9dd0,esESP,MF,Manchester Utd,27.0,1989.0,2017-2018,EPL
Son Heung-min,92e7e919,krKOR,"MF,FW",Tottenham Hotspur,25.0,1992.0,2017-2018,EPL
Wesley Hoedt,875898c7,nlNED,DF,Southampton,23.0,1994.0,2017-2018,EPL
Jonathan Hogg,9306d5ea,engENG,MF,Huddersfield Town,28.0,1988.0,2017-2018,EPL
Rob Holding,d79a8c87,engENG,DF,Arsenal,21.0,1995.0,2017-2018,EPL
José Holebas,12aa7661,grGRE,"DF,MF",Watford,33.0,1984.0,2017-2018,EPL
Mason Holgate,d0042ab9,jmJAM,"DF,MF",Everton,20.0,1996.0,2017-2018,EPL
Callum Hudson-Odoi,15f3ec41,engENG,"FW,MF",Chelsea,16.0,2000.0,2017-2018,EPL
Will Hughes,a0666d3e,engENG,MF,Watford,22.0,1995.0,2017-2018,EPL
Jordan Hugill,a36d4785,engENG,FW,West Ham United,25.0,1992.0,2017-2018,EPL
Uwe Hünemeier,f42456eb,deGER,DF,Brighton,31.0,1986.0,2017-2018,EPL
Emerson Hyndman,3be1a627,usUSA,MF,Bournemouth,21.0,1996.0,2017-2018,EPL
Pierre Højbjerg,8b04d6c1,dkDEN,MF,Southampton,21.0,1995.0,2017-2018,EPL
Jordon Ibe,9f736ed2,engENG,MF,Bournemouth,21.0,1995.0,2017-2018,EPL
Vicente Iborra,ad1ffcfd,esESP,MF,Leicester City,29.0,1988.0,2017-2018,EPL
Zlatan Ibrahimović,4cde5509,seSWE,MF,Manchester Utd,35.0,1981.0,2017-2018,EPL
Kelechi Iheanacho,c92e1a31,ngNGA,"MF,FW",Leicester City,20.0,1996.0,2017-2018,EPL
Tom Ince,67d23ab0,engENG,MF,Huddersfield Town,25.0,1992.0,2017-2018,EPL
Danny Ings,07802f7f,engENG,FW,Liverpool,25.0,1992.0,2017-2018,EPL
Stephen Ireland,bcf30f17,ieIRL,MF,Stoke City,30.0,1986.0,2017-2018,EPL
Alex Iwobi,6ca5ec4b,ngNGA,"MF,FW",Arsenal,21.0,1996.0,2017-2018,EPL
José Izquierdo,ca2bc3df,coCOL,MF,Brighton,25.0,1992.0,2017-2018,EPL
Phil Jagielka,3233eefd,engENG,DF,Everton,34.0,1982.0,2017-2018,EPL
Eldin Jakupović,1148323a,chSUI,GK,Leicester City,32.0,1984.0,2017-2018,EPL
Matty James,ebd0a048,engENG,MF,Leicester City,26.0,1991.0,2017-2018,EPL
Daryl Janmaat,45da6694,nlNED,"DF,MF",Watford,28.0,1989.0,2017-2018,EPL
Vincent Janssen,31dce0c8,nlNED,FW,Tottenham Hotspur,23.0,1994.0,2017-2018,EPL
Jesé,4a537185,esESP,"FW,MF",Stoke City,24.0,1993.0,2017-2018,EPL
Gabriel Jesus,b66315ae,brBRA,FW,Manchester City,20.0,1997.0,2017-2018,EPL
Glen Johnson,8cceca90,engENG,"DF,MF",Stoke City,32.0,1984.0,2017-2018,EPL
Phil Jones,def899bd,engENG,DF,Manchester Utd,25.0,1992.0,2017-2018,EPL
Joselu,6265208f,esESP,FW,Newcastle United,27.0,1990.0,2017-2018,EPL
Mathias Jørgensen,0db5d2c8,dkDEN,DF,Huddersfield Town,27.0,1990.0,2017-2018,EPL
Christian Kabasele,914ab9a1,beBEL,DF,Watford,26.0,1991.0,2017-2018,EPL
Younès Kaboul,3680d723,frFRA,DF,Watford,31.0,1986.0,2017-2018,EPL
Elias Kachunga,5bddccc9,cdCOD,MF,Huddersfield Town,25.0,1992.0,2017-2018,EPL
Sullay Kaikai,fc166e49,slSLE,"FW,MF",Crystal Palace,21.0,1995.0,2017-2018,EPL
Harry Kane,21a66f6a,engENG,FW,Tottenham Hotspur,24.0,1993.0,2017-2018,EPL
N'Golo Kanté,b9fbae28,frFRA,MF,Chelsea,26.0,1991.0,2017-2018,EPL
Loris Karius,32e7ce92,deGER,GK,Liverpool,24.0,1993.0,2017-2018,EPL
Orestis Karnezis,85b011bb,grGRE,GK,Watford,32.0,1985.0,2017-2018,EPL
Beram Kayal,26679cdf,ilISR,MF,Brighton,29.0,1988.0,2017-2018,EPL
Michael Keane,c5b7c315,engENG,DF,Everton,24.0,1993.0,2017-2018,EPL
Martin Kelly,d7492450,engENG,DF,Crystal Palace,27.0,1990.0,2017-2018,EPL
Kenedy,5eebbfdf,brBRA,MF,Newcastle United,21.0,1996.0,2017-2018,EPL
Jonjoe Kenny,099e666f,engENG,"DF,MF",Everton,20.0,1997.0,2017-2018,EPL
Andy King,d790907f,wlsWAL,MF,Leicester City,28.0,1988.0,2017-2018,EPL
Andy King,d790907f,wlsWAL,MF,Swansea City,28.0,1988.0,2017-2018,EPL
Joshua King,43458538,noNOR,"MF,FW",Bournemouth,25.0,1992.0,2017-2018,EPL
Davy Klaassen,15fd5593,nlNED,MF,Everton,24.0,1993.0,2017-2018,EPL
Ragnar Klavan,008a6e6d,eeEST,DF,Liverpool,31.0,1985.0,2017-2018,EPL
Anthony Knockaert,6c679c6d,frFRA,MF,Brighton,25.0,1991.0,2017-2018,EPL
Sead Kolašinac,3935e52e,baBIH,"MF,DF",Arsenal,24.0,1993.0,2017-2018,EPL
Vincent Kompany,d2bff301,beBEL,DF,Manchester City,31.0,1986.0,2017-2018,EPL
Terence Kongolo,1f9a3a04,nlNED,DF,Huddersfield Town,23.0,1994.0,2017-2018,EPL
Laurent Koscielny,f5efb153,frFRA,DF,Arsenal,31.0,1985.0,2017-2018,EPL
Cheikhou Kouyaté,8d3c902d,snSEN,MF,West Ham United,27.0,1989.0,2017-2018,EPL
Bojan Krkić,9fa0a0b8,esESP,MF,Stoke City,26.0,1990.0,2017-2018,EPL
Grzegorz Krychowiak,580d52dd,plPOL,MF,West Bromwich Albion,27.0,1990.0,2017-2018,EPL
Rajiv van La Parra,1931bde9,nlNED,MF,Huddersfield Town,26.0,1991.0,2017-2018,EPL
Alexandre Lacazette,9dbb75ca,frFRA,FW,Arsenal,26.0,1991.0,2017-2018,EPL
Freddie Ladapo,da2b8db3,engENG,FW,Crystal Palace,24.0,1993.0,2017-2018,EPL
Adam Lallana,99813635,engENG,MF,Liverpool,29.0,1988.0,2017-2018,EPL
Érik Lamela,abe66106,arARG,MF,Tottenham Hotspur,25.0,1992.0,2017-2018,EPL
Manuel Lanzini,26f6dca8,arARG,"MF,FW",West Ham United,24.0,1993.0,2017-2018,EPL
Aymeric Laporte,119b9a8e,esESP,DF,Manchester City,23.0,1994.0,2017-2018,EPL
Jamaal Lascelles,450ab6fc,engENG,DF,Newcastle United,23.0,1993.0,2017-2018,EPL
Florian Lejeune,6eaed4eb,frFRA,DF,Newcastle United,26.0,1991.0,2017-2018,EPL
Mario Lemina,2b471f99,gaGAB,MF,Southampton,23.0,1993.0,2017-2018,EPL
Aaron Lennon,2ff964a0,engENG,MF,Burnley,30.0,1987.0,2017-2018,EPL
Aaron Lennon,2ff964a0,engENG,"MF,FW",Everton,30.0,1987.0,2017-2018,EPL
Victor Lindelöf,f5deef4c,seSWE,DF,Manchester Utd,23.0,1994.0,2017-2018,EPL
Jesse Lingard,810e3c74,engENG,"MF,FW",Manchester Utd,24.0,1992.0,2017-2018,EPL
Jake Livermore,b98570d1,engENG,MF,West Bromwich Albion,27.0,1989.0,2017-2018,EPL
Fernando Llorente,82dbf623,esESP,FW,Tottenham Hotspur,32.0,1985.0,2017-2018,EPL
Hugo Lloris,8f62b6ee,frFRA,GK,Tottenham Hotspur,30.0,1986.0,2017-2018,EPL
Jürgen Locadia,6cc47ae1,cwCUW,"FW,MF",Brighton,23.0,1993.0,2017-2018,EPL
Ruben Loftus-Cheek,e97fd090,engENG,MF,Crystal Palace,21.0,1996.0,2017-2018,EPL
Joe Lolley,c5f13182,engENG,MF,Huddersfield Town,24.0,1992.0,2017-2018,EPL
Kevin Long,5a4280b1,ieIRL,DF,Burnley,26.0,1990.0,2017-2018,EPL
Shane Long,9f472354,ieIRL,FW,Southampton,30.0,1987.0,2017-2018,EPL
Ademola Lookman,7c104bb7,ngNGA,MF,Everton,19.0,1997.0,2017-2018,EPL
Jonas Lössl,939bc634,dkDEN,GK,Huddersfield Town,28.0,1989.0,2017-2018,EPL
Dejan Lovren,1a2935f6,hrCRO,DF,Liverpool,28.0,1989.0,2017-2018,EPL
Chris Löwe,c6896eab,deGER,DF,Huddersfield Town,28.0,1989.0,2017-2018,EPL
Matthew Lowton,9a9c05db,engENG,DF,Burnley,28.0,1989.0,2017-2018,EPL
David Luiz,c0e27d1a,brBRA,"DF,MF",Chelsea,30.0,1987.0,2017-2018,EPL
Romelu Lukaku,5eae500a,beBEL,FW,Manchester Utd,24.0,1993.0,2017-2018,EPL
Dodi Lukebakio,0c61c77c,beBEL,"FW,MF",Watford,19.0,1997.0,2017-2018,EPL
Levi Lumeka,199ff86e,engENG,MF,Crystal Palace,18.0,1998.0,2017-2018,EPL
Harry Maguire,d8931174,engENG,DF,Leicester City,24.0,1993.0,2017-2018,EPL
Riyad Mahrez,892d5bb1,dzALG,MF,Leicester City,26.0,1991.0,2017-2018,EPL
Ainsley Maitland-Niles,e3a5814e,engENG,"DF,MF",Arsenal,19.0,1997.0,2017-2018,EPL
Scott Malone,f15a50e8,engENG,DF,Huddersfield Town,26.0,1991.0,2017-2018,EPL
Sadio Mané,c691bfe2,snSEN,"FW,MF",Liverpool,25.0,1992.0,2017-2018,EPL
Eliaquim Mangala,f520049f,frFRA,DF,Manchester City,26.0,1991.0,2017-2018,EPL
Eliaquim Mangala,f520049f,frFRA,DF,Everton,26.0,1991.0,2017-2018,EPL
Javier Manquillo,758dd7f0,esESP,DF,Newcastle United,23.0,1994.0,2017-2018,EPL
Solly March,bb5fbd2b,engENG,MF,Brighton,23.0,1994.0,2017-2018,EPL
Adrian Mariappa,8aa5f52c,jmJAM,DF,Watford,30.0,1986.0,2017-2018,EPL
João Mário,f0021247,ptPOR,MF,West Ham United,24.0,1993.0,2017-2018,EPL
Anthony Martial,8b788c01,frFRA,"MF,FW",Manchester Utd,21.0,1995.0,2017-2018,EPL
Cuco Martina,22551915,cwCUW,"DF,MF",Everton,27.0,1989.0,2017-2018,EPL
Bruno Martins Indi,7bc34048,nlNED,DF,Stoke City,25.0,1992.0,2017-2018,EPL
Arthur Masuaku,57df7a11,cdCOD,"MF,DF",West Ham United,23.0,1993.0,2017-2018,EPL
Juan Mata,29733c72,esESP,"MF,FW",Manchester Utd,29.0,1988.0,2017-2018,EPL
Nemanja Matić,eb7822d7,rsSRB,MF,Manchester Utd,28.0,1988.0,2017-2018,EPL
Joël Matip,b217ef29,cmCMR,DF,Liverpool,25.0,1991.0,2017-2018,EPL
Konstantinos Mavropanos,00963611,grGRE,DF,Arsenal,19.0,1997.0,2017-2018,EPL
Alfie Mawson,d368feb8,engENG,DF,Swansea City,23.0,1994.0,2017-2018,EPL
Eric Maxim Choupo-Moting,0e6bc38c,cmCMR,"MF,FW",Stoke City,28.0,1989.0,2017-2018,EPL
Chancel Mbemba,e76cb9cc,cdCOD,DF,Newcastle United,22.0,1994.0,2017-2018,EPL
James McArthur,cee31595,sctSCO,MF,Crystal Palace,29.0,1987.0,2017-2018,EPL
Gareth McAuley,ac7d7378,nirNIR,DF,West Bromwich Albion,37.0,1979.0,2017-2018,EPL
Oliver McBurnie,78b8ac63,sctSCO,FW,Swansea City,21.0,1996.0,2017-2018,EPL
Alex McCarthy,36c2ca73,engENG,GK,Southampton,27.0,1989.0,2017-2018,EPL
James McCarthy,64b08de7,ieIRL,MF,Everton,26.0,1990.0,2017-2018,EPL
James McClean,53538b39,ieIRL,"MF,FW",West Bromwich Albion,28.0,1989.0,2017-2018,EPL
Sam McQueen,b27b49b4,engENG,DF,Southampton,22.0,1995.0,2017-2018,EPL
Scott McTominay,d93c2511,sctSCO,MF,Manchester Utd,20.0,1996.0,2017-2018,EPL
Ben Mee,8df7a2fb,engENG,DF,Burnley,27.0,1989.0,2017-2018,EPL
Benjamin Mendy,5271c8f1,frFRA,"DF,MF",Manchester City,23.0,1994.0,2017-2018,EPL
Mikel Merino,d080ed5e,esESP,MF,Newcastle United,21.0,1996.0,2017-2018,EPL
Per Mertesacker,5be28712,deGER,DF,Arsenal,32.0,1984.0,2017-2018,EPL
Roque Mesa,7c4243d4,esESP,MF,Swansea City,28.0,1989.0,2017-2018,EPL
Simon Mignolet,d436eb94,beBEL,GK,Liverpool,29.0,1988.0,2017-2018,EPL
Luka Milivojević,2ce2508a,rsSRB,MF,Crystal Palace,26.0,1991.0,2017-2018,EPL
James Milner,2f90f6b8,engENG,MF,Liverpool,31.0,1986.0,2017-2018,EPL
Tyrone Mings,8397a50c,engENG,DF,Bournemouth,24.0,1993.0,2017-2018,EPL
Kevin Mirallas,aa51343f,beBEL,"MF,FW",Everton,29.0,1987.0,2017-2018,EPL
Aleksandar Mitrović,3925dbd6,rsSRB,FW,Newcastle United,22.0,1994.0,2017-2018,EPL
Henrikh Mkhitaryan,dd0daf32,amARM,"MF,FW",Arsenal,28.0,1989.0,2017-2018,EPL
Henrikh Mkhitaryan,dd0daf32,amARM,MF,Manchester Utd,28.0,1989.0,2017-2018,EPL
Nacho Monreal,d4cb83cc,esESP,DF,Arsenal,31.0,1986.0,2017-2018,EPL
Aaron Mooy,47b7e3af,auAUS,MF,Huddersfield Town,26.0,1990.0,2017-2018,EPL
Álvaro Morata,129af0db,esESP,FW,Chelsea,24.0,1992.0,2017-2018,EPL
Alberto Moreno,11b9265b,esESP,DF,Liverpool,25.0,1992.0,2017-2018,EPL
Wes Morgan,80c31c97,jmJAM,DF,Leicester City,33.0,1984.0,2017-2018,EPL
James Morrison,21a66e33,sctSCO,MF,West Bromwich Albion,31.0,1986.0,2017-2018,EPL
Victor Moses,e726e11e,ngNGA,MF,Chelsea,26.0,1990.0,2017-2018,EPL
Steve Mounié,19ba6c6d,bjBEN,FW,Huddersfield Town,22.0,1994.0,2017-2018,EPL
Lucas Moura,2b622f01,brBRA,MF,Tottenham Hotspur,24.0,1992.0,2017-2018,EPL
Lys Mousset,d9cfca3d,frFRA,"MF,FW",Bournemouth,21.0,1996.0,2017-2018,EPL
Jacob Murphy,de112b84,engENG,MF,Newcastle United,22.0,1995.0,2017-2018,EPL
Jamie Murphy,6c96b263,sctSCO,MF,Brighton,27.0,1989.0,2017-2018,EPL
Glenn Murray,f2f29dda,engENG,FW,Brighton,33.0,1983.0,2017-2018,EPL
Charly Musonda Jr.,62a0089e,beBEL,MF,Chelsea,20.0,1996.0,2017-2018,EPL
Shkodran Mustafi,3f2d59fe,deGER,DF,Arsenal,25.0,1992.0,2017-2018,EPL
Boaz Myhill,7ca2d989,wlsWAL,GK,West Bromwich Albion,34.0,1982.0,2017-2018,EPL
Georges-Kévin N'Koudou,76c131da,cmCMR,"FW,MF",Tottenham Hotspur,22.0,1995.0,2017-2018,EPL
Georges-Kévin N'Koudou,76c131da,cmCMR,MF,Burnley,22.0,1995.0,2017-2018,EPL
Luciano Narsingh,977ffc24,nlNED,"FW,MF",Swansea City,26.0,1990.0,2017-2018,EPL
Kyle Naughton,e860c42f,engENG,"DF,MF",Swansea City,28.0,1988.0,2017-2018,EPL
Badou Ndiaye,960acc0a,snSEN,MF,Stoke City,26.0,1990.0,2017-2018,EPL
Wilfred Ndidi,6b47c5db,ngNGA,MF,Leicester City,20.0,1996.0,2017-2018,EPL
Reiss Nelson,c5bdb6e3,engENG,MF,Arsenal,17.0,1999.0,2017-2018,EPL
Julien Ngoy,87449a74,beBEL,"FW,MF",Stoke City,19.0,1997.0,2017-2018,EPL
Oumar Niasse,af721f98,snSEN,FW,Everton,27.0,1990.0,2017-2018,EPL
Eddie Nketiah,a53649b7,engENG,FW,Arsenal,18.0,1999.0,2017-2018,EPL
Lukas Nmecha,0cc5f4a5,deGER,FW,Manchester City,18.0,1998.0,2017-2018,EPL
Mark Noble,ff527768,engENG,MF,West Ham United,30.0,1987.0,2017-2018,EPL
Allan Nyom,97572117,cmCMR,"DF,MF",West Bromwich Albion,29.0,1988.0,2017-2018,EPL
Aiden O'Neill,c7aee75b,auAUS,MF,Burnley,19.0,1998.0,2017-2018,EPL
Michael Obafemi,caa1a7f0,ieIRL,FW,Southampton,17.0,2000.0,2017-2018,EPL
Pedro Obiang,ba1e04b3,gqEQG,MF,West Ham United,25.0,1992.0,2017-2018,EPL
Angelo Ogbonna,74b2cd7e,itITA,DF,West Ham United,29.0,1988.0,2017-2018,EPL
Stefano Okaka,601ef102,itITA,FW,Watford,27.0,1989.0,2017-2018,EPL
Shinji Okazaki,68796d61,jpJPN,MF,Leicester City,31.0,1986.0,2017-2018,EPL
Martin Olsson,2f72f79e,seSWE,"DF,MF",Swansea City,29.0,1988.0,2017-2018,EPL
Divock Origi,43a166b4,beBEL,"FW,MF",Liverpool,22.0,1995.0,2017-2018,EPL
David Ospina,82b1198a,coCOL,GK,Arsenal,28.0,1988.0,2017-2018,EPL
Nicolás Otamendi,0d267745,arARG,DF,Manchester City,29.0,1988.0,2017-2018,EPL
Reece Oxford,8b6e0db2,engENG,DF,West Ham United,18.0,1998.0,2017-2018,EPL
Alex Oxlade-Chamberlain,38c7feef,engENG,MF,Arsenal,23.0,1993.0,2017-2018,EPL
Alex Oxlade-Chamberlain,38c7feef,engENG,MF,Liverpool,23.0,1993.0,2017-2018,EPL
Mesut Özil,16380240,deGER,"MF,FW",Arsenal,28.0,1988.0,2017-2018,EPL
Kasey Palmer,453f566a,jmJAM,MF,Huddersfield Town,20.0,1996.0,2017-2018,EPL
Emerson Palmieri,e0bc6fdc,itITA,MF,Chelsea,22.0,1994.0,2017-2018,EPL
Pedro,3ca7254a,esESP,"MF,FW",Chelsea,30.0,1987.0,2017-2018,EPL
Roberto Pereyra,75f2c59f,arARG,"MF,FW",Watford,26.0,1991.0,2017-2018,EPL
Ayoze Pérez,819aa8e7,esESP,MF,Newcastle United,24.0,1993.0,2017-2018,EPL
Matt Phillips,7bb5f40e,sctSCO,MF,West Bromwich Albion,26.0,1991.0,2017-2018,EPL
Jordan Pickford,4806ec67,engENG,GK,Everton,23.0,1994.0,2017-2018,EPL
Jérémy Pied,a634b9d2,frFRA,DF,Southampton,28.0,1989.0,2017-2018,EPL
Erik Pieters,1ef37668,nlNED,"MF,DF",Stoke City,28.0,1988.0,2017-2018,EPL
Paul Pogba,867239d3,frFRA,MF,Manchester Utd,24.0,1993.0,2017-2018,EPL
Nick Pope,4b40d9ca,engENG,GK,Burnley,25.0,1992.0,2017-2018,EPL
Alex Pritchard,ff9fcd4d,engENG,"MF,FW",Huddersfield Town,24.0,1993.0,2017-2018,EPL
Sebastian Prödl,f5e6d08d,atAUT,DF,Watford,30.0,1987.0,2017-2018,EPL
Davy Pröpper,fdd85f94,nlNED,MF,Brighton,25.0,1991.0,2017-2018,EPL
Marc Pugh,9aacb284,engENG,MF,Bournemouth,30.0,1987.0,2017-2018,EPL
Jason Puncheon,fd3f57ce,engENG,MF,Crystal Palace,31.0,1986.0,2017-2018,EPL
Collin Quaner,19b8b0b9,deGER,MF,Huddersfield Town,26.0,1991.0,2017-2018,EPL
Sandro Ramírez,833fb62e,esESP,FW,Everton,22.0,1995.0,2017-2018,EPL
Aaron Ramsey,ef619b0b,wlsWAL,MF,Arsenal,26.0,1990.0,2017-2018,EPL
Àngel Rangel,93ee387c,esESP,DF,Swansea City,34.0,1982.0,2017-2018,EPL
Marcus Rashford,a1d5bd30,engENG,"MF,FW",Manchester Utd,19.0,1997.0,2017-2018,EPL
Nathan Redmond,ab651565,engENG,MF,Southampton,23.0,1994.0,2017-2018,EPL
Winston Reid,562eed5c,nzNZL,DF,West Ham United,29.0,1988.0,2017-2018,EPL
Declan Rice,1c7012b8,engENG,"DF,MF",West Ham United,18.0,1999.0,2017-2018,EPL
Richarlison,fa031b34,brBRA,"MF,FW",Watford,20.0,1997.0,2017-2018,EPL
Jaïro Riedewald,7a1f2c08,nlNED,"MF,DF",Crystal Palace,20.0,1996.0,2017-2018,EPL
Matt Ritchie,71ef519e,sctSCO,MF,Newcastle United,27.0,1989.0,2017-2018,EPL
Connor Roberts,24fae784,wlsWAL,MF,Swansea City,21.0,1995.0,2017-2018,EPL
Andrew Robertson,2e4f5f03,sctSCO,DF,Liverpool,23.0,1994.0,2017-2018,EPL
Hal Robson-Kanu,fb2dec57,wlsWAL,FW,West Bromwich Albion,28.0,1989.0,2017-2018,EPL
Jay Rodriguez,4ab53cdb,engENG,"FW,MF",West Bromwich Albion,28.0,1989.0,2017-2018,EPL
Marcos Rojo,e0991c04,arARG,DF,Manchester Utd,27.0,1990.0,2017-2018,EPL
Sergio Romero,1e26e376,arARG,GK,Manchester Utd,30.0,1987.0,2017-2018,EPL
Oriol Romeu,4b511457,esESP,MF,Southampton,25.0,1991.0,2017-2018,EPL
Salomón Rondón,b318a643,veVEN,FW,West Bromwich Albion,27.0,1989.0,2017-2018,EPL
Wayne Rooney,f07be45a,engENG,"MF,FW",Everton,31.0,1985.0,2017-2018,EPL
Danny Rose,89d10e53,engENG,"DF,MF",Tottenham Hotspur,27.0,1990.0,2017-2018,EPL
Liam Rosenior,8b0d6fe9,engENG,DF,Brighton,33.0,1984.0,2017-2018,EPL
Wayne Routledge,1d387eee,engENG,"MF,FW",Swansea City,32.0,1985.0,2017-2018,EPL
Antonio Rüdiger,18b896d6,deGER,DF,Chelsea,24.0,1993.0,2017-2018,EPL
Mathew Ryan,4535e4bb,auAUS,GK,Brighton,25.0,1992.0,2017-2018,EPL
Abdelhamid Sabiri,4830e0af,maMAR,MF,Huddersfield Town,20.0,1996.0,2017-2018,EPL
Henri Saivet,f3709655,snSEN,MF,Newcastle United,26.0,1990.0,2017-2018,EPL
Diafra Sakho,57c433c8,snSEN,FW,West Ham United,27.0,1989.0,2017-2018,EPL
Mamadou Sakho,87935cf3,frFRA,DF,Crystal Palace,27.0,1990.0,2017-2018,EPL
Bakary Sako,381d7d54,mlMLI,FW,Crystal Palace,29.0,1988.0,2017-2018,EPL
Mohamed Salah,e342ad68,egEGY,FW,Liverpool,25.0,1992.0,2017-2018,EPL
Renato Sanches,032f894e,ptPOR,"MF,FW",Swansea City,19.0,1997.0,2017-2018,EPL
Alexis Sánchez,2c0f8e9e,clCHI,MF,Arsenal,28.0,1988.0,2017-2018,EPL
Alexis Sánchez,2c0f8e9e,clCHI,"FW,MF",Manchester Utd,28.0,1988.0,2017-2018,EPL
Davinson Sánchez,da7b447d,coCOL,DF,Tottenham Hotspur,21.0,1996.0,2017-2018,EPL
Leroy Sané,2b114be3,deGER,"FW,MF",Manchester City,21.0,1996.0,2017-2018,EPL
Ezequiel Schelotto,a6e316c1,itITA,DF,Brighton,28.0,1989.0,2017-2018,EPL
Christopher Schindler,8ae9869d,deGER,DF,Huddersfield Town,27.0,1990.0,2017-2018,EPL
Jeffrey Schlupp,3312f911,ghGHA,"DF,MF",Crystal Palace,24.0,1992.0,2017-2018,EPL
Kasper Schmeichel,53af52f3,dkDEN,GK,Leicester City,30.0,1986.0,2017-2018,EPL
Morgan Schneiderlin,51b41c5c,frFRA,MF,Everton,27.0,1989.0,2017-2018,EPL
Xherdan Shaqiri,6421ec64,chSUI,"MF,FW",Stoke City,25.0,1991.0,2017-2018,EPL
Luke Shaw,9c94165b,engENG,DF,Manchester Utd,22.0,1995.0,2017-2018,EPL
Ryan Shawcross,285a3d44,engENG,DF,Stoke City,29.0,1987.0,2017-2018,EPL
Jonjo Shelvey,3727dd3c,engENG,MF,Newcastle United,25.0,1992.0,2017-2018,EPL
Gylfi Sigurðsson,76dd1480,isISL,"MF,FW",Everton,27.0,1989.0,2017-2018,EPL
Adrien Silva,d6f88a1d,ptPOR,MF,Leicester City,28.0,1989.0,2017-2018,EPL
Bernardo Silva,3eb22ec9,ptPOR,FW,Manchester City,22.0,1994.0,2017-2018,EPL
David Silva,e2716bd0,esESP,MF,Manchester City,31.0,1986.0,2017-2018,EPL
Danny Simpson,3201b03d,engENG,DF,Leicester City,30.0,1987.0,2017-2018,EPL
Jack Simpson,76fa5f80,engENG,DF,Bournemouth,20.0,1996.0,2017-2018,EPL
Josh Sims,6d6f09dc,engENG,MF,Southampton,20.0,1997.0,2017-2018,EPL
Jerome Sinclair,1695c659,engENG,FW,Watford,20.0,1996.0,2017-2018,EPL
Moussa Sissoko,2acd49b9,frFRA,MF,Tottenham Hotspur,27.0,1989.0,2017-2018,EPL
Islam Slimani,ffec9769,dzALG,FW,Leicester City,29.0,1988.0,2017-2018,EPL
Islam Slimani,ffec9769,dzALG,FW,Newcastle United,29.0,1988.0,2017-2018,EPL
Chris Smalling,b6964eb6,engENG,DF,Manchester Utd,27.0,1989.0,2017-2018,EPL
Adam Smith,20b104bc,engENG,"DF,MF",Bournemouth,26.0,1991.0,2017-2018,EPL
Tommy Smith,e9208654,engENG,DF,Huddersfield Town,25.0,1992.0,2017-2018,EPL
Cédric Soares,839c14e1,ptPOR,"DF,MF",Southampton,25.0,1991.0,2017-2018,EPL
Ramadan Sobhi,98be0d02,egEGY,MF,Stoke City,20.0,1997.0,2017-2018,EPL
Dominic Solanke,e77dc3b2,engENG,FW,Liverpool,19.0,1997.0,2017-2018,EPL
Pape Souaré,46b5375e,snSEN,DF,Crystal Palace,27.0,1990.0,2017-2018,EPL
Julián Speroni,8e65a5e5,arARG,GK,Crystal Palace,38.0,1979.0,2017-2018,EPL
Kostas Stafylidis,861e0116,grGRE,DF,Stoke City,23.0,1993.0,2017-2018,EPL
Junior Stanislas,6992791d,engENG,"MF,FW",Bournemouth,27.0,1989.0,2017-2018,EPL
Dale Stephens,653ee42d,engENG,MF,Brighton,28.0,1989.0,2017-2018,EPL
Jack Stephens,6adbc307,engENG,DF,Southampton,23.0,1994.0,2017-2018,EPL
Raheem Sterling,b400bde0,engENG,"FW,MF",Manchester City,22.0,1994.0,2017-2018,EPL
John Stones,5eecec3d,engENG,DF,Manchester City,23.0,1994.0,2017-2018,EPL
Daniel Sturridge,1b7ec703,engENG,FW,West Bromwich Albion,27.0,1989.0,2017-2018,EPL
Daniel Sturridge,1b7ec703,engENG,FW,Liverpool,27.0,1989.0,2017-2018,EPL
Ki Sung-yueng,1d8c99b0,krKOR,MF,Swansea City,28.0,1989.0,2017-2018,EPL
Andrew Surman,7d41b619,engENG,MF,Bournemouth,30.0,1986.0,2017-2018,EPL
Markus Suttner,7391c2d9,atAUT,DF,Brighton,30.0,1987.0,2017-2018,EPL
Lasse Sørensen,ce9c203e,dkDEN,MF,Stoke City,17.0,1999.0,2017-2018,EPL
Alexander Sørloth,e92cd3f7,noNOR,FW,Crystal Palace,21.0,1995.0,2017-2018,EPL
Dušan Tadić,2475dcc6,rsSRB,MF,Southampton,28.0,1988.0,2017-2018,EPL
Matt Targett,e514ab62,engENG,DF,Southampton,21.0,1995.0,2017-2018,EPL
James Tarkowski,15ea812b,engENG,DF,Burnley,24.0,1992.0,2017-2018,EPL
Charlie Taylor,cc2d7ad5,engENG,DF,Burnley,23.0,1993.0,2017-2018,EPL
James Tomkins,e7ca0439,engENG,DF,Crystal Palace,28.0,1989.0,2017-2018,EPL
Cenk Tosun,9a104dee,trTUR,FW,Everton,26.0,1991.0,2017-2018,EPL
Yaya Touré,c204f844,ciCIV,MF,Manchester City,34.0,1983.0,2017-2018,EPL
Andros Townsend,b28bbd58,engENG,"FW,MF",Crystal Palace,26.0,1991.0,2017-2018,EPL
Kieran Trippier,21512407,engENG,"DF,MF",Tottenham Hotspur,26.0,1990.0,2017-2018,EPL
Axel Tuanzebe,2baec6ce,cdCOD,DF,Manchester Utd,19.0,1997.0,2017-2018,EPL
Josh Tymon,efe6f6ac,engENG,DF,Stoke City,18.0,1999.0,2017-2018,EPL
Leonardo Ulloa,eed56f6c,arARG,FW,Leicester City,31.0,1986.0,2017-2018,EPL
Leonardo Ulloa,eed56f6c,arARG,FW,Brighton,31.0,1986.0,2017-2018,EPL
Antonio Valencia,08aa17d0,ecECU,"DF,MF",Manchester Utd,31.0,1985.0,2017-2018,EPL
Virgil van Dijk,e06683ca,nlNED,DF,Southampton,26.0,1991.0,2017-2018,EPL
Virgil van Dijk,e06683ca,nlNED,DF,Liverpool,26.0,1991.0,2017-2018,EPL
Jamie Vardy,45963054,engENG,FW,Leicester City,30.0,1987.0,2017-2018,EPL
Jan Vertonghen,ba23a904,beBEL,DF,Tottenham Hotspur,30.0,1987.0,2017-2018,EPL
Nikola Vlašić,aa8e289e,hrCRO,MF,Everton,19.0,1997.0,2017-2018,EPL
Sam Vokes,1d6ac165,wlsWAL,FW,Burnley,27.0,1989.0,2017-2018,EPL
Michel Vorm,1bebde9d,nlNED,GK,Tottenham Hotspur,33.0,1983.0,2017-2018,EPL
Molla Wagué,a440d8ca,mlMLI,DF,Watford,26.0,1991.0,2017-2018,EPL
Theo Walcott,1ecb65be,engENG,"FW,MF",Arsenal,28.0,1989.0,2017-2018,EPL
Theo Walcott,1ecb65be,engENG,"MF,FW",Everton,28.0,1989.0,2017-2018,EPL
Kyle Walker,86dd77d1,engENG,DF,Manchester City,27.0,1990.0,2017-2018,EPL
Kyle Walker-Peters,984a5a64,engENG,DF,Tottenham Hotspur,20.0,1997.0,2017-2018,EPL
Jonathan Walters,0356cf4f,ieIRL,"FW,MF",Burnley,33.0,1983.0,2017-2018,EPL
Aaron Wan-Bissaka,9e525177,cdCOD,DF,Crystal Palace,19.0,1997.0,2017-2018,EPL
Victor Wanyama,e0900238,keKEN,MF,Tottenham Hotspur,26.0,1991.0,2017-2018,EPL
Joel Ward,8a7ff278,engENG,"DF,MF",Crystal Palace,27.0,1989.0,2017-2018,EPL
Stephen Ward,3831b9fe,ieIRL,DF,Burnley,31.0,1985.0,2017-2018,EPL
James Ward-Prowse,3515d404,engENG,MF,Southampton,22.0,1994.0,2017-2018,EPL
Ben Watson,df540668,engENG,MF,Watford,32.0,1985.0,2017-2018,EPL
Danny Welbeck,ce5143da,engENG,"MF,FW",Arsenal,26.0,1990.0,2017-2018,EPL
Nahki Wells,b070482d,bmBER,FW,Burnley,27.0,1990.0,2017-2018,EPL
Ashley Westwood,495945ef,engENG,MF,Burnley,27.0,1990.0,2017-2018,EPL
Dean Whitehead,a32204c9,engENG,"DF,MF",Huddersfield Town,35.0,1982.0,2017-2018,EPL
Georginio Wijnaldum,eb58eef0,nlNED,MF,Liverpool,26.0,1990.0,2017-2018,EPL
Ashley Williams,a498e276,wlsWAL,DF,Everton,32.0,1984.0,2017-2018,EPL
Danny Williams,ec9a28ce,usUSA,MF,Huddersfield Town,28.0,1989.0,2017-2018,EPL
Willian,8b9ebd03,brBRA,"MF,FW",Chelsea,28.0,1988.0,2017-2018,EPL
Joe Willock,a3b03921,engENG,MF,Arsenal,17.0,1999.0,2017-2018,EPL
Jack Wilshere,9c318325,engENG,MF,Arsenal,25.0,1992.0,2017-2018,EPL
Callum Wilson,c596fcb0,engENG,FW,Bournemouth,25.0,1992.0,2017-2018,EPL
Kevin Wimmer,faf55ce4,atAUT,DF,Stoke City,24.0,1992.0,2017-2018,EPL
Harry Winks,2f7acede,engENG,MF,Tottenham Hotspur,21.0,1996.0,2017-2018,EPL
Chris Wood,4e9a0555,nzNZL,FW,Burnley,25.0,1991.0,2017-2018,EPL
Ben Woodburn,8aadeaef,wlsWAL,"FW,MF",Liverpool,17.0,1999.0,2017-2018,EPL
Granit Xhaka,e61b8aee,chSUI,MF,Arsenal,24.0,1992.0,2017-2018,EPL
Claudio Yacob,bda6ffd4,arARG,MF,West Bromwich Albion,30.0,1987.0,2017-2018,EPL
DeAndre Yedlin,ae0a7ddf,usUSA,DF,Newcastle United,24.0,1993.0,2017-2018,EPL
Maya Yoshida,caffaf5a,jpJPN,DF,Southampton,28.0,1988.0,2017-2018,EPL
Ashley Young,be927d03,engENG,"DF,MF",Manchester Utd,32.0,1985.0,2017-2018,EPL
Pablo Zabaleta,6813ac34,arARG,"MF,DF",West Ham United,32.0,1985.0,2017-2018,EPL
Wilfried Zaha,b2bc3b1f,ciCIV,"FW,MF",Crystal Palace,24.0,1992.0,2017-2018,EPL
Davide Zappacosta,7fe90ccd,itITA,MF,Chelsea,25.0,1992.0,2017-2018,EPL
Marvin Zeegelaar,8abd0c03,nlNED,"MF,DF",Watford,26.0,1990.0,2017-2018,EPL
Oleksandr Zinchenko,51cf8561,uaUKR,DF,Manchester City,20.0,1996.0,2017-2018,EPL
Kurt Zouma,ce4246f5,frFRA,DF,Stoke City,22.0,1994.0,2017-2018,EPL
Rolando Aarons,c5942695,engENG,"MF,FW",Hellas Verona,21.0,1995.0,2017-2018,ITA
Ignazio Abate,1c529186,itITA,"DF,MF",Milan,30.0,1986.0,2017-2018,ITA
Francesco Acerbi,b96b595c,itITA,DF,Sassuolo,29.0,1988.0,2017-2018,ITA
Afriyie Acquah,d7403bd5,ghGHA,MF,Torino,25.0,1992.0,2017-2018,ITA
Claud Adjapong,ce5b170a,itITA,MF,Sassuolo,19.0,1998.0,2017-2018,ITA
Ali Adnan Kadhim,06050480,iqIRQ,"MF,DF",Udinese,23.0,1993.0,2017-2018,ITA
Arlind Ajeti,f9714604,alALB,"DF,MF",Crotone,23.0,1993.0,2017-2018,ITA
Luis Alberto,5294a83f,esESP,"FW,MF",Lazio,24.0,1992.0,2017-2018,ITA
Raúl Albiol,4bd414c1,esESP,DF,Napoli,31.0,1985.0,2017-2018,ITA
Alisson,7a2e46a8,brBRA,GK,Roma,24.0,1992.0,2017-2018,ITA
Allan,cc700722,brBRA,MF,Napoli,26.0,1991.0,2017-2018,ITA
Ricky Álvarez,92a5ac34,arARG,MF,Sampdoria,29.0,1988.0,2017-2018,ITA
Joachim Andersen,e34fc66d,dkDEN,DF,Sampdoria,21.0,1996.0,2017-2018,ITA
Felipe Anderson,9f1893b9,brBRA,"FW,MF",Lazio,24.0,1993.0,2017-2018,ITA
Nícolas Andrade,326d09ef,brBRA,GK,Hellas Verona,29.0,1988.0,2017-2018,ITA
Marco Andreolli,13d820de,itITA,DF,Cagliari,31.0,1986.0,2017-2018,ITA
Gabriele Angella,0c971997,itITA,DF,Udinese,28.0,1989.0,2017-2018,ITA
Cristian Ansaldi,bbafc0c4,arARG,"DF,MF",Torino,30.0,1986.0,2017-2018,ITA
Luca Antei,97c9bce3,itITA,DF,Benevento,25.0,1992.0,2017-2018,ITA
Mirco Antenucci,43a2e16c,itITA,FW,SPAL,32.0,1984.0,2017-2018,ITA
Luca Antonelli,40f0ed6c,itITA,DF,Milan,30.0,1987.0,2017-2018,ITA
Mirko Antonucci,91976866,itITA,"FW,MF",Roma,18.0,1999.0,2017-2018,ITA
Samuel Armenteros,9c8f641a,seSWE,FW,Benevento,27.0,1990.0,2017-2018,ITA
Kwadwo Asamoah,089550f5,ghGHA,"DF,MF",Juventus,28.0,1988.0,2017-2018,ITA
Davide Astori,1522dab2,itITA,DF,Fiorentina,30.0,1987.0,2017-2018,ITA
Felipe Avenatti,23f9e9d3,uyURU,FW,Bologna,24.0,1993.0,2017-2018,ITA
Khouma Babacar,422ec08a,snSEN,FW,Fiorentina,24.0,1993.0,2017-2018,ITA
Khouma Babacar,422ec08a,snSEN,FW,Sassuolo,24.0,1993.0,2017-2018,ITA
Milan Badelj,e8c930bb,hrCRO,MF,Fiorentina,28.0,1989.0,2017-2018,ITA
Riad Bajić,49d399d5,baBIH,FW,Udinese,23.0,1994.0,2017-2018,ITA
Andrija Balić,9be4ee80,hrCRO,MF,Udinese,19.0,1997.0,2017-2018,ITA
Mattia Bani,0821331c,itITA,DF,Chievo,23.0,1993.0,2017-2018,ITA
Antonín Barák,01efac19,czCZE,MF,Udinese,22.0,1994.0,2017-2018,ITA
Andrea Barberis,32ebfe1e,itITA,MF,Crotone,23.0,1993.0,2017-2018,ITA
Nicolò Barella,6928979a,itITA,MF,Cagliari,20.0,1997.0,2017-2018,ITA
Antonio Barreca,6a189491,itITA,DF,Torino,22.0,1995.0,2017-2018,ITA
Édgar Barreto,43a1bea5,pyPAR,MF,Sampdoria,33.0,1984.0,2017-2018,ITA
Musa Barrow,e5bf73f3,gmGAM,FW,Atalanta,18.0,1998.0,2017-2018,ITA
Andrea Barzagli,7c0000fd,itITA,DF,Juventus,36.0,1981.0,2017-2018,ITA
Daniele Baselli,ea06dd97,itITA,MF,Torino,25.0,1992.0,2017-2018,ITA
Dušan Basta,3b57f7f8,rsSRB,MF,Lazio,32.0,1984.0,2017-2018,ITA
Gil Bastião Dias,e61bdd69,ptPOR,"FW,MF",Fiorentina,20.0,1996.0,2017-2018,ITA
Samuel Bastien,ec30b9c8,cdCOD,MF,Chievo,20.0,1996.0,2017-2018,ITA
Alessandro Bastoni,75b86fb3,itITA,DF,Atalanta,18.0,1999.0,2017-2018,ITA
Bastos,c01c66d9,aoANG,DF,Lazio,26.0,1991.0,2017-2018,ITA
Enrico Bearzotti,c67836b8,itITA,"DF,FW",Hellas Verona,20.0,1996.0,2017-2018,ITA
Valon Behrami,d3d758d8,chSUI,MF,Udinese,32.0,1985.0,2017-2018,ITA
Vid Belec,4f8ce0e1,siSVN,GK,Benevento,27.0,1990.0,2017-2018,ITA
Vid Belec,4f8ce0e1,siSVN,GK,Sampdoria,27.0,1990.0,2017-2018,ITA
Andrea Belotti,d705ba44,itITA,FW,Torino,23.0,1993.0,2017-2018,ITA
Ahmad Benali,a128b07e,lyLBY,MF,Crotone,25.0,1992.0,2017-2018,ITA
Marco Benassi,0000acda,itITA,MF,Fiorentina,22.0,1994.0,2017-2018,ITA
Medhi Benatia,3b15ef2d,maMAR,DF,Juventus,30.0,1987.0,2017-2018,ITA
Rodrigo Bentancur,3b8674e6,uyURU,MF,Juventus,20.0,1997.0,2017-2018,ITA
Domenico Berardi,53a0e358,itITA,FW,Sassuolo,22.0,1994.0,2017-2018,ITA
Álex Berenguer,dc1c2fce,esESP,"FW,MF",Torino,22.0,1995.0,2017-2018,ITA
Bartosz Bereszyński,61b3978f,plPOL,DF,Sampdoria,25.0,1992.0,2017-2018,ITA
Etrit Berisha,ee833569,alALB,GK,Atalanta,28.0,1989.0,2017-2018,ITA
Federico Bernardeschi,ee93c1a9,itITA,"MF,FW",Juventus,23.0,1994.0,2017-2018,ITA
Andrea Bertolacci,c75b6a02,itITA,MF,Genoa,26.0,1991.0,2017-2018,ITA
Daniel Bessa,88895312,itITA,"MF,FW",Hellas Verona,24.0,1993.0,2017-2018,ITA
Daniel Bessa,88895312,itITA,MF,Genoa,24.0,1993.0,2017-2018,ITA
Matteo Bianchetti,b3a20f18,itITA,DF,Hellas Verona,24.0,1993.0,2017-2018,ITA
Lucas Biglia,5710a281,arARG,MF,Milan,31.0,1986.0,2017-2018,ITA
Jean-Claude Billong,a3e1d20d,cmCMR,DF,Benevento,23.0,1993.0,2017-2018,ITA
Davide Biondini,b4c3070a,itITA,MF,Sassuolo,34.0,1983.0,2017-2018,ITA
Cristiano Biraghi,9e1577aa,itITA,"DF,MF",Fiorentina,24.0,1992.0,2017-2018,ITA
Davide Biraschi,64cd167d,itITA,"DF,MF",Genoa,23.0,1994.0,2017-2018,ITA
Valter Birsa,455a2b79,siSVN,"MF,FW",Chievo,30.0,1986.0,2017-2018,ITA
Albano Bizzarri,32b9b5fa,arARG,GK,Udinese,39.0,1977.0,2017-2018,ITA
Deian Boldor,9b7533de,roROU,DF,Hellas Verona,22.0,1995.0,2017-2018,ITA
Giacomo Bonaventura,d995ed27,itITA,MF,Milan,27.0,1989.0,2017-2018,ITA
Federico Bonazzoli,bf57eaab,itITA,FW,SPAL,20.0,1997.0,2017-2018,ITA
Federico Bonazzoli,bf57eaab,itITA,FW,Sampdoria,20.0,1997.0,2017-2018,ITA
Kevin Bonifazi,fb77bfef,itITA,"DF,MF",Torino,21.0,1996.0,2017-2018,ITA
Leonardo Bonucci,52ec54d0,itITA,DF,Milan,30.0,1987.0,2017-2018,ITA
Fabio Borini,ef5b337e,itITA,"FW,MF",Milan,26.0,1991.0,2017-2018,ITA
Marco Borriello,a889ffc7,itITA,FW,SPAL,35.0,1982.0,2017-2018,ITA
Lucas Boyé,d49f3e6b,arARG,FW,Torino,21.0,1996.0,2017-2018,ITA
Enrico Brignola,d0643f8f,itITA,"MF,FW",Benevento,18.0,1999.0,2017-2018,ITA
Alberto Brignoli,6989550f,itITA,GK,Benevento,25.0,1991.0,2017-2018,ITA
Petar Brlek,4590c6e7,hrCRO,MF,Genoa,23.0,1994.0,2017-2018,ITA
Marcelo Brozović,33b8d077,hrCRO,MF,Inter,24.0,1992.0,2017-2018,ITA
Marcel Büchel,2edeb221,liLIE,MF,Hellas Verona,26.0,1991.0,2017-2018,ITA
Ante Budimir,8f3565b3,hrCRO,FW,Crotone,26.0,1991.0,2017-2018,ITA
Gianluigi Buffon,e40d028b,itITA,GK,Juventus,39.0,1978.0,2017-2018,ITA
Alessandro Buongiorno,4ae67f27,itITA,DF,Torino,18.0,1999.0,2017-2018,ITA
Nicolás Burdisso,9417f322,arARG,DF,Torino,36.0,1981.0,2017-2018,ITA
Leandro Cabrera,69cbc8b6,uyURU,DF,Crotone,26.0,1991.0,2017-2018,ITA
Fabrizio Cacciatore,00b0bb87,itITA,DF,Chievo,30.0,1986.0,2017-2018,ITA
Martín Cáceres,e94d79e3,uyURU,DF,Hellas Verona,30.0,1987.0,2017-2018,ITA
Martín Cáceres,e94d79e3,uyURU,DF,Lazio,30.0,1987.0,2017-2018,ITA
Felipe Caicedo,93b891d1,ecECU,FW,Lazio,28.0,1988.0,2017-2018,ITA
Davide Calabria,2146785a,itITA,"DF,MF",Milan,20.0,1996.0,2017-2018,ITA
Mattia Caldara,ac7e640b,itITA,DF,Atalanta,23.0,1994.0,2017-2018,ITA
Hakan Çalhanoğlu,cd0fa27b,trTUR,"FW,MF",Milan,23.0,1994.0,2017-2018,ITA
Fabrizio Caligara,22ca11f1,itITA,MF,Cagliari,17.0,2000.0,2017-2018,ITA
José Callejón,78841da9,esESP,FW,Napoli,30.0,1987.0,2017-2018,ITA
Simone Calvano,9dabfcf5,itITA,MF,Hellas Verona,24.0,1993.0,2017-2018,ITA
João Cancelo,bd6351cd,ptPOR,"DF,MF",Inter,23.0,1994.0,2017-2018,ITA
Antonio Candreva,356c9002,itITA,MF,Inter,30.0,1987.0,2017-2018,ITA
Paolo Cannavaro,46ed55b6,itITA,DF,Sassuolo,36.0,1981.0,2017-2018,ITA
Leonardo Capezzi,07ea0ef2,itITA,MF,Sampdoria,22.0,1995.0,2017-2018,ITA
Elio Capradossi,174944a3,ugUGA,DF,Roma,21.0,1996.0,2017-2018,ITA
Gianluca Caprari,54e53b7e,itITA,"FW,MF",Sampdoria,24.0,1993.0,2017-2018,ITA
Marco Capuano,616aea37,itITA,DF,Crotone,25.0,1991.0,2017-2018,ITA
Marco Capuano,616aea37,itITA,DF,Cagliari,25.0,1991.0,2017-2018,ITA
Antonio Caracciolo,99d8fc35,itITA,DF,Hellas Verona,27.0,1990.0,2017-2018,ITA
Francesco Cassata,96960855,itITA,MF,Sassuolo,20.0,1997.0,2017-2018,ITA
Timothy Castagne,197640fd,beBEL,MF,Atalanta,21.0,1995.0,2017-2018,ITA
Leandro Castán,019f4d0d,brBRA,DF,Cagliari,30.0,1986.0,2017-2018,ITA
Lucas Castro,56b2957b,arARG,MF,Chievo,28.0,1989.0,2017-2018,ITA
Danilo Cataldi,ba3d3bea,itITA,MF,Benevento,22.0,1994.0,2017-2018,ITA
Federico Ceccherini,d9624b51,itITA,DF,Crotone,25.0,1992.0,2017-2018,ITA
Ricardo Centurión,fac896b0,arARG,MF,Genoa,24.0,1993.0,2017-2018,ITA
Luca Ceppitelli,7d50454d,itITA,DF,Cagliari,27.0,1989.0,2017-2018,ITA
Fabio Ceravolo,4cc93246,itITA,FW,Benevento,30.0,1987.0,2017-2018,ITA
Alessio Cerci,5370cba7,itITA,"FW,MF",Hellas Verona,30.0,1987.0,2017-2018,ITA
Boštjan Cesar,c1d18f10,siSVN,DF,Chievo,35.0,1982.0,2017-2018,ITA
Damir Ceter,eade5337,coCOL,FW,Cagliari,19.0,1997.0,2017-2018,ITA
Raman Chibsah,aa5a409a,ghGHA,MF,Benevento,24.0,1993.0,2017-2018,ITA
Giorgio Chiellini,e85fb9b8,itITA,DF,Juventus,32.0,1984.0,2017-2018,ITA
Federico Chiesa,b0f7e36c,itITA,"MF,FW",Fiorentina,19.0,1997.0,2017-2018,ITA
Vlad Chiricheș,c316607a,roROU,DF,Napoli,27.0,1989.0,2017-2018,ITA
Amato Ciciretti,1ab0b878,itITA,"MF,FW",Benevento,23.0,1993.0,2017-2018,ITA
Luca Cigarini,ae64d449,itITA,MF,Cagliari,31.0,1986.0,2017-2018,ITA
Thiago Cionek,46f5c54d,plPOL,DF,SPAL,31.0,1986.0,2017-2018,ITA
Karamoko Cissé,b39569c0,gnGUI,FW,Benevento,28.0,1988.0,2017-2018,ITA
Massimo Coda,4c7940d6,itITA,FW,Benevento,28.0,1988.0,2017-2018,ITA
Isaac Cofie,c6dda86e,ghGHA,MF,Genoa,25.0,1991.0,2017-2018,ITA
Andrea Consigli,8cabdc1e,itITA,GK,Sassuolo,30.0,1987.0,2017-2018,ITA
Andrea Conti,8fef5412,itITA,DF,Milan,23.0,1994.0,2017-2018,ITA
Duje Čop,8b0b02c9,hrCRO,FW,Cagliari,27.0,1990.0,2017-2018,ITA
Alex Cordaz,e66ebabb,itITA,GK,Crotone,34.0,1983.0,2017-2018,ITA
Andreas Cornelius,c693347d,dkDEN,FW,Atalanta,24.0,1993.0,2017-2018,ITA
Andrea Cossu,70fd593e,itITA,MF,Cagliari,37.0,1980.0,2017-2018,ITA
Andrea Costa,f5e9a8bd,itITA,DF,Benevento,31.0,1986.0,2017-2018,ITA
Douglas Costa,4fa7cb9b,brBRA,"FW,MF",Juventus,26.0,1990.0,2017-2018,ITA
Filippo Costa,00528660,itITA,MF,SPAL,22.0,1995.0,2017-2018,ITA
Angelo da Costa Júnior,18736214,brBRA,GK,Bologna,33.0,1983.0,2017-2018,ITA
Alessio Cragno,f554e29b,itITA,GK,Cagliari,23.0,1994.0,2017-2018,ITA
Michele Cremonesi,53636fce,itITA,DF,SPAL,29.0,1988.0,2017-2018,ITA
Lorenzo Crisetig,f54dfca8,itITA,MF,Bologna,24.0,1993.0,2017-2018,ITA
Bryan Cristante,16657b95,itITA,MF,Atalanta,22.0,1995.0,2017-2018,ITA
Sebastián Cristóforo,3c05c659,uyURU,MF,Fiorentina,23.0,1993.0,2017-2018,ITA
Giovanni Crociata,8c964914,itITA,FW,Crotone,19.0,1997.0,2017-2018,ITA
Luca Crosta,a4ec7d09,itITA,GK,Cagliari,19.0,1998.0,2017-2018,ITA
Juan Cuadrado,0ab1f153,coCOL,"MF,FW",Juventus,29.0,1988.0,2017-2018,ITA
Patrick Cutrone,a4fe8cda,itITA,FW,Milan,19.0,1998.0,2017-2018,ITA
Marco D'Alessandro,060606ec,itITA,"MF,FW",Benevento,26.0,1991.0,2017-2018,ITA
Danilo D'Ambrosio,44eb9093,itITA,DF,Inter,28.0,1988.0,2017-2018,ITA
Bryan Dabo,c53083ad,bfBFA,MF,Fiorentina,25.0,1992.0,2017-2018,ITA
Dario Dainelli,3858e611,itITA,DF,Chievo,38.0,1979.0,2017-2018,ITA
Felipe dal Belo,8cea6319,brBRA,DF,SPAL,33.0,1984.0,2017-2018,ITA
Andrea Danzi,263b855a,itITA,MF,Hellas Verona,18.0,1999.0,2017-2018,ITA
Sebastien De Maio,952a03fe,frFRA,DF,Bologna,30.0,1987.0,2017-2018,ITA
Rodrigo De Paul,162efffd,arARG,"FW,MF",Udinese,23.0,1994.0,2017-2018,ITA
Daniele De Rossi,532d2690,itITA,MF,Roma,34.0,1983.0,2017-2018,ITA
Mattia De Sciglio,ae4e2852,itITA,DF,Juventus,24.0,1992.0,2017-2018,ITA
Lorenzo De Silvestri,e74f0e59,itITA,"DF,MF",Torino,29.0,1988.0,2017-2018,ITA
Grégoire Defrel,854ee61a,mqMTQ,FW,Roma,26.0,1991.0,2017-2018,ITA
Alessandro Deiola,7f267d66,itITA,MF,Cagliari,21.0,1995.0,2017-2018,ITA
Lorenzo Del Pinto,081b6080,itITA,MF,Benevento,27.0,1990.0,2017-2018,ITA
Cristian Dell'Orco,b0243215,itITA,DF,Sassuolo,23.0,1994.0,2017-2018,ITA
Fabio Depaoli,d97f2e8d,itITA,"MF,DF",Chievo,20.0,1997.0,2017-2018,ITA
Gregory van der Wiel,2fb3ad46,nlNED,"MF,DF",Cagliari,29.0,1988.0,2017-2018,ITA
Daniele Dessena,02b2937c,itITA,MF,Cagliari,30.0,1987.0,2017-2018,ITA
Mattia Destro,d7d32194,itITA,FW,Bologna,26.0,1991.0,2017-2018,ITA
Gianluca Di Chiara,68852c0a,itITA,DF,Benevento,23.0,1993.0,2017-2018,ITA
Federico Di Francesco,1fca9171,itITA,"FW,MF",Bologna,23.0,1994.0,2017-2018,ITA
Davide Di Gennaro,951a4ee4,itITA,"FW,MF",Lazio,29.0,1988.0,2017-2018,ITA
Cheick Diabaté,95cfe655,mlMLI,FW,Benevento,29.0,1988.0,2017-2018,ITA
Moussa Diaby,aeed5c06,frFRA,FW,Crotone,18.0,1999.0,2017-2018,ITA
Amadou Diawara,bf309d24,gnGUI,MF,Napoli,20.0,1997.0,2017-2018,ITA
Berat Djimsiti,6eee05f1,alALB,DF,Benevento,24.0,1993.0,2017-2018,ITA
Gianluigi Donnarumma,08f5afaa,itITA,GK,Milan,18.0,1999.0,2017-2018,ITA
Godfred Donsah,384dd218,ghGHA,MF,Bologna,21.0,1996.0,2017-2018,ITA
Bartłomiej Drągowski,085e71a7,plPOL,GK,Fiorentina,19.0,1997.0,2017-2018,ITA
Boukary Dramé,a5cd894b,snSEN,MF,SPAL,32.0,1985.0,2017-2018,ITA
Alfred Duncan,528492ea,ghGHA,MF,Sassuolo,24.0,1993.0,2017-2018,ITA
Noë Dussenne,8b9b8e43,beBEL,DF,Crotone,25.0,1992.0,2017-2018,ITA
Paulo Dybala,e0921a4f,arARG,"MF,FW",Juventus,23.0,1993.0,2017-2018,ITA
Edin Džeko,3bb7f478,baBIH,FW,Roma,31.0,1986.0,2017-2018,ITA
Blerim Džemaili,756959aa,chSUI,MF,Bologna,31.0,1986.0,2017-2018,ITA
Éder,5a325298,itITA,FW,Inter,30.0,1986.0,2017-2018,ITA
Simone Edera,8697c095,itITA,"MF,FW",Torino,20.0,1997.0,2017-2018,ITA
Valentin Eysseric,ae82fa48,frFRA,"MF,FW",Fiorentina,25.0,1992.0,2017-2018,ITA
Diego Falcinelli,a39b9ef6,itITA,FW,Fiorentina,26.0,1991.0,2017-2018,ITA
Diego Falcinelli,a39b9ef6,itITA,FW,Sassuolo,26.0,1991.0,2017-2018,ITA
Cesar Falletti,00823e9a,uyURU,FW,Bologna,24.0,1992.0,2017-2018,ITA
Iago Falque,440c84ed,esESP,"FW,MF",Torino,27.0,1990.0,2017-2018,ITA
Paolo Faragò,9085dd7c,itITA,"MF,DF",Cagliari,24.0,1993.0,2017-2018,ITA
Davide Faraoni,aae9d04a,itITA,"DF,MF",Crotone,25.0,1991.0,2017-2018,ITA
Mohamed Fares,b7a5bc86,dzALG,"DF,FW",Hellas Verona,21.0,1996.0,2017-2018,ITA
Diego Farias,157d29b6,brBRA,FW,Cagliari,27.0,1990.0,2017-2018,ITA
Federico Fazio,4e358a2d,arARG,DF,Roma,30.0,1987.0,2017-2018,ITA
Luiz Felipe,15d0c248,itITA,DF,Lazio,20.0,1997.0,2017-2018,ITA
Alex Ferrari,d0dbca9f,itITA,DF,Hellas Verona,23.0,1994.0,2017-2018,ITA
Gian Filippo Felicioli,ff219f73,itITA,"MF,DF",Hellas Verona,19.0,1997.0,2017-2018,ITA
Sergio Floccari,df301450,itITA,FW,SPAL,35.0,1981.0,2017-2018,ITA
Alessandro Florenzi,e288d4b3,itITA,DF,Roma,26.0,1991.0,2017-2018,ITA
Seko Fofana,5313ed43,ciCIV,MF,Udinese,22.0,1995.0,2017-2018,ITA
Marco Fossati,39bec070,itITA,MF,Hellas Verona,24.0,1992.0,2017-2018,ITA
Remo Freuler,98d2c2c4,chSUI,MF,Atalanta,25.0,1992.0,2017-2018,ITA
Roberto Gagliardini,ce30bfc8,itITA,MF,Inter,23.0,1994.0,2017-2018,ITA
Andrey Galabinov,0a1efd3c,bgBUL,FW,Genoa,28.0,1988.0,2017-2018,ITA
Alessandro Gamberini,8ec95452,itITA,DF,Chievo,35.0,1981.0,2017-2018,ITA
Luca Garritano,1ceeae3e,itITA,"FW,MF",Chievo,23.0,1994.0,2017-2018,ITA
Bruno Gaspar,55ae91f0,aoANG,DF,Fiorentina,24.0,1993.0,2017-2018,ITA
Gianluca Gaudino,0d72fbca,deGER,MF,Chievo,20.0,1996.0,2017-2018,ITA
Marcello Gazzola,93390969,itITA,"DF,MF",Sassuolo,32.0,1985.0,2017-2018,ITA
Santiago Gentiletti,4ac07e1b,arARG,DF,Genoa,32.0,1985.0,2017-2018,ITA
Gerson,8827bf46,brBRA,"MF,FW",Roma,20.0,1997.0,2017-2018,ITA
Faouzi Ghoulam,c5adc293,dzALG,DF,Napoli,26.0,1991.0,2017-2018,ITA
Emanuele Giaccherini,1c50f354,itITA,"MF,FW",Chievo,32.0,1985.0,2017-2018,ITA
Emanuele Giaccherini,1c50f354,itITA,"FW,MF",Napoli,32.0,1985.0,2017-2018,ITA
Niccolò Giannetti,d9e750e5,itITA,"FW,MF",Cagliari,26.0,1991.0,2017-2018,ITA
Massimo Gobbi,635b0bae,itITA,DF,Chievo,36.0,1980.0,2017-2018,ITA
Edoardo Goldaniga,4b029b31,itITA,DF,Sassuolo,23.0,1993.0,2017-2018,ITA
Pierluigi Gollini,f0f7f62f,itITA,GK,Atalanta,22.0,1995.0,2017-2018,ITA
Papu Gómez,6e4df551,arARG,"FW,MF",Atalanta,29.0,1988.0,2017-2018,ITA
Alfred Gomis,cecbce23,snSEN,GK,SPAL,23.0,1993.0,2017-2018,ITA
Maxime Gonalons,b8c1de25,frFRA,MF,Roma,28.0,1989.0,2017-2018,ITA
Giancarlo González,117beb8f,crCRC,DF,Bologna,29.0,1988.0,2017-2018,ITA
Robin Gosens,2d970560,deGER,MF,Atalanta,23.0,1994.0,2017-2018,ITA
Alberto Grassi,6cc97b6a,itITA,MF,SPAL,22.0,1995.0,2017-2018,ITA
Andrew Gravillon,49136c42,gpGLP,DF,Benevento,19.0,1998.0,2017-2018,ITA
Guilherme,9e61c019,brBRA,"MF,FW",Benevento,26.0,1991.0,2017-2018,ITA
Samuel Gustafson,b1e61f23,seSWE,MF,Torino,22.0,1995.0,2017-2018,ITA
Bright Gyamfi,251d982a,ghGHA,"MF,DF",Benevento,21.0,1996.0,2017-2018,ITA
Nicolas Haas,fa449bba,chSUI,MF,Atalanta,21.0,1996.0,2017-2018,ITA
Emil Hallfreðsson,86015b20,isISL,MF,Udinese,33.0,1984.0,2017-2018,ITA
Marek Hamšík,e6ad16b2,skSVK,MF,Napoli,30.0,1987.0,2017-2018,ITA
Samir Handanović,74419746,siSVN,GK,Inter,33.0,1984.0,2017-2018,ITA
Hans Hateboer,3b333ac3,nlNED,MF,Atalanta,23.0,1994.0,2017-2018,ITA
Filip Helander,27f0ddef,seSWE,DF,Bologna,24.0,1993.0,2017-2018,ITA
Dalbert Henrique,f45f9427,brBRA,DF,Inter,23.0,1993.0,2017-2018,ITA
Përparim Hetemaj,90b70194,fiFIN,MF,Chievo,30.0,1986.0,2017-2018,ITA
Thomas Heurtaux,32d1c24f,frFRA,DF,Hellas Verona,29.0,1988.0,2017-2018,ITA
Gonzalo Higuaín,8a08491a,arARG,FW,Juventus,29.0,1987.0,2017-2018,ITA
Oscar Hiljemark,98e958af,seSWE,MF,Genoa,25.0,1992.0,2017-2018,ITA
Benedikt Höwedes,d5c04323,deGER,DF,Juventus,29.0,1988.0,2017-2018,ITA
Vitor Hugo,f2c1300a,brBRA,DF,Fiorentina,26.0,1991.0,2017-2018,ITA
Elseid Hysaj,2f3452eb,alALB,DF,Napoli,23.0,1994.0,2017-2018,ITA
Mauro Icardi,43b78598,arARG,FW,Inter,24.0,1993.0,2017-2018,ITA
Pietro Iemmello,0861b8d6,itITA,FW,Benevento,25.0,1992.0,2017-2018,ITA
Josip Iličić,68252d6d,siSVN,"MF,FW",Atalanta,29.0,1988.0,2017-2018,ITA
Ciro Immobile,4431aed2,itITA,FW,Lazio,27.0,1990.0,2017-2018,ITA
Svante Ingelsson,4133cfcf,seSWE,MF,Udinese,19.0,1998.0,2017-2018,ITA
Roberto Inglese,6c1f7328,itITA,FW,Chievo,25.0,1991.0,2017-2018,ITA
Lorenzo Insigne,2f557579,itITA,FW,Napoli,26.0,1991.0,2017-2018,ITA
Artur Ioniță,cedb3e36,mdMDA,MF,Cagliari,26.0,1990.0,2017-2018,ITA
Armando Izzo,89976232,itITA,DF,Genoa,25.0,1992.0,2017-2018,ITA
Jakub Jankto,1ea5f91c,czCZE,"MF,FW",Udinese,21.0,1996.0,2017-2018,ITA
Paweł Jaroszyński,958a601f,plPOL,"DF,MF",Chievo,22.0,1994.0,2017-2018,ITA
Juan Jesus,79083382,brBRA,DF,Roma,26.0,1991.0,2017-2018,ITA
Jorginho,45db685d,itITA,MF,Napoli,25.0,1991.0,2017-2018,ITA
Mariano Julio Izco,0d2bdb4b,arARG,MF,Crotone,34.0,1983.0,2017-2018,ITA
Nikola Kalinić,d4931a5a,hrCRO,FW,Milan,29.0,1988.0,2017-2018,ITA
Mamadou Kanouté,3d5ed93d,snSEN,MF,Benevento,23.0,1993.0,2017-2018,ITA
Yann Karamoh,8b66d9cc,frFRA,"MF,FW",Inter,19.0,1998.0,2017-2018,ITA
Rick Karsdorp,9f84febe,nlNED,DF,Roma,22.0,1995.0,2017-2018,ITA
Moise Kean,3d50bcdb,itITA,FW,Hellas Verona,17.0,2000.0,2017-2018,ITA
Cheick Keita,82f32d55,mlMLI,DF,Bologna,21.0,1996.0,2017-2018,ITA
Franck Kessié,05e19d6a,ciCIV,MF,Milan,20.0,1996.0,2017-2018,ITA
Sami Khedira,38ac43d3,deGER,MF,Juventus,30.0,1987.0,2017-2018,ITA
Aleksandar Kolarov,eda40760,rsSRB,DF,Roma,31.0,1985.0,2017-2018,ITA
Kalidou Koulibaly,da974c7b,snSEN,DF,Napoli,26.0,1991.0,2017-2018,ITA
Dawid Kownacki,be5e1c4c,plPOL,FW,Sampdoria,20.0,1997.0,2017-2018,ITA
Emil Krafth,77cf6852,seSWE,DF,Bologna,22.0,1994.0,2017-2018,ITA
Oliver Kragl,1c17dfe0,deGER,MF,Crotone,27.0,1990.0,2017-2018,ITA
Ladislav Krejčí,58027adc,czCZE,FW,Bologna,25.0,1992.0,2017-2018,ITA
Jasmin Kurtić,144607cc,siSVN,"MF,FW",SPAL,28.0,1989.0,2017-2018,ITA
Jasmin Kurtić,144607cc,siSVN,MF,Atalanta,28.0,1989.0,2017-2018,ITA
Han Kwang-song,87243064,kpPRK,FW,Cagliari,18.0,1998.0,2017-2018,ITA
Eugenio Lamanna,349601c3,itITA,GK,Genoa,27.0,1989.0,2017-2018,ITA
Gianluca Lapadula,2ead2809,pePER,FW,Genoa,27.0,1990.0,2017-2018,ITA
Danilo Larangeira,fed5f993,brBRA,DF,Udinese,33.0,1984.0,2017-2018,ITA
Kevin Lasagna,09538fdb,itITA,FW,Udinese,24.0,1992.0,2017-2018,ITA
Vincent Laurini,3535098b,frFRA,DF,Fiorentina,28.0,1989.0,2017-2018,ITA
Diego Laxalt,f26e3c59,uyURU,MF,Genoa,24.0,1993.0,2017-2018,ITA
Achraf Lazaar,957d41d2,maMAR,MF,Benevento,25.0,1992.0,2017-2018,ITA
Darko Lazović,5128bde4,rsSRB,MF,Genoa,26.0,1990.0,2017-2018,ITA
Manuel Lazzari,02caf6e0,itITA,MF,SPAL,23.0,1993.0,2017-2018,ITA
Lucas Leiva,4c78b5ed,brBRA,MF,Lazio,30.0,1987.0,2017-2018,ITA
Mauricio Lemos,dbe5a587,uyURU,DF,Sassuolo,21.0,1995.0,2017-2018,ITA
Mehdi Léris,7d3cbc67,dzALG,"FW,MF",Chievo,19.0,1998.0,2017-2018,ITA
Gaetano Letizia,3dd45b70,itITA,"DF,MF",Benevento,27.0,1990.0,2017-2018,ITA
Timo Letschert,be9938ed,nlNED,DF,Sassuolo,24.0,1993.0,2017-2018,ITA
Stephan Lichtsteiner,99b1d0e6,chSUI,"DF,MF",Juventus,33.0,1984.0,2017-2018,ITA
Karol Linetty,d023d70f,plPOL,MF,Sampdoria,22.0,1995.0,2017-2018,ITA
Pol Lirola,ff800ed8,esESP,"DF,MF",Sassuolo,19.0,1997.0,2017-2018,ITA
Adem Ljajić,2648e18f,rsSRB,"MF,FW",Torino,25.0,1991.0,2017-2018,ITA
Simone Lo Faso,51c614fd,itITA,FW,Fiorentina,19.0,1998.0,2017-2018,ITA
Manuel Locatelli,a8a874f1,itITA,MF,Milan,19.0,1998.0,2017-2018,ITA
Cristiano Lombardi,f124b4c9,itITA,"MF,FW",Benevento,21.0,1995.0,2017-2018,ITA
Lisandro López,8320fe65,arARG,DF,Inter,27.0,1989.0,2017-2018,ITA
Maxi López,ad469944,arARG,FW,Udinese,33.0,1984.0,2017-2018,ITA
Fabio Lucioni,8efa621b,itITA,DF,Benevento,29.0,1987.0,2017-2018,ITA
José Luis Palomino,921f6058,arARG,DF,Atalanta,27.0,1990.0,2017-2018,ITA
Everton Luiz,3799e138,brBRA,MF,SPAL,29.0,1988.0,2017-2018,ITA
Jordan Lukaku,0cd0e21b,beBEL,MF,Lazio,23.0,1994.0,2017-2018,ITA
Senad Lulić,7fd58fe3,baBIH,MF,Lazio,31.0,1986.0,2017-2018,ITA
Lyanco,b5bf1770,brBRA,DF,Torino,20.0,1997.0,2017-2018,ITA
Charalampos Lykogiannis,5efc5389,grGRE,"MF,DF",Cagliari,23.0,1993.0,2017-2018,ITA
Christian Maggio,31d7f557,itITA,DF,Napoli,35.0,1982.0,2017-2018,ITA
Francesco Magnanelli,07767f42,itITA,MF,Sassuolo,32.0,1984.0,2017-2018,ITA
Domenico Maietta,3d936ba9,itITA,DF,Bologna,34.0,1982.0,2017-2018,ITA
Nikola Maksimović,16b9d5cf,rsSRB,DF,Napoli,25.0,1991.0,2017-2018,ITA
Gianluca Mancini,5aa53281,itITA,DF,Atalanta,21.0,1996.0,2017-2018,ITA
Rolando Mandragora,c7259b83,itITA,MF,Crotone,20.0,1997.0,2017-2018,ITA
Mario Mandžukić,afa0d4e0,hrCRO,"FW,MF",Juventus,31.0,1986.0,2017-2018,ITA
Kostas Manolas,c707411f,grGRE,DF,Roma,26.0,1991.0,2017-2018,ITA
Gabriele Marchegiani,8cf63012,itITA,GK,SPAL,21.0,1996.0,2017-2018,ITA
Claudio Marchisio,e304acd5,itITA,MF,Juventus,31.0,1986.0,2017-2018,ITA
Gian Marco Ferrari,8650af85,itITA,DF,Sampdoria,25.0,1992.0,2017-2018,ITA
João Mário,f0021247,ptPOR,MF,Inter,24.0,1993.0,2017-2018,ITA
Bruno Martella,1e12c53b,itITA,DF,Crotone,24.0,1992.0,2017-2018,ITA
Adam Marušić,d4535821,meMNE,MF,Lazio,24.0,1992.0,2017-2018,ITA
Andrea Masiello,e0314d87,itITA,DF,Atalanta,31.0,1986.0,2017-2018,ITA
Adam Masina,de0f152c,maMAR,"DF,MF",Bologna,23.0,1994.0,2017-2018,ITA
Ryder Matos,7280b54f,brBRA,MF,Udinese,24.0,1993.0,2017-2018,ITA
Ryder Matos,7280b54f,brBRA,"FW,MF",Hellas Verona,24.0,1993.0,2017-2018,ITA
Alessandro Matri,58d97e77,itITA,FW,Sassuolo,32.0,1984.0,2017-2018,ITA
Federico Mattiello,fba81826,itITA,MF,SPAL,22.0,1995.0,2017-2018,ITA
Blaise Matuidi,c0cddebe,frFRA,MF,Juventus,30.0,1987.0,2017-2018,ITA
José Mauri,644faf10,itITA,MF,Milan,21.0,1996.0,2017-2018,ITA
Maurício,d5bd1abc,brBRA,DF,Lazio,28.0,1988.0,2017-2018,ITA
Luca Mazzitelli,dc61b402,itITA,MF,Sassuolo,21.0,1995.0,2017-2018,ITA
Ibrahima Mbaye,cfbf9881,snSEN,DF,Bologna,22.0,1994.0,2017-2018,ITA
Iuri Medeiros,97e2aa67,ptPOR,FW,Genoa,23.0,1994.0,2017-2018,ITA
Riccardo Meggiorini,2ec0f902,itITA,FW,Chievo,31.0,1985.0,2017-2018,ITA
Ledian Memushaj,8011fcf6,alALB,MF,Benevento,30.0,1986.0,2017-2018,ITA
Alex Meret,9413b19f,itITA,GK,SPAL,20.0,1997.0,2017-2018,ITA
Dries Mertens,89b2c8a9,beBEL,FW,Napoli,30.0,1987.0,2017-2018,ITA
Senna Miangue,42591ed0,beBEL,"MF,DF",Cagliari,20.0,1997.0,2017-2018,ITA
Francesco Migliore,1a584cb2,itITA,MF,Genoa,29.0,1988.0,2017-2018,ITA
Nikola Milenković,bee704fc,rsSRB,DF,Fiorentina,19.0,1997.0,2017-2018,ITA
Arkadiusz Milik,85613cf0,plPOL,FW,Napoli,23.0,1994.0,2017-2018,ITA
Sergej Milinković-Savić,4e6dbac4,rsSRB,MF,Lazio,22.0,1995.0,2017-2018,ITA
Vanja Milinković-Savić,9fa26bc2,rsSRB,GK,Torino,20.0,1997.0,2017-2018,ITA
Miranda,314f2124,brBRA,DF,Inter,32.0,1984.0,2017-2018,ITA
Antonio Mirante,30223b33,itITA,GK,Bologna,34.0,1983.0,2017-2018,ITA
Simone Missiroli,331c0a43,itITA,MF,Sassuolo,31.0,1986.0,2017-2018,ITA
Cristian Molinaro,1c8c5aed,itITA,DF,Torino,34.0,1983.0,2017-2018,ITA
Riccardo Montolivo,b746d309,itITA,MF,Milan,32.0,1985.0,2017-2018,ITA
Luca Mora,42fff925,itITA,MF,SPAL,29.0,1988.0,2017-2018,ITA
Héctor Moreno,5d311e8d,mxMEX,DF,Roma,29.0,1988.0,2017-2018,ITA
Emiliano Moretti,55667895,itITA,DF,Torino,36.0,1981.0,2017-2018,ITA
Alessandro Murgia,fb2c533b,itITA,MF,Lazio,20.0,1996.0,2017-2018,ITA
Nicola Murru,d183e9d6,itITA,DF,Sampdoria,22.0,1994.0,2017-2018,ITA
Mateo Musacchio,91899ca8,arARG,DF,Milan,26.0,1990.0,2017-2018,ITA
Yuto Nagatomo,4b6960d2,jpJPN,DF,Inter,30.0,1986.0,2017-2018,ITA
Ádám Nagy,788b31e2,huHUN,MF,Bologna,22.0,1995.0,2017-2018,ITA
Radja Nainggolan,1f9328da,beBEL,MF,Roma,29.0,1988.0,2017-2018,ITA
Andrea Nalini,65c75ea8,itITA,"FW,MF",Crotone,27.0,1990.0,2017-2018,ITA
Nani,15e9c7e6,ptPOR,FW,Lazio,30.0,1986.0,2017-2018,ITA
M'Baye Niang,2054d037,snSEN,"FW,MF",Torino,22.0,1994.0,2017-2018,ITA
Nicolas Nkoulou,93cf32a8,cmCMR,DF,Torino,27.0,1990.0,2017-2018,ITA
Bram Nuytinck,e33f36d5,nlNED,DF,Udinese,27.0,1990.0,2017-2018,ITA
Simeon Nwankwo,80dbbd10,ngNGA,FW,Crotone,25.0,1992.0,2017-2018,ITA
Joel Obi,614c38fb,ngNGA,MF,Torino,26.0,1991.0,2017-2018,ITA
Marios Oikonomou,3b9858f5,grGRE,DF,SPAL,24.0,1992.0,2017-2018,ITA
Orji Okwonkwo,905a4f61,ngNGA,FW,Bologna,19.0,1998.0,2017-2018,ITA
Maximiliano Olivera,32a33c68,uyURU,DF,Fiorentina,25.0,1992.0,2017-2018,ITA
Stephane Omeonga,72c803a0,beBEL,MF,Genoa,21.0,1996.0,2017-2018,ITA
Riccardo Orsolini,e14ec482,itITA,"FW,MF",Bologna,20.0,1997.0,2017-2018,ITA
Riccardo Orsolini,e14ec482,itITA,"FW,MF",Atalanta,20.0,1997.0,2017-2018,ITA
Adam Ounas,ed90babd,dzALG,"FW,MF",Napoli,20.0,1996.0,2017-2018,ITA
Simone Padoin,5eb72339,itITA,"MF,DF",Cagliari,33.0,1984.0,2017-2018,ITA
Rodrigo Palacio,8d8178ac,arARG,"FW,MF",Bologna,35.0,1982.0,2017-2018,ITA
Raffaele Palladino,961a4174,itITA,"MF,FW",Genoa,33.0,1984.0,2017-2018,ITA
Emerson Palmieri,e0bc6fdc,itITA,"DF,MF",Roma,22.0,1994.0,2017-2018,ITA
Simone Palombi,d0e6399c,itITA,FW,Lazio,21.0,1996.0,2017-2018,ITA
Alberto Paloschi,b5cae4e6,itITA,FW,SPAL,27.0,1990.0,2017-2018,ITA
Goran Pandev,d711d04f,mkMKD,FW,Genoa,34.0,1983.0,2017-2018,ITA
Vittorio Parigini,75efed2e,itITA,"MF,FW",Benevento,21.0,1996.0,2017-2018,ITA
Marco Parolo,ed5886d2,itITA,MF,Lazio,32.0,1985.0,2017-2018,ITA
Patric,f7223718,esESP,"DF,MF",Lazio,24.0,1993.0,2017-2018,ITA
Daniel Pavlović,47146acb,baBIH,"DF,MF",Crotone,29.0,1988.0,2017-2018,ITA
Daniel Pavlović,47146acb,baBIH,DF,Sampdoria,29.0,1988.0,2017-2018,ITA
Leonardo Pavoletti,d37b0350,itITA,FW,Cagliari,28.0,1988.0,2017-2018,ITA
Giampaolo Pazzini,6ca663b4,itITA,FW,Hellas Verona,32.0,1984.0,2017-2018,ITA
João Pedro,81255c03,itITA,"MF,FW",Cagliari,25.0,1992.0,2017-2018,ITA
Gianluca Pegolo,f058ed1f,itITA,GK,Sassuolo,36.0,1981.0,2017-2018,ITA
Pietro Pellegri,a44d3a3c,itITA,FW,Genoa,16.0,2001.0,2017-2018,ITA
Lorenzo Pellegrini,4a5a45c7,itITA,MF,Roma,21.0,1996.0,2017-2018,ITA
Sergio Pellissier,878ee034,itITA,FW,Chievo,38.0,1979.0,2017-2018,ITA
Federico Peluso,4f2908e5,itITA,DF,Sassuolo,33.0,1984.0,2017-2018,ITA
Pedro Pereira,c77be0cf,ptPOR,MF,Genoa,19.0,1998.0,2017-2018,ITA
Bruno Peres,852351df,brBRA,DF,Roma,27.0,1990.0,2017-2018,ITA
Stipe Perica,269b4638,hrCRO,"FW,MF",Udinese,22.0,1995.0,2017-2018,ITA
Mattia Perin,4c62d0c8,itITA,GK,Genoa,24.0,1992.0,2017-2018,ITA
Ivan Perišić,6fe90922,hrCRO,MF,Inter,28.0,1989.0,2017-2018,ITA
Diego Perotti,a40d5a0c,arARG,"FW,MF",Roma,29.0,1988.0,2017-2018,ITA
Andrea Petagna,03f946ed,itITA,FW,Atalanta,22.0,1995.0,2017-2018,ITA
Bruno Petković,24228180,hrCRO,FW,Hellas Verona,22.0,1994.0,2017-2018,ITA
Bruno Petković,24228180,hrCRO,FW,Bologna,22.0,1994.0,2017-2018,ITA
Germán Pezzella,8c725b43,arARG,DF,Fiorentina,26.0,1991.0,2017-2018,ITA
Giuseppe Pezzella,149c5f5d,itITA,"MF,DF",Udinese,19.0,1997.0,2017-2018,ITA
Nicholas Pierini,7cc89a5f,itITA,FW,Sassuolo,18.0,1998.0,2017-2018,ITA
Andrea Pinamonti,08aa9cd1,itITA,FW,Inter,18.0,1999.0,2017-2018,ITA
Carlo Pinsoglio,f6a06749,itITA,GK,Juventus,27.0,1990.0,2017-2018,ITA
Fabio Pisacane,56400c01,itITA,DF,Cagliari,31.0,1986.0,2017-2018,ITA
Miralem Pjanić,ad6df2d5,baBIH,MF,Juventus,27.0,1990.0,2017-2018,ITA
Andrea Poli,b3fd7075,itITA,MF,Bologna,27.0,1989.0,2017-2018,ITA
Matteo Politano,5e861944,itITA,FW,Sassuolo,23.0,1993.0,2017-2018,ITA
Simone Pontisso,8a2d3fdb,itITA,MF,Udinese,20.0,1997.0,2017-2018,ITA
Dennis Praet,86695068,beBEL,MF,Sampdoria,23.0,1994.0,2017-2018,ITA
Manuel Pucciarelli,a1c7b425,itITA,FW,Chievo,26.0,1991.0,2017-2018,ITA
Christian Puggioni,b39dfab0,itITA,GK,Benevento,36.0,1981.0,2017-2018,ITA
Christian Puggioni,b39dfab0,itITA,GK,Sampdoria,36.0,1981.0,2017-2018,ITA
Erick Pulgar,4611e028,clCHI,MF,Bologna,23.0,1994.0,2017-2018,ITA
George Pușcaș,c23c8e0d,roROU,"FW,MF",Benevento,21.0,1996.0,2017-2018,ITA
Fabio Quagliarella,ee4f2f3b,itITA,FW,Sampdoria,34.0,1983.0,2017-2018,ITA
Ivan Radovanović,023937a9,rsSRB,MF,Chievo,28.0,1988.0,2017-2018,ITA
Ștefan Radu,53de807a,roROU,DF,Lazio,30.0,1986.0,2017-2018,ITA
Rafael,dd06d56c,brBRA,GK,Cagliari,35.0,1982.0,2017-2018,ITA
Rafinha,0c2ac3cb,brBRA,MF,Inter,24.0,1993.0,2017-2018,ITA
Antonino Ragusa,e967e202,itITA,"FW,MF",Sassuolo,27.0,1990.0,2017-2018,ITA
Gastón Ramírez,2c851997,uyURU,MF,Sampdoria,26.0,1990.0,2017-2018,ITA
Andrea Ranocchia,539230cf,itITA,DF,Inter,29.0,1988.0,2017-2018,ITA
Vasco Regini,339c6ed4,itITA,DF,Sampdoria,26.0,1990.0,2017-2018,ITA
Pepe Reina,e358587b,esESP,GK,Napoli,34.0,1982.0,2017-2018,ITA
Federico Ricci,524eb8c5,itITA,FW,Crotone,23.0,1994.0,2017-2018,ITA
Federico Ricci,524eb8c5,itITA,MF,Genoa,23.0,1994.0,2017-2018,ITA
Luca Rigoni,4dba2a97,itITA,MF,Genoa,32.0,1984.0,2017-2018,ITA
Nicola Rigoni,e327bd76,itITA,MF,Chievo,26.0,1990.0,2017-2018,ITA
Tomás Rincón,f1cfc209,veVEN,MF,Torino,29.0,1988.0,2017-2018,ITA
Luca Rizzo,a3e4b724,itITA,MF,SPAL,25.0,1992.0,2017-2018,ITA
Ricardo Rodríguez,7f78ad23,chSUI,"DF,MF",Milan,24.0,1992.0,2017-2018,ITA
Marko Rog,b6b2b820,hrCRO,MF,Napoli,22.0,1995.0,2017-2018,ITA
Rogério,10e7f486,brBRA,"MF,DF",Sassuolo,19.0,1998.0,2017-2018,ITA
Marcus Rohdén,b5b27493,seSWE,MF,Crotone,26.0,1991.0,2017-2018,ITA
Filippo Romagna,84594618,itITA,DF,Cagliari,20.0,1997.0,2017-2018,ITA
Alessio Romagnoli,3ead85f9,itITA,DF,Milan,22.0,1995.0,2017-2018,ITA
Simone Romagnoli,09899de8,itITA,DF,Bologna,27.0,1990.0,2017-2018,ITA
Aristóteles Romero,9f069180,veVEN,MF,Crotone,21.0,1995.0,2017-2018,ITA
Rômulo,07abb358,itITA,"MF,DF",Hellas Verona,30.0,1987.0,2017-2018,ITA
Marten de Roon,2a1beb34,nlNED,MF,Atalanta,26.0,1991.0,2017-2018,ITA
Aleandro Rosi,1b729ba2,itITA,MF,Genoa,30.0,1987.0,2017-2018,ITA
Luca Rossettini,47a500ae,itITA,DF,Genoa,32.0,1985.0,2017-2018,ITA
Francesco Rossi,7b5f516f,itITA,GK,Atalanta,26.0,1991.0,2017-2018,ITA
Giuseppe Rossi,fe48a073,itITA,FW,Genoa,30.0,1987.0,2017-2018,ITA
Daniele Rugani,14b8fcdf,itITA,DF,Juventus,23.0,1994.0,2017-2018,ITA
Mário Rui,0b5a292a,ptPOR,DF,Napoli,26.0,1991.0,2017-2018,ITA
Umar Sadiq,686cbe7d,ngNGA,FW,Torino,20.0,1997.0,2017-2018,ITA
Bacary Sagna,6ef56efd,frFRA,DF,Benevento,34.0,1983.0,2017-2018,ITA
Jacopo Sala,da5a981b,itITA,DF,Sampdoria,25.0,1991.0,2017-2018,ITA
Bartosz Salamon,9b30df1e,plPOL,DF,SPAL,26.0,1991.0,2017-2018,ITA
Eddie Salcedo,0489bb30,itITA,FW,Genoa,15.0,2001.0,2017-2018,ITA
Mario Sampirisi,cda2ec29,itITA,DF,Crotone,24.0,1992.0,2017-2018,ITA
Carlos Sánchez,50b51fac,coCOL,MF,Fiorentina,31.0,1986.0,2017-2018,ITA
Sandro,c1c2c925,brBRA,MF,Benevento,28.0,1989.0,2017-2018,ITA
Alex Sandro,0d82903c,brBRA,DF,Juventus,26.0,1991.0,2017-2018,ITA
Siriki Sanogo,ff120e44,ciCIV,FW,Benevento,15.0,2001.0,2017-2018,ITA
Davide Santon,88c89891,itITA,"DF,MF",Inter,26.0,1991.0,2017-2018,ITA
Samir Santos,92b4758e,brBRA,DF,Udinese,22.0,1994.0,2017-2018,ITA
Antonio Santurro,61228681,doDOM,GK,Bologna,25.0,1992.0,2017-2018,ITA
Riccardo Saponara,3bb7af3b,itITA,"MF,FW",Fiorentina,25.0,1991.0,2017-2018,ITA
Marco Sau,1ad1f50d,itITA,FW,Cagliari,29.0,1987.0,2017-2018,ITA
Gianluca Scamacca,8790f988,itITA,FW,Sassuolo,18.0,1999.0,2017-2018,ITA
Pasquale Schiattarella,bd84fc61,itITA,MF,SPAL,30.0,1987.0,2017-2018,ITA
Eros Schiavon,c4f97172,itITA,"MF,DF",SPAL,34.0,1983.0,2017-2018,ITA
Patrik Schick,5d4f7d61,czCZE,"FW,MF",Roma,21.0,1996.0,2017-2018,ITA
Simone Scuffet,41bd99ea,itITA,GK,Udinese,21.0,1996.0,2017-2018,ITA
Stefano Sensi,b70bde8f,itITA,MF,Sassuolo,21.0,1995.0,2017-2018,ITA
Luigi Sepe,343f753a,itITA,GK,Napoli,26.0,1991.0,2017-2018,ITA
Lee Seung-woo,0f22b650,krKOR,FW,Hellas Verona,19.0,1998.0,2017-2018,ITA
Stephan El Shaarawy,d3aaad90,itITA,"FW,MF",Roma,24.0,1992.0,2017-2018,ITA
André Silva,3effaa34,ptPOR,FW,Milan,21.0,1995.0,2017-2018,ITA
Jonathan Silva,f2308b33,arARG,DF,Roma,23.0,1994.0,2017-2018,ITA
Matías Silvestre,b6ca47a2,arARG,DF,Sampdoria,32.0,1984.0,2017-2018,ITA
Marco Silvestri,0d422df7,itITA,GK,Hellas Verona,26.0,1991.0,2017-2018,ITA
Giovanni Simeone,343c0d52,arARG,FW,Fiorentina,22.0,1995.0,2017-2018,ITA
Lorenco Šimić,65e4dede,hrCRO,DF,SPAL,21.0,1996.0,2017-2018,ITA
Stefan Simić,b5365398,czCZE,DF,Crotone,22.0,1995.0,2017-2018,ITA
Salvatore Sirigu,10dc46f0,itITA,GK,Torino,30.0,1987.0,2017-2018,ITA
Łukasz Skorupski,ab4449d6,plPOL,GK,Roma,26.0,1991.0,2017-2018,ITA
Milan Škriniar,30f5ffa9,skSVK,DF,Inter,22.0,1995.0,2017-2018,ITA
Stefano Sorrentino,048877f5,itITA,GK,Chievo,38.0,1979.0,2017-2018,ITA
Samuel Souprayen,f7c9fcd6,frFRA,DF,Hellas Verona,28.0,1989.0,2017-2018,ITA
Luca Sparandeo,dfbb3234,itITA,DF,Benevento,17.0,1999.0,2017-2018,ITA
Leonardo Spinazzola,3626daea,itITA,MF,Atalanta,24.0,1993.0,2017-2018,ITA
Nicolás Spolli,9a560ebe,arARG,DF,Genoa,34.0,1983.0,2017-2018,ITA
Marco Sportiello,ac4003af,itITA,GK,Fiorentina,25.0,1992.0,2017-2018,ITA
Mariusz Stępiński,7b536033,plPOL,FW,Chievo,22.0,1995.0,2017-2018,ITA
Ognjen Stijepović,80ad4216,meMNE,MF,Sampdoria,17.0,1999.0,2017-2018,ITA
Adrian Stoian,4468b31a,roROU,"MF,FW",Crotone,26.0,1991.0,2017-2018,ITA
Thomas Strakosha,339fe0e8,alALB,GK,Lazio,22.0,1995.0,2017-2018,ITA
Ivan Strinić,52e2ef8f,hrCRO,DF,Sampdoria,30.0,1987.0,2017-2018,ITA
Kevin Strootman,ef2e5e1a,nlNED,MF,Roma,27.0,1990.0,2017-2018,ITA
Jens Stryger Larsen,f91e81c9,dkDEN,"DF,MF",Udinese,26.0,1991.0,2017-2018,ITA
Stefano Sturaro,2334478a,itITA,"MF,DF",Juventus,24.0,1993.0,2017-2018,ITA
Suso,4e219ad2,esESP,"FW,MF",Milan,23.0,1993.0,2017-2018,ITA
Wojciech Szczęsny,01b8a2b2,plPOL,GK,Juventus,27.0,1990.0,2017-2018,ITA
Adel Taarabt,47dc80f5,maMAR,"FW,MF",Genoa,28.0,1989.0,2017-2018,ITA
Saphir Taïder,a12d0c05,dzALG,MF,Bologna,25.0,1992.0,2017-2018,ITA
Cyril Théréau,4d3ab428,frFRA,FW,Udinese,34.0,1983.0,2017-2018,ITA
Cyril Théréau,4d3ab428,frFRA,"FW,MF",Fiorentina,34.0,1983.0,2017-2018,ITA
Rafael Tolói,c56dc39e,itITA,DF,Atalanta,26.0,1990.0,2017-2018,ITA
Nenad Tomović,6aafdc27,rsSRB,DF,Fiorentina,29.0,1987.0,2017-2018,ITA
Nenad Tomović,6aafdc27,rsSRB,DF,Chievo,29.0,1987.0,2017-2018,ITA
Lorenzo Tonelli,8cc29864,itITA,DF,Napoli,27.0,1990.0,2017-2018,ITA
Aleksandar Tonev,c15d1af9,bgBUL,"MF,FW",Crotone,27.0,1990.0,2017-2018,ITA
Vasilis Torosidis,8ea2c099,grGRE,"DF,MF",Bologna,32.0,1985.0,2017-2018,ITA
Emanuele Torrasi,16bc48f8,itITA,MF,Milan,18.0,1999.0,2017-2018,ITA
Emanuele Torrasi,06378dd2,itITA,MF,Milan,18.0,1999.0,2017-2018,ITA
Lucas Torreira,52611641,uyURU,MF,Sampdoria,21.0,1996.0,2017-2018,ITA
Alin Toșca,322ba2df,roROU,DF,Benevento,25.0,1992.0,2017-2018,ITA
Marcello Trotta,acdad0aa,itITA,FW,Crotone,24.0,1992.0,2017-2018,ITA
Marco Tumminello,5bdd44d8,itITA,FW,Crotone,18.0,1998.0,2017-2018,ITA
Marco Tumminello,5bdd44d8,itITA,FW,Roma,18.0,1998.0,2017-2018,ITA
Ľubomír Tupta,b02af64f,skSVK,"FW,MF",Hellas Verona,19.0,1998.0,2017-2018,ITA
Cengiz Ünder,1880614f,trTUR,"FW,MF",Roma,20.0,1997.0,2017-2018,ITA
Sauli Väisänen,23214a49,fiFIN,DF,SPAL,23.0,1994.0,2017-2018,ITA
Mirko Valdifiori,c710f7d5,itITA,MF,Torino,31.0,1986.0,2017-2018,ITA
Borja Valero,0e21fc3c,esESP,MF,Inter,32.0,1985.0,2017-2018,ITA
Mattia Valoti,c414df9d,itITA,"MF,FW",Hellas Verona,23.0,1993.0,2017-2018,ITA
Matías Vecino,44ac04e9,uyURU,MF,Inter,25.0,1991.0,2017-2018,ITA
Miguel Veloso,ab1ca213,ptPOR,MF,Genoa,31.0,1986.0,2017-2018,ITA
Lorenzo Venuti,983ff2c7,itITA,"DF,MF",Benevento,22.0,1995.0,2017-2018,ITA
Daniele Verde,d3298c99,itITA,"MF,FW",Hellas Verona,21.0,1996.0,2017-2018,ITA
Simone Verdi,0375723e,itITA,"FW,MF",Bologna,25.0,1992.0,2017-2018,ITA
Jordan Veretout,4a56052c,frFRA,MF,Fiorentina,24.0,1993.0,2017-2018,ITA
Valerio Verre,33ecf462,itITA,MF,Sampdoria,23.0,1994.0,2017-2018,ITA
Francesco Vicari,de045b15,itITA,DF,SPAL,22.0,1994.0,2017-2018,ITA
Luca Vido,eb0d77a4,itITA,FW,Atalanta,20.0,1997.0,2017-2018,ITA
Nicolas Viola,45392b06,itITA,MF,Benevento,27.0,1989.0,2017-2018,ITA
Mattia Vitale,8e4b894b,itITA,MF,SPAL,19.0,1997.0,2017-2018,ITA
Federico Viviani,2258c078,itITA,MF,SPAL,25.0,1992.0,2017-2018,ITA
Emiliano Viviano,03760df0,itITA,GK,Sampdoria,31.0,1985.0,2017-2018,ITA
Giovanni Volpicelli,844a87c2,itITA,MF,Benevento,17.0,1999.0,2017-2018,ITA
Stefan de Vrij,d0d8dd44,nlNED,DF,Lazio,25.0,1992.0,2017-2018,ITA
Jagoš Vuković,ba06950a,rsSRB,DF,Hellas Verona,29.0,1988.0,2017-2018,ITA
Molla Wagué,a440d8ca,mlMLI,DF,Udinese,26.0,1991.0,2017-2018,ITA
Wallace,d61b3354,brBRA,DF,Lazio,22.0,1994.0,2017-2018,ITA
Silvan Widmer,f68b64fc,chSUI,"MF,DF",Udinese,24.0,1993.0,2017-2018,ITA
Jawad El Yamiq,f6f6b6e8,maMAR,DF,Genoa,25.0,1992.0,2017-2018,ITA
Mattia Zaccagni,d85c238b,itITA,MF,Hellas Verona,22.0,1995.0,2017-2018,ITA
Francesco Zampano,8e45910b,itITA,MF,Udinese,23.0,1993.0,2017-2018,ITA
Niccolò Zanellato,741e058f,itITA,MF,Crotone,19.0,1998.0,2017-2018,ITA
Cristián Zapata,b1deecf8,coCOL,DF,Milan,30.0,1986.0,2017-2018,ITA
Duván Zapata,d3de9af0,coCOL,FW,Sampdoria,26.0,1991.0,2017-2018,ITA
Davide Zappacosta,7fe90ccd,itITA,DF,Torino,25.0,1992.0,2017-2018,ITA
Rafik Zekhnini,1b62a7df,noNOR,FW,Fiorentina,19.0,1998.0,2017-2018,ITA
Piotr Zieliński,a5296e55,plPOL,"MF,FW",Napoli,23.0,1994.0,2017-2018,ITA
Bruno Zuculini,17cddb4d,arARG,MF,Hellas Verona,24.0,1993.0,2017-2018,ITA
Franco Zuculini,9c31bb89,arARG,MF,Hellas Verona,26.0,1990.0,2017-2018,ITA
Ervin Zukanović,1253a12e,baBIH,DF,Genoa,30.0,1987.0,2017-2018,ITA
Filip Đuričić,eccbe56a,rsSRB,"MF,FW",Benevento,25.0,1992.0,2017-2018,ITA
Filip Đuričić,eccbe56a,rsSRB,"FW,MF",Sampdoria,25.0,1992.0,2017-2018,ITA
Christian Rutjens,Christian-Rutjens,,,Benevento,,,2017-2018,ITA
David Abraham,565bf0da,arARG,DF,Eintracht Frankfurt,31.0,1986.0,2017-2018,GER
Amir Abrashi,1c08a3c8,alALB,MF,Freiburg,27.0,1990.0,2017-2018,GER
René Adler,f71890f5,deGER,GK,Mainz 05,32.0,1985.0,2017-2018,GER
Ailton,74ced675,brBRA,DF,Stuttgart,22.0,1995.0,2017-2018,GER
Manuel Akanji,89ac64a6,chSUI,DF,Dortmund,22.0,1995.0,2017-2018,GER
Chadrac Akolo,debc2f28,cdCOD,"MF,FW",Stuttgart,22.0,1995.0,2017-2018,GER
Kevin Akpoguma,6ec6fde0,ngNGA,DF,Hoffenheim,22.0,1995.0,2017-2018,GER
David Alaba,05439de2,atAUT,DF,Bayern Munich,25.0,1992.0,2017-2018,GER
Lucas Alario,834d0be5,arARG,FW,Leverkusen,24.0,1992.0,2017-2018,GER
Miiko Albornoz,d459281d,clCHI,"DF,MF",Hannover 96,26.0,1990.0,2017-2018,GER
Thiago Alcántara,77e84962,esESP,MF,Bayern Munich,26.0,1991.0,2017-2018,GER
Stephan Ambrosius,2930c9d8,ghGHA,DF,Hamburger SV,18.0,1998.0,2017-2018,GER
Nadiem Amiri,555d5edd,deGER,MF,Hoffenheim,20.0,1996.0,2017-2018,GER
Waldemar Anton,5e66fa06,deGER,"DF,MF",Hannover 96,21.0,1996.0,2017-2018,GER
Dennis Aogo,c311243f,deGER,MF,Stuttgart,30.0,1987.0,2017-2018,GER
Charles Aránguiz,56413b1f,clCHI,MF,Leverkusen,28.0,1989.0,2017-2018,GER
Maximilian Arnold,86e119e0,deGER,MF,Wolfsburg,23.0,1994.0,2017-2018,GER
Jann-Fiete Arp,c21fb312,deGER,FW,Hamburger SV,17.0,2000.0,2017-2018,GER
Takuma Asano,13ddc856,jpJPN,"MF,FW",Stuttgart,22.0,1994.0,2017-2018,GER
Santiago Ascacíbar,e26fcca3,arARG,MF,Stuttgart,20.0,1997.0,2017-2018,GER
Simon Asta,dfc85b89,deGER,"DF,MF",Augsburg,16.0,2001.0,2017-2018,GER
Pierre-Emerick Aubameyang,d5dd5f1f,gaGAB,FW,Dortmund,28.0,1989.0,2017-2018,GER
Jean-Kévin Augustin,97bfa797,frFRA,FW,RB Leipzig,20.0,1997.0,2017-2018,GER
Ludwig Augustinsson,9fec8860,seSWE,"DF,MF",Werder Bremen,23.0,1994.0,2017-2018,GER
Yann Aurel Bisseck,3963c25b,deGER,DF,Köln,16.0,2000.0,2017-2018,GER
Holger Badstuber,45b7edae,deGER,"DF,MF",Stuttgart,28.0,1989.0,2017-2018,GER
Daniel Baier,f261abcb,deGER,MF,Augsburg,33.0,1984.0,2017-2018,GER
Leon Bailey,3a233281,jmJAM,MF,Leverkusen,19.0,1997.0,2017-2018,GER
Marvin Bakalorz,04c11885,deGER,MF,Hannover 96,27.0,1989.0,2017-2018,GER
Ridle Baku,442b56fa,deGER,MF,Mainz 05,19.0,1998.0,2017-2018,GER
Leon Balogun,78e68b4d,ngNGA,DF,Mainz 05,29.0,1988.0,2017-2018,GER
Philipp Bargfrede,3f7cd8f1,deGER,MF,Werder Bremen,28.0,1989.0,2017-2018,GER
Aymen Barkok,a2a85828,maMAR,"MF,FW",Eintracht Frankfurt,19.0,1998.0,2017-2018,GER
Fin Bartels,acc7b7ec,deGER,FW,Werder Bremen,30.0,1987.0,2017-2018,GER
Marc Bartra,b742cc0d,esESP,"DF,MF",Dortmund,26.0,1991.0,2017-2018,GER
Michy Batshuayi,2973d8ff,beBEL,FW,Dortmund,23.0,1993.0,2017-2018,GER
Robert Bauer,9b88e120,deGER,"DF,MF",Werder Bremen,22.0,1995.0,2017-2018,GER
Oliver Baumann,47064058,deGER,GK,Hoffenheim,27.0,1990.0,2017-2018,GER
Timo Baumgartl,bd7d2e6d,deGER,DF,Stuttgart,21.0,1996.0,2017-2018,GER
Julian Baumgartlinger,69374ff5,atAUT,"MF,DF",Leverkusen,29.0,1988.0,2017-2018,GER
Noah Joel Sarenren Bazee,fbbc8e15,ngNGA,"FW,MF",Hannover 96,20.0,1996.0,2017-2018,GER
Riechedly Bazoer,da59a197,cwCUW,MF,Wolfsburg,20.0,1996.0,2017-2018,GER
Ihlas Bebou,a53b661f,tgTOG,"MF,FW",Hannover 96,23.0,1994.0,2017-2018,GER
Andreas Beck,00a6485f,deGER,"MF,DF",Stuttgart,30.0,1987.0,2017-2018,GER
Ishak Belfodil,ff182fdc,dzALG,FW,Werder Bremen,25.0,1992.0,2017-2018,GER
Stefan Bell,857a5abe,deGER,DF,Mainz 05,25.0,1991.0,2017-2018,GER
Karim Bellarabi,bee0bab1,deGER,MF,Leverkusen,27.0,1990.0,2017-2018,GER
Lars Bender,c50281a0,deGER,"DF,MF",Leverkusen,28.0,1989.0,2017-2018,GER
Sven Bender,070ec0b1,deGER,DF,Leverkusen,28.0,1989.0,2017-2018,GER
László Bénes,fe888e39,skSVK,MF,Gladbach,19.0,1997.0,2017-2018,GER
Marcel Benger,379c0717,deGER,"DF,MF",Gladbach,19.0,1998.0,2017-2018,GER
Charlison Benschop,fc93fdf1,cwCUW,MF,Hannover 96,27.0,1989.0,2017-2018,GER
Nabil Bentaleb,3189f61a,dzALG,MF,Schalke 04,22.0,1994.0,2017-2018,GER
Emil Berggreen,8be4fd6a,dkDEN,FW,Mainz 05,24.0,1993.0,2017-2018,GER
Bernardo,17370b95,brBRA,DF,RB Leipzig,22.0,1995.0,2017-2018,GER
Juan Bernat,433dc9a2,esESP,"DF,FW",Bayern Munich,24.0,1993.0,2017-2018,GER
Ermin Bičakčić,7aac47fe,baBIH,DF,Hoffenheim,27.0,1990.0,2017-2018,GER
Leonardo Bittencourt,dc62fbee,deGER,MF,Köln,23.0,1993.0,2017-2018,GER
Pablo de Blasis,9ab48bde,arARG,"FW,MF",Mainz 05,29.0,1988.0,2017-2018,GER
Danny Blum,eb61713c,deGER,"FW,MF",Eintracht Frankfurt,26.0,1991.0,2017-2018,GER
Jérôme Boateng,2db2fd7b,deGER,DF,Bayern Munich,28.0,1988.0,2017-2018,GER
Kevin-Prince Boateng,f4ec4fd0,ghGHA,"MF,FW",Eintracht Frankfurt,30.0,1987.0,2017-2018,GER
Raúl Bobadilla,9b285700,pyPAR,FW,Gladbach,30.0,1987.0,2017-2018,GER
Julian Brandt,a167537f,deGER,MF,Leverkusen,21.0,1996.0,2017-2018,GER
Josip Brekalo,d4a2533d,hrCRO,"MF,FW",Wolfsburg,19.0,1998.0,2017-2018,GER
Josip Brekalo,d4a2533d,hrCRO,MF,Stuttgart,19.0,1998.0,2017-2018,GER
John Brooks,e27da244,usUSA,DF,Wolfsburg,24.0,1993.0,2017-2018,GER
Daniel Brosinski,a7813ac4,deGER,"DF,MF",Mainz 05,29.0,1988.0,2017-2018,GER
Bruma,5caa62a7,ptPOR,"MF,FW",RB Leipzig,22.0,1994.0,2017-2018,GER
Jeffrey Bruma,fbffc4b1,nlNED,DF,Wolfsburg,25.0,1991.0,2017-2018,GER
Jacob Bruun Larsen,4e204552,dkDEN,MF,Stuttgart,18.0,1998.0,2017-2018,GER
Jacob Bruun Larsen,4e204552,dkDEN,"FW,MF",Dortmund,18.0,1998.0,2017-2018,GER
Onur Bulut,32e96d52,trTUR,"DF,MF",Freiburg,23.0,1994.0,2017-2018,GER
Guido Burgstaller,2bcc6d52,atAUT,FW,Schalke 04,28.0,1989.0,2017-2018,GER
Roman Bürki,9d12e142,chSUI,GK,Dortmund,26.0,1990.0,2017-2018,GER
Dženis Burnić,0dabaf14,baBIH,MF,Stuttgart,19.0,1998.0,2017-2018,GER
Jakub Błaszczykowski,2b350e6b,plPOL,MF,Wolfsburg,31.0,1985.0,2017-2018,GER
Caiuby,c6637acf,brBRA,"MF,FW",Augsburg,29.0,1988.0,2017-2018,GER
Luca Caldirola,226008f1,itITA,DF,Werder Bremen,26.0,1991.0,2017-2018,GER
Daniel Caligiuri,d1273f09,itITA,MF,Schalke 04,29.0,1988.0,2017-2018,GER
Ignacio Camacho,8ed9b33a,esESP,"MF,DF",Wolfsburg,27.0,1990.0,2017-2018,GER
Koen Casteels,db401046,beBEL,GK,Wolfsburg,25.0,1992.0,2017-2018,GER
Gonzalo Castro,68829001,deGER,MF,Dortmund,30.0,1987.0,2017-2018,GER
Marijan Ćavar,33ec696b,baBIH,MF,Eintracht Frankfurt,19.0,1998.0,2017-2018,GER
Timothy Chandler,b3b7f5a6,usUSA,"MF,DF",Eintracht Frankfurt,27.0,1990.0,2017-2018,GER
Per Ciljan Skjelbred,ecab64a0,noNOR,MF,Hertha BSC,30.0,1987.0,2017-2018,GER
Christian Clemens,612cb8d3,deGER,MF,Köln,25.0,1991.0,2017-2018,GER
Coke,6d8f8441,esESP,"DF,MF",Schalke 04,30.0,1987.0,2017-2018,GER
Kingsley Coman,042e8a49,frFRA,"MF,FW",Bayern Munich,21.0,1996.0,2017-2018,GER
Marvin Compper,3e99c613,deGER,DF,RB Leipzig,32.0,1985.0,2017-2018,GER
Jhon Córdoba,9f381d8b,coCOL,FW,Köln,24.0,1993.0,2017-2018,GER
Sergio Córdova,229cd98a,veVEN,FW,Augsburg,19.0,1997.0,2017-2018,GER
Danny da Costa,5ddb8f9f,deGER,"MF,DF",Eintracht Frankfurt,24.0,1993.0,2017-2018,GER
Mickaël Cuisance,5722eced,frFRA,"MF,FW",Gladbach,17.0,1999.0,2017-2018,GER
Mahmoud Dahoud,db4ed67b,deGER,MF,Dortmund,21.0,1996.0,2017-2018,GER
Kevin Danso,6e33125f,atAUT,DF,Augsburg,18.0,1998.0,2017-2018,GER
Palkó Dárdai,db7161ed,huHUN,MF,Hertha BSC,18.0,1999.0,2017-2018,GER
Vladimír Darida,3eb0f2df,czCZE,MF,Hertha BSC,26.0,1990.0,2017-2018,GER
Thomas Delaney,fe641c1a,dkDEN,MF,Werder Bremen,25.0,1991.0,2017-2018,GER
Kerem Demirbay,54b4dc4e,deGER,MF,Hoffenheim,24.0,1993.0,2017-2018,GER
Diego Demme,dc3fa3b5,deGER,MF,RB Leipzig,25.0,1991.0,2017-2018,GER
Franco Di Santo,549c6ba7,arARG,"FW,MF",Schalke 04,28.0,1989.0,2017-2018,GER
Abdou Diallo,fc62f087,snSEN,DF,Mainz 05,21.0,1996.0,2017-2018,GER
Daniel Didavi,d3096421,deGER,MF,Wolfsburg,27.0,1990.0,2017-2018,GER
Dennis Diekmeier,6873f3bc,deGER,"DF,MF",Hamburger SV,27.0,1989.0,2017-2018,GER
Landry Dimata,b5f63410,beBEL,"FW,MF",Wolfsburg,19.0,1997.0,2017-2018,GER
Giulio Donati,22051fbe,itITA,"DF,MF",Mainz 05,27.0,1990.0,2017-2018,GER
Ji Dong-won,7d841904,krKOR,"FW,MF",Augsburg,26.0,1991.0,2017-2018,GER
Anastasios Donis,0f26fd24,grGRE,"MF,FW",Stuttgart,20.0,1996.0,2017-2018,GER
Niklas Dorsch,7f73bdf4,deGER,MF,Bayern Munich,19.0,1998.0,2017-2018,GER
Mohamed Dräger,8954fddc,tnTUN,"DF,MF",Freiburg,21.0,1996.0,2017-2018,GER
Aleksandar Dragović,6fd8a334,atAUT,"DF,MF",Leverkusen,26.0,1991.0,2017-2018,GER
Josip Drmić,15ea94de,chSUI,FW,Gladbach,24.0,1992.0,2017-2018,GER
Rick van Drongelen,f0797d57,nlNED,DF,Hamburger SV,18.0,1998.0,2017-2018,GER
Ondrej Duda,79ca3e23,skSVK,MF,Hertha BSC,22.0,1994.0,2017-2018,GER
Mandela Egbo,5603d397,engENG,DF,Gladbach,19.0,1997.0,2017-2018,GER
Johannes Eggestein,d571df78,deGER,FW,Werder Bremen,19.0,1998.0,2017-2018,GER
Maximilian Eggestein,beb882a8,deGER,MF,Werder Bremen,20.0,1996.0,2017-2018,GER
Albin Ekdal,f503ea63,seSWE,MF,Hamburger SV,28.0,1989.0,2017-2018,GER
Josip Elez,eafac393,hrCRO,DF,Hannover 96,23.0,1994.0,2017-2018,GER
Nico Elvedi,48035304,chSUI,DF,Gladbach,20.0,1996.0,2017-2018,GER
Breel Embolo,0b4f388a,chSUI,"FW,MF",Schalke 04,20.0,1997.0,2017-2018,GER
Michael Esser,83e0eeb4,deGER,GK,Hannover 96,29.0,1987.0,2017-2018,GER
Alexander Esswein,b48215cd,deGER,"MF,FW",Hertha BSC,27.0,1990.0,2017-2018,GER
Franck Evina,44e471ca,cmCMR,FW,Bayern Munich,17.0,2000.0,2017-2018,GER
Marco Fabián,e665a2db,mxMEX,"MF,FW",Eintracht Frankfurt,28.0,1989.0,2017-2018,GER
Ralf Fährmann,1e43fad8,deGER,GK,Schalke 04,28.0,1988.0,2017-2018,GER
Simon Falette,b82880c6,gnGUI,DF,Eintracht Frankfurt,25.0,1992.0,2017-2018,GER
Felipe,de164de6,brBRA,DF,Hannover 96,30.0,1987.0,2017-2018,GER
Ohis Felix Uduokhai,677da306,deGER,DF,Wolfsburg,19.0,1997.0,2017-2018,GER
Gelson Fernandes,8e58987d,chSUI,MF,Eintracht Frankfurt,30.0,1986.0,2017-2018,GER
Alfreð Finnbogason,f9e7c4ac,isISL,FW,Augsburg,28.0,1989.0,2017-2018,GER
Viktor Fischer,b5920350,dkDEN,"MF,FW",Mainz 05,23.0,1994.0,2017-2018,GER
Emil Forsberg,9a2e0ccc,seSWE,MF,RB Leipzig,25.0,1991.0,2017-2018,GER
Iver Fossum,ce218223,noNOR,MF,Hannover 96,21.0,1996.0,2017-2018,GER
Raphael Framberger,626fab5f,deGER,DF,Augsburg,21.0,1995.0,2017-2018,GER
Mike Frantz,482b70ad,deGER,MF,Freiburg,30.0,1986.0,2017-2018,GER
Fabian Frei,9fb640a8,chSUI,MF,Mainz 05,28.0,1989.0,2017-2018,GER
Marco Friedl,f86ad3f5,atAUT,DF,Bayern Munich,19.0,1998.0,2017-2018,GER
Marco Friedl,f86ad3f5,atAUT,DF,Werder Bremen,19.0,1998.0,2017-2018,GER
Chris Führich,0cf778df,deGER,MF,Köln,19.0,1998.0,2017-2018,GER
Niclas Füllkrug,4f16405e,deGER,FW,Hannover 96,24.0,1993.0,2017-2018,GER
Mijat Gaćinović,16daec92,rsSRB,MF,Eintracht Frankfurt,22.0,1995.0,2017-2018,GER
Ulisses Garcia,c952f633,chSUI,MF,Werder Bremen,21.0,1996.0,2017-2018,GER
Jean-Philippe Gbamin,6bd603db,ciCIV,"MF,DF",Mainz 05,21.0,1995.0,2017-2018,GER
Theodor Gebre Selassie,3f65898c,czCZE,"DF,MF",Werder Bremen,30.0,1986.0,2017-2018,GER
Dennis Geiger,37f606f0,deGER,MF,Hoffenheim,19.0,1998.0,2017-2018,GER
Christian Gentner,a4f94a0d,deGER,MF,Stuttgart,31.0,1985.0,2017-2018,GER
Yannick Gerhardt,62ab9184,deGER,"MF,DF",Wolfsburg,23.0,1994.0,2017-2018,GER
Rafał Gikiewicz,17376543,plPOL,GK,Freiburg,29.0,1987.0,2017-2018,GER
Daniel Ginczek,e5f63987,deGER,FW,Stuttgart,26.0,1991.0,2017-2018,GER
Matthias Ginter,f521b80a,deGER,DF,Gladbach,23.0,1994.0,2017-2018,GER
Serge Gnabry,88e357ef,deGER,"FW,MF",Hoffenheim,22.0,1995.0,2017-2018,GER
Mario Gómez,71a20ce8,deGER,FW,Wolfsburg,32.0,1985.0,2017-2018,GER
Mario Gómez,71a20ce8,deGER,FW,Stuttgart,32.0,1985.0,2017-2018,GER
Sergio Gómez,01e5f06e,esESP,"DF,MF",Dortmund,16.0,2000.0,2017-2018,GER
Jérôme Gondorf,49ffe0f2,deGER,"MF,FW",Werder Bremen,29.0,1988.0,2017-2018,GER
Leon Goretzka,cc86b9a3,deGER,MF,Schalke 04,22.0,1995.0,2017-2018,GER
Mario Götze,9efa1d25,deGER,MF,Dortmund,25.0,1992.0,2017-2018,GER
Mohamed Gouaida,d45472b2,tnTUN,MF,Hamburger SV,24.0,1993.0,2017-2018,GER
Jeffrey Gouweleeuw,1025db8e,nlNED,DF,Augsburg,26.0,1991.0,2017-2018,GER
Michael Gregoritsch,8e235926,atAUT,"MF,FW",Augsburg,23.0,1994.0,2017-2018,GER
Anto Grgić,126cf855,chSUI,MF,Stuttgart,20.0,1996.0,2017-2018,GER
Vincenzo Grifo,54e4866f,itITA,MF,Gladbach,24.0,1993.0,2017-2018,GER
Florian Grillitsch,ffbbc83b,atAUT,MF,Hoffenheim,21.0,1995.0,2017-2018,GER
Karim Guédé,79fa1799,skSVK,FW,Freiburg,32.0,1985.0,2017-2018,GER
Raphaël Guerreiro,048a1cbc,ptPOR,MF,Dortmund,23.0,1993.0,2017-2018,GER
Josuha Guilavogui,e6c43eec,frFRA,MF,Wolfsburg,26.0,1990.0,2017-2018,GER
Serhou Guirassy,923f4dda,gnGUI,FW,Köln,21.0,1996.0,2017-2018,GER
Péter Gulácsi,bcb2ccd8,huHUN,GK,RB Leipzig,27.0,1990.0,2017-2018,GER
Manuel Gulde,25ab9c9c,deGER,DF,Freiburg,26.0,1991.0,2017-2018,GER
Christian Günter,8593f88c,deGER,"MF,DF",Freiburg,24.0,1993.0,2017-2018,GER
Jonathan de Guzmán,1bcca8b8,nlNED,MF,Eintracht Frankfurt,29.0,1987.0,2017-2018,GER
Janik Haberer,70dcf94d,deGER,"MF,FW",Freiburg,23.0,1994.0,2017-2018,GER
Alexander Hack,a5ec3ede,deGER,DF,Mainz 05,23.0,1993.0,2017-2018,GER
Robin Hack,0174ba21,deGER,FW,Hoffenheim,18.0,1998.0,2017-2018,GER
André Hahn,cd82452e,deGER,"FW,MF",Hamburger SV,26.0,1990.0,2017-2018,GER
Izet Hajrović,55537f53,baBIH,MF,Werder Bremen,25.0,1991.0,2017-2018,GER
Sébastien Haller,ba115a40,ciCIV,FW,Eintracht Frankfurt,23.0,1994.0,2017-2018,GER
Marcel Halstenberg,8ff2354e,deGER,DF,RB Leipzig,25.0,1991.0,2017-2018,GER
Tim Handwerker,33a81b3d,deGER,"MF,FW",Köln,19.0,1998.0,2017-2018,GER
Genki Haraguchi,f24ea523,jpJPN,MF,Hertha BSC,26.0,1991.0,2017-2018,GER
Amine Harit,e7d59f4f,maMAR,"MF,FW",Schalke 04,20.0,1997.0,2017-2018,GER
Martin Harnik,99b7584f,atAUT,FW,Hannover 96,30.0,1987.0,2017-2018,GER
Makoto Hasebe,9ab16552,jpJPN,"DF,MF",Eintracht Frankfurt,33.0,1984.0,2017-2018,GER
Kai Havertz,fed7cb61,deGER,"MF,FW",Leverkusen,18.0,1999.0,2017-2018,GER
Thorgan Hazard,50871bcc,beBEL,"MF,FW",Gladbach,24.0,1993.0,2017-2018,GER
Jonas Hector,c2009df3,deGER,"MF,DF",Köln,27.0,1990.0,2017-2018,GER
Dominique Heintz,699fb8db,deGER,DF,Köln,23.0,1993.0,2017-2018,GER
Marcel Heller,11dbba47,deGER,MF,Augsburg,31.0,1986.0,2017-2018,GER
Benjamin Henrichs,0a89e877,deGER,"DF,MF",Leverkusen,20.0,1997.0,2017-2018,GER
Patrick Herrmann,dfb6490a,deGER,MF,Gladbach,26.0,1991.0,2017-2018,GER
Kaylen Hinds,fdd5d298,engENG,MF,Wolfsburg,19.0,1998.0,2017-2018,GER
Martin Hinteregger,080440a4,atAUT,DF,Augsburg,24.0,1992.0,2017-2018,GER
Marwin Hitz,2e7ff968,chSUI,GK,Augsburg,29.0,1987.0,2017-2018,GER
Nicolas Höfler,5d8e331f,deGER,MF,Freiburg,27.0,1990.0,2017-2018,GER
Jonas Hofmann,2903a856,deGER,MF,Gladbach,25.0,1992.0,2017-2018,GER
Marco Höger,4114f306,deGER,MF,Köln,27.0,1989.0,2017-2018,GER
Lucas Höler,ca618d23,deGER,"MF,FW",Freiburg,23.0,1994.0,2017-2018,GER
Lewis Holtby,410ab123,deGER,"MF,FW",Hamburger SV,26.0,1990.0,2017-2018,GER
Gerrit Holtmann,2979c05a,phPHI,"MF,DF",Mainz 05,22.0,1995.0,2017-2018,GER
Jannes Horn,2b83fa49,deGER,"DF,MF",Köln,20.0,1997.0,2017-2018,GER
Timo Horn,3cd9e95a,deGER,GK,Köln,24.0,1993.0,2017-2018,GER
Lukáš Hrádecký,ad3389d5,fiFIN,GK,Eintracht Frankfurt,27.0,1989.0,2017-2018,GER
Branimir Hrgota,710fbdd1,seSWE,MF,Eintracht Frankfurt,24.0,1993.0,2017-2018,GER
Timo Hübers,94302c52,deGER,DF,Hannover 96,21.0,1996.0,2017-2018,GER
Benjamin Hübner,99de6b6f,deGER,DF,Hoffenheim,28.0,1989.0,2017-2018,GER
Florian Hübner,e87ad81a,deGER,DF,Hannover 96,26.0,1991.0,2017-2018,GER
Mats Hummels,05d548d8,deGER,DF,Bayern Munich,28.0,1988.0,2017-2018,GER
Aaron Hunt,5f9f0531,deGER,MF,Hamburger SV,30.0,1986.0,2017-2018,GER
Vedad Ibišević,c3fd9887,baBIH,FW,Hertha BSC,32.0,1984.0,2017-2018,GER
Stefan Ilsanker,8494acc4,atAUT,"MF,DF",RB Leipzig,28.0,1989.0,2017-2018,GER
Emiliano Insúa,f3cccffe,arARG,"DF,MF",Stuttgart,28.0,1989.0,2017-2018,GER
Pablo Insua,4b5e7e90,esESP,DF,Schalke 04,23.0,1993.0,2017-2018,GER
Alexander Isak,8e92be30,seSWE,FW,Dortmund,17.0,1999.0,2017-2018,GER
Tatsuya Ito,6743cef5,jpJPN,MF,Hamburger SV,20.0,1997.0,2017-2018,GER
Gian-Luca Itter,e6c15f6e,deGER,DF,Wolfsburg,18.0,1999.0,2017-2018,GER
Koo Ja-cheol,3c05e082,krKOR,MF,Augsburg,28.0,1989.0,2017-2018,GER
Paul Jaeckel,a93b6f4e,deGER,DF,Wolfsburg,19.0,1998.0,2017-2018,GER
Kilian Jakob,99d6044d,deGER,MF,Augsburg,19.0,1998.0,2017-2018,GER
Vasilije Janjicic,8279c033,chSUI,MF,Hamburger SV,18.0,1998.0,2017-2018,GER
Christoph Janker,cf01fe3a,deGER,DF,Augsburg,32.0,1985.0,2017-2018,GER
Tony Jantschke,34b54da7,deGER,DF,Gladbach,27.0,1990.0,2017-2018,GER
Rune Jarstein,27d2618c,noNOR,GK,Hertha BSC,32.0,1984.0,2017-2018,GER
Bakery Jatta,34c313d5,gmGAM,"MF,FW",Hamburger SV,19.0,1998.0,2017-2018,GER
Tin Jedvaj,f820504e,hrCRO,DF,Leverkusen,21.0,1995.0,2017-2018,GER
Aron Jóhannsson,c0dc9fc7,usUSA,MF,Werder Bremen,26.0,1990.0,2017-2018,GER
Fabian Johnson,76e5da9d,usUSA,MF,Gladbach,29.0,1987.0,2017-2018,GER
Miloš Jojić,fb59286d,rsSRB,MF,Köln,25.0,1992.0,2017-2018,GER
Jonathas,531807b3,brBRA,FW,Hannover 96,28.0,1989.0,2017-2018,GER
Nigel de Jong,a0e209bc,nlNED,MF,Mainz 05,32.0,1984.0,2017-2018,GER
Luka Jović,4d8cd038,rsSRB,FW,Eintracht Frankfurt,19.0,1997.0,2017-2018,GER
Gideon Jung,a2e7de6f,deGER,"MF,DF",Hamburger SV,22.0,1994.0,2017-2018,GER
Sebastian Jung,86b30561,deGER,DF,Wolfsburg,27.0,1990.0,2017-2018,GER
Zlatko Junuzović,dba67bc4,atAUT,"MF,FW",Werder Bremen,29.0,1987.0,2017-2018,GER
Gojko Kačar,cc58c4ea,rsSRB,DF,Augsburg,30.0,1987.0,2017-2018,GER
Pavel Kadeřábek,79c90e45,czCZE,"MF,DF",Hoffenheim,25.0,1992.0,2017-2018,GER
Shinji Kagawa,5afafbfe,jpJPN,MF,Dortmund,28.0,1989.0,2017-2018,GER
Florian Kainz,94c18565,atAUT,"MF,FW",Werder Bremen,24.0,1992.0,2017-2018,GER
Dominik Kaiser,733fecf1,deGER,MF,RB Leipzig,28.0,1988.0,2017-2018,GER
Salomon Kalou,2042d931,ciCIV,MF,Hertha BSC,31.0,1985.0,2017-2018,GER
Daichi Kamada,15b287da,jpJPN,"MF,FW",Eintracht Frankfurt,20.0,1996.0,2017-2018,GER
Marcin Kamiński,463503e2,plPOL,DF,Stuttgart,25.0,1992.0,2017-2018,GER
Kevin Kampl,b825a650,siSVN,MF,RB Leipzig,26.0,1990.0,2017-2018,GER
Kevin Kampl,b825a650,siSVN,MF,Leverkusen,26.0,1990.0,2017-2018,GER
Bartosz Kapustka,7364c4d1,plPOL,"FW,MF",Freiburg,20.0,1996.0,2017-2018,GER
Kenan Karaman,8f0f2230,trTUR,"MF,FW",Hannover 96,23.0,1994.0,2017-2018,GER
Florian Kath,6a81a181,deGER,"FW,MF",Freiburg,22.0,1994.0,2017-2018,GER
Ole Käuper,e5d652c1,deGER,MF,Werder Bremen,20.0,1997.0,2017-2018,GER
Thilo Kehrer,51dbeea9,deGER,"DF,MF",Schalke 04,20.0,1996.0,2017-2018,GER
Naby Keïta,f25c8e3a,gnGUI,MF,RB Leipzig,22.0,1995.0,2017-2018,GER
Marc-Oliver Kempf,815c314f,deGER,DF,Freiburg,22.0,1995.0,2017-2018,GER
Ryan Kent,316de854,engENG,FW,Freiburg,20.0,1996.0,2017-2018,GER
Rani Khedira,59e4b92e,deGER,"MF,DF",Augsburg,23.0,1994.0,2017-2018,GER
Stefan Kießling,c419e035,deGER,"FW,MF",Leverkusen,33.0,1984.0,2017-2018,GER
Joshua Kimmich,49296448,deGER,DF,Bayern Munich,22.0,1995.0,2017-2018,GER
Felix Klaus,aeda1f69,deGER,"MF,FW",Hannover 96,24.0,1992.0,2017-2018,GER
Tim Kleindienst,258a6f4d,deGER,FW,Freiburg,21.0,1995.0,2017-2018,GER
Lukas Klostermann,ca8033cb,deGER,DF,RB Leipzig,21.0,1996.0,2017-2018,GER
Lukas Klünter,92948149,deGER,"DF,MF",Köln,21.0,1996.0,2017-2018,GER
Robin Knoche,6bd5cd5d,deGER,DF,Wolfsburg,25.0,1992.0,2017-2018,GER
Törles Knöll,b883006f,deGER,FW,Hamburger SV,19.0,1997.0,2017-2018,GER
Robin Koch,ea6bc03a,deGER,"MF,DF",Freiburg,21.0,1996.0,2017-2018,GER
Kenan Kodro,e82d2807,baBIH,FW,Mainz 05,23.0,1993.0,2017-2018,GER
Dominik Kohr,0fbecd11,deGER,MF,Leverkusen,23.0,1994.0,2017-2018,GER
Ibrahima Konaté,5ed9b537,frFRA,DF,RB Leipzig,18.0,1999.0,2017-2018,GER
Yevhen Konoplyanka,d9a5d930,uaUKR,"FW,MF",Schalke 04,27.0,1989.0,2017-2018,GER
Julian Korb,3dffff26,deGER,"MF,DF",Hannover 96,25.0,1992.0,2017-2018,GER
Filip Kostić,b1cd37e6,rsSRB,"MF,FW",Hamburger SV,24.0,1992.0,2017-2018,GER
Vincent Koziello,9a493fb7,frFRA,MF,Köln,21.0,1995.0,2017-2018,GER
Thomas Kraft,bb25c778,deGER,GK,Hertha BSC,29.0,1988.0,2017-2018,GER
Andrej Kramarić,603cb947,hrCRO,"FW,MF",Hoffenheim,26.0,1991.0,2017-2018,GER
Christoph Kramer,496aeede,deGER,MF,Gladbach,26.0,1991.0,2017-2018,GER
Max Kruse,f9446dcd,deGER,FW,Werder Bremen,29.0,1988.0,2017-2018,GER
Lukas Kübler,2a29eb9b,deGER,"DF,MF",Freiburg,24.0,1992.0,2017-2018,GER
Filip Kusić,de1a2530,rsSRB,DF,Köln,21.0,1996.0,2017-2018,GER
Konrad Laimer,c1b7847c,atAUT,"DF,MF",RB Leipzig,20.0,1997.0,2017-2018,GER
Sebastian Langkamp,74d70fb5,deGER,DF,Hertha BSC,29.0,1988.0,2017-2018,GER
Sebastian Langkamp,74d70fb5,deGER,DF,Werder Bremen,29.0,1988.0,2017-2018,GER
Danny Latza,33b554b7,deGER,MF,Mainz 05,27.0,1989.0,2017-2018,GER
Valentino Lazaro,016ff750,atAUT,MF,Hertha BSC,21.0,1996.0,2017-2018,GER
Mathew Leckie,b93b7882,auAUS,MF,Hertha BSC,26.0,1991.0,2017-2018,GER
Matthias Lehmann,abb42ce6,deGER,MF,Köln,34.0,1983.0,2017-2018,GER
Bernd Leno,2628fd2b,deGER,GK,Leverkusen,25.0,1992.0,2017-2018,GER
Robert Lewandowski,8d78e732,plPOL,FW,Bayern Munich,28.0,1988.0,2017-2018,GER
Philipp Lienhart,302527b2,atAUT,DF,Freiburg,21.0,1996.0,2017-2018,GER
Ademola Lookman,7c104bb7,ngNGA,"MF,FW",RB Leipzig,19.0,1997.0,2017-2018,GER
Lars Lukas Mai,95173427,deGER,DF,Bayern Munich,17.0,2000.0,2017-2018,GER
Fabian Lustenberger,a63a995f,chSUI,"MF,DF",Hertha BSC,29.0,1988.0,2017-2018,GER
Andreas Luthe,7fe12375,deGER,GK,Augsburg,30.0,1987.0,2017-2018,GER
Arne Maier,ab700320,deGER,MF,Hertha BSC,18.0,1999.0,2017-2018,GER
Sebastian Maier,e8385ec4,deGER,"MF,FW",Hannover 96,23.0,1993.0,2017-2018,GER
Linton Maina,e5d85da8,deGER,"FW,MF",Hannover 96,18.0,1999.0,2017-2018,GER
Yunus Mallı,f3722c97,trTUR,"MF,FW",Wolfsburg,25.0,1992.0,2017-2018,GER
Orel Mangala,a572e291,beBEL,MF,Stuttgart,19.0,1998.0,2017-2018,GER
Dominic Maroh,3f30b506,siSVN,DF,Köln,30.0,1987.0,2017-2018,GER
Javi Martínez,7f97771d,esESP,"MF,DF",Bayern Munich,28.0,1988.0,2017-2018,GER
Omar Mascarell,11fd2b75,gqEQG,MF,Eintracht Frankfurt,24.0,1993.0,2017-2018,GER
Christian Mathenia,4a15e95b,deGER,GK,Hamburger SV,25.0,1992.0,2017-2018,GER
Ville Matti Steinmann,ee57792b,deGER,MF,Hamburger SV,22.0,1995.0,2017-2018,GER
Mërgim Mavraj,0eb5720b,alALB,DF,Hamburger SV,31.0,1986.0,2017-2018,GER
Philipp Max,826e8b63,deGER,"DF,MF",Augsburg,23.0,1993.0,2017-2018,GER
Alexandru Maxim,61fc9685,roROU,MF,Mainz 05,27.0,1990.0,2017-2018,GER
Florian Mayer,45870256,deGER,DF,Gladbach,19.0,1998.0,2017-2018,GER
Weston McKennie,01c3aff5,usUSA,MF,Schalke 04,18.0,1998.0,2017-2018,GER
Slobodan Medojević,2e64bb49,rsSRB,MF,Eintracht Frankfurt,26.0,1990.0,2017-2018,GER
Admir Mehmedi,b500b384,chSUI,MF,Wolfsburg,26.0,1991.0,2017-2018,GER
Admir Mehmedi,b500b384,chSUI,MF,Leverkusen,26.0,1991.0,2017-2018,GER
Alexander Meier,362aa29d,deGER,"FW,MF",Eintracht Frankfurt,34.0,1983.0,2017-2018,GER
Jorge Meré,9f979eb2,esESP,DF,Köln,20.0,1997.0,2017-2018,GER
Max Meyer,eba42d2b,deGER,MF,Schalke 04,21.0,1995.0,2017-2018,GER
Maximilian Mittelstädt,88d4144a,deGER,"MF,DF",Hertha BSC,20.0,1997.0,2017-2018,GER
Niklas Moisander,00844823,fiFIN,DF,Werder Bremen,31.0,1985.0,2017-2018,GER
Jan Morávek,e7d22eae,czCZE,MF,Augsburg,27.0,1989.0,2017-2018,GER
Florian Müller,cbac6ec9,deGER,GK,Mainz 05,19.0,1997.0,2017-2018,GER
Nicolai Müller,5e1df051,deGER,MF,Hamburger SV,29.0,1987.0,2017-2018,GER
Thomas Müller,3c6089ab,deGER,"MF,FW",Bayern Munich,27.0,1989.0,2017-2018,GER
Yoshinori Mutō,5343eb4e,jpJPN,FW,Mainz 05,25.0,1992.0,2017-2018,GER
Yvon Mvogo,dc29b608,chSUI,GK,RB Leipzig,23.0,1994.0,2017-2018,GER
Naldo,03bd0bf4,brBRA,DF,Schalke 04,34.0,1982.0,2017-2018,GER
Nikolas Nartey,30261ba1,dkDEN,MF,Köln,17.0,2000.0,2017-2018,GER
Matija Nastasić,f35430a4,rsSRB,DF,Schalke 04,24.0,1993.0,2017-2018,GER
Manuel Neuer,8778c910,deGER,GK,Bayern Munich,31.0,1986.0,2017-2018,GER
Florian Niederlechner,d6862409,deGER,"FW,MF",Freiburg,26.0,1990.0,2017-2018,GER
Håvard Nordtveit,6cafd68d,noNOR,DF,Hoffenheim,27.0,1990.0,2017-2018,GER
Paul-Georges Ntep,81aeb1dd,cmCMR,MF,Wolfsburg,25.0,1992.0,2017-2018,GER
Alexander Nübel,afb0c500,deGER,GK,Schalke 04,20.0,1996.0,2017-2018,GER
Philipp Ochs,78952998,deGER,"FW,MF",Hoffenheim,20.0,1997.0,2017-2018,GER
Bastian Oczipka,d1661819,deGER,MF,Schalke 04,28.0,1989.0,2017-2018,GER
Ebenezer Ofori,a5d77c4e,ghGHA,"DF,MF",Stuttgart,22.0,1995.0,2017-2018,GER
Kwasi Okyere Wriedt,7124239e,ghGHA,FW,Bayern Munich,23.0,1994.0,2017-2018,GER
Paweł Olkowski,896c126c,plPOL,"MF,DF",Köln,27.0,1990.0,2017-2018,GER
Karim Onisiwo,f26834c7,atAUT,MF,Mainz 05,25.0,1992.0,2017-2018,GER
Daniel Opare,49d53c68,ghGHA,"DF,MF",Augsburg,26.0,1990.0,2017-2018,GER
Willi Orban,20030c06,huHUN,DF,RB Leipzig,24.0,1992.0,2017-2018,GER
Divock Origi,43a166b4,beBEL,"FW,MF",Wolfsburg,22.0,1995.0,2017-2018,GER
Yuya Osako,f69fba57,jpJPN,"FW,MF",Köln,27.0,1990.0,2017-2018,GER
Victor Osimhen,8c90fd7a,ngNGA,FW,Wolfsburg,18.0,1998.0,2017-2018,GER
Matthias Ostrzolek,1cd87320,deGER,"MF,DF",Hannover 96,27.0,1990.0,2017-2018,GER
Anas Ouahim,f04f45a2,deGER,"FW,MF",Köln,19.0,1997.0,2017-2018,GER
Reece Oxford,8b6e0db2,engENG,"DF,MF",Gladbach,18.0,1998.0,2017-2018,GER
Berkay Özcan,31114001,trTUR,MF,Stuttgart,19.0,1998.0,2017-2018,GER
Ramazan Özcan,a165a577,atAUT,GK,Leverkusen,33.0,1984.0,2017-2018,GER
Salih Özcan,15413fa5,trTUR,MF,Köln,19.0,1998.0,2017-2018,GER
Levin Öztunalı,66385c46,deGER,"FW,MF",Mainz 05,21.0,1996.0,2017-2018,GER
Kyriakos Papadopoulos,931b7c30,grGRE,DF,Hamburger SV,25.0,1992.0,2017-2018,GER
Sokratis Papastathopoulos,b682dcf6,grGRE,DF,Dortmund,29.0,1988.0,2017-2018,GER
Shawn Parker,b9ebc83e,deGER,FW,Augsburg,24.0,1993.0,2017-2018,GER
Felix Passlack,5c899683,deGER,MF,Hoffenheim,19.0,1998.0,2017-2018,GER
Felix Passlack,5c899683,deGER,"DF,MF",Dortmund,19.0,1998.0,2017-2018,GER
Benjamin Pavard,45a03961,frFRA,"DF,MF",Stuttgart,21.0,1996.0,2017-2018,GER
Jiří Pavlenka,0a1cb833,czCZE,GK,Werder Bremen,25.0,1992.0,2017-2018,GER
Peter Pekarík,c18d22f5,skSVK,DF,Hertha BSC,30.0,1986.0,2017-2018,GER
Nils Petersen,f93e6e94,deGER,FW,Freiburg,28.0,1988.0,2017-2018,GER
Maximilian Philipp,061e8e23,deGER,"FW,MF",Dortmund,23.0,1994.0,2017-2018,GER
Łukasz Piszczek,fe2db476,plPOL,DF,Dortmund,32.0,1985.0,2017-2018,GER
Claudio Pizarro,54b6ee79,pePER,"FW,MF",Köln,38.0,1978.0,2017-2018,GER
Marko Pjaca,2c38b327,hrCRO,FW,Schalke 04,22.0,1995.0,2017-2018,GER
Marvin Plattenhardt,f7aa75bd,deGER,DF,Hertha BSC,25.0,1992.0,2017-2018,GER
Joel Pohjanpalo,ea003d07,fiFIN,FW,Leverkusen,22.0,1994.0,2017-2018,GER
Eugen Polanski,fb2a63bb,plPOL,MF,Hoffenheim,31.0,1986.0,2017-2018,GER
Julian Pollersbeck,d6f6ce93,deGER,GK,Hamburger SV,22.0,1994.0,2017-2018,GER
Stefan Posch,7f609bfc,atAUT,DF,Hoffenheim,20.0,1997.0,2017-2018,GER
Yussuf Poulsen,d2416c2e,dkDEN,FW,RB Leipzig,23.0,1994.0,2017-2018,GER
Christian Pulisic,1bf33a9a,usUSA,"FW,MF",Dortmund,18.0,1998.0,2017-2018,GER
Robin Quaison,74c7c2db,seSWE,FW,Mainz 05,23.0,1993.0,2017-2018,GER
Raffael,791af558,brBRA,FW,Gladbach,32.0,1985.0,2017-2018,GER
Rafinha,d003e213,brBRA,DF,Bayern Munich,31.0,1985.0,2017-2018,GER
Baba Rahman,e4086af3,ghGHA,"DF,MF",Schalke 04,23.0,1994.0,2017-2018,GER
André Ramalho,7483d9f9,brBRA,DF,Leverkusen,25.0,1992.0,2017-2018,GER
Milot Rashica,6c6a3300,xkKVX,FW,Werder Bremen,21.0,1996.0,2017-2018,GER
Konstantin Rausch,6435e737,ruRUS,"DF,MF",Köln,27.0,1990.0,2017-2018,GER
Yoric Ravet,4d74201d,frFRA,"MF,FW",Freiburg,27.0,1989.0,2017-2018,GER
Ante Rebić,536cebe5,hrCRO,"FW,MF",Eintracht Frankfurt,23.0,1993.0,2017-2018,GER
Fabian Reese,b1823b08,deGER,"FW,MF",Schalke 04,19.0,1997.0,2017-2018,GER
Karim Rekik,3376a776,nlNED,DF,Hertha BSC,22.0,1994.0,2017-2018,GER
Panagiotis Retsos,4bd00a50,grGRE,DF,Leverkusen,18.0,1998.0,2017-2018,GER
Marco Reus,36a3ff67,deGER,MF,Dortmund,28.0,1989.0,2017-2018,GER
Elvis Rexhbeçaj,1ae836b1,xkKVX,DF,Wolfsburg,19.0,1997.0,2017-2018,GER
Franck Ribéry,f61c7c4e,frFRA,"FW,MF",Bayern Munich,34.0,1983.0,2017-2018,GER
Marco Richter,f972644c,deGER,MF,Augsburg,19.0,1997.0,2017-2018,GER
Birk Risa,c70b221c,noNOR,FW,Köln,19.0,1998.0,2017-2018,GER
Marcel Risse,140afefb,deGER,"MF,DF",Köln,27.0,1989.0,2017-2018,GER
Arjen Robben,09586899,nlNED,"MF,FW",Bayern Munich,33.0,1984.0,2017-2018,GER
James Rodríguez,715bf047,coCOL,MF,Bayern Munich,26.0,1991.0,2017-2018,GER
Sebastian Rudy,80f36c88,deGER,MF,Bayern Munich,27.0,1990.0,2017-2018,GER
Lukas Rupp,3faa1780,deGER,MF,Hoffenheim,26.0,1991.0,2017-2018,GER
Marco Russ,e26c4233,deGER,DF,Eintracht Frankfurt,31.0,1985.0,2017-2018,GER
Marcel Sabitzer,e280527c,atAUT,"MF,FW",RB Leipzig,23.0,1994.0,2017-2018,GER
Nuri Şahin,f4081572,trTUR,MF,Dortmund,28.0,1988.0,2017-2018,GER
Gōtoku Sakai,c8e25f78,jpJPN,"DF,MF",Hamburger SV,26.0,1991.0,2017-2018,GER
Carlos Salcedo,64c07ae1,mxMEX,DF,Eintracht Frankfurt,23.0,1993.0,2017-2018,GER
Sejad Salihović,a4e14205,baBIH,MF,Hamburger SV,32.0,1984.0,2017-2018,GER
Jairo Samperio,c0a0c18f,esESP,"FW,MF",Mainz 05,24.0,1993.0,2017-2018,GER
Jadon Sancho,dbf053da,engENG,FW,Dortmund,17.0,2000.0,2017-2018,GER
Lamine Sané,125cb9fe,snSEN,DF,Werder Bremen,30.0,1987.0,2017-2018,GER
Salif Sané,791abba1,snSEN,DF,Hannover 96,26.0,1990.0,2017-2018,GER
Douglas Santos,c50e5bba,brBRA,"DF,MF",Hamburger SV,23.0,1994.0,2017-2018,GER
Julian Schieber,37c213cf,deGER,FW,Hertha BSC,28.0,1989.0,2017-2018,GER
Sven Schipplock,53eeaf6a,deGER,FW,Hamburger SV,28.0,1988.0,2017-2018,GER
Marcel Schmelzer,89565ac5,deGER,DF,Dortmund,29.0,1988.0,2017-2018,GER
Jonathan Schmid,088ca1bd,frFRA,"MF,DF",Augsburg,27.0,1990.0,2017-2018,GER
Manuel Schmiedebach,d8f5dc3d,deGER,MF,Hannover 96,28.0,1988.0,2017-2018,GER
Benno Schmitz,ad00b1a8,deGER,DF,RB Leipzig,22.0,1994.0,2017-2018,GER
Alessandro Schöpf,106bca06,atAUT,MF,Schalke 04,23.0,1994.0,2017-2018,GER
Nico Schulz,fa274d97,deGER,MF,Hoffenheim,24.0,1993.0,2017-2018,GER
André Schürrle,ecbb3fdf,deGER,"MF,FW",Dortmund,26.0,1990.0,2017-2018,GER
Julian Schuster,d0421d25,deGER,"DF,MF",Freiburg,32.0,1985.0,2017-2018,GER
Pirmin Schwegler,5528407e,chSUI,MF,Hannover 96,30.0,1987.0,2017-2018,GER
Alexander Schwolow,0d55d942,deGER,GK,Freiburg,25.0,1992.0,2017-2018,GER
Davie Selke,1238a3f9,deGER,FW,Hertha BSC,22.0,1995.0,2017-2018,GER
Suat Serdar,b3325a30,deGER,MF,Mainz 05,20.0,1997.0,2017-2018,GER
Meritan Shabani,012c38ec,alALB,FW,Bayern Munich,18.0,1999.0,2017-2018,GER
Vincent Sierro,92ffb8f9,chSUI,"MF,FW",Freiburg,21.0,1995.0,2017-2018,GER
Tobias Sippel,0d8a37c2,deGER,GK,Gladbach,29.0,1988.0,2017-2018,GER
Yann Sommer,420c18a1,chSUI,GK,Gladbach,28.0,1988.0,2017-2018,GER
Oliver Sorg,541cdd20,deGER,"DF,MF",Hannover 96,27.0,1990.0,2017-2018,GER
Çağlar Söyüncü,21166ff4,trTUR,DF,Freiburg,21.0,1996.0,2017-2018,GER
Kostas Stafylidis,861e0116,grGRE,"DF,MF",Augsburg,23.0,1993.0,2017-2018,GER
Benjamin Stambouli,5939baa2,frFRA,DF,Schalke 04,26.0,1990.0,2017-2018,GER
Caleb Stanko,381e52af,usUSA,DF,Freiburg,24.0,1993.0,2017-2018,GER
Niklas Stark,aad48be9,deGER,"DF,MF",Hertha BSC,22.0,1995.0,2017-2018,GER
Tom Starke,5b52d1f7,deGER,GK,Bayern Munich,36.0,1981.0,2017-2018,GER
Renato Steffen,dd669209,chSUI,MF,Wolfsburg,25.0,1991.0,2017-2018,GER
Marc Stendera,500cd987,deGER,MF,Eintracht Frankfurt,21.0,1995.0,2017-2018,GER
Pascal Stenzel,99f7e9aa,deGER,"MF,DF",Freiburg,21.0,1996.0,2017-2018,GER
Lars Stindl,7cd6badb,deGER,"FW,MF",Gladbach,28.0,1988.0,2017-2018,GER
Valentin Stocker,6b85f966,chSUI,MF,Hertha BSC,28.0,1989.0,2017-2018,GER
Tobias Strobl,17780d2b,deGER,MF,Gladbach,27.0,1990.0,2017-2018,GER
Neven Subotić,821233cc,rsSRB,DF,Dortmund,28.0,1988.0,2017-2018,GER
Niklas Süle,e33c06cf,deGER,DF,Bayern Munich,21.0,1995.0,2017-2018,GER
Ádám Szalai,53e07d0b,huHUN,FW,Hoffenheim,29.0,1987.0,2017-2018,GER
Frederik Sørensen,68635c10,dkDEN,DF,Köln,25.0,1992.0,2017-2018,GER
Jonathan Tah,bd142efb,deGER,DF,Leverkusen,21.0,1996.0,2017-2018,GER
Taleb Tawatha,bbb496b5,ilISR,"MF,DF",Eintracht Frankfurt,25.0,1992.0,2017-2018,GER
Simon Terodde,863ff1ee,deGER,FW,Stuttgart,29.0,1988.0,2017-2018,GER
Simon Terodde,863ff1ee,deGER,FW,Köln,29.0,1988.0,2017-2018,GER
Marco Terrazzino,7e689867,deGER,"MF,FW",Freiburg,26.0,1991.0,2017-2018,GER
Cedric Teuchert,f956479d,deGER,"FW,MF",Schalke 04,20.0,1997.0,2017-2018,GER
Erik Thommy,df8e7b62,deGER,MF,Augsburg,22.0,1994.0,2017-2018,GER
Erik Thommy,df8e7b62,deGER,MF,Stuttgart,22.0,1994.0,2017-2018,GER
Marcel Tisserand,45954ec7,cdCOD,DF,Wolfsburg,24.0,1993.0,2017-2018,GER
Corentin Tolisso,652d4c37,frFRA,MF,Bayern Munich,22.0,1994.0,2017-2018,GER
Jeremy Toljan,a96e5dc0,deGER,MF,Hoffenheim,22.0,1994.0,2017-2018,GER
Jeremy Toljan,a96e5dc0,deGER,DF,Dortmund,22.0,1994.0,2017-2018,GER
Ömer Toprak,c5fd13e9,trTUR,DF,Dortmund,28.0,1989.0,2017-2018,GER
Jordan Torunarigha,f86cabbd,deGER,DF,Hertha BSC,19.0,1997.0,2017-2018,GER
Ibrahima Traoré,096a77c4,gnGUI,MF,Gladbach,29.0,1988.0,2017-2018,GER
Philipp Tschauner,73e2f6eb,deGER,GK,Hannover 96,31.0,1985.0,2017-2018,GER
Anthony Ujah,99be8fb5,ngNGA,FW,Mainz 05,26.0,1990.0,2017-2018,GER
Sven Ulreich,7d3e7da6,deGER,GK,Bayern Munich,28.0,1988.0,2017-2018,GER
Dayot Upamecano,d248cd8f,frFRA,DF,RB Leipzig,18.0,1998.0,2017-2018,GER
Mark Uth,a3ddb1b9,deGER,FW,Hoffenheim,25.0,1991.0,2017-2018,GER
Josha Vagnoman,fb377d11,deGER,"DF,MF",Hamburger SV,16.0,2000.0,2017-2018,GER
Miloš Veljković,a5ae8f8e,rsSRB,DF,Werder Bremen,21.0,1995.0,2017-2018,GER
Paul Verhaegh,97655ccd,nlNED,"DF,MF",Wolfsburg,33.0,1983.0,2017-2018,GER
Jannik Vestergaard,1900032e,dkDEN,DF,Gladbach,24.0,1992.0,2017-2018,GER
Arturo Vidal,67cdbc0e,clCHI,MF,Bayern Munich,30.0,1987.0,2017-2018,GER
Julio Villalba,57200916,pyPAR,FW,Gladbach,18.0,1998.0,2017-2018,GER
Kevin Vogt,1d8e9add,deGER,DF,Hoffenheim,25.0,1991.0,2017-2018,GER
Kevin Volland,64f69877,deGER,"FW,MF",Leverkusen,25.0,1992.0,2017-2018,GER
Sandro Wagner,61b0b44d,deGER,FW,Hoffenheim,29.0,1987.0,2017-2018,GER
Sandro Wagner,61b0b44d,deGER,FW,Bayern Munich,29.0,1987.0,2017-2018,GER
Walace,26db8853,brBRA,MF,Hamburger SV,22.0,1995.0,2017-2018,GER
Luca Waldschmidt,e5a35ae9,deGER,"MF,FW",Hamburger SV,21.0,1996.0,2017-2018,GER
Roman Weidenfeller,16b8fabd,deGER,GK,Dortmund,36.0,1980.0,2017-2018,GER
Julian Weigl,346d51d9,deGER,MF,Dortmund,21.0,1995.0,2017-2018,GER
Mitchell Weiser,30c220c3,deGER,"DF,MF",Hertha BSC,23.0,1994.0,2017-2018,GER
Wendell,f9acca3a,brBRA,DF,Leverkusen,24.0,1993.0,2017-2018,GER
Oscar Wendt,b69261a0,seSWE,"DF,MF",Gladbach,31.0,1985.0,2017-2018,GER
Timo Werner,49fe9070,deGER,FW,RB Leipzig,21.0,1996.0,2017-2018,GER
Jetro Willems,9050ddc4,nlNED,"MF,DF",Eintracht Frankfurt,23.0,1994.0,2017-2018,GER
William,d4d0a9ad,brBRA,"DF,MF",Wolfsburg,22.0,1995.0,2017-2018,GER
Marius Wolf,fa661778,deGER,MF,Eintracht Frankfurt,22.0,1995.0,2017-2018,GER
Bobby Wood,9853983f,usUSA,"FW,MF",Hamburger SV,24.0,1992.0,2017-2018,GER
Andriy Yarmolenko,849c826a,uaUKR,"FW,MF",Dortmund,27.0,1989.0,2017-2018,GER
Dan-Axel Zagadou,a4effc55,frFRA,DF,Dortmund,18.0,1999.0,2017-2018,GER
Denis Zakaria,384d58d9,chSUI,MF,Gladbach,20.0,1996.0,2017-2018,GER
Robin Zentner,5c4bf6ba,deGER,GK,Mainz 05,22.0,1994.0,2017-2018,GER
Ron-Robert Zieler,a0606ae8,deGER,GK,Stuttgart,28.0,1989.0,2017-2018,GER
Matthias Zimmermann,e199d5b0,deGER,DF,Stuttgart,25.0,1992.0,2017-2018,GER
Simon Zoller,29f7cfd9,deGER,"MF,FW",Köln,26.0,1991.0,2017-2018,GER
Steven Zuber,b6a6e0a7,chSUI,"MF,DF",Hoffenheim,25.0,1991.0,2017-2018,GER
Robert Žulj,f2e3b81c,atAUT,MF,Hoffenheim,25.0,1992.0,2017-2018,GER
Aymen Abdennour,2f798b41,tnTUN,DF,Marseille,27.0,1989.0,2017-2018,FRA
Mehdi Abeid,a4c3f7af,dzALG,MF,Dijon,24.0,1992.0,2017-2018,FRA
Khaled Adénon,16714a62,bjBEN,DF,Amiens,32.0,1985.0,2017-2018,FRA
Yacine Adli,26777636,frFRA,MF,Paris Saint-Germain,17.0,2000.0,2017-2018,FRA
Ruben Aguilar,3dd738a1,frFRA,"MF,DF",Montpellier,24.0,1993.0,2017-2018,FRA
Jean-Eudes Aholou,48b28bfd,ciCIV,MF,Strasbourg,23.0,1994.0,2017-2018,FRA
Youssef Aït Bennasser,c46fa34c,maMAR,MF,Caen,21.0,1996.0,2017-2018,FRA
David Alcibiade,9b8970ce,frFRA,DF,Nantes,25.0,1991.0,2017-2018,FRA
Júnior Alonso,b18a3023,pyPAR,DF,Lille,24.0,1993.0,2017-2018,FRA
Dani Alves,c9e99e49,brBRA,DF,Paris Saint-Germain,34.0,1983.0,2017-2018,FRA
Ibrahim Amadou,9260926b,frFRA,"MF,DF",Lille,24.0,1993.0,2017-2018,FRA
Morgan Amalfitano,ab914649,frFRA,MF,Rennes,32.0,1985.0,2017-2018,FRA
Romain Amalfitano,d7bf3d19,frFRA,MF,Dijon,27.0,1989.0,2017-2018,FRA
Jordan Amavi,22721b88,frFRA,DF,Marseille,23.0,1994.0,2017-2018,FRA
Kelvin Amian,bcc81786,frFRA,DF,Toulouse,19.0,1998.0,2017-2018,FRA
Benjamin André,ef9c1c95,frFRA,MF,Rennes,26.0,1990.0,2017-2018,FRA
Yoann Andreu,872cd68c,frFRA,DF,Angers,28.0,1989.0,2017-2018,FRA
Houssem Aouar,a5db0bec,dzALG,MF,Lyon,19.0,1998.0,2017-2018,FRA
Luiz Araújo,fa18c72e,brBRA,"MF,FW",Lille,21.0,1996.0,2017-2018,FRA
Alphonse Areola,2f965a72,frFRA,GK,Paris Saint-Germain,24.0,1993.0,2017-2018,FRA
Yoël Armougom,9dd5da03,frFRA,MF,Caen,19.0,1998.0,2017-2018,FRA
Benoît Assou-Ekotto,a557e6b0,cmCMR,DF,Metz,33.0,1984.0,2017-2018,FRA
Danilo Avelar,eacb45fd,brBRA,"DF,MF",Amiens,28.0,1989.0,2017-2018,FRA
Durel Avounou,833a91a1,cgCGO,"MF,DF",Caen,19.0,1997.0,2017-2018,FRA
Chidozie Awaziem,70d8e84c,ngNGA,DF,Nantes,20.0,1997.0,2017-2018,FRA
Karim Azamoum,eaf71a5e,frFRA,MF,Troyes,27.0,1990.0,2017-2018,FRA
Ludovic Baal,d3ce9f1f,gfGUF,DF,Rennes,31.0,1986.0,2017-2018,FRA
Dylan Bahamboula,7844c810,cgCGO,"FW,MF",Dijon,22.0,1995.0,2017-2018,FRA
Farès Bahlouli,776972d5,frFRA,MF,Lille,22.0,1995.0,2017-2018,FRA
Stéphane Bahoken,5046b7d4,cmCMR,FW,Strasbourg,25.0,1992.0,2017-2018,FRA
Keita Baldé,509a4ccb,snSEN,"MF,FW",Monaco,22.0,1995.0,2017-2018,FRA
Iván Balliu,cee88597,alALB,DF,Metz,25.0,1992.0,2017-2018,FRA
Fodé Ballo-Touré,f449640d,snSEN,"DF,MF",Lille,20.0,1997.0,2017-2018,FRA
Florent Balmont,4e7bfc23,frFRA,MF,Dijon,37.0,1980.0,2017-2018,FRA
Mario Balotelli,8ff07990,itITA,FW,Nice,26.0,1990.0,2017-2018,FRA
Abdoulaye Bamba,7fecbcdb,ciCIV,DF,Angers,27.0,1990.0,2017-2018,FRA
Jonathan Bamba,b2bd0f6c,ciCIV,"FW,MF",Saint-Étienne,21.0,1996.0,2017-2018,FRA
Yacine Bammou,a1d04509,maMAR,"MF,FW",Nantes,25.0,1991.0,2017-2018,FRA
Sekou Baradji,5693aa98,frFRA,"DF,MF",Amiens,33.0,1984.0,2017-2018,FRA
Nicolas Basin,67d251a2,frFRA,DF,Metz,19.0,1998.0,2017-2018,FRA
Gil Bastião Dias,e61bdd69,ptPOR,"FW,MF",Monaco,20.0,1996.0,2017-2018,FRA
Paul Baysse,2515040a,frFRA,DF,Bordeaux,29.0,1988.0,2017-2018,FRA
Hervé Bazile,7abfcbff,htHAI,"MF,FW",Caen,27.0,1990.0,2017-2018,FRA
Henri Bedimo,0d57f1c1,cmCMR,DF,Marseille,33.0,1984.0,2017-2018,FRA
François Bellugou,2174bc8d,frFRA,MF,Troyes,30.0,1987.0,2017-2018,FRA
Chaouki Ben Saada,61d618fa,tnTUN,MF,Troyes,33.0,1984.0,2017-2018,FRA
Diego Benaglio,b7e7937d,chSUI,GK,Monaco,33.0,1983.0,2017-2018,FRA
Nicolas Benezet,30395d3b,frFRA,"MF,FW",Guingamp,26.0,1991.0,2017-2018,FRA
Walter Benítez,8a2248b4,arARG,GK,Nice,24.0,1993.0,2017-2018,FRA
Ramy Bensebaini,378825c7,dzALG,DF,Rennes,22.0,1995.0,2017-2018,FRA
Yassine Benzia,6fbde63a,dzALG,"MF,FW",Lille,22.0,1994.0,2017-2018,FRA
Yuri Berchiche,b6e50615,esESP,DF,Paris Saint-Germain,27.0,1990.0,2017-2018,FRA
Robert Berić,9001138b,siSVN,FW,Saint-Étienne,26.0,1991.0,2017-2018,FRA
Kévin Bérigaud,3250c6cd,frFRA,"MF,FW",Montpellier,29.0,1988.0,2017-2018,FRA
Vincent Bessat,5e6342d4,frFRA,"DF,MF",Caen,31.0,1985.0,2017-2018,FRA
Quentin Beunardeau,15285503,frFRA,GK,Metz,23.0,1994.0,2017-2018,FRA
Milan Biševac,a51728e3,rsSRB,DF,Metz,33.0,1983.0,2017-2018,FRA
Yves Bissouma,6c203af0,mlMLI,"MF,DF",Lille,20.0,1996.0,2017-2018,FRA
Ludovic Blas,6191093d,frFRA,MF,Guingamp,19.0,1997.0,2017-2018,FRA
Jérémy Blayac,d9afac11,frFRA,FW,Strasbourg,34.0,1983.0,2017-2018,FRA
Alexis Blin,c69ef855,frFRA,MF,Toulouse,20.0,1996.0,2017-2018,FRA
Yann Bodiger,8c2c48a9,frFRA,MF,Toulouse,22.0,1995.0,2017-2018,FRA
Mathieu Bodmer,f3642ba8,frFRA,"DF,MF",Amiens,34.0,1982.0,2017-2018,FRA
Quentin Boisgard,f6496133,frFRA,MF,Toulouse,20.0,1997.0,2017-2018,FRA
Landry Bonnefoi,e65dd8dc,frFRA,GK,Strasbourg,33.0,1983.0,2017-2018,FRA
Gabriel Boschilia,e90af77c,brBRA,MF,Monaco,21.0,1996.0,2017-2018,FRA
Jean-Christophe Bouet,96908f80,frFRA,GK,Amiens,34.0,1983.0,2017-2018,FRA
Arnold Bouka Moutou,f3085377,cgCGO,DF,Dijon,28.0,1988.0,2017-2018,FRA
Farid Boulaya,a0791826,dzALG,"FW,MF",Metz,24.0,1993.0,2017-2018,FRA
Emmanuel Bourgaud,7cf9f0ed,frFRA,MF,Amiens,29.0,1987.0,2017-2018,FRA
Benjamin Bourigeaud,20e73fac,frFRA,"MF,FW",Rennes,23.0,1994.0,2017-2018,FRA
Martin Braithwaite,fd771f95,dkDEN,FW,Bordeaux,26.0,1991.0,2017-2018,FRA
Brandon,3e016e5a,esESP,"MF,FW",Rennes,22.0,1995.0,2017-2018,FRA
Jimmy Briand,f83c8d6c,frFRA,"FW,MF",Guingamp,31.0,1985.0,2017-2018,FRA
Patrick Burner,8746d5d0,mqMTQ,"DF,MF",Nice,21.0,1996.0,2017-2018,FRA
Ludovic Butelle,26975a92,frFRA,GK,Angers,34.0,1983.0,2017-2018,FRA
Rémy Cabella,148e136f,frFRA,"FW,MF",Marseille,27.0,1990.0,2017-2018,FRA
Rémy Cabella,148e136f,frFRA,"MF,FW",Saint-Étienne,27.0,1990.0,2017-2018,FRA
Cafú,85322440,ptPOR,MF,Metz,24.0,1993.0,2017-2018,FRA
Jonathan Cafu,8d043f1d,brBRA,"MF,FW",Bordeaux,26.0,1991.0,2017-2018,FRA
Yannick Cahuzac,677ee102,frFRA,MF,Toulouse,32.0,1985.0,2017-2018,FRA
Abdoul Camara,07296190,gnGUI,"MF,FW",Guingamp,27.0,1990.0,2017-2018,FRA
Souleymane Camara,c58270f8,snSEN,"FW,MF",Montpellier,34.0,1982.0,2017-2018,FRA
Pierrick Capelle,79b2399c,frFRA,MF,Angers,30.0,1987.0,2017-2018,FRA
Yoan Cardinale,950ff24d,frFRA,GK,Nice,23.0,1994.0,2017-2018,FRA
Diego Carlos,b4a014b1,brBRA,DF,Nantes,24.0,1993.0,2017-2018,FRA
Guido Carrillo,8f898ba8,arARG,FW,Monaco,26.0,1991.0,2017-2018,FRA
Thomas Carrique,23b6ab66,frFRA,DF,Bordeaux,18.0,1999.0,2017-2018,FRA
Edinson Cavani,527f063d,uyURU,FW,Paris Saint-Germain,30.0,1987.0,2017-2018,FRA
Fouad Chafik,edd1466a,maMAR,"DF,MF",Dijon,30.0,1986.0,2017-2018,FRA
Kwon Chang-hoon,7961f7aa,krKOR,"MF,FW",Dijon,23.0,1994.0,2017-2018,FRA
Charly Charrier,346c15cc,frFRA,MF,Amiens,31.0,1986.0,2017-2018,FRA
Pape Cheikh Diop,873ce3a2,snSEN,MF,Lyon,19.0,1997.0,2017-2018,FRA
Saliou Ciss,2235f850,snSEN,"MF,DF",Angers,27.0,1989.0,2017-2018,FRA
Issa Cissokho,a1017967,snSEN,DF,Amiens,32.0,1985.0,2017-2018,FRA
Marcus Coco,3010aefb,frFRA,MF,Guingamp,21.0,1996.0,2017-2018,FRA
Renaud Cohade,4e7d66f8,frFRA,MF,Metz,32.0,1984.0,2017-2018,FRA
Racine Coly,166a981d,snSEN,DF,Nice,21.0,1995.0,2017-2018,FRA
Alois Confais,535b0343,frFRA,MF,Troyes,20.0,1996.0,2017-2018,FRA
Daniel Congré,3f5b4635,frFRA,DF,Montpellier,32.0,1985.0,2017-2018,FRA
Diego Contento,15a21c79,deGER,DF,Bordeaux,27.0,1990.0,2017-2018,FRA
Jérémy Cordoval,7d45b97a,gpGLP,DF,Troyes,27.0,1990.0,2017-2018,FRA
Benjamin Corgnet,cfd8dde3,frFRA,"MF,FW",Strasbourg,30.0,1987.0,2017-2018,FRA
Maxwel Cornet,beb391dd,ciCIV,"MF,FW",Lyon,20.0,1996.0,2017-2018,FRA
Quentin Cornette,5d42d487,frFRA,MF,Amiens,23.0,1994.0,2017-2018,FRA
Nuno da Costa,909222de,cvCPV,"FW,MF",Strasbourg,26.0,1991.0,2017-2018,FRA
Benoît Costil,2434f24a,frFRA,GK,Bordeaux,30.0,1987.0,2017-2018,FRA
Kalifa Coulibaly,9980269a,mlMLI,FW,Nantes,25.0,1991.0,2017-2018,FRA
Lassana Coulibaly,85a44ecc,mlMLI,MF,Angers,21.0,1996.0,2017-2018,FRA
Nicolas Cozza,8f325097,frFRA,"MF,DF",Montpellier,18.0,1999.0,2017-2018,FRA
Enzo Crivelli,06f33dc8,frFRA,FW,Angers,22.0,1995.0,2017-2018,FRA
Enzo Crivelli,06f33dc8,frFRA,FW,Caen,22.0,1995.0,2017-2018,FRA
Wylan Cyprien,3e092724,frFRA,MF,Nice,22.0,1995.0,2017-2018,FRA
Damien Da Silva,1ec7e1c5,frFRA,DF,Caen,29.0,1988.0,2017-2018,FRA
Kouadio-Yves Dabila,3067cbef,ciCIV,DF,Lille,20.0,1997.0,2017-2018,FRA
Bryan Dabo,c53083ad,bfBFA,MF,Saint-Étienne,25.0,1992.0,2017-2018,FRA
Dante,fd2bc67d,brBRA,DF,Nice,33.0,1983.0,2017-2018,FRA
Romain Danzé,a5876fca,frFRA,"DF,MF",Rennes,31.0,1986.0,2017-2018,FRA
Stéphane Darbion,75d97aa6,frFRA,MF,Troyes,33.0,1984.0,2017-2018,FRA
Sergi Darder,070a3904,esESP,MF,Lyon,23.0,1993.0,2017-2018,FRA
Lucas Deaux,44f8c299,frFRA,MF,Guingamp,28.0,1988.0,2017-2018,FRA
Mathieu Debuchy,92232aad,frFRA,DF,Saint-Étienne,32.0,1985.0,2017-2018,FRA
Jonathan Delaplace,79685569,frFRA,MF,Caen,31.0,1986.0,2017-2018,FRA
Andy Delort,d33c706e,dzALG,"FW,MF",Toulouse,25.0,1991.0,2017-2018,FRA
Jessy Deminguet,a6138e4a,frFRA,"MF,FW",Caen,19.0,1998.0,2017-2018,FRA
Mathieu Deplagne,ff16ecad,frFRA,DF,Troyes,25.0,1991.0,2017-2018,FRA
Ángel Di María,19cda00b,arARG,FW,Paris Saint-Germain,29.0,1988.0,2017-2018,FRA
Fallou Diagne,cd387ff4,snSEN,"DF,MF",Metz,27.0,1989.0,2017-2018,FRA
Adama Diakhaby,65585e3a,frFRA,"FW,MF",Monaco,21.0,1996.0,2017-2018,FRA
Mouctar Diakhaby,d2110326,gnGUI,DF,Lyon,20.0,1996.0,2017-2018,FRA
Abdoulaye Diallo,26383ea5,snSEN,GK,Rennes,25.0,1992.0,2017-2018,FRA
Habib Diallo,6605d143,snSEN,FW,Metz,22.0,1995.0,2017-2018,FRA
Mustapha Diallo,6c6ecdd4,snSEN,MF,Guingamp,31.0,1986.0,2017-2018,FRA
Lassana Diarra,79584585,frFRA,MF,Paris Saint-Germain,32.0,1985.0,2017-2018,FRA
Bakaye Dibassy,247accfd,mlMLI,DF,Amiens,27.0,1989.0,2017-2018,FRA
Thomas Didillon,a3d524cb,frFRA,GK,Metz,21.0,1995.0,2017-2018,FRA
Étienne Didot,d2aa8ac0,frFRA,MF,Guingamp,34.0,1983.0,2017-2018,FRA
Tristan Dingomé,92b56413,cmCMR,MF,Troyes,26.0,1991.0,2017-2018,FRA
Ismaël Diomandé,10650926,ciCIV,"DF,MF",Caen,24.0,1992.0,2017-2018,FRA
Lois Diony,4be0b467,frFRA,FW,Saint-Étienne,24.0,1992.0,2017-2018,FRA
Issa Diop,a712ca2b,frFRA,DF,Toulouse,20.0,1997.0,2017-2018,FRA
Assane Dioussé,7f622eef,snSEN,MF,Saint-Étienne,19.0,1997.0,2017-2018,FRA
Koffi Djidji,933d3b51,ciCIV,DF,Nantes,24.0,1992.0,2017-2018,FRA
Alexander Djiku,43e7a164,ghGHA,DF,Caen,22.0,1994.0,2017-2018,FRA
Papy Djilobodji,083525e5,snSEN,DF,Dijon,28.0,1988.0,2017-2018,FRA
Keagan Dolly,ccb1c3af,zaRSA,MF,Montpellier,24.0,1993.0,2017-2018,FRA
Jean-Luc Dompé,9ffdf29a,frFRA,"FW,MF",Amiens,21.0,1995.0,2017-2018,FRA
Dória,d28b4a9d,brBRA,DF,Marseille,22.0,1994.0,2017-2018,FRA
Mathieu Dossevi,6421dd73,tgTOG,"MF,FW",Metz,29.0,1988.0,2017-2018,FRA
Julian Draxler,1a992676,deGER,"MF,FW",Paris Saint-Germain,23.0,1993.0,2017-2018,FRA
Leo Dubois,ff0ab48c,frFRA,DF,Nantes,22.0,1994.0,2017-2018,FRA
Maxime Dupé,0e12089d,frFRA,GK,Nantes,24.0,1993.0,2017-2018,FRA
Jimmy Durmaz,f09a8b75,seSWE,"MF,FW",Toulouse,28.0,1989.0,2017-2018,FRA
Félix Eboa Eboa,167d5018,cmCMR,DF,Guingamp,20.0,1997.0,2017-2018,FRA
Patrice Evra,51a3caf1,frFRA,DF,Marseille,36.0,1981.0,2017-2018,FRA
Valentin Eysseric,ae82fa48,frFRA,MF,Nice,25.0,1992.0,2017-2018,FRA
Fabinho,7f3b388c,brBRA,MF,Monaco,23.0,1993.0,2017-2018,FRA
Radamel Falcao,66116290,coCOL,FW,Monaco,31.0,1986.0,2017-2018,FRA
Simon Falette,b82880c6,gnGUI,DF,Metz,25.0,1992.0,2017-2018,FRA
Imad Faraj,b396a0b1,maMAR,DF,Lille,18.0,1999.0,2017-2018,FRA
Nabil Fekir,bece776f,frFRA,"MF,FW",Lyon,24.0,1993.0,2017-2018,FRA
Julien Féret,ac62861c,frFRA,MF,Caen,35.0,1982.0,2017-2018,FRA
Brian Fernández,857e2586,arARG,"FW,MF",Metz,22.0,1994.0,2017-2018,FRA
Jordan Ferri,375622c5,frFRA,MF,Lyon,25.0,1992.0,2017-2018,FRA
Afonso Figueiredo,f51edbf3,ptPOR,DF,Rennes,24.0,1993.0,2017-2018,FRA
Guessouma Fofana,9dafff2a,mrMTN,MF,Amiens,24.0,1992.0,2017-2018,FRA
Steven Fortes,574aa9ec,cvCPV,DF,Toulouse,25.0,1992.0,2017-2018,FRA
Dimitri Foulquier,45e17712,frFRA,DF,Strasbourg,24.0,1993.0,2017-2018,FRA
Lilian Fournier,5aca2a18,frFRA,MF,Metz,19.0,1998.0,2017-2018,FRA
Angelo Fulgini,4b96c347,frFRA,"MF,FW",Angers,20.0,1996.0,2017-2018,FRA
Milan Gajić,9f6325f9,rsSRB,DF,Bordeaux,21.0,1996.0,2017-2018,FRA
Serge Gakpé,cf4053e2,tgTOG,MF,Amiens,30.0,1987.0,2017-2018,FRA
Ignatius Ganago,23c63b7f,cmCMR,"FW,MF",Nice,18.0,1999.0,2017-2018,FRA
Najib Gandi,56b52c4e,frFRA,MF,Nantes,23.0,1994.0,2017-2018,FRA
Jérémy Gélin,4c700f46,frFRA,"DF,MF",Rennes,20.0,1997.0,2017-2018,FRA
Romain Genevois,1040e783,htHAI,DF,Caen,29.0,1987.0,2017-2018,FRA
Valère Germain,ea0ff634,frFRA,FW,Marseille,27.0,1990.0,2017-2018,FRA
Willem Geubbels,9836e892,frFRA,FW,Lyon,15.0,2001.0,2017-2018,FRA
Yassine El Ghanassy,0049d544,beBEL,MF,Nantes,27.0,1990.0,2017-2018,FRA
Anwar El Ghazi,ffa90327,nlNED,"MF,FW",Lille,22.0,1995.0,2017-2018,FRA
Rachid Ghezzal,dc3a9a0d,dzALG,"MF,FW",Monaco,25.0,1992.0,2017-2018,FRA
Guillaume Gillet,3f944dad,beBEL,"DF,MF",Nantes,33.0,1984.0,2017-2018,FRA
Jimmy Giraudon,6ba71da5,frFRA,DF,Troyes,25.0,1992.0,2017-2018,FRA
Thibault Giresse,81d9a76b,frFRA,MF,Guingamp,36.0,1981.0,2017-2018,FRA
Andrei Girotto,3befc2b6,brBRA,MF,Nantes,25.0,1992.0,2017-2018,FRA
Kamil Glik,c6056d58,plPOL,DF,Monaco,29.0,1988.0,2017-2018,FRA
Joris Gnagnon,1232e1dc,frFRA,DF,Rennes,20.0,1997.0,2017-2018,FRA
Anthony Gonçalves,c27dfb82,frFRA,MF,Strasbourg,31.0,1986.0,2017-2018,FRA
Vagner Gonçalves,743fd71f,cvCPV,MF,Saint-Étienne,21.0,1996.0,2017-2018,FRA
Georges Gope-Fenepej,8730ed6a,ncNCL,FW,Amiens,28.0,1988.0,2017-2018,FRA
Mathieu Gorgelin,4d3e9033,frFRA,GK,Lyon,26.0,1990.0,2017-2018,FRA
Prince-Désir Gouano,7c6d6c96,frFRA,DF,Amiens,23.0,1993.0,2017-2018,FRA
Lemouya Goudiaby,e893fc23,snSEN,DF,Metz,20.0,1997.0,2017-2018,FRA
Amine Gouiri,aad56ca3,dzALG,"FW,MF",Lyon,17.0,2000.0,2017-2018,FRA
Yoann Gourcuff,3acddfdd,frFRA,MF,Rennes,31.0,1986.0,2017-2018,FRA
Max Gradel,c5a500ca,ciCIV,"MF,FW",Toulouse,29.0,1987.0,2017-2018,FRA
Samuel Grandsir,d2448564,frFRA,MF,Troyes,20.0,1996.0,2017-2018,FRA
Clément Grenier,8b298f56,frFRA,MF,Guingamp,26.0,1991.0,2017-2018,FRA
Clément Grenier,8b298f56,frFRA,MF,Lyon,26.0,1991.0,2017-2018,FRA
Jérémy Grimm,53283127,frFRA,MF,Strasbourg,30.0,1987.0,2017-2018,FRA
Gonçalo Guedes,e6bc67d7,ptPOR,"FW,MF",Paris Saint-Germain,20.0,1996.0,2017-2018,FRA
Frederic Guilbert,5d8d7454,frFRA,"DF,MF",Caen,22.0,1994.0,2017-2018,FRA
Baptiste Guillaume,9453d2f4,beBEL,FW,Angers,22.0,1995.0,2017-2018,FRA
Régis Gurtner,bc270726,frFRA,GK,Amiens,30.0,1986.0,2017-2018,FRA
Luiz Gustavo,82671804,brBRA,"MF,DF",Marseille,30.0,1987.0,2017-2018,FRA
Oussama Haddadi,ec400194,tnTUN,DF,Dijon,25.0,1992.0,2017-2018,FRA
Oualid El Hajjam,9f29c204,maMAR,DF,Amiens,26.0,1991.0,2017-2018,FRA
Romain Hamouma,0b4d8274,frFRA,"FW,MF",Saint-Étienne,30.0,1987.0,2017-2018,FRA
Gauthier Hein,563fcd6b,frFRA,MF,Metz,20.0,1996.0,2017-2018,FRA
Christophe Hérelle,3681cfff,mqMTQ,DF,Troyes,24.0,1992.0,2017-2018,FRA
Hernani,6f5ead86,brBRA,"MF,FW",Saint-Étienne,23.0,1994.0,2017-2018,FRA
Vitorino Hilton,c4bbea9f,brBRA,DF,Montpellier,39.0,1977.0,2017-2018,FRA
Tomáš Hubočan,97b87472,skSVK,DF,Marseille,31.0,1985.0,2017-2018,FRA
Adrien Hunou,d14229f3,frFRA,"MF,FW",Rennes,23.0,1994.0,2017-2018,FRA
Suk Hyun-jun,7ffaf233,krKOR,FW,Troyes,26.0,1991.0,2017-2018,FRA
Edgar Ié,3767b3b7,gwGNB,DF,Lille,23.0,1994.0,2017-2018,FRA
Julien Ielsch,20c2c0e8,frFRA,"MF,DF",Amiens,34.0,1983.0,2017-2018,FRA
Jordan Ikoko,8ff4872e,cdCOD,DF,Guingamp,23.0,1994.0,2017-2018,FRA
Jonathan Ikone,42eaa028,frFRA,"MF,FW",Montpellier,19.0,1998.0,2017-2018,FRA
Jules Iloki,f352a2db,frFRA,MF,Nantes,25.0,1992.0,2017-2018,FRA
Giannelli Imbula,b86fe156,cdCOD,MF,Toulouse,24.0,1992.0,2017-2018,FRA
Emmanuel Imorou,3e87d087,bjBEN,DF,Caen,28.0,1988.0,2017-2018,FRA
Christophe Jallet,46d50339,frFRA,"DF,MF",Nice,33.0,1983.0,2017-2018,FRA
Ablie Jallow,1bc6135b,gmGAM,MF,Metz,18.0,1998.0,2017-2018,FRA
Saidy Janko,689c9cf4,gmGAM,"DF,MF",Saint-Étienne,21.0,1995.0,2017-2018,FRA
Nicolas Janvier,22a62523,frFRA,MF,Rennes,18.0,1998.0,2017-2018,FRA
Corentin Jean,7d9b37bf,frFRA,"MF,FW",Toulouse,22.0,1995.0,2017-2018,FRA
Benjamin Jeannot,2e52206e,frFRA,"FW,MF",Dijon,25.0,1992.0,2017-2018,FRA
Jemerson,7cab69b5,brBRA,DF,Monaco,24.0,1992.0,2017-2018,FRA
Karl-Johan Johnsson,a56bd2ee,seSWE,GK,Guingamp,27.0,1990.0,2017-2018,FRA
Jorge,13c44fc5,brBRA,DF,Monaco,21.0,1996.0,2017-2018,FRA
Yann Jouffre,5d66c10d,frFRA,MF,Metz,33.0,1984.0,2017-2018,FRA
Vukašin Jovanović,0eb03d5b,rsSRB,DF,Bordeaux,21.0,1996.0,2017-2018,FRA
Stevan Jovetić,f36c432f,meMNE,"FW,MF",Monaco,27.0,1989.0,2017-2018,FRA
Christopher Jullien,f323d995,frFRA,DF,Toulouse,24.0,1993.0,2017-2018,FRA
Alexander Kačaniklić,8ba3a754,seSWE,MF,Nantes,25.0,1991.0,2017-2018,FRA
Gaël Kakuta,5b1bf5e3,cdCOD,MF,Amiens,26.0,1991.0,2017-2018,FRA
François Kamano,81d3318f,gnGUI,FW,Bordeaux,21.0,1996.0,2017-2018,FRA
Bingourou Kamara,3814120d,snSEN,GK,Strasbourg,20.0,1996.0,2017-2018,FRA
Boubacar Kamara,cc77354e,frFRA,"DF,MF",Marseille,17.0,1999.0,2017-2018,FRA
Wilfried Kanga,b4c816a9,ciCIV,FW,Angers,19.0,1998.0,2017-2018,FRA
Eiji Kawashima,a4527d33,jpJPN,GK,Metz,34.0,1983.0,2017-2018,FRA
Joris Kayembe,4657faba,cdCOD,MF,Nantes,22.0,1994.0,2017-2018,FRA
Christophe Kerbrat,0515a4cb,frFRA,DF,Guingamp,30.0,1986.0,2017-2018,FRA
Billy Ketkeophomphone,06f46837,laLAO,"MF,FW",Angers,27.0,1990.0,2017-2018,FRA
Driss Khalid,abccacf7,maMAR,FW,Toulouse,18.0,1999.0,2017-2018,FRA
Saîf-Eddine Khaoui,796b1c41,tnTUN,MF,Troyes,22.0,1995.0,2017-2018,FRA
Wahbi Khazri,2677a1de,tnTUN,"FW,MF",Rennes,26.0,1991.0,2017-2018,FRA
Presnel Kimpembe,aef6e670,frFRA,DF,Paris Saint-Germain,21.0,1995.0,2017-2018,FRA
Hervé Koffi,faf873a7,bfBFA,GK,Lille,20.0,1996.0,2017-2018,FRA
Seybou Koita,d3b58e33,neNIG,FW,Amiens,23.0,1994.0,2017-2018,FRA
Moussa Konaté,fcbcbd94,snSEN,FW,Amiens,24.0,1993.0,2017-2018,FRA
Bakary Koné,1f713024,bfBFA,DF,Strasbourg,29.0,1988.0,2017-2018,FRA
Terence Kongolo,1f9a3a04,nlNED,DF,Monaco,23.0,1994.0,2017-2018,FRA
Christian Kouakou,ce316f8c,ciCIV,"MF,FW",Caen,26.0,1991.0,2017-2018,FRA
Rominigue Kouamé,86a2ba20,mlMLI,DF,Lille,20.0,1996.0,2017-2018,FRA
Tomáš Koubek,dc366c36,czCZE,GK,Rennes,24.0,1992.0,2017-2018,FRA
Jules Koundé,4d1666ff,frFRA,DF,Bordeaux,18.0,1998.0,2017-2018,FRA
Vincent Koziello,9a493fb7,frFRA,MF,Nice,21.0,1995.0,2017-2018,FRA
Rene Krhin,9a506145,siSVN,MF,Nantes,27.0,1990.0,2017-2018,FRA
Layvin Kurzawa,41e7ef1c,frFRA,DF,Paris Saint-Germain,24.0,1992.0,2017-2018,FRA
Enock Kwateng,4bf69118,frFRA,DF,Nantes,20.0,1997.0,2017-2018,FRA
Brighton Labeau,f45cf4f7,mqMTQ,FW,Amiens,21.0,1996.0,2017-2018,FRA
Gaëtan Laborde,7cdda3bf,frFRA,FW,Bordeaux,23.0,1994.0,2017-2018,FRA
Léo Lacroix,5984e9f9,chSUI,DF,Saint-Étienne,25.0,1992.0,2017-2018,FRA
Alban Lafont,4e7db402,ciCIV,GK,Toulouse,18.0,1999.0,2017-2018,FRA
Kenny Lala,770d7eb8,mgMAD,DF,Strasbourg,25.0,1991.0,2017-2018,FRA
Ádám Lang,8614496d,huHUN,DF,Dijon,24.0,1993.0,2017-2018,FRA
Paul Lasne,542cc80f,frFRA,MF,Montpellier,28.0,1989.0,2017-2018,FRA
Wesley Lautoa,6e5b5a45,ncNCL,"DF,MF",Dijon,29.0,1987.0,2017-2018,FRA
Mickaël Le Bihan,d512db65,frFRA,"DF,FW",Nice,27.0,1990.0,2017-2018,FRA
Maxime Le Marchand,321a71a7,frFRA,DF,Nice,27.0,1989.0,2017-2018,FRA
James Lea Siliki,7cf431a5,cmCMR,MF,Rennes,21.0,1996.0,2017-2018,FRA
Benjamin Lecomte,2fa2a875,frFRA,GK,Montpellier,26.0,1991.0,2017-2018,FRA
Pierre Lees-Melou,f5044e54,frFRA,MF,Nice,24.0,1993.0,2017-2018,FRA
Thomas Lemar,4dbd0916,frFRA,MF,Monaco,21.0,1995.0,2017-2018,FRA
Dylan Lempereur,47c2e669,frFRA,DF,Metz,18.0,1998.0,2017-2018,FRA
Lukas Lerager,1b82f8df,dkDEN,MF,Bordeaux,24.0,1993.0,2017-2018,FRA
Alexandre Letellier,96fcd380,frFRA,GK,Angers,26.0,1990.0,2017-2018,FRA
Igor Lewczuk,6b9f2f3e,plPOL,DF,Bordeaux,32.0,1985.0,2017-2018,FRA
Dimitri Liénard,f7691f63,frFRA,MF,Strasbourg,29.0,1988.0,2017-2018,FRA
Lucas Lima,0f52f925,brBRA,"DF,MF",Nantes,25.0,1991.0,2017-2018,FRA
Giovani Lo Celso,d7553721,arARG,MF,Paris Saint-Germain,21.0,1996.0,2017-2018,FRA
Enzo Loiodice,6bca20fe,frFRA,MF,Dijon,16.0,2000.0,2017-2018,FRA
Anthony Lopes,f00de885,ptPOR,GK,Lyon,26.0,1990.0,2017-2018,FRA
Rony Lopes,7c2965bb,ptPOR,MF,Monaco,21.0,1995.0,2017-2018,FRA
Maxime Lopez,20094685,frFRA,MF,Marseille,19.0,1997.0,2017-2018,FRA
Arnaud Lusamba,54131505,cdCOD,MF,Nice,20.0,1997.0,2017-2018,FRA
Cheikh M'Bengue,88fdac8b,snSEN,DF,Saint-Étienne,29.0,1988.0,2017-2018,FRA
Raïs M'Bolhi,c121a641,dzALG,GK,Rennes,31.0,1986.0,2017-2018,FRA
Yann M'Vila,d4133fa1,frFRA,MF,Saint-Étienne,27.0,1990.0,2017-2018,FRA
Zinédine Machach,31377e38,frFRA,MF,Toulouse,21.0,1996.0,2017-2018,FRA
Gabriel Magalhães,67ac5bb8,brBRA,DF,Troyes,19.0,1997.0,2017-2018,FRA
Hicham Mahou,f329ec76,frFRA,"FW,MF",Nice,18.0,1999.0,2017-2018,FRA
Thiago Maia,91e58f66,brBRA,"MF,DF",Lille,20.0,1997.0,2017-2018,FRA
Habib Maïga,e768de1f,ciCIV,"MF,DF",Saint-Étienne,21.0,1996.0,2017-2018,FRA
Mike Maignan,fcb38f57,frFRA,GK,Lille,22.0,1995.0,2017-2018,FRA
Jean-Victor Makengo,22bfb57e,frFRA,FW,Nice,19.0,1998.0,2017-2018,FRA
Malcom,6853490f,brBRA,"FW,MF",Bordeaux,20.0,1997.0,2017-2018,FRA
Kévin Malcuit,d6a889ea,maMAR,"DF,MF",Lille,26.0,1991.0,2017-2018,FRA
Vincent Manceau,c26a3918,frFRA,DF,Angers,28.0,1989.0,2017-2018,FRA
Steve Mandanda,1d2d5cc8,frFRA,GK,Marseille,32.0,1985.0,2017-2018,FRA
Georges Mandjeck,de343d38,cmCMR,"MF,DF",Metz,28.0,1988.0,2017-2018,FRA
Kader Mangane,dbb10755,snSEN,DF,Strasbourg,34.0,1983.0,2017-2018,FRA
Thomas Mangani,c801616a,frFRA,MF,Angers,30.0,1987.0,2017-2018,FRA
Harrison Manzala,392d98fc,cdCOD,MF,Amiens,23.0,1994.0,2017-2018,FRA
Myziane Maolida,706a60e1,kmCOM,FW,Lyon,18.0,1999.0,2017-2018,FRA
Faitout Maouassa,e54a9890,frFRA,MF,Rennes,19.0,1998.0,2017-2018,FRA
Fernando Marçal,9ae9eaea,brBRA,DF,Lyon,28.0,1989.0,2017-2018,FRA
Vincent Marcel,51fa3fed,frFRA,MF,Nice,20.0,1997.0,2017-2018,FRA
Marcelo,e3d0b0c4,brBRA,DF,Lyon,30.0,1987.0,2017-2018,FRA
Mariano,5c4dc0ff,doDOM,FW,Lyon,23.0,1993.0,2017-2018,FRA
Jordan Marié,0d2158d5,frFRA,MF,Dijon,25.0,1991.0,2017-2018,FRA
Marlon,cdf65d12,brBRA,DF,Nice,21.0,1995.0,2017-2018,FRA
Marquinhos,d5f2f82b,brBRA,DF,Paris Saint-Germain,23.0,1994.0,2017-2018,FRA
Jonas Martin,468fdbad,frFRA,"MF,FW",Strasbourg,27.0,1990.0,2017-2018,FRA
Pablo Martinez,1ad8cb67,frFRA,DF,Strasbourg,28.0,1989.0,2017-2018,FRA
Christopher Martins,0e96a5e1,luLUX,MF,Lyon,20.0,1997.0,2017-2018,FRA
Jonathan Martins Pereira,b51242ef,frFRA,DF,Guingamp,31.0,1986.0,2017-2018,FRA
Eden Massouema,639b42f5,cgCGO,MF,Dijon,20.0,1997.0,2017-2018,FRA
Blaise Matuidi,c0cddebe,frFRA,MF,Paris Saint-Germain,30.0,1987.0,2017-2018,FRA
Kylian Mbappé,42fd9c7f,frFRA,"FW,MF",Paris Saint-Germain,18.0,1998.0,2017-2018,FRA
Kylian Mbappé,42fd9c7f,frFRA,FW,Monaco,18.0,1998.0,2017-2018,FRA
Adama Mbengue,b931d9d1,snSEN,DF,Caen,23.0,1993.0,2017-2018,FRA
Isaac Mbenza,aa1a8c7e,beBEL,"FW,MF",Montpellier,21.0,1996.0,2017-2018,FRA
Bryan Mbeumo,6afaebf2,cmCMR,"FW,MF",Troyes,17.0,1999.0,2017-2018,FRA
Jordi Mboula,4887118d,esESP,"DF,MF",Monaco,18.0,1999.0,2017-2018,FRA
Soualiho Meïté,5cec2c74,frFRA,MF,Bordeaux,23.0,1994.0,2017-2018,FRA
Soualiho Meïté,5cec2c74,frFRA,MF,Monaco,23.0,1994.0,2017-2018,FRA
Memphis,8f696594,nlNED,"MF,FW",Lyon,23.0,1994.0,2017-2018,FRA
Pedro Mendes,6690ef25,ptPOR,DF,Montpellier,26.0,1990.0,2017-2018,FRA
Thiago Mendes,c6e5d20f,brBRA,MF,Lille,25.0,1992.0,2017-2018,FRA
Stiven Mendoza,e68f2cb4,coCOL,MF,Amiens,25.0,1992.0,2017-2018,FRA
Alexandre Mendy,e067808c,gwGNB,FW,Bordeaux,23.0,1994.0,2017-2018,FRA
Ferland Mendy,3cefcaef,frFRA,DF,Lyon,22.0,1995.0,2017-2018,FRA
Nampalys Mendy,1598599e,snSEN,MF,Nice,25.0,1992.0,2017-2018,FRA
Hamza Mendyl,f99fe221,maMAR,"DF,MF",Lille,19.0,1997.0,2017-2018,FRA
Thomas Meunier,e162b013,beBEL,DF,Paris Saint-Germain,25.0,1991.0,2017-2018,FRA
Mexer,ce492295,mzMOZ,DF,Rennes,28.0,1988.0,2017-2018,FRA
Mathieu Michel,e39f8724,frFRA,GK,Angers,25.0,1991.0,2017-2018,FRA
Clément Michelin,cb9ec45d,frFRA,DF,Toulouse,20.0,1997.0,2017-2018,FRA
Danijel Milićević,1251f42e,baBIH,"MF,FW",Metz,31.0,1986.0,2017-2018,FRA
Kostas Mitroglou,c6ac6579,grGRE,FW,Marseille,29.0,1988.0,2017-2018,FRA
Florent Mollet,7e82a78f,frFRA,MF,Metz,25.0,1991.0,2017-2018,FRA
Thomas Monconduit,84d94b91,frFRA,MF,Amiens,26.0,1991.0,2017-2018,FRA
Kévin Monnet-Paquet,4a57580c,frFRA,"MF,FW",Saint-Étienne,28.0,1988.0,2017-2018,FRA
Jérémy Morel,e97150c0,mgMAD,DF,Lyon,33.0,1984.0,2017-2018,FRA
Lebo Mothiba,3eaf8817,zaRSA,FW,Lille,21.0,1996.0,2017-2018,FRA
Thiago Motta,57ef0d97,itITA,MF,Paris Saint-Germain,34.0,1982.0,2017-2018,FRA
François Moubandje,6ca88b2a,chSUI,DF,Toulouse,27.0,1990.0,2017-2018,FRA
Jessy Moulin,28a65a2c,frFRA,GK,Saint-Étienne,31.0,1986.0,2017-2018,FRA
Lucas Moura,2b622f01,brBRA,"FW,MF",Paris Saint-Germain,24.0,1992.0,2017-2018,FRA
João Moutinho,f5a00fa4,ptPOR,MF,Monaco,30.0,1986.0,2017-2018,FRA
Samuel Moutoussamy,af0c835b,cdCOD,MF,Nantes,20.0,1996.0,2017-2018,FRA
Ndombe Mubele,176674ab,cdCOD,FW,Toulouse,23.0,1994.0,2017-2018,FRA
Ndombe Mubele,176674ab,cdCOD,"FW,MF",Rennes,23.0,1994.0,2017-2018,FRA
Nordi Mukiele,ac73ec79,frFRA,"DF,MF",Montpellier,19.0,1997.0,2017-2018,FRA
Kévin N'Doram,e50623a0,frFRA,"MF,DF",Monaco,21.0,1996.0,2017-2018,FRA
Abdallah N'dour,4749367a,snSEN,DF,Strasbourg,23.0,1993.0,2017-2018,FRA
Clinton N'Jie,77f278a0,cmCMR,"FW,MF",Marseille,23.0,1993.0,2017-2018,FRA
Stanley N'Soki,61590953,frFRA,DF,Paris Saint-Germain,18.0,1999.0,2017-2018,FRA
Préjuce Nakoulma,8e87af42,bfBFA,FW,Nantes,30.0,1987.0,2017-2018,FRA
Nathan,fa00f0c9,brBRA,"FW,MF",Amiens,21.0,1996.0,2017-2018,FRA
Tanguy Ndombele,5cdddffa,frFRA,MF,Amiens,20.0,1996.0,2017-2018,FRA
Tanguy Ndombele,5cdddffa,frFRA,MF,Lyon,20.0,1996.0,2017-2018,FRA
Neymar,69384e5d,brBRA,"FW,MF",Paris Saint-Germain,25.0,1992.0,2017-2018,FRA
Yeni Ngbakoto,813aae2f,cdCOD,MF,Guingamp,25.0,1992.0,2017-2018,FRA
Santy Ngom,45076ff8,snSEN,"MF,FW",Nantes,24.0,1993.0,2017-2018,FRA
Guy Ngosso,34cfec6b,cmCMR,MF,Amiens,32.0,1985.0,2017-2018,FRA
Opa Nguette,75a63397,snSEN,MF,Metz,23.0,1994.0,2017-2018,FRA
Moussa Niakhate,00242715,snSEN,DF,Metz,21.0,1996.0,2017-2018,FRA
Adama Niane,1ac3b888,mlMLI,FW,Troyes,24.0,1993.0,2017-2018,FRA
Ibrahima Niane,46faabfa,snSEN,"MF,FW",Metz,18.0,1999.0,2017-2018,FRA
Casimir Ninga,91f2da4c,tdCHA,"FW,MF",Montpellier,24.0,1993.0,2017-2018,FRA
Benjamin Nivet,1ec4e202,frFRA,MF,Troyes,40.0,1977.0,2017-2018,FRA
Jordan Nkololo,bf354e77,cdCOD,"MF,FW",Caen,24.0,1992.0,2017-2018,FRA
Christopher Nkunku,7c56da38,frFRA,"FW,MF",Paris Saint-Germain,19.0,1997.0,2017-2018,FRA
Vincent Nogueira,268c3cfc,frFRA,MF,Strasbourg,29.0,1988.0,2017-2018,FRA
Paul-Georges Ntep,81aeb1dd,cmCMR,"MF,FW",Saint-Étienne,25.0,1992.0,2017-2018,FRA
Gerzino Nyamsi,6043997c,cmCMR,DF,Rennes,20.0,1997.0,2017-2018,FRA
Johann Obiang,c3512013,gaGAB,DF,Troyes,24.0,1993.0,2017-2018,FRA
Lucas Ocampos,a08b974a,arARG,MF,Marseille,23.0,1994.0,2017-2018,FRA
Prince Oniangué,9e27e5de,cgCGO,MF,Angers,28.0,1988.0,2017-2018,FRA
Otávio,243f4a0b,brBRA,MF,Bordeaux,23.0,1994.0,2017-2018,FRA
Alexandre Oukidja,ae7d0ecd,dzALG,GK,Strasbourg,29.0,1988.0,2017-2018,FRA
Ambroise Oyongo,e3e05edf,cmCMR,MF,Montpellier,26.0,1991.0,2017-2018,FRA
Pablo,29d8ad3f,brBRA,DF,Bordeaux,26.0,1991.0,2017-2018,FRA
Vincent Pajot,f86ca403,frFRA,MF,Saint-Étienne,26.0,1990.0,2017-2018,FRA
Nicolas Pallois,779847d6,frFRA,DF,Nantes,29.0,1987.0,2017-2018,FRA
Julian Palmieri,25444898,frFRA,DF,Metz,30.0,1986.0,2017-2018,FRA
Javier Pastore,881ef58c,arARG,"MF,FW",Paris Saint-Germain,28.0,1989.0,2017-2018,FRA
Mateo Pavlović,450e277f,baBIH,DF,Angers,27.0,1990.0,2017-2018,FRA
Dimitri Payet,58ae47b2,frFRA,MF,Marseille,30.0,1987.0,2017-2018,FRA
Stef Peeters,2f8f43f3,beBEL,MF,Caen,25.0,1992.0,2017-2018,FRA
Bryan Pelé,88615858,frFRA,MF,Troyes,25.0,1992.0,2017-2018,FRA
Yohann Pelé,76806215,frFRA,GK,Marseille,34.0,1982.0,2017-2018,FRA
Pietro Pellegri,a44d3a3c,itITA,FW,Monaco,16.0,2001.0,2017-2018,FRA
Théo Pellenard,97fb4608,frFRA,DF,Bordeaux,23.0,1994.0,2017-2018,FRA
Nicolas Pépé,57e3f0c7,ciCIV,"FW,MF",Lille,22.0,1995.0,2017-2018,FRA
Romain Perraud,6dfd8f05,frFRA,DF,Nice,19.0,1997.0,2017-2018,FRA
Loïc Perrin,6b200d45,frFRA,DF,Saint-Étienne,31.0,1985.0,2017-2018,FRA
Chris Philipps,8e2d5426,luLUX,"MF,DF",Metz,23.0,1994.0,2017-2018,FRA
Lebogang Phiri,b6dac747,zaRSA,MF,Guingamp,22.0,1994.0,2017-2018,FRA
Ronaël Pierre-Gabriel,64ba07c0,frFRA,DF,Saint-Étienne,19.0,1998.0,2017-2018,FRA
Facundo Píriz,fca455cc,uyURU,MF,Montpellier,27.0,1990.0,2017-2018,FRA
Jaroslav Plašil,516dc25b,czCZE,MF,Bordeaux,35.0,1982.0,2017-2018,FRA
Alassane Pléa,bc6bd723,frFRA,FW,Nice,24.0,1993.0,2017-2018,FRA
Morgan Poaty,7add56e1,cgCGO,MF,Montpellier,20.0,1997.0,2017-2018,FRA
Gerónimo Poblete,31bbb7e2,arARG,MF,Metz,24.0,1993.0,2017-2018,FRA
Florentin Pogba,1e23a224,gnGUI,DF,Saint-Étienne,26.0,1990.0,2017-2018,FRA
Ezequiel Ponce,ccbbe661,arARG,FW,Lille,20.0,1997.0,2017-2018,FRA
Jérémie Porsan-Clémenté,fa27b5a0,mqMTQ,MF,Montpellier,19.0,1997.0,2017-2018,FRA
Maxime Poundjé,b92edde2,frFRA,DF,Bordeaux,24.0,1992.0,2017-2018,FRA
Sanjin Prcić,51c30111,baBIH,MF,Rennes,23.0,1993.0,2017-2018,FRA
Nicolas de Préville,b0547a87,frFRA,FW,Bordeaux,26.0,1991.0,2017-2018,FRA
Nicolas de Préville,b0547a87,frFRA,FW,Lille,26.0,1991.0,2017-2018,FRA
Jérôme Prior,1061c207,frFRA,GK,Bordeaux,21.0,1995.0,2017-2018,FRA
Sloan Privat,4df04a86,frFRA,FW,Guingamp,28.0,1989.0,2017-2018,FRA
Loïc Puyo,bcb98316,frFRA,"FW,MF",Angers,28.0,1988.0,2017-2018,FRA
Adrien Rabiot,8794e251,frFRA,MF,Paris Saint-Germain,22.0,1995.0,2017-2018,FRA
Rafael,9a1f2e1c,brBRA,DF,Lyon,27.0,1990.0,2017-2018,FRA
Andrea Raggi,bd4f5f94,itITA,DF,Monaco,33.0,1984.0,2017-2018,FRA
Adil Rami,8dbff17c,frFRA,DF,Marseille,31.0,1985.0,2017-2018,FRA
Pedro Rebocho,276cce2e,ptPOR,DF,Guingamp,22.0,1995.0,2017-2018,FRA
Jeff Reine-Adélaïde,d504b3e1,frFRA,MF,Angers,19.0,1998.0,2017-2018,FRA
Jan Repas,e0d725fe,siSVN,"MF,FW",Caen,20.0,1997.0,2017-2018,FRA
Baptiste Reynet,bcf1b2e9,frFRA,GK,Dijon,26.0,1990.0,2017-2018,FRA
Kévin Rimane,7a137df4,gfGUF,"DF,MF",Paris Saint-Germain,26.0,1991.0,2017-2018,FRA
Emmanuel Rivière,2bae5658,frFRA,FW,Metz,27.0,1990.0,2017-2018,FRA
Jonathan Rivierez,7af0e1f8,mqMTQ,DF,Metz,28.0,1989.0,2017-2018,FRA
Ronny Rodelin,1f8c7aa9,frFRA,"FW,MF",Caen,27.0,1989.0,2017-2018,FRA
Rolando,0eeafda5,ptPOR,DF,Marseille,31.0,1985.0,2017-2018,FRA
Valentin Rongier,ed45c4a5,frFRA,MF,Nantes,22.0,1994.0,2017-2018,FRA
Valentin Rosier,9b6d9b53,frFRA,"DF,MF",Dijon,20.0,1996.0,2017-2018,FRA
Jérôme Roussillon,13203c45,frFRA,"DF,MF",Montpellier,24.0,1993.0,2017-2018,FRA
Nolan Roux,3071a619,frFRA,"MF,FW",Metz,29.0,1988.0,2017-2018,FRA
Stéphane Ruffier,cac76a72,frFRA,GK,Saint-Étienne,30.0,1986.0,2017-2018,FRA
Vincent Rüfli,a87e9eb6,chSUI,DF,Dijon,29.0,1988.0,2017-2018,FRA
Idriss Saadi,17f29fb0,dzALG,FW,Strasbourg,25.0,1992.0,2017-2018,FRA
Youssouf Sabaly,fbbb9269,snSEN,DF,Bordeaux,24.0,1993.0,2017-2018,FRA
Ihsan Sacko,68a87d66,frFRA,FW,Nice,20.0,1997.0,2017-2018,FRA
Ihsan Sacko,68a87d66,frFRA,"MF,FW",Strasbourg,20.0,1997.0,2017-2018,FRA
Adrián Sahibeddine,22c77851,frFRA,FW,Dijon,22.0,1994.0,2017-2018,FRA
Wesley Saïd,90fcf472,frFRA,"FW,MF",Dijon,22.0,1995.0,2017-2018,FRA
Allan Saint-Maximin,2b16cb1a,frFRA,"FW,MF",Nice,20.0,1997.0,2017-2018,FRA
Allan Saint-Maximin,2b16cb1a,frFRA,"FW,MF",Monaco,20.0,1997.0,2017-2018,FRA
Hiroki Sakai,d63e2912,jpJPN,DF,Marseille,27.0,1990.0,2017-2018,FRA
Diafra Sakho,57c433c8,snSEN,FW,Rennes,27.0,1989.0,2017-2018,FRA
Emiliano Sala,5d59e0df,arARG,FW,Nantes,26.0,1990.0,2017-2018,FRA
Yannis Salibur,bb4a42be,frFRA,"MF,FW",Guingamp,26.0,1991.0,2017-2018,FRA
Yoann Salmier,c3725db2,gfGUF,DF,Strasbourg,24.0,1992.0,2017-2018,FRA
Mamadou Samassa,cfe852d8,mlMLI,GK,Troyes,27.0,1990.0,2017-2018,FRA
Brice Samba,60d90c55,frFRA,GK,Caen,23.0,1994.0,2017-2018,FRA
Junior Sambia,24eb7ed6,frFRA,MF,Montpellier,20.0,1996.0,2017-2018,FRA
Frédéric Sammaritano,8802c1d5,frFRA,"MF,FW",Dijon,31.0,1986.0,2017-2018,FRA
Ibrahim Sangaré,bced0375,ciCIV,MF,Toulouse,19.0,1997.0,2017-2018,FRA
Younousse Sankharé,c650629d,snSEN,MF,Bordeaux,27.0,1989.0,2017-2018,FRA
Baissama Sankoh,a8b4a643,gnGUI,"MF,DF",Caen,25.0,1992.0,2017-2018,FRA
Yaya Sanogo,11ced928,frFRA,FW,Toulouse,24.0,1993.0,2017-2018,FRA
Morgan Sanson,6e7f1353,frFRA,MF,Marseille,22.0,1994.0,2017-2018,FRA
Baptiste Santamaria,5e22e2a4,frFRA,MF,Angers,22.0,1995.0,2017-2018,FRA
Ivan Santini,086d7db3,hrCRO,FW,Caen,28.0,1989.0,2017-2018,FRA
Yusuf Sari,a2da58b1,trTUR,MF,Marseille,18.0,1998.0,2017-2018,FRA
Bouna Sarr,1a4b9094,snSEN,DF,Marseille,25.0,1992.0,2017-2018,FRA
Ismaila Sarr,bfdb33aa,snSEN,"MF,FW",Rennes,19.0,1998.0,2017-2018,FRA
Malang Sarr,4315f30d,frFRA,DF,Nice,18.0,1999.0,2017-2018,FRA
Ernest Seka,e1b3413d,gnGUI,DF,Strasbourg,30.0,1987.0,2017-2018,FRA
Vahid Selimović,6aeb647a,luLUX,DF,Metz,20.0,1997.0,2017-2018,FRA
Ole Selnæs,4db2157a,noNOR,MF,Saint-Étienne,23.0,1994.0,2017-2018,FRA
Jean Seri,10efd0e1,ciCIV,MF,Nice,26.0,1991.0,2017-2018,FRA
Julien Serrano,7fb301af,frFRA,DF,Monaco,19.0,1998.0,2017-2018,FRA
Grégory Sertic,c4527123,frFRA,"DF,MF",Marseille,27.0,1989.0,2017-2018,FRA
Stéphane Sessègnon,35c5f9b1,bjBEN,MF,Montpellier,33.0,1984.0,2017-2018,FRA
Djibril Sidibé,4c5b714f,frFRA,DF,Monaco,25.0,1992.0,2017-2018,FRA
Kolbeinn Sigþórsson,adf825b9,isISL,FW,Nantes,27.0,1990.0,2017-2018,FRA
Gabriel Silva,4914ed4a,brBRA,DF,Saint-Étienne,26.0,1991.0,2017-2018,FRA
Thiago Silva,86e7deaf,brBRA,DF,Paris Saint-Germain,32.0,1984.0,2017-2018,FRA
Giovanni Sio,0fe7f7bc,ciCIV,FW,Montpellier,28.0,1989.0,2017-2018,FRA
Ellyes Skhiri,c2211709,tnTUN,MF,Montpellier,22.0,1995.0,2017-2018,FRA
Naïm Sliti,2e0367a6,tnTUN,"MF,FW",Dijon,25.0,1992.0,2017-2018,FRA
Wesley Sneijder,ad625c12,nlNED,"MF,FW",Nice,33.0,1984.0,2017-2018,FRA
Somália,c1febb46,brBRA,"MF,FW",Toulouse,28.0,1988.0,2017-2018,FRA
Jérémy Sorbon,7768df30,frFRA,DF,Guingamp,33.0,1983.0,2017-2018,FRA
Rayan Souici,e3ad3368,frFRA,MF,Saint-Étienne,19.0,1998.0,2017-2018,FRA
Adama Soumaoro,7b075c75,frFRA,DF,Lille,25.0,1992.0,2017-2018,FRA
Boubakary Soumaré,ae59b359,frFRA,MF,Lille,18.0,1999.0,2017-2018,FRA
Arnaud Souquet,4e0afc5d,frFRA,DF,Nice,25.0,1992.0,2017-2018,FRA
Bassem Srarfi,84549a07,tnTUN,"FW,MF",Nice,20.0,1997.0,2017-2018,FRA
Timo Stavitski,6fb7edd3,fiFIN,"MF,FW",Caen,18.0,1999.0,2017-2018,FRA
Mariusz Stępiński,7b536033,plPOL,FW,Nantes,22.0,1995.0,2017-2018,FRA
Danijel Subašić,f6db3bd5,hrCRO,GK,Monaco,32.0,1984.0,2017-2018,FRA
Neven Subotić,821233cc,rsSRB,DF,Saint-Étienne,28.0,1988.0,2017-2018,FRA
Gilles Sunu,beff5d14,tgTOG,"MF,FW",Angers,26.0,1991.0,2017-2018,FRA
Seydou Sy,8417953b,snSEN,GK,Monaco,21.0,1995.0,2017-2018,FRA
Issiaga Sylla,b99bec05,gnGUI,"DF,MF",Toulouse,23.0,1994.0,2017-2018,FRA
Moussa Sylla,d8b97bb3,mlMLI,FW,Monaco,17.0,1999.0,2017-2018,FRA
Alexander Søderlund,e61d33f1,noNOR,FW,Saint-Étienne,29.0,1987.0,2017-2018,FRA
Franck Tabanou,15e1afd5,frFRA,DF,Guingamp,28.0,1989.0,2017-2018,FRA
Ervin Taha,942c6dc3,frFRA,FW,Bordeaux,18.0,1999.0,2017-2018,FRA
Mehdi Tahrat,ec1aa15e,dzALG,MF,Angers,27.0,1990.0,2017-2018,FRA
Flavien Tait,a0f9b535,frFRA,MF,Angers,24.0,1993.0,2017-2018,FRA
Adrien Tameze,8da74c05,cmCMR,MF,Nice,23.0,1994.0,2017-2018,FRA
Oussama Tannane,730bd100,maMAR,FW,Saint-Étienne,23.0,1994.0,2017-2018,FRA
Ciprian Tătărușanu,b056e3da,roROU,GK,Nantes,31.0,1986.0,2017-2018,FRA
Júlio Tavares,d520120b,cvCPV,FW,Dijon,28.0,1988.0,2017-2018,FRA
Jordan Tell,4f093689,gpGLP,"FW,MF",Rennes,20.0,1997.0,2017-2018,FRA
Martin Terrier,5148dcc5,frFRA,"FW,MF",Strasbourg,20.0,1997.0,2017-2018,FRA
Kenny Tete,77d7c96f,nlNED,DF,Lyon,21.0,1995.0,2017-2018,FRA
Florian Thauvin,2b9fdeea,frFRA,MF,Marseille,24.0,1993.0,2017-2018,FRA
Kévin Théophile-Catherine,6b994195,frFRA,DF,Saint-Étienne,27.0,1989.0,2017-2018,FRA
Vincent Thill,7de29631,luLUX,MF,Metz,17.0,2000.0,2017-2018,FRA
Romain Thomas,275e2c51,frFRA,DF,Angers,29.0,1988.0,2017-2018,FRA
Adrien Thomasson,c76b7567,frFRA,MF,Nantes,23.0,1993.0,2017-2018,FRA
Marcus Thuram,6f8cd6d0,frFRA,"FW,MF",Guingamp,19.0,1997.0,2017-2018,FRA
Youri Tielemans,56f7a928,beBEL,MF,Monaco,20.0,1997.0,2017-2018,FRA
Jonathan Tinhan,871fc5f8,bjBEN,"FW,MF",Troyes,28.0,1989.0,2017-2018,FRA
Ola Toivonen,de4fe7a2,seSWE,"FW,MF",Toulouse,31.0,1986.0,2017-2018,FRA
Karl Toko Ekambi,5ceba7fc,cmCMR,"FW,MF",Angers,24.0,1992.0,2017-2018,FRA
Jérémy Toulalan,7adea561,frFRA,DF,Bordeaux,33.0,1983.0,2017-2018,FRA
Abdoulaye Touré,ef7cd87a,gnGUI,MF,Nantes,23.0,1994.0,2017-2018,FRA
Almamy Touré,c8c60119,mlMLI,DF,Monaco,21.0,1996.0,2017-2018,FRA
Thomas Touré,d72db2f5,ciCIV,"FW,MF",Bordeaux,23.0,1993.0,2017-2018,FRA
Thomas Touré,d72db2f5,ciCIV,"FW,MF",Angers,23.0,1993.0,2017-2018,FRA
Lucas Tousart,71ec39ef,frFRA,MF,Lyon,20.0,1997.0,2017-2018,FRA
Adama Traoré,1a6f2a66,mlMLI,MF,Monaco,22.0,1995.0,2017-2018,FRA
Bertrand Traoré,c47541e0,bfBFA,"MF,FW",Lyon,21.0,1995.0,2017-2018,FRA
Charles Traore,de488e56,mlMLI,DF,Troyes,25.0,1992.0,2017-2018,FRA
Hamari Traoré,a4b1028a,mlMLI,DF,Rennes,25.0,1992.0,2017-2018,FRA
Ismaël Traoré,b666421b,ciCIV,DF,Angers,30.0,1986.0,2017-2018,FRA
Lacina Traoré,883f251e,ciCIV,FW,Amiens,27.0,1990.0,2017-2018,FRA
Kevin Trapp,ce17b5eb,deGER,GK,Paris Saint-Germain,27.0,1990.0,2017-2018,FRA
Matthieu Udol,cc41f558,frFRA,DF,Metz,21.0,1996.0,2017-2018,FRA
Valentín Vada,dcf7cf44,arARG,MF,Bordeaux,21.0,1996.0,2017-2018,FRA
Cédric Varrault,8cb8dc58,frFRA,DF,Dijon,37.0,1980.0,2017-2018,FRA
Rémy Vercoutre,1d0900d4,frFRA,GK,Caen,37.0,1980.0,2017-2018,FRA
Olivier Verdon,7cb9de24,bjBEN,DF,Bordeaux,21.0,1995.0,2017-2018,FRA
Marco Verratti,1467af0d,itITA,MF,Paris Saint-Germain,24.0,1992.0,2017-2018,FRA
Oswaldo Vizcarrondo,446aa6e1,veVEN,DF,Troyes,33.0,1984.0,2017-2018,FRA
Anthony Walongwa,eb78322b,,DF,Nantes,23.0,1993.0,2017-2018,FRA
Rémi Walter,0984c5d5,frFRA,MF,Nice,22.0,1995.0,2017-2018,FRA
Rémi Walter,0984c5d5,frFRA,MF,Troyes,22.0,1995.0,2017-2018,FRA
Timothy Weah,8eec784d,usUSA,FW,Paris Saint-Germain,17.0,2000.0,2017-2018,FRA
Xeka,f3600c02,ptPOR,MF,Dijon,22.0,1994.0,2017-2018,FRA
Xeka,f3600c02,ptPOR,MF,Lille,22.0,1994.0,2017-2018,FRA
Steeve Yago,7f9111ea,bfBFA,DF,Toulouse,24.0,1992.0,2017-2018,FRA
Cédric Yamberé,1c344204,cfCTA,DF,Dijon,26.0,1990.0,2017-2018,FRA
Mapou Yanga-Mbiwa,20573d10,frFRA,DF,Lyon,28.0,1989.0,2017-2018,FRA
Zaydou Youssouf,e2f9bb5f,kmCOM,MF,Bordeaux,18.0,1999.0,2017-2018,FRA
Andre-Frank Zambo Anguissa,6bb2c084,cmCMR,MF,Marseille,21.0,1995.0,2017-2018,FRA
Mehdi Zeffane,c8c02ac7,dzALG,"DF,MF",Rennes,25.0,1992.0,2017-2018,FRA
Erwin Zelazny,e750cba4,frFRA,GK,Troyes,25.0,1991.0,2017-2018,FRA
Kévin Zohi,775185ae,mlMLI,"FW,MF",Strasbourg,20.0,1996.0,2017-2018,FRA
Bongani Zungu,a8797cf1,zaRSA,MF,Amiens,24.0,1992.0,2017-2018,FRA
